profile_key,model_family,make,model_variants,aircraft_category,typical_engine_type,typical_engine_count,total_incidents,first_incident_year,last_incident_year,years_in_record,incidents_per_year,destroyed_count,substantial_count,minor_damage_count,pct_destroyed,pct_substantial,pct_minor,total_fatal_incidents,total_fatal_injuries,total_serious_injuries,total_minor_injuries,pct_fatal_incidents,avg_fatals_per_fatal_incident,imc_incidents,vmc_incidents,pct_imc,top_soe_group,top_finding,top_phase,kw_engine_failure_pct,kw_fuel_exhaustion_pct,kw_loss_of_control_pct,kw_weather_factor_pct,kw_mechanical_pct,kw_pilot_error_pct,kw_runway_excursion_pct,kw_fire_pct,kw_structural_pct,kw_bird_strike_pct,avg_severity_score_all_time,avg_severity_score_recent3yr,severity_trend,trend_delta,risk_score,risk_tier,risk_rationale,sample_probable_cause,sample_finding,gold_generated_at,incident_mkeys
1,ROBIN DR400,ROBIN,DR400,AIR,REC,,2,2025,2025,1,2.00,2,0,0,100.0,0.0,0.0,2,4,0,0,100.0,2.00,0,0,,Other,,Initial Climb,0.0,0.0,0.0,0.0,0.0,0.0,0.0,0.0,0.0,0.0,34.00,34.00,Stable,0.00,100.00,High,Incidents: 2 | Fatals: 4 | Destroyed: 2 | Avg severity: 34.00 | Top cause: Other | Trend: Stable,,,2026-04-03 04:05:44.842659+00:00,202259|200690
2,EMBRAER ERJ190,EMBRAER,ERJ190,AIR,TF,2.0,2,2025,2026,2,1.00,0,0,1,0.0,0.0,50.0,0,0,0,0,0.0,0.00,0,0,,Runway Incursion,,Taxi,0.0,0.0,0.0,0.0,0.0,0.0,0.0,0.0,0.0,0.0,4.50,4.50,Stable,0.00,100.00,High,Incidents: 2 | Fatals: 0 | Destroyed: 0 | Avg severity: 4.50 | Top cause: Runway Incursion | Trend: Stable,,,2026-04-03 04:05:44.842659+00:00,202647|200678
3,EMBRAER EMB145,EMBRAER,EMB145,AIR,TF,,2,2025,2025,1,2.00,1,0,0,50.0,0.0,0.0,0,0,0,0,0.0,0.00,0,0,,,,,0.0,0.0,0.0,0.0,0.0,0.0,0.0,0.0,0.0,0.0,7.50,7.50,Stable,0.00,100.00,High,Incidents: 2 | Fatals: 0 | Destroyed: 1 | Avg severity: 7.50 | Top cause: Unknown | Trend: Stable,,,2026-04-03 04:05:44.842659+00:00,202028|200661
4,AIR TRACTOR AT602,AIR TRACTOR,AT602,AIR,,,2,2025,2025,1,2.00,1,0,1,50.0,0.0,50.0,1,1,0,0,50.0,1.00,0,0,,,,,0.0,0.0,0.0,0.0,0.0,0.0,0.0,0.0,0.0,0.0,17.50,17.50,Stable,0.00,100.00,High,Incidents: 2 | Fatals: 1 | Destroyed: 1 | Avg severity: 17.50 | Top cause: Unknown | Trend: Stable,,,2026-04-03 04:05:44.842659+00:00,202128|200157
5,BOEING 737-824,BOEING,737-824,AIR,TF,2.0,2,2025,2026,2,1.00,0,0,0,0.0,0.0,0.0,0,0,0,3,0.0,0.00,0,0,,,,,0.0,0.0,0.0,0.0,0.0,0.0,0.0,0.0,0.0,0.0,5.50,5.50,Stable,0.00,100.00,High,Incidents: 2 | Fatals: 0 | Destroyed: 0 | Avg severity: 5.50 | Top cause: Unknown | Trend: Stable,,,2026-04-03 04:05:44.842659+00:00,202612|201002
6,BOEING 737-800,BOEING,737-800,AIR,,,5,2025,2025,1,5.00,0,0,0,0.0,0.0,0.0,0,0,2,0,0.0,0.00,0,0,,Turbulence,,Initial Climb,0.0,0.0,0.0,0.0,0.0,0.0,0.0,0.0,0.0,0.0,2.80,2.80,Stable,0.00,100.00,High,Incidents: 5 | Fatals: 0 | Destroyed: 0 | Avg severity: 2.80 | Top cause: Turbulence | Trend: Stable,,,2026-04-03 04:05:44.842659+00:00,202269|200623|200621|200151|199967
7,ROBINSON R44,ROBINSON,R44,HELI,,,8,2025,2026,2,4.00,2,5,0,25.0,62.5,0.0,4,5,0,7,50.0,1.25,0,0,,Other,,Unknown,0.0,0.0,0.0,0.0,0.0,0.0,0.0,0.0,0.0,0.0,18.75,18.75,Stable,0.00,100.00,High,Incidents: 8 | Fatals: 5 | Destroyed: 2 | Avg severity: 18.75 | Top cause: Other | Trend: Stable,,,2026-04-03 04:05:44.842659+00:00,202656|202264|202130|202123|201939|201833|200370|200443
8,ROBINSON R22,ROBINSON,R22,HELI,REC,1.0,5,2025,2025,1,5.00,2,2,0,40.0,40.0,0.0,2,2,1,0,40.0,1.00,0,0,,Other,,Enroute,0.0,0.0,0.0,0.0,0.0,0.0,0.0,0.0,0.0,0.0,15.20,15.20,Stable,0.00,100.00,High,Incidents: 5 | Fatals: 2 | Destroyed: 2 | Avg severity: 15.20 | Top cause: Other | Trend: Stable,,,2026-04-03 04:05:44.842659+00:00,202096|201952|201851|201800|200699
9,VULCANAIR P68,VULCANAIR,P68,AIR,,,2,2025,2025,1,2.00,1,0,0,50.0,0.0,0.0,1,1,0,0,50.0,1.00,0,0,,,,,0.0,0.0,0.0,0.0,0.0,0.0,0.0,0.0,0.0,0.0,16.00,16.00,Stable,0.00,100.00,High,Incidents: 2 | Fatals: 1 | Destroyed: 1 | Avg severity: 16.00 | Top cause: Unknown | Trend: Stable,,,2026-04-03 04:05:44.842659+00:00,202126|201005
10,THRUSH S2R,THRUSH,S2R,AIR,TP,1.0,3,2025,2026,2,1.50,1,1,0,33.3,33.3,0.0,1,1,0,0,33.3,1.00,0,0,,,,,0.0,0.0,0.0,0.0,0.0,0.0,0.0,0.0,0.0,0.0,12.67,12.67,Stable,0.00,100.00,High,Incidents: 3 | Fatals: 1 | Destroyed: 1 | Avg severity: 12.67 | Top cause: Unknown | Trend: Stable,,,2026-04-03 04:05:44.842659+00:00,202615|201902|200964
11,AIRBUS A320,AIRBUS,A320,AIR,TF,,7,2025,2025,1,7.00,0,0,0,0.0,0.0,0.0,0,0,1,0,0.0,0.00,0,0,,Turbulence,,Approach,0.0,0.0,0.0,0.0,0.0,0.0,0.0,0.0,0.0,0.0,4.14,4.14,Stable,0.00,100.00,High,Incidents: 7 | Fatals: 0 | Destroyed: 0 | Avg severity: 4.14 | Top cause: Turbulence | Trend: Stable,,,2026-04-03 04:05:44.842659+00:00,201805|201010|200901|200824|200361|200450|200491
12,AIRBUS A321,AIRBUS,A321,AIR,TF,2.0,4,2025,2026,2,2.00,0,0,0,0.0,0.0,0.0,0,0,1,1,0.0,0.00,0,0,,Other,,Enroute,0.0,0.0,0.0,0.0,0.0,0.0,0.0,0.0,0.0,0.0,4.25,4.25,Stable,0.00,100.00,High,Incidents: 4 | Fatals: 0 | Destroyed: 0 | Avg severity: 4.25 | Top cause: Other | Trend: Stable,,,2026-04-03 04:05:44.842659+00:00,202624|201992|201780|200729
13,EMBRAER ERJ170,EMBRAER,ERJ170,AIR,TF,2.0,2,2025,2025,1,2.00,0,0,0,0.0,0.0,0.0,0,0,0,0,0.0,0.00,0,0,,,,,0.0,0.0,0.0,0.0,0.0,0.0,0.0,0.0,0.0,0.0,3.00,3.00,Stable,0.00,100.00,High,Incidents: 2 | Fatals: 0 | Destroyed: 0 | Avg severity: 3.00 | Top cause: Unknown | Trend: Stable,,,2026-04-03 04:05:44.842659+00:00,202041|202043
14,CESSNA 188,CESSNA,188,AIR,,,2,2025,2025,1,2.00,1,1,0,50.0,50.0,0.0,1,1,0,0,50.0,1.00,0,0,,System/Component Failure (Powerplant),,Maneuvering,0.0,0.0,0.0,0.0,0.0,0.0,0.0,0.0,0.0,0.0,19.00,19.00,Stable,0.00,100.00,High,Incidents: 2 | Fatals: 1 | Destroyed: 1 | Avg severity: 19.00 | Top cause: System/Component Failure (Powerplant) | Trend: Stable,,,2026-04-03 04:05:44.842659+00:00,200694|200060
15,AMERICAN CHAMPION AIRCRAFT 8GCBC,AMERICAN CHAMPION AIRCRAFT,8GCBC,AIR,,,2,2025,2026,2,1.00,0,2,0,0.0,100.0,0.0,0,0,0,1,0.0,0.00,0,0,,,,,0.0,0.0,0.0,0.0,0.0,0.0,0.0,0.0,0.0,0.0,11.00,11.00,Stable,0.00,100.00,High,Incidents: 2 | Fatals: 0 | Destroyed: 0 | Avg severity: 11.00 | Top cause: Unknown | Trend: Stable,,,2026-04-03 04:05:44.842659+00:00,202583|200970
16,AIR TRACTOR AT401,AIR TRACTOR,AT401,AIR,,,2,2025,2026,2,1.00,0,2,0,0.0,100.0,0.0,1,1,0,0,50.0,1.00,0,0,,,,,0.0,0.0,0.0,0.0,0.0,0.0,0.0,0.0,0.0,0.0,17.50,17.50,Stable,0.00,100.00,High,Incidents: 2 | Fatals: 1 | Destroyed: 0 | Avg severity: 17.50 | Top cause: Unknown | Trend: Stable,,,2026-04-03 04:05:44.842659+00:00,202650|202005
17,AVIAT AIRCRAFT INC A-1C-200,AVIAT AIRCRAFT INC,A-1C-200,AIR,,,2,2025,2025,1,2.00,0,2,0,0.0,100.0,0.0,0,0,1,1,0.0,0.00,0,0,,Abnormal Runway Contact,,Landing,0.0,0.0,0.0,0.0,0.0,0.0,0.0,0.0,0.0,0.0,13.00,13.00,Stable,0.00,100.00,High,Incidents: 2 | Fatals: 0 | Destroyed: 0 | Avg severity: 13.00 | Top cause: Abnormal Runway Contact | Trend: Stable,,,2026-04-03 04:05:44.842659+00:00,202199|202034
18,PIPER PA31,PIPER,PA31,AIR,REC,2.0,2,2025,2025,1,2.00,0,1,0,0.0,50.0,0.0,1,2,0,0,50.0,2.00,0,0,,,,,0.0,0.0,0.0,0.0,0.0,0.0,0.0,0.0,0.0,0.0,17.00,17.00,Stable,0.00,100.00,High,Incidents: 2 | Fatals: 2 | Destroyed: 0 | Avg severity: 17.00 | Top cause: Unknown | Trend: Stable,,,2026-04-03 04:05:44.842659+00:00,200660|200438
19,PIPER PA32,PIPER,PA32,AIR,REC,1.0,3,2025,2025,1,3.00,2,1,0,66.7,33.3,0.0,2,4,0,0,66.7,2.00,0,0,,,,,0.0,0.0,0.0,0.0,0.0,0.0,0.0,0.0,0.0,0.0,25.67,25.67,Stable,0.00,100.00,High,Incidents: 3 | Fatals: 4 | Destroyed: 2 | Avg severity: 25.67 | Top cause: Unknown | Trend: Stable,,,2026-04-03 04:05:44.842659+00:00,201850|200713|199976
20,PIPER PA32RT,PIPER,PA32RT,AIR,,,2,2025,2025,1,2.00,0,2,0,0.0,100.0,0.0,0,0,0,0,0.0,0.00,0,0,,System/Component Failure (Powerplant),,Enroute,0.0,0.0,0.0,0.0,0.0,0.0,0.0,0.0,0.0,0.0,9.00,9.00,Stable,0.00,100.00,High,Incidents: 2 | Fatals: 0 | Destroyed: 0 | Avg severity: 9.00 | Top cause: System/Component Failure (Powerplant) | Trend: Stable,,,2026-04-03 04:05:44.842659+00:00,202125|201972
21,"BOEING, BOEING 737,","BOEING, BOEING","737, 737, 737, 777","AIR, AIR",,,2,2025,2025,1,2.00,0,0,0,0.0,0.0,0.0,0,0,0,0,0.0,0.00,0,0,,,,,0.0,0.0,0.0,0.0,0.0,0.0,0.0,0.0,0.0,0.0,0.00,0.00,Stable,0.00,100.00,High,Incidents: 2 | Fatals: 0 | Destroyed: 0 | Avg severity: 0.00 | Top cause: Unknown | Trend: Stable,,,2026-04-03 04:05:44.842659+00:00,201039|200855
22,BOEING 787-9,BOEING,787-9,,,,2,2026,2026,1,2.00,0,0,0,0.0,0.0,0.0,0,0,1,0,0.0,0.00,0,0,,,,,0.0,0.0,0.0,0.0,0.0,0.0,0.0,0.0,0.0,0.0,4.00,4.00,Stable,0.00,100.00,High,Incidents: 2 | Fatals: 0 | Destroyed: 0 | Avg severity: 4.00 | Top cause: Unknown | Trend: Stable,,,2026-04-03 04:05:44.842659+00:00,202721|202579
23,BOEING 787,BOEING,787,AIR,TF,2.0,7,2025,2025,1,7.00,0,0,1,0.0,0.0,14.3,0,0,1,0,0.0,0.00,0,0,,Fuel,,Enroute,0.0,0.0,0.0,0.0,0.0,0.0,0.0,0.0,0.0,0.0,4.14,4.14,Stable,0.00,100.00,High,Incidents: 7 | Fatals: 0 | Destroyed: 0 | Avg severity: 4.14 | Top cause: Fuel | Trend: Stable,,,2026-04-03 04:05:44.842659+00:00,202205|202023|200929|200945|200797|200315|200346
24,SIKORSKY S92,SIKORSKY,S92,HELI,,,2,2025,2026,2,1.00,0,0,0,0.0,0.0,0.0,0,0,0,0,0.0,0.00,0,0,,,,,0.0,0.0,0.0,0.0,0.0,0.0,0.0,0.0,0.0,0.0,1.50,1.50,Stable,0.00,100.00,High,Incidents: 2 | Fatals: 0 | Destroyed: 0 | Avg severity: 1.50 | Top cause: Unknown | Trend: Stable,,,2026-04-03 04:05:44.842659+00:00,202609|201909
25,BOEING 777,BOEING,777,AIR,TF,2.0,4,2025,2025,1,4.00,0,0,0,0.0,0.0,0.0,0,0,0,0,0.0,0.00,0,0,,,,,0.0,0.0,0.0,0.0,0.0,0.0,0.0,0.0,0.0,0.0,1.50,1.50,Stable,0.00,100.00,High,Incidents: 4 | Fatals: 0 | Destroyed: 0 | Avg severity: 1.50 | Top cause: Unknown | Trend: Stable,,,2026-04-03 04:05:44.842659+00:00,201982|201854|200402|200682
26,BOEING 747,BOEING,747,AIR,,,3,2025,2026,2,1.50,0,1,1,0.0,33.3,33.3,1,2,0,0,33.3,2.00,0,0,,,,,0.0,0.0,0.0,0.0,0.0,0.0,0.0,0.0,0.0,0.0,13.33,13.33,Stable,0.00,100.00,High,Incidents: 3 | Fatals: 2 | Destroyed: 0 | Avg severity: 13.33 | Top cause: Unknown | Trend: Stable,,,2026-04-03 04:05:44.842659+00:00,202636|202006|201888
27,BOEING 737-832,BOEING,737-832,AIR,TF,2.0,2,2025,2025,1,2.00,0,0,1,0.0,0.0,50.0,0,0,0,0,0.0,0.00,0,0,,,,,0.0,0.0,0.0,0.0,0.0,0.0,0.0,0.0,0.0,0.0,4.50,4.50,Stable,0.00,100.00,High,Incidents: 2 | Fatals: 0 | Destroyed: 0 | Avg severity: 4.50 | Top cause: Unknown | Trend: Stable,,,2026-04-03 04:05:44.842659+00:00,200979|200792
28,AIR TRACTOR AT802,AIR TRACTOR,AT802,AIR,TP,1.0,3,2025,2025,1,3.00,2,1,0,66.7,33.3,0.0,3,3,0,0,100.0,1.00,1,0,100.0,,,,0.0,0.0,0.0,0.0,0.0,0.0,0.0,0.0,0.0,0.0,28.00,28.00,Stable,0.00,64.14,High,Incidents: 3 | Fatals: 3 | Destroyed: 2 | Avg severity: 28.00 | Top cause: Unknown | Trend: Stable,The airplane’s impact with the ocean for undetermined reasons based on the available evidence.,Not determined - Not determined - (general) - (general) - Unknown/Not determined,2026-04-03 04:05:44.842659+00:00,202015|200974|200088
29,HUGHES 369D,HUGHES,369D,HELI,,,3,2025,2025,1,3.00,2,1,0,66.7,33.3,0.0,3,5,0,0,100.0,1.67,0,3,0.0,Loss of Control (Inflight),,Maneuvering,0.0,0.0,0.0,0.0,0.0,0.0,0.0,0.0,0.0,0.0,31.33,31.33,Stable,0.00,55.31,High,Incidents: 3 | Fatals: 5 | Destroyed: 2 | Avg severity: 31.33 | Top cause: Loss of Control (Inflight) | Trend: Stable,,,2026-04-03 04:05:44.842659+00:00,202111|200985|200732
30,BEECH 58,BEECH,58,AIR,,,2,2025,2025,1,2.00,2,0,0,100.0,0.0,0.0,1,2,0,0,50.0,2.00,1,0,100.0,,,,0.0,0.0,0.0,0.0,0.0,0.0,0.0,0.0,0.0,0.0,23.00,23.00,Stable,0.00,54.55,High,Incidents: 2 | Fatals: 2 | Destroyed: 2 | Avg severity: 23.00 | Top cause: Unknown | Trend: Stable,,,2026-04-03 04:05:44.842659+00:00,201726|200322
31,CESSNA 340,CESSNA,340,AIR,,,2,2025,2025,1,2.00,1,1,0,50.0,50.0,0.0,2,4,0,0,100.0,2.00,0,2,0.0,Other,,Landing,0.0,0.0,0.0,0.0,0.0,0.0,0.0,0.0,0.0,0.0,32.50,32.50,Stable,0.00,50.38,High,Incidents: 2 | Fatals: 4 | Destroyed: 1 | Avg severity: 32.50 | Top cause: Other | Trend: Stable,,,2026-04-03 04:05:44.842659+00:00,201735|200880
32,CESSNA 310Q,CESSNA,310Q,AIR,,,2,2025,2025,1,2.00,1,1,0,50.0,50.0,0.0,2,2,0,0,100.0,1.00,0,2,0.0,Other,,Approach,0.0,0.0,0.0,0.0,0.0,0.0,0.0,0.0,0.0,0.0,27.50,27.50,Stable,0.00,48.63,High,Incidents: 2 | Fatals: 2 | Destroyed: 1 | Avg severity: 27.50 | Top cause: Other | Trend: Stable,,,2026-04-03 04:05:44.842659+00:00,200847|199949
33,CIRRUS SR20,CIRRUS,SR20,AIR,REC,1.0,3,2025,2025,1,3.00,2,1,0,66.7,33.3,0.0,2,4,0,0,66.7,2.00,0,1,0.0,Ground Collision,Personnel issues Monitoring other aircraft - Pilot,Taxi,0.0,0.0,0.0,0.0,0.0,33.3,0.0,0.0,0.0,0.0,25.67,25.67,Stable,0.00,45.00,High,Incidents: 3 | Fatals: 4 | Destroyed: 2 | Avg severity: 25.67 | Top cause: Ground Collision | Trend: Stable,The flight instructor’s failure to maintain control of the airplane following the student pilot’s bounced landing. Contributing to the accident was the flight instructor’s delayed remedial action which resulted in diminished airplane performance during the go-around.,"Aircraft - Aircraft oper/perf/capability - Performance/control parameters - Pitch control - Not attained/maintained, Aircraft - Aircraft oper/perf/capability - Performance/control parameters - Lateral/bank control - Not attained/maintained, Aircraft - Aircraft oper/perf/capability - Performance/control parameters - Yaw control - Not attained/maintained, Personnel issues - Action/decision - Action - Delayed action - Instructor/check pilot, Personnel issues - Task performance - Use of equip/info - Aircraft control - Instructor/check pilot",2026-04-03 04:05:44.842659+00:00,202025|201758|202074
34,CESSNA 210L,CESSNA,210L,AIR,REC,1.0,2,2025,2025,1,2.00,1,1,0,50.0,50.0,0.0,1,2,0,0,50.0,2.00,1,0,100.0,,,,0.0,0.0,0.0,0.0,0.0,0.0,0.0,0.0,0.0,0.0,21.50,21.50,Stable,0.00,44.03,High,Incidents: 2 | Fatals: 2 | Destroyed: 1 | Avg severity: 21.50 | Top cause: Unknown | Trend: Stable,,,2026-04-03 04:05:44.842659+00:00,200667|199955
35,CESSNA 650,CESSNA,650,AIR,,,3,2025,2025,1,3.00,1,1,1,33.3,33.3,33.3,1,10,0,0,33.3,10.00,1,0,100.0,Loss of Control (Inflight),,Approach,0.0,0.0,0.0,0.0,0.0,0.0,0.0,0.0,0.0,0.0,29.67,29.67,Stable,0.00,41.37,High,Incidents: 3 | Fatals: 10 | Destroyed: 1 | Avg severity: 29.67 | Top cause: Loss of Control (Inflight) | Trend: Stable,,,2026-04-03 04:05:44.842659+00:00,202166|200607|200896
36,MOONEY M20F,MOONEY,M20F,AIR,,,2,2025,2025,1,2.00,0,2,0,0.0,100.0,0.0,2,5,0,0,100.0,2.50,0,1,0.0,,,,0.0,0.0,0.0,0.0,0.0,0.0,0.0,0.0,0.0,0.0,33.50,33.50,Stable,0.00,40.73,High,Incidents: 2 | Fatals: 5 | Destroyed: 0 | Avg severity: 33.50 | Top cause: Unknown | Trend: Stable,,,2026-04-03 04:05:44.842659+00:00,200355|200001
37,CESSNA TU206,CESSNA,TU206,AIR,REC,1.0,5,2025,2025,1,5.00,1,4,0,20.0,80.0,0.0,3,11,0,1,60.0,3.67,0,2,0.0,Other,Personnel issues Decision making/judgment - Pilot,Enroute,0.0,0.0,0.0,0.0,20.0,0.0,0.0,0.0,20.0,0.0,28.60,28.60,Stable,0.00,39.01,Elevated,Incidents: 5 | Fatals: 11 | Destroyed: 1 | Avg severity: 28.60 | Top cause: Other | Trend: Stable,"The pilot’s decision to operate the airplane with a known deficiency of the floats, which resulted in an accumulation of water in the forward compartments of the floats, a forward center of gravity, and subsequent nose over during a water landing.","Aircraft - Aircraft systems - Landing gear system - Wheel/ski/float - Damaged/degraded, Personnel issues - Action/decision - Info processing/decision - Decision making/judgment - Pilot",2026-04-03 04:05:44.842659+00:00,202145|201984|201862|200849|200698
38,AIRBUS HELICOPTERS EC,AIRBUS HELICOPTERS,EC 130 T2,HELI,,,2,2025,2025,1,2.00,0,2,0,0.0,100.0,0.0,2,2,4,0,100.0,1.00,0,2,0.0,,,,0.0,0.0,0.0,0.0,0.0,0.0,0.0,0.0,0.0,0.0,26.00,26.00,Stable,0.00,38.10,Elevated,Incidents: 2 | Fatals: 2 | Destroyed: 0 | Avg severity: 26.00 | Top cause: Unknown | Trend: Stable,,,2026-04-03 04:05:44.842659+00:00,201974|201802
50,CIRRUS SR22,CIRRUS,SR22,AIR,REC,1.0,4,2025,2025,1,4.00,1,3,0,25.0,75.0,0.0,1,1,0,0,25.0,1.00,1,1,50.0,,,,0.0,0.0,0.0,0.0,0.0,0.0,0.0,0.0,0.0,0.0,14.00,14.00,Stable,0.00,29.15,Elevated,Incidents: 4 | Fatals: 1 | Destroyed: 1 | Avg severity: 14.00 | Top cause: Unknown | Trend: Stable,The collision with a deer during takeoff.,"Environmental issues - Physical environment - Object/animal/substance - Animal(s)/bird(s) - Ability to respond/compensate, Environmental issues - Physical environment - Object/animal/substance - Animal(s)/bird(s) - Effect on equipment",2026-04-03 04:05:44.842659+00:00,201906|201782|200653|200654
39,SOCATA TBM,SOCATA,TBM 700,AIR,TP,1.0,4,2025,2025,1,4.00,1,3,0,25.0,75.0,0.0,2,4,0,1,50.0,2.00,2,2,50.0,Loss of Control (Inflight),Aircraft Airspeed - Not attained/maintained,Approach,0.0,0.0,0.0,0.0,25.0,0.0,0.0,0.0,0.0,0.0,20.75,20.75,Stable,0.00,37.76,Elevated,Incidents: 4 | Fatals: 4 | Destroyed: 1 | Avg severity: 20.75 | Top cause: Loss of Control (Inflight) | Trend: Stable,"The pilot’s unstable approach to the runway, which resulted in an aerodynamic stall at low altitude and impact with terrain.","Personnel issues - Task performance - Use of equip/info - Aircraft control - Pilot, Aircraft - Aircraft oper/perf/capability - Performance/control parameters - Airspeed - Not attained/maintained, Aircraft - Aircraft oper/perf/capability - Performance/control parameters - Descent/approach/glide path - Not attained/maintained",2026-04-03 04:05:44.842659+00:00,202050|201836|201756|200769
40,RAYTHEON AIRCRAFT COMPANY G58,RAYTHEON AIRCRAFT COMPANY,G58,AIR,,,2,2025,2025,1,2.00,1,1,0,50.0,50.0,0.0,1,3,0,0,50.0,3.00,0,2,0.0,,,,0.0,0.0,0.0,0.0,0.0,0.0,0.0,0.0,0.0,0.0,24.00,24.00,Stable,0.00,34.90,Elevated,Incidents: 2 | Fatals: 3 | Destroyed: 1 | Avg severity: 24.00 | Top cause: Unknown | Trend: Stable,,,2026-04-03 04:05:44.842659+00:00,201903|200505
41,BEECH 35,BEECH,35,AIR,REC,1.0,2,2025,2025,1,2.00,1,1,0,50.0,50.0,0.0,1,1,2,0,50.0,1.00,0,1,0.0,,,,0.0,0.0,0.0,0.0,0.0,50.0,0.0,0.0,0.0,0.0,23.00,23.00,Stable,0.00,34.55,Elevated,Incidents: 2 | Fatals: 1 | Destroyed: 1 | Avg severity: 23.00 | Top cause: Unknown | Trend: Stable,"The student pilot’s failure to attain a proper airspeed and climb attitude during takeoff, which led to the airplane exceeding its critical angle of attack and experiencing an aerodynamic stall. Contributing to the accident were the student pilot’s lack of experience and poor judgement.","Personnel issues - Task performance - Use of equip/info - Aircraft control - Student/instructed pilot, Aircraft - Aircraft oper/perf/capability - Performance/control parameters - Airspeed - Not attained/maintained, Aircraft - Aircraft oper/perf/capability - Performance/control parameters - Angle of attack - Not attained/maintained, Personnel issues - Experience/knowledge - Experience/qualifications - (general) - Student/instructed pilot, Personnel issues - Action/decision - Info processing/decision - Decision making/judgment - Student/instructed pilot",2026-04-03 04:05:44.842659+00:00,200557|200541
42,TECNAM P2008,TECNAM,P2008,AIR,REC,1.0,2,2025,2025,1,2.00,1,1,0,50.0,50.0,0.0,1,1,1,0,50.0,1.00,0,1,0.0,,,,0.0,0.0,0.0,0.0,0.0,50.0,0.0,0.0,0.0,0.0,23.00,23.00,Stable,0.00,34.55,Elevated,Incidents: 2 | Fatals: 1 | Destroyed: 1 | Avg severity: 23.00 | Top cause: Unknown | Trend: Stable,The student pilot’s failure to maintain altitude and clearance from trees while maneuvering at night.,"Aircraft - Aircraft oper/perf/capability - Performance/control parameters - Altitude - Not attained/maintained, Personnel issues - Psychological - Perception/orientation/illusion - Situational awareness - Student/instructed pilot, Personnel issues - Psychological - Attention/monitoring - Monitoring equip/instruments - Student/instructed pilot, Personnel issues - Psychological - Attention/monitoring - Monitoring environment - Student/instructed pilot, Environmental issues - Conditions/weather/phenomena - Light condition - Dark - Effect on operation",2026-04-03 04:05:44.842659+00:00,202100|200302
43,MOONEY M20E,MOONEY,M20E,AIR,REC,1.0,2,2025,2025,1,2.00,1,1,0,50.0,50.0,0.0,1,1,1,2,50.0,1.00,0,2,0.0,Abnormal Runway Contact,Aircraft Pitch control - Incorrect use/operation,Landing,0.0,0.0,0.0,0.0,50.0,50.0,50.0,0.0,50.0,0.0,21.00,21.00,Stable,0.00,33.85,Elevated,Incidents: 2 | Fatals: 1 | Destroyed: 1 | Avg severity: 21.00 | Top cause: Abnormal Runway Contact | Trend: Stable,"The pilot’s improper pitch control that resulted in a hard landing, and his improper recovery from multiple bounced landings. Contributing to the accident was the safety pilot’s delayed response to the initial bounced landing which led to the runway excursion.","Personnel issues - Task performance - Use of equip/info - Aircraft control - Pilot, Aircraft - Aircraft oper/perf/capability - Performance/control parameters - Pitch control - Incorrect use/operation, Personnel issues - Action/decision - Action - Delayed action - Other",2026-04-03 04:05:44.842659+00:00,202172|201941
44,LANCAIR 360,LANCAIR,360,AIR,REC,1.0,2,2025,2025,1,2.00,1,1,0,50.0,50.0,0.0,1,1,0,0,50.0,1.00,0,1,0.0,Loss of Control (Inflight),,Enroute,0.0,0.0,0.0,0.0,0.0,0.0,0.0,0.0,0.0,0.0,19.00,19.00,Stable,0.00,33.15,Elevated,Incidents: 2 | Fatals: 1 | Destroyed: 1 | Avg severity: 19.00 | Top cause: Loss of Control (Inflight) | Trend: Stable,,,2026-04-03 04:05:44.842659+00:00,202215|200314
45,PIPER PA18,PIPER,PA18,AIR,REC,1.0,2,2025,2025,1,2.00,1,1,0,50.0,50.0,0.0,1,1,0,0,50.0,1.00,0,1,0.0,,,,0.0,0.0,0.0,0.0,0.0,0.0,0.0,0.0,0.0,0.0,19.00,19.00,Stable,0.00,33.15,Elevated,Incidents: 2 | Fatals: 1 | Destroyed: 1 | Avg severity: 19.00 | Top cause: Unknown | Trend: Stable,The pilot’s inadvertent application of the wheel brakes after touchdown.,Aircraft - Aircraft oper/perf/capability - Aircraft capability - Braking capability - Incorrect use/operation,2026-04-03 04:05:44.842659+00:00,201865|201712
46,BEECH K35,BEECH,K35,AIR,,,3,2025,2025,1,3.00,0,3,0,0.0,100.0,0.0,2,2,1,0,66.7,1.00,0,3,0.0,System/Component Failure (Powerplant),,Enroute,0.0,0.0,0.0,0.0,0.0,0.0,0.0,0.0,0.0,0.0,23.00,23.00,Stable,0.00,30.73,Elevated,Incidents: 3 | Fatals: 2 | Destroyed: 0 | Avg severity: 23.00 | Top cause: System/Component Failure (Powerplant) | Trend: Stable,,,2026-04-03 04:05:44.842659+00:00,202203|200942|200556
47,PIPER J3C-65,PIPER,J3C-65,AIR,REC,1.0,3,2025,2025,1,3.00,0,3,0,0.0,100.0,0.0,2,2,1,0,66.7,1.00,0,3,0.0,,,,0.0,0.0,0.0,0.0,0.0,33.3,0.0,0.0,0.0,0.0,20.33,20.33,Stable,0.00,29.79,Elevated,Incidents: 3 | Fatals: 2 | Destroyed: 0 | Avg severity: 20.33 | Top cause: Unknown | Trend: Stable,The pilot’s failure to maintain control of the airplane while on approach to land.,"Aircraft - Aircraft oper/perf/capability - Performance/control parameters - Descent/approach/glide path - Not attained/maintained, Personnel issues - Task performance - Use of equip/info - Aircraft control - Pilot",2026-04-03 04:05:44.842659+00:00,200633|200519|200387
48,BELL 206,BELL,206,HELI,TS,1.0,7,2025,2025,1,7.00,2,5,0,28.6,71.4,0.0,2,3,5,1,28.6,1.50,0,2,0.0,Loss of Control (Inflight),,Maneuvering,0.0,0.0,0.0,0.0,0.0,14.3,0.0,0.0,0.0,0.0,18.86,18.86,Stable,0.00,29.47,Elevated,Incidents: 7 | Fatals: 3 | Destroyed: 2 | Avg severity: 18.86 | Top cause: Loss of Control (Inflight) | Trend: Stable,The pilot’s failure to maintain clearance from power lines while herding livestock.,"Environmental issues - Physical environment - Object/animal/substance - Wire - Effect on equipment, Personnel issues - Psychological - Attention/monitoring - Monitoring environment - Pilot, Aircraft - Aircraft oper/perf/capability - Performance/control parameters - Altitude - Not attained/maintained",2026-04-03 04:05:44.842659+00:00,202164|202046|201738|200975|200919|200751|200480
49,PIPER PA-23-250,PIPER,PA-23-250,AIR,REC,2.0,2,2025,2025,1,2.00,0,2,0,0.0,100.0,0.0,1,3,0,0,50.0,3.00,1,1,50.0,,,,0.0,0.0,0.0,0.0,0.0,50.0,0.0,0.0,0.0,0.0,22.50,22.50,Stable,0.00,29.38,Elevated,Incidents: 2 | Fatals: 3 | Destroyed: 0 | Avg severity: 22.50 | Top cause: Unknown | Trend: Stable,The pilot’s failure to maintain directional control of the airplane during the landing roll.,"Personnel issues - Task performance - Use of equip/info - Aircraft control - Pilot, Aircraft - Aircraft oper/perf/capability - Performance/control parameters - Directional control - Not attained/maintained",2026-04-03 04:05:44.842659+00:00,202054|201889
51,ROBINSON HELICOPTER CO R66,ROBINSON HELICOPTER CO,R66,HELI,TS,1.0,7,2025,2026,2,3.50,1,5,0,14.3,71.4,0.0,3,8,0,2,42.9,2.67,1,5,16.7,,,,0.0,0.0,0.0,0.0,0.0,14.3,0.0,0.0,0.0,0.0,19.57,19.57,Stable,0.00,29.10,Elevated,Incidents: 7 | Fatals: 8 | Destroyed: 1 | Avg severity: 19.57 | Top cause: Unknown | Trend: Stable,"The pilot’s failure to maintain yaw control during a takeoff to a hover in a gusting crosswind, which resulted in a loss of directional control and a subsequent hard landing.","Personnel issues - Task performance - Use of equip/info - Aircraft control - Pilot, Aircraft - Aircraft oper/perf/capability - Performance/control parameters - Directional control - Not attained/maintained, Environmental issues - Conditions/weather/phenomena - Wind - Tailwind - Effect on operation",2026-04-03 04:05:44.842659+00:00,202724|201913|200949|200610|200470|200323|200266
52,MOONEY M20J,MOONEY,M20J,AIR,,,4,2025,2025,1,4.00,0,4,0,0.0,100.0,0.0,2,5,2,0,50.0,2.50,0,3,0.0,,,,0.0,0.0,0.0,0.0,0.0,0.0,0.0,0.0,0.0,0.0,23.25,23.25,Stable,0.00,28.64,Elevated,Incidents: 4 | Fatals: 5 | Destroyed: 0 | Avg severity: 23.25 | Top cause: Unknown | Trend: Stable,,,2026-04-03 04:05:44.842659+00:00,202183|200950|200638|200014
53,QUICKSILVER MX,QUICKSILVER,MX II,ULTR,REC,1.0,3,2025,2025,1,3.00,1,2,0,33.3,66.7,0.0,1,1,3,0,33.3,1.00,0,2,0.0,Collision on Takeoff or Landing,,Initial Climb,0.0,0.0,0.0,0.0,0.0,33.3,0.0,0.0,0.0,0.0,21.00,21.00,Stable,0.00,28.34,Elevated,Incidents: 3 | Fatals: 1 | Destroyed: 1 | Avg severity: 21.00 | Top cause: Collision on Takeoff or Landing | Trend: Stable,"The airplane’s encounter with a dust devil, which resulted in a loss of airplane control at a low altitude.","Personnel issues - Task performance - Use of equip/info - Aircraft control - Pilot, Aircraft - Aircraft oper/perf/capability - Performance/control parameters - Altitude - Attain/maintain not possible, Environmental issues - Conditions/weather/phenomena - Wind - Dust devil/whirlwind - Effect on equipment, Environmental issues - Conditions/weather/phenomena - Wind - Dust devil/whirlwind - Ability to respond/compensate, Environmental issues - Conditions/weather/phenomena - Wind - Dust devil/whirlwind - Contributed to outcome",2026-04-03 04:05:44.842659+00:00,201027|200895|200013
54,CESSNA 182,CESSNA,182,AIR,REC,1.0,9,2025,2026,2,4.50,2,7,0,22.2,77.8,0.0,3,6,0,5,33.3,2.00,0,5,0.0,Runway Excursion,Personnel issues Aircraft control - Pilot,Takeoff,0.0,0.0,0.0,0.0,22.2,44.4,33.3,0.0,22.2,0.0,17.89,17.89,Stable,0.00,28.03,Elevated,Incidents: 9 | Fatals: 6 | Destroyed: 2 | Avg severity: 17.89 | Top cause: Runway Excursion | Trend: Stable,"The accident was the pilot’s failure to properly configure the airplane for a soft-field takeoff, which resulted in his decision to abort the takeoff and the subsequent runway overrun.","Aircraft - Aircraft systems - Flight control system - TE flap control system - Not used/operated, Personnel issues - Task performance - Use of equip/info - Use of checklist - Pilot",2026-04-03 04:05:44.842659+00:00,202652|201058|200908|200884|200441|200270|200136|200155|199960
55,BEECH V35,BEECH,V35,AIR,,,2,2025,2025,1,2.00,0,2,0,0.0,100.0,0.0,1,1,0,0,50.0,1.00,1,1,50.0,,,,0.0,0.0,0.0,0.0,0.0,0.0,0.0,0.0,0.0,0.0,17.50,17.50,Stable,0.00,27.63,Elevated,Incidents: 2 | Fatals: 1 | Destroyed: 0 | Avg severity: 17.50 | Top cause: Unknown | Trend: Stable,,,2026-04-03 04:05:44.842659+00:00,201879|200656
56,PIPER PA-28-180,PIPER,PA-28-180,AIR,REC,1.0,7,2025,2025,1,7.00,0,7,0,0.0,100.0,0.0,3,6,2,3,42.9,2.00,0,7,0.0,Loss of Control (Ground),,Landing,0.0,0.0,0.0,0.0,0.0,0.0,0.0,0.0,0.0,0.0,19.00,19.00,Stable,0.00,27.38,Elevated,Incidents: 7 | Fatals: 6 | Destroyed: 0 | Avg severity: 19.00 | Top cause: Loss of Control (Ground) | Trend: Stable,The pilot’s delayed go-around from an unstabilized approach that resulted in an impact with terrain.,"Aircraft - Aircraft oper/perf/capability - Performance/control parameters - Descent/approach/glide path - Not attained/maintained, Personnel issues - Action/decision - Action - Delayed action - Pilot",2026-04-03 04:05:44.842659+00:00,200981|200911|200861|200789|200704|200571|200521
57,BEECH B200,BEECH,B200,AIR,TP,2.0,3,2025,2025,1,3.00,1,1,0,33.3,33.3,0.0,1,4,0,0,33.3,4.00,0,1,0.0,Abnormal Runway Contact,,Landing,0.0,0.0,0.0,0.0,0.0,0.0,0.0,0.0,0.0,0.0,17.67,17.67,Stable,0.00,27.17,Elevated,Incidents: 3 | Fatals: 4 | Destroyed: 1 | Avg severity: 17.67 | Top cause: Abnormal Runway Contact | Trend: Stable,,,2026-04-03 04:05:44.842659+00:00,202226|200730|200526
58,CHAMPION 7ECA,CHAMPION,7ECA,AIR,REC,1.0,3,2025,2025,1,3.00,1,2,0,33.3,66.7,0.0,1,2,0,0,33.3,2.00,0,3,0.0,,,,0.0,0.0,0.0,0.0,33.3,33.3,0.0,0.0,0.0,0.0,17.33,17.33,Stable,0.00,27.05,Elevated,Incidents: 3 | Fatals: 2 | Destroyed: 1 | Avg severity: 17.33 | Top cause: Unknown | Trend: Stable,"The pilot’s excessive use of brakes during landing roll, which resulted in a nose-over.","Aircraft - Aircraft systems - Landing gear system - Landing gear brakes system - Incorrect use/operation, Aircraft - Aircraft oper/perf/capability - Performance/control parameters - Surface speed/braking - Incorrect use/operation, Personnel issues - Task performance - Use of equip/info - Use of equip/system - Pilot",2026-04-03 04:05:44.842659+00:00,201815|200460|200080
59,CESSNA 172F,CESSNA,172F,AIR,REC,1.0,3,2025,2025,1,3.00,1,2,0,33.3,66.7,0.0,1,1,0,3,33.3,1.00,0,3,0.0,,,,0.0,33.3,0.0,0.0,0.0,33.3,0.0,0.0,0.0,0.0,17.00,17.00,Stable,0.00,26.94,Elevated,Incidents: 3 | Fatals: 1 | Destroyed: 1 | Avg severity: 17.00 | Top cause: Unknown | Trend: Stable,A total loss of engine power for reasons that could not be determined.,Not determined - Not determined - (general) - (general) - Unknown/Not determined,2026-04-03 04:05:44.842659+00:00,201729|200998|200259
60,CIRRUS DESIGN CORP SR22T,CIRRUS DESIGN CORP,SR22T,AIR,REC,1.0,9,2025,2025,1,9.00,1,8,0,11.1,88.9,0.0,3,8,0,0,33.3,2.67,0,9,0.0,Loss of Control (Ground),Personnel issues Aircraft control - Pilot,Landing,0.0,0.0,0.0,11.1,22.2,33.3,11.1,0.0,11.1,0.0,17.78,17.78,Stable,0.00,26.77,Elevated,Incidents: 9 | Fatals: 8 | Destroyed: 1 | Avg severity: 17.78 | Top cause: Loss of Control (Ground) | Trend: Stable,A total loss of engine power for reasons that could not be determined.,Not determined - Not determined - (general) - (general) - Unknown/Not determined,2026-04-03 04:05:44.842659+00:00,202220|202240|201919|201041|200999|200845|200482|200580|200175
61,AERONCA 7AC,AERONCA,7AC,AIR,REC,1.0,5,2025,2025,1,5.00,0,5,0,0.0,100.0,0.0,2,2,3,1,40.0,1.00,0,5,0.0,Loss of Control (Inflight),,Takeoff,0.0,0.0,0.0,0.0,20.0,0.0,0.0,0.0,0.0,0.0,18.20,18.20,Stable,0.00,26.37,Elevated,Incidents: 5 | Fatals: 2 | Destroyed: 0 | Avg severity: 18.20 | Top cause: Loss of Control (Inflight) | Trend: Stable,The pilot inadvertently turned off the fuel selector valve on takeoff which resulted in a loss of engine power.,"Aircraft - Aircraft systems - Fuel system - Fuel selector/shutoff valve - Unintentional use/operation, Personnel issues - Action/decision - Info processing/decision - Identification/recognition - Pilot",2026-04-03 04:05:44.842659+00:00,201762|200722|200281|199989|199945
72,PIPER PA-22-150,PIPER,PA-22-150,AIR,,,2,2025,2025,1,2.00,0,2,0,0.0,100.0,0.0,1,1,1,0,50.0,1.00,0,2,0.0,,,,0.0,0.0,0.0,0.0,0.0,0.0,0.0,0.0,0.0,0.0,17.50,17.50,Stable,0.00,22.63,Moderate,Incidents: 2 | Fatals: 1 | Destroyed: 0 | Avg severity: 17.50 | Top cause: Unknown | Trend: Stable,,,2026-04-03 04:05:44.842659+00:00,200640|200440
62,CESSNA 414,CESSNA,414,AIR,REC,2.0,3,2025,2025,1,3.00,0,3,0,0.0,100.0,0.0,1,6,0,0,33.3,6.00,1,2,33.3,Abnormal Runway Contact,Aircraft Main landing gear - Failure,Landing,0.0,0.0,0.0,0.0,33.3,0.0,33.3,0.0,33.3,0.0,23.00,23.00,Stable,0.00,25.71,Elevated,Incidents: 3 | Fatals: 6 | Destroyed: 0 | Avg severity: 23.00 | Top cause: Abnormal Runway Contact | Trend: Stable,The left landing gear collapsed on landing rollout due to a fractured retract bellcrank on the left landing gear lower fork assembly.,Aircraft - Aircraft systems - Landing gear system - Main landing gear - Failure,2026-04-03 04:05:44.842659+00:00,200938|202342|200282
63,BEECH C90,BEECH,C90,AIR,TP,2.0,4,2025,2025,1,4.00,1,3,0,25.0,75.0,0.0,1,2,1,1,25.0,2.00,0,3,0.0,,,,0.0,25.0,0.0,0.0,25.0,25.0,0.0,0.0,0.0,0.0,17.25,17.25,Stable,0.00,25.29,Elevated,Incidents: 4 | Fatals: 2 | Destroyed: 1 | Avg severity: 17.25 | Top cause: Unknown | Trend: Stable,"The pilot’s improper fuel planning, which resulted in fuel exhaustion and a total loss of power to both engines.","Personnel issues - Task performance - Planning/preparation - Fuel planning - Pilot, Personnel issues - Psychological - Attention/monitoring - Task monitoring/vigilance - Pilot, Personnel issues - Experience/knowledge - Knowledge - Knowledge of procedures - Pilot, Personnel issues - Action/decision - Info processing/decision - Decision making/judgment - Pilot, Aircraft - Fluids/misc hardware - Fluids - Fuel - Fluid level",2026-04-03 04:05:44.842659+00:00,201835|200369|200154|200012
64,CESSNA 180,CESSNA,180,AIR,REC,1.0,7,2025,2026,2,3.50,1,6,0,14.3,85.7,0.0,2,7,0,1,28.6,3.50,1,6,14.3,,,,0.0,0.0,0.0,0.0,14.3,14.3,0.0,0.0,0.0,0.0,18.43,18.43,Stable,0.00,24.89,Moderate,Incidents: 7 | Fatals: 7 | Destroyed: 1 | Avg severity: 18.43 | Top cause: Unknown | Trend: Stable,"The pilot’s continued application of brakes during an aborted takeoff in a tailwind on down-sloping terrain, which resulted in a nose-over.","Personnel issues - Action/decision - Info processing/decision - Identification/recognition - Pilot, Aircraft - Aircraft systems - Landing gear system - Brake - Incorrect use/operation, Environmental issues - Conditions/weather/phenomena - Wind - Tailwind - Contributed to outcome, Environmental issues - Physical environment - Terrain - Sloped/uneven terrain - Contributed to outcome",2026-04-03 04:05:44.842659+00:00,202618|201848|201753|201038|200963|200037|200035
65,CESSNA 150M,CESSNA,150M,AIR,REC,,2,2025,2025,1,2.00,0,2,0,0.0,100.0,0.0,1,2,0,2,50.0,2.00,0,1,0.0,,,,0.0,0.0,0.0,0.0,0.0,0.0,0.0,0.0,0.0,0.0,22.00,22.00,Stable,0.00,24.20,Moderate,Incidents: 2 | Fatals: 2 | Destroyed: 0 | Avg severity: 22.00 | Top cause: Unknown | Trend: Stable,,,2026-04-03 04:05:44.842659+00:00,201704|200290
66,NORTH AMERICAN T-6G,NORTH AMERICAN,T-6G,AIR,REC,1.0,2,2025,2025,1,2.00,0,2,0,0.0,100.0,0.0,1,2,0,1,50.0,2.00,0,2,0.0,,,,0.0,0.0,0.0,0.0,50.0,50.0,0.0,0.0,0.0,0.0,22.00,22.00,Stable,0.00,24.20,Moderate,Incidents: 2 | Fatals: 2 | Destroyed: 0 | Avg severity: 22.00 | Top cause: Unknown | Trend: Stable,The pilot’s failure to adequately monitor the airplane’s path during takeoff toward the setting sun. Contributing was the undetected worn and fractured tailwheel locking pin.,"Aircraft - Aircraft oper/perf/capability - Performance/control parameters - Directional control - Not attained/maintained, Personnel issues - Action/decision - Info processing/decision - Identification/recognition - Pilot, Environmental issues - Conditions/weather/phenomena - Light condition - Glare - Effect on personnel, Aircraft - Aircraft systems - Landing gear system - Landing gear steering system - Failure",2026-04-03 04:05:44.842659+00:00,201749|201055
67,CESSNA 210,CESSNA,210,AIR,REC,1.0,4,2025,2025,1,4.00,1,2,0,25.0,50.0,0.0,1,1,1,0,25.0,1.00,0,1,0.0,Other,Aircraft Landing distance - Capability exceeded,Takeoff,0.0,0.0,0.0,0.0,25.0,25.0,25.0,0.0,25.0,0.0,11.75,11.75,Stable,0.00,23.36,Moderate,Incidents: 4 | Fatals: 1 | Destroyed: 1 | Avg severity: 11.75 | Top cause: Other | Trend: Stable,The pilot’s failure to attain a proper touchdown point which resulted in a long landing and subsequent runway overrun.,"Personnel issues - Action/decision - (general) - (general) - Pilot, Aircraft - Aircraft oper/perf/capability - Aircraft capability - Landing distance - Capability exceeded, Personnel issues - Action/decision - Action - Incorrect action performance - Pilot",2026-04-03 04:05:44.842659+00:00,201920|200858|200755|200344
68,AMERICAN CHAMPION AIRCRAFT 8KCAB,AMERICAN CHAMPION AIRCRAFT,8KCAB,AIR,,,2,2025,2025,1,2.00,0,2,0,0.0,100.0,0.0,1,1,0,2,50.0,1.00,0,2,0.0,Loss of Control (Inflight),,Maneuvering,0.0,0.0,0.0,0.0,0.0,0.0,0.0,0.0,0.0,0.0,19.50,19.50,Stable,0.00,23.33,Moderate,Incidents: 2 | Fatals: 1 | Destroyed: 0 | Avg severity: 19.50 | Top cause: Loss of Control (Inflight) | Trend: Stable,,,2026-04-03 04:05:44.842659+00:00,202150|200923
69,CESSNA 172N,CESSNA,172N,AIR,REC,1.0,7,2025,2026,2,3.50,2,5,0,28.6,71.4,0.0,1,2,0,4,14.3,2.00,1,5,16.7,System/Component Failure (Powerplant),Aircraft Landing flare - Not attained/maintained,Maneuvering,0.0,0.0,0.0,0.0,14.3,28.6,0.0,0.0,0.0,0.0,14.71,14.71,Stable,0.00,23.11,Moderate,Incidents: 7 | Fatals: 2 | Destroyed: 2 | Avg severity: 14.71 | Top cause: System/Component Failure (Powerplant) | Trend: Stable,"The student pilot’s failure to maintain airplane control during an attempted go-around, which resulted in an aerodynamic stall/spin and collision with terrain.","Personnel issues - Task performance - Use of equip/info - Aircraft control - Pilot, Aircraft - Aircraft oper/perf/capability - Performance/control parameters - Angle of attack - Not attained/maintained",2026-04-03 04:05:44.842659+00:00,202585|202151|202066|201826|200741|200710|199950
70,BEECH A36,BEECH,A36,AIR,REC,1.0,9,2025,2026,2,4.50,1,6,0,11.1,66.7,0.0,2,3,1,8,22.2,1.50,1,6,14.3,System/Component Failure (Powerplant),,Enroute,0.0,0.0,0.0,0.0,11.1,11.1,0.0,0.0,0.0,0.0,13.89,13.89,Stable,0.00,23.06,Moderate,Incidents: 9 | Fatals: 3 | Destroyed: 1 | Avg severity: 13.89 | Top cause: System/Component Failure (Powerplant) | Trend: Stable,The pilot’s failure to extend the landing gear before landing due to distraction and his failure to conduct the Before Landing checklist.,"Personnel issues - Action/decision - Action - Forgotten action/omission - Pilot, Personnel issues - Task performance - Use of equip/info - Use of equip/system - Pilot, Personnel issues - Task performance - Use of equip/info - Use of checklist - Pilot, Personnel issues - Psychological - Attention/monitoring - Attention - Pilot, Aircraft - Aircraft systems - Landing gear system - Gear extension and retract sys - Not used/operated",2026-04-03 04:05:44.842659+00:00,202675|202614|201914|201837|200834|200721|200487|200299|199984
71,CESSNA T188C,CESSNA,T188C,AIR,REC,1.0,2,2025,2025,1,2.00,0,2,0,0.0,100.0,0.0,1,1,0,0,50.0,1.00,0,2,0.0,,,,0.0,0.0,0.0,0.0,0.0,50.0,0.0,0.0,0.0,0.0,17.50,17.50,Stable,0.00,22.63,Moderate,Incidents: 2 | Fatals: 1 | Destroyed: 0 | Avg severity: 17.50 | Top cause: Unknown | Trend: Stable,"The pilot’s failure to maintain adequate airspeed while in a turn during initial climb and the exceedance of the airplane’s critical angle of attack, which resulted in an aerodynamic stall at a low altitude.","Aircraft - Aircraft oper/perf/capability - Performance/control parameters - Angle of attack - Capability exceeded, Aircraft - Aircraft oper/perf/capability - Performance/control parameters - Airspeed - Not attained/maintained, Personnel issues - Task performance - Use of equip/info - Aircraft control - Pilot, Environmental issues - Conditions/weather/phenomena - Wind - Tailwind - Response/compensation",2026-04-03 04:05:44.842659+00:00,200603|200394
73,CESSNA T182T,CESSNA,T182T,AIR,REC,1.0,2,2025,2025,1,2.00,0,2,0,0.0,100.0,0.0,1,1,0,1,50.0,1.00,0,2,0.0,Other,,Enroute,0.0,0.0,0.0,0.0,0.0,50.0,0.0,0.0,0.0,0.0,17.50,17.50,Stable,0.00,22.63,Moderate,Incidents: 2 | Fatals: 1 | Destroyed: 0 | Avg severity: 17.50 | Top cause: Other | Trend: Stable,"The pilot’s failure to maintain directional control while taxiing in gusty, quartering tailwind conditions.","Aircraft - Aircraft oper/perf/capability - Performance/control parameters - Directional control - Not attained/maintained, Environmental issues - Conditions/weather/phenomena - Wind - Crosswind - Response/compensation, Environmental issues - Conditions/weather/phenomena - Wind - Tailwind - Response/compensation",2026-04-03 04:05:44.842659+00:00,201845|200733
74,BEECH 95-B55,BEECH,"95-B55, 95-B55 (T42A)",AIR,REC,2.0,5,2025,2025,1,5.00,0,5,0,0.0,100.0,0.0,1,3,1,1,20.0,3.00,1,4,20.0,Abnormal Runway Contact,Aircraft Gear extension and retract sys - Not used/operated,Landing,0.0,0.0,0.0,0.0,20.0,20.0,0.0,0.0,20.0,0.0,16.00,16.00,Stable,0.00,22.60,Moderate,Incidents: 5 | Fatals: 3 | Destroyed: 0 | Avg severity: 16.00 | Top cause: Abnormal Runway Contact | Trend: Stable,"The pilot’s failure to extend the landing gear prior to landing. Contributing to the accident was a malfunction of the landing gear’s electrical retraction/extension system, which tripped the circuit breaker.","Aircraft - Aircraft systems - Landing gear system - Gear extension and retract sys - Malfunction, Personnel issues - Task performance - Use of equip/info - Use of equip/system - Pilot, Aircraft - Aircraft systems - Landing gear system - Gear extension and retract sys - Not used/operated",2026-04-03 04:05:44.842659+00:00,202019|200984|200637|200585|200414
75,CESSNA 560,CESSNA,560,AIR,TF,2.0,3,2025,2025,1,3.00,0,2,0,0.0,66.7,0.0,1,6,2,0,33.3,6.00,0,1,0.0,Fire,,Unknown,0.0,0.0,0.0,0.0,33.3,33.3,0.0,0.0,0.0,0.0,21.00,21.00,Stable,0.00,21.68,Moderate,Incidents: 3 | Fatals: 6 | Destroyed: 0 | Avg severity: 21.00 | Top cause: Fire | Trend: Stable,The pilot's failure to extend the landing gear before landing.,"Personnel issues - Action/decision - Action - Forgotten action/omission - Pilot, Personnel issues - Task performance - Use of equip/info - Use of equip/system - Pilot, Aircraft - Aircraft systems - Landing gear system - Gear extension and retract sys - Not used/operated",2026-04-03 04:05:44.842659+00:00,200962|200959|200739
76,PITTS S-1T,PITTS,S-1T,AIR,,,2,2025,2025,1,2.00,0,1,0,0.0,50.0,0.0,1,1,0,0,50.0,1.00,0,2,0.0,Other,,Maneuvering,0.0,0.0,0.0,0.0,0.0,0.0,0.0,0.0,0.0,0.0,14.50,14.50,Stable,0.00,21.58,Moderate,Incidents: 2 | Fatals: 1 | Destroyed: 0 | Avg severity: 14.50 | Top cause: Other | Trend: Stable,,,2026-04-03 04:05:44.842659+00:00,202328|200772
77,AIR TRACTOR AT502,AIR TRACTOR,AT502,AIR,TP,1.0,2,2025,2025,1,2.00,0,1,0,0.0,50.0,0.0,1,1,0,2,50.0,1.00,0,1,0.0,,,,0.0,0.0,0.0,0.0,0.0,50.0,0.0,0.0,0.0,0.0,14.50,14.50,Stable,0.00,21.58,Moderate,Incidents: 2 | Fatals: 1 | Destroyed: 0 | Avg severity: 14.50 | Top cause: Unknown | Trend: Stable,The pilot’s failure to maintain clearance from powerlines while maneuvering at low altitude.,"Personnel issues - Psychological - Attention/monitoring - Monitoring environment - Pilot, Environmental issues - Physical environment - Object/animal/substance - Wire - Awareness of condition, Aircraft - Aircraft oper/perf/capability - Performance/control parameters - Altitude - Not attained/maintained, Personnel issues - Task performance - Use of equip/info - Aircraft control - Pilot",2026-04-03 04:05:44.842659+00:00,200605|200511
78,COLUMBIA AIRCRAFT MFG LC41-550FG,COLUMBIA AIRCRAFT MFG,LC41-550FG,AIR,,,2,2025,2026,2,1.00,0,2,0,0.0,100.0,0.0,1,2,0,0,50.0,2.00,0,2,0.0,,,,0.0,0.0,0.0,0.0,0.0,0.0,0.0,0.0,0.0,0.0,20.00,20.00,Stable,0.00,21.50,Moderate,Incidents: 2 | Fatals: 2 | Destroyed: 0 | Avg severity: 20.00 | Top cause: Unknown | Trend: Stable,,,2026-04-03 04:05:44.842659+00:00,202611|202089
79,CESSNA 152,CESSNA,152,AIR,REC,1.0,9,2025,2026,2,4.50,1,5,1,11.1,55.6,11.1,2,3,0,2,22.2,1.50,0,6,0.0,Runway Excursion,Environmental issues Runway lighting - Decision related to condition,Landing,0.0,0.0,0.0,0.0,22.2,33.3,11.1,0.0,0.0,0.0,12.22,12.22,Stable,0.00,21.05,Moderate,Incidents: 9 | Fatals: 3 | Destroyed: 1 | Avg severity: 12.22 | Top cause: Runway Excursion | Trend: Stable,The pilot’s failure to maintain directional control in gusting wind conditions during the takeoff roll.,"Environmental issues - Conditions/weather/phenomena - Wind - Gusts - Ability to respond/compensate, Personnel issues - Task performance - Use of equip/info - Aircraft control - Pilot",2026-04-03 04:05:44.842659+00:00,202718|202688|202600|201932|201924|200916|200951|200684|200604
80,CESSNA 208,CESSNA,208,AIR,,,4,2025,2026,2,2.00,1,3,0,25.0,75.0,0.0,1,1,12,3,25.0,1.00,0,2,0.0,System/Component Failure (Powerplant),,Approach,0.0,0.0,0.0,0.0,0.0,0.0,0.0,0.0,0.0,0.0,16.00,16.00,Stable,0.00,20.85,Moderate,Incidents: 4 | Fatals: 1 | Destroyed: 1 | Avg severity: 16.00 | Top cause: System/Component Failure (Powerplant) | Trend: Stable,,,2026-04-03 04:05:44.842659+00:00,202648|202570|201934|200453
81,AIR TRACTOR INC AT-502,AIR TRACTOR INC,AT-502,AIR,TP,1.0,4,2025,2025,1,4.00,0,4,0,0.0,100.0,0.0,1,1,2,1,25.0,1.00,0,4,0.0,System/Component Failure (Powerplant),,Takeoff,0.0,0.0,25.0,0.0,0.0,25.0,0.0,0.0,0.0,0.0,18.25,18.25,Stable,0.00,20.64,Moderate,Incidents: 4 | Fatals: 1 | Destroyed: 0 | Avg severity: 18.25 | Top cause: System/Component Failure (Powerplant) | Trend: Stable,The pilot’s loss of control during takeoff due to an encounter with a sudden wind shift.,"Environmental issues - Conditions/weather/phenomena - Wind - Sudden wind shift - Effect on operation, Environmental issues - Conditions/weather/phenomena - Convective weather - Thunderstorm - Effect on operation, Personnel issues - Task performance - Use of equip/info - Aircraft control - Pilot",2026-04-03 04:05:44.842659+00:00,201962|200746|200279|200287
82,ROBINSON HELICOPTER R44,ROBINSON HELICOPTER,R44,HELI,REC,1.0,4,2025,2026,2,2.00,1,3,0,25.0,75.0,0.0,1,2,0,0,25.0,2.00,0,4,0.0,,,,0.0,0.0,25.0,0.0,0.0,75.0,0.0,0.0,0.0,0.0,15.25,15.25,Stable,0.00,20.59,Moderate,Incidents: 4 | Fatals: 2 | Destroyed: 1 | Avg severity: 15.25 | Top cause: Unknown | Trend: Stable,"The pilot’s failure to maintain rotor rpm during an approach to landing in a mountainous area, which resulted in a collision with terrain.","Personnel issues - Task performance - Use of equip/info - Aircraft control - Pilot, Aircraft - Aircraft propeller/rotor - Main rotor system - Main rotor blade system - Capability exceeded",2026-04-03 04:05:44.842659+00:00,202678|202037|201064|200486
83,CESSNA 172S,CESSNA,172S,AIR,,,7,2025,2026,2,3.50,2,4,0,28.6,57.1,0.0,1,1,1,2,14.3,1.00,0,6,0.0,Other,,Unknown,0.0,0.0,0.0,0.0,0.0,0.0,0.0,0.0,0.0,0.0,12.14,12.14,Stable,0.00,20.54,Moderate,Incidents: 7 | Fatals: 1 | Destroyed: 2 | Avg severity: 12.14 | Top cause: Other | Trend: Stable,,,2026-04-03 04:05:44.842659+00:00,202621|201983|202018|201832|200875|200670|200546
162,DEHAVILLAND BEAVER,DEHAVILLAND,BEAVER DHC-2 MK.1,AIR,REC,1.0,2,2025,2025,1,2.00,0,2,0,0.0,100.0,0.0,0,0,0,0,0.0,0.00,0,2,0.0,,,,0.0,0.0,0.0,0.0,0.0,100.0,0.0,0.0,0.0,0.0,9.00,9.00,Stable,0.00,7.15,Low,Incidents: 2 | Fatals: 0 | Destroyed: 0 | Avg severity: 9.00 | Top cause: Unknown | Trend: Stable,The pilot’s failure to attain a proper touchdown point during landing which resulted in a hard landing.,"Aircraft - Aircraft oper/perf/capability - Performance/control parameters - Landing flare - Not attained/maintained, Personnel issues - Action/decision - Info processing/decision - Decision making/judgment - Pilot",2026-04-03 04:05:44.842659+00:00,200536|200489
84,PIPER PA-30,PIPER,PA-30,AIR,REC,2.0,3,2025,2025,1,3.00,0,3,0,0.0,100.0,0.0,1,2,0,0,33.3,2.00,0,3,0.0,Loss of Control (Inflight),,Unknown,0.0,0.0,0.0,0.0,33.3,66.7,0.0,0.0,0.0,0.0,16.33,16.33,Stable,0.00,20.04,Moderate,Incidents: 3 | Fatals: 2 | Destroyed: 0 | Avg severity: 16.33 | Top cause: Loss of Control (Inflight) | Trend: Stable,The pilot’s improper throttle input and failure to maintain aircraft control during landing.,"Aircraft - Aircraft oper/perf/capability - Performance/control parameters - Powerplant parameters - Incorrect use/operation, Personnel issues - Action/decision - Info processing/decision - Identification/recognition - Pilot, Personnel issues - Task performance - Use of equip/info - Aircraft control - Pilot, Personnel issues - Task performance - Use of equip/info - Use of equip/system - Pilot",2026-04-03 04:05:44.842659+00:00,202178|201801|200937
85,BOEING 737-7H4,BOEING,737-7H4,AIR,TF,2.0,3,2025,2025,1,3.00,0,0,0,0.0,0.0,0.0,0,0,3,0,0.0,0.00,1,0,100.0,,,,0.0,0.0,0.0,0.0,0.0,0.0,0.0,0.0,0.0,0.0,11.00,11.00,Stable,0.00,19.85,Moderate,Incidents: 3 | Fatals: 0 | Destroyed: 0 | Avg severity: 11.00 | Top cause: Unknown | Trend: Stable,"The airplane’s encounter with convective turbulence during climb while diverting to an alternate airport, resulting in a serious injury to a passenger who disregarded the flight crew’s illuminated seat belt sign and the cabin crew’s instruction to remain seated.",Environmental issues - Conditions/weather/phenomena - Turbulence - Convective turbulence - Effect on personnel,2026-04-03 04:05:44.842659+00:00,201001|200337|200055
86,BEECH 35-C33,BEECH,35-C33,AIR,REC,1.0,2,2025,2025,1,2.00,1,1,0,50.0,50.0,0.0,0,0,0,4,0.0,0.00,0,2,0.0,Loss of Control (Ground),Personnel issues Aircraft control - Pilot,Takeoff,0.0,0.0,0.0,0.0,50.0,50.0,50.0,0.0,0.0,0.0,14.50,14.50,Stable,0.00,19.08,Moderate,Incidents: 2 | Fatals: 0 | Destroyed: 1 | Avg severity: 14.50 | Top cause: Loss of Control (Ground) | Trend: Stable,"The pilot’s failure to maintain directional control during takeoff roll, which resulted in a runway excursion and collision with haybales.","Personnel issues - Task performance - Use of equip/info - Aircraft control - Pilot, Aircraft - Aircraft oper/perf/capability - Performance/control parameters - Directional control - Not attained/maintained",2026-04-03 04:05:44.842659+00:00,200953|200728
87,CESSNA P210,CESSNA,P210,AIR,REC,1.0,4,2025,2025,1,4.00,0,4,0,0.0,100.0,0.0,1,1,0,0,25.0,1.00,0,2,0.0,System/Component Failure (Powerplant),,Enroute,0.0,0.0,0.0,0.0,25.0,25.0,0.0,0.0,0.0,0.0,13.25,13.25,Stable,0.00,18.89,Moderate,Incidents: 4 | Fatals: 1 | Destroyed: 0 | Avg severity: 13.25 | Top cause: System/Component Failure (Powerplant) | Trend: Stable,The pilot’s failure to extend the landing gear before landing. Contributing to the accident was the fight instructor’s inadequate supervision of the pilot.,"Personnel issues - Action/decision - Action - Forgotten action/omission - Pilot, Aircraft - Aircraft systems - Landing gear system - Landing gear selector - Not used/operated, Personnel issues - Action/decision - Action - Lack of action - Instructor/check pilot",2026-04-03 04:05:44.842659+00:00,201787|201760|200779|201702
88,PIPER PA28,PIPER,PA28,AIR,REC,1.0,9,2025,2026,2,4.50,1,6,0,11.1,66.7,0.0,1,1,1,0,11.1,1.00,1,5,16.7,Other,Environmental issues Animal(s)/bird(s) - Ability to respond/compensate,Takeoff,0.0,0.0,11.1,0.0,11.1,22.2,0.0,0.0,0.0,0.0,9.22,9.22,Stable,0.00,18.89,Moderate,Incidents: 9 | Fatals: 1 | Destroyed: 1 | Avg severity: 9.22 | Top cause: Other | Trend: Stable,"The flight instructor’s failure to maintain terrain clearance during an attempted go-around, which resulted in a collision with a fence post.","Personnel issues - Task performance - Use of equip/info - Aircraft control - Instructor/check pilot, Aircraft - Aircraft oper/perf/capability - Performance/control parameters - Altitude - Not attained/maintained, Personnel issues - Psychological - Attention/monitoring - Task monitoring/vigilance - Instructor/check pilot, Personnel issues - Action/decision - Info processing/decision - Decision making/judgment - Instructor/check pilot",2026-04-03 04:05:44.842659+00:00,202701|202138|202016|201852|200596|200345|200358|200053|199973
89,CESSNA 140,CESSNA,140,AIR,REC,1.0,6,2025,2025,1,6.00,0,5,0,0.0,83.3,0.0,1,1,2,1,16.7,1.00,0,6,0.0,Abnormal Runway Contact,Aircraft Directional control - Not attained/maintained,Landing,0.0,0.0,0.0,0.0,33.3,50.0,16.7,0.0,16.7,0.0,11.67,11.67,Stable,0.00,18.26,Moderate,Incidents: 6 | Fatals: 1 | Destroyed: 0 | Avg severity: 11.67 | Top cause: Abnormal Runway Contact | Trend: Stable,"The pilot’s inadvertent application of brakes during the landing roll, which resulted in a noseover.","Aircraft - Aircraft systems - Landing gear system - Brake - Incorrect use/operation, Personnel issues - Task performance - Use of equip/info - Aircraft control - Pilot",2026-04-03 04:05:44.842659+00:00,202223|201967|201907|201911|200803|200804
90,CESSNA 172,CESSNA,172,AIR,REC,1.0,40,2025,2026,2,20.00,4,33,1,10.0,82.5,2.5,3,3,3,12,7.5,1.00,0,23,0.0,Abnormal Runway Contact,Aircraft Landing flare - Not attained/maintained,Landing,0.0,0.0,2.5,0.0,10.0,25.0,5.0,0.0,7.5,0.0,11.25,11.25,Stable,0.00,17.81,Moderate,Incidents: 40 | Fatals: 3 | Destroyed: 4 | Avg severity: 11.25 | Top cause: Abnormal Runway Contact | Trend: Stable,"Maintenance personnel’s failure to detect and address water contamination of the airplane’s fuel system, which resulted in a total loss of engine power during initial climb.","Aircraft - Fluids/misc hardware - Fluids - Fuel - Fluid condition, Aircraft - Fluids/misc hardware - Fluids - Fuel - Inadequate inspection, Personnel issues - Task performance - Inspection - Scheduled/routine inspection - Maintenance personnel",2026-04-03 04:05:44.842659+00:00,202734|202642|202268|202210|202155|202148|202385|202129|202103|202058|202022|201969|201968|201961|202184|201893|201849|201843|201814|201785|201863|201778|201771|201736|201827|201746|201000|200904|201721|200894|200835|200852|200825|201860|200801|200586|200447|200416|200364|200353
91,GRUMMAN AMERICAN AVN. CORP. AA-5B,GRUMMAN AMERICAN AVN. CORP.,AA-5B,AIR,REC,1.0,2,2025,2025,1,2.00,1,1,0,50.0,50.0,0.0,0,0,0,0,0.0,0.00,0,2,0.0,,,,0.0,0.0,0.0,0.0,0.0,50.0,0.0,0.0,0.0,0.0,10.50,10.50,Stable,0.00,17.68,Moderate,Incidents: 2 | Fatals: 0 | Destroyed: 1 | Avg severity: 10.50 | Top cause: Unknown | Trend: Stable,The pilot’s failure to maintain control of the airplane during the takeoff. Contributing was the flight instructor’s lack of remedial action.,"Personnel issues - Task performance - Use of equip/info - Aircraft control - Pilot, Personnel issues - Action/decision - Action - Lack of action - Instructor/check pilot, Aircraft - Aircraft oper/perf/capability - Performance/control parameters - Pitch control - Not attained/maintained, Aircraft - Aircraft oper/perf/capability - Performance/control parameters - Directional control - Not attained/maintained",2026-04-03 04:05:44.842659+00:00,201956|200058
92,EMBRAER-EMPRESA BRASILEIRA DE ERJ,EMBRAER-EMPRESA BRASILEIRA DE,ERJ 170-200 LR,AIR,TF,2.0,2,2025,2025,1,2.00,0,1,0,0.0,50.0,0.0,0,0,1,0,0.0,0.00,1,0,100.0,,,,0.0,0.0,0.0,0.0,0.0,0.0,0.0,0.0,0.0,0.0,10.00,10.00,Stable,0.00,17.50,Moderate,Incidents: 2 | Fatals: 0 | Destroyed: 0 | Avg severity: 10.00 | Top cause: Unknown | Trend: Stable,The airplane’s encounter with unanticipated moderate turbulence.,"Environmental issues - Conditions/weather/phenomena - Turbulence - Convective turbulence - Effect on operation, Environmental issues - Conditions/weather/phenomena - Turbulence - Convective turbulence - Awareness of condition",2026-04-03 04:05:44.842659+00:00,200620|200742
93,CESSNA 182L,CESSNA,182L,AIR,REC,1.0,2,2025,2025,1,2.00,1,0,0,50.0,0.0,0.0,0,0,0,1,0.0,0.00,0,2,0.0,,,,0.0,0.0,0.0,0.0,50.0,0.0,0.0,0.0,0.0,0.0,9.50,9.50,Stable,0.00,17.33,Moderate,Incidents: 2 | Fatals: 0 | Destroyed: 1 | Avg severity: 9.50 | Top cause: Unknown | Trend: Stable,"The pilot’s inability to stop the airplane on the runway during a rejected takeoff for undetermined reasons, which resulted in the airplane’s impact with a ditch.","Aircraft - Aircraft systems - Navigation system - Pitot/static system - Unknown/Not determined, Aircraft - Aircraft systems - Landing gear system - Landing gear brakes system - Unknown/Not determined, Personnel issues - Task performance - Use of equip/info - Aircraft control - Pilot, Environmental issues - Physical environment - Terrain - Sloped/uneven terrain - Contributed to outcome",2026-04-03 04:05:44.842659+00:00,200647|200018
94,PIPER PA-28-140,PIPER,PA-28-140,AIR,REC,1.0,10,2025,2026,2,5.00,0,8,0,0.0,80.0,0.0,1,1,8,5,10.0,1.00,0,10,0.0,System/Component Failure (Powerplant),Environmental issues Animal(s)/bird(s) - Ability to respond/compensate,Approach,0.0,0.0,10.0,0.0,10.0,20.0,0.0,0.0,0.0,0.0,13.30,13.30,Stable,0.00,17.16,Moderate,Incidents: 10 | Fatals: 1 | Destroyed: 0 | Avg severity: 13.30 | Top cause: System/Component Failure (Powerplant) | Trend: Stable,The pilot’s failure to maintain directional control during the landing roll.,"Personnel issues - Task performance - Use of equip/info - Aircraft control - Pilot, Aircraft - Aircraft oper/perf/capability - Performance/control parameters - Directional control - Not attained/maintained",2026-04-03 04:05:44.842659+00:00,202682|202671|202622|202601|201925|201783|200914|200864|200617|200077
95,CESSNA 182P,CESSNA,182P,AIR,REC,1.0,4,2025,2025,1,4.00,1,3,0,25.0,75.0,0.0,0,0,1,0,0.0,0.00,0,3,0.0,,,,0.0,25.0,0.0,0.0,0.0,50.0,0.0,0.0,0.0,0.0,11.75,11.75,Stable,0.00,17.11,Moderate,Incidents: 4 | Fatals: 0 | Destroyed: 1 | Avg severity: 11.75 | Top cause: Unknown | Trend: Stable,"The pilot’s decision to adjust his seat during the takeoff roll, which resulted in the seat sliding aft and a subsequent loss of directional control.","Personnel issues - Action/decision - Action - Incorrect action selection - Pilot, Personnel issues - Task performance - Use of equip/info - Aircraft control - Pilot, Aircraft - Aircraft oper/perf/capability - Performance/control parameters - Directional control - Not attained/maintained",2026-04-03 04:05:44.842659+00:00,201957|200664|200329|200285
96,CESSNA 172M,CESSNA,172M,AIR,REC,1.0,6,2025,2026,2,3.00,0,6,0,0.0,100.0,0.0,1,2,1,5,16.7,2.00,1,4,20.0,Midair,Aircraft Landing flare - Not attained/maintained,Approach,0.0,16.7,0.0,0.0,33.3,16.7,0.0,0.0,33.3,0.0,14.00,14.00,Stable,0.00,17.08,Moderate,Incidents: 6 | Fatals: 2 | Destroyed: 0 | Avg severity: 14.00 | Top cause: Midair | Trend: Stable,"The pilot’s mismanagement of available fuel, which resulted in a loss of engine power due to fuel starvation.","Aircraft - Fluids/misc hardware - Fluids - Fuel - Fluid management, Personnel issues - Action/decision - Action - Lack of action - Pilot, Personnel issues - Task performance - Use of equip/info - Use of equip/system - Pilot",2026-04-03 04:05:44.842659+00:00,202629|202156|202124|201989|200917|201731
97,CIRRUS DESIGN CORP SR22,CIRRUS DESIGN CORP,SR22,AIR,REC,1.0,16,2025,2025,1,16.00,2,14,0,12.5,87.5,0.0,0,0,2,3,0.0,0.00,0,11,0.0,System/Component Failure (Powerplant),Aircraft Landing distance - Capability exceeded,Enroute,0.0,6.3,0.0,0.0,18.8,37.5,18.8,0.0,12.5,0.0,10.38,10.38,Stable,0.00,16.13,Moderate,Incidents: 16 | Fatals: 0 | Destroyed: 2 | Avg severity: 10.38 | Top cause: System/Component Failure (Powerplant) | Trend: Stable,The pilot’s failure to maintain airplane control during a go-around.,"Personnel issues - Task performance - Use of equip/info - Aircraft control - Pilot, Aircraft - Aircraft oper/perf/capability - Performance/control parameters - (general) - Not attained/maintained",2026-04-03 04:05:44.842659+00:00,202191|202131|202020|202003|201955|201776|201775|200900|200853|200813|200736|200417|200527|200401|200317|200083
98,PIPER PA-32-260,PIPER,PA-32-260,AIR,REC,1.0,3,2025,2026,2,1.50,0,2,0,0.0,66.7,0.0,1,1,1,2,33.3,1.00,0,3,0.0,Other,,Takeoff,0.0,33.3,0.0,0.0,0.0,33.3,0.0,0.0,0.0,0.0,13.00,13.00,Stable,0.00,15.88,Moderate,Incidents: 3 | Fatals: 1 | Destroyed: 0 | Avg severity: 13.00 | Top cause: Other | Trend: Stable,"The pilot's improper fuel management, which resulted in a total loss of engine power due to fuel starvation.","Personnel issues - Task performance - Use of equip/info - Use of equip/system - Pilot, Aircraft - Fluids/misc hardware - Fluids - Fuel - Fluid management",2026-04-03 04:05:44.842659+00:00,202712|202208|200016
99,PIPER PA-28-181,PIPER,PA-28-181,AIR,REC,1.0,8,2025,2026,2,4.00,0,6,1,0.0,75.0,12.5,1,1,1,1,12.5,1.00,0,6,0.0,System/Component Failure (Powerplant),Personnel issues Monitoring environment - Pilot,Enroute,0.0,0.0,0.0,0.0,12.5,12.5,0.0,0.0,0.0,0.0,10.00,10.00,Stable,0.00,14.63,Moderate,Incidents: 8 | Fatals: 1 | Destroyed: 0 | Avg severity: 10.00 | Top cause: System/Component Failure (Powerplant) | Trend: Stable,The pilot’s inadequate monitoring of the airplane during taxi which resulted in collision with a sign.,Personnel issues - Psychological - Attention/monitoring - Monitoring environment - Pilot,2026-04-03 04:05:44.842659+00:00,202635|202620|202649|202152|200869|200749|200669|200723
100,PIPER PA-28R-200,PIPER,PA-28R-200,AIR,REC,1.0,5,2025,2026,2,2.50,0,5,0,0.0,100.0,0.0,1,1,1,1,20.0,1.00,0,5,0.0,CFIT,,Enroute,0.0,0.0,0.0,0.0,20.0,0.0,20.0,0.0,0.0,0.0,13.20,13.20,Stable,0.00,14.62,Moderate,Incidents: 5 | Fatals: 1 | Destroyed: 0 | Avg severity: 13.20 | Top cause: CFIT | Trend: Stable,"A failure of the brake system during landing due to a hydraulic fluid leak, which resulted in a runway excursion.","Aircraft - Aircraft systems - Landing gear system - Brake - Failure, Aircraft - Fluids/misc hardware - Fluids - Hydraulic fluid - Fluid level",2026-04-03 04:05:44.842659+00:00,202608|201936|201763|200907|200334
101,CESSNA 170,CESSNA,170,AIR,REC,1.0,5,2025,2026,2,2.50,0,4,0,0.0,80.0,0.0,1,1,0,2,20.0,1.00,0,3,0.0,Loss of Control (Ground),Environmental issues Tailwind - Effect on operation,Landing,0.0,0.0,0.0,0.0,20.0,60.0,20.0,0.0,20.0,0.0,11.40,11.40,Stable,0.00,13.99,Moderate,Incidents: 5 | Fatals: 1 | Destroyed: 0 | Avg severity: 11.40 | Top cause: Loss of Control (Ground) | Trend: Stable,"The pilot’s failure to maintain control of the airplane during takeoff, which resulted in an inadvertent descent, contact with the water, and a subsequent nose over.","Aircraft - Aircraft oper/perf/capability - Performance/control parameters - Pitch control - Not attained/maintained, Personnel issues - Task performance - Use of equip/info - Aircraft control - Pilot",2026-04-03 04:05:44.842659+00:00,202666|202227|201020|200854|200274
102,ROBINSON HELICOPTER COMPANY R44,ROBINSON HELICOPTER COMPANY,R44 II,HELI,REC,1.0,10,2025,2026,2,5.00,0,9,0,0.0,90.0,0.0,0,0,4,4,0.0,0.00,0,9,0.0,Loss of Control (Inflight),Personnel issues Identification/recognition - Pilot,Landing,0.0,10.0,0.0,0.0,20.0,60.0,0.0,0.0,30.0,0.0,11.30,11.30,Stable,0.00,13.96,Moderate,Incidents: 10 | Fatals: 0 | Destroyed: 0 | Avg severity: 11.30 | Top cause: Loss of Control (Inflight) | Trend: Stable,The pilot’s failure to maintain clearance from power lines during low-level agricultural spray operations.,"Personnel issues - Psychological - Attention/monitoring - Monitoring environment - Pilot, Environmental issues - Physical environment - Object/animal/substance - Wire - Response/compensation",2026-04-03 04:05:44.842659+00:00,202700|200928|200960|200870|200815|200712|200538|200475|200463|200390
103,CESSNA 150F,CESSNA,150F,AIR,REC,1.0,5,2025,2025,1,5.00,0,5,0,0.0,100.0,0.0,0,0,0,3,0.0,0.00,0,4,0.0,Fuel,,Enroute,0.0,0.0,0.0,0.0,0.0,20.0,0.0,0.0,0.0,0.0,10.60,10.60,Stable,0.00,13.71,Moderate,Incidents: 5 | Fatals: 0 | Destroyed: 0 | Avg severity: 10.60 | Top cause: Fuel | Trend: Stable,The flight instructor’s failure to maintain control of the airplane during the go-around which led to the airplane exceeding its critical angle-of-attack and entering an aerodynamic stall at a low altitude. Contributing to the accident was the flight instructor’s delayed remedial action and her failure to ensure that the student had relinquished control of the airplane during the go-around.,"Aircraft - Aircraft oper/perf/capability - Performance/control parameters - Pitch control - Not attained/maintained, Aircraft - Aircraft oper/perf/capability - Performance/control parameters - Yaw control - Not attained/maintained, Aircraft - Aircraft oper/perf/capability - Performance/control parameters - Angle of attack - Not attained/maintained, Personnel issues - Action/decision - Action - Delayed action - Instructor/check pilot, Personnel issues - Action/decision - Info processing/decision - Identification/recognition - Instructor/check pilot, Personnel issues - Task performance - Use of equip/info - Aircraft control - Instructor/check pilot",2026-04-03 04:05:44.842659+00:00,202192|201794|201035|200428|199978
104,CESSNA A185F,CESSNA,A185F,AIR,REC,1.0,5,2025,2026,2,2.50,0,4,0,0.0,80.0,0.0,1,1,0,0,20.0,1.00,0,5,0.0,Loss of Control (Ground),Aircraft Directional control - Not attained/maintained,Landing,0.0,0.0,0.0,0.0,40.0,40.0,20.0,0.0,20.0,0.0,10.60,10.60,Stable,0.00,13.71,Moderate,Incidents: 5 | Fatals: 1 | Destroyed: 0 | Avg severity: 10.60 | Top cause: Loss of Control (Ground) | Trend: Stable,The pilot’s selection of an unsuitable landing area resulting in an on-ground collision with an obscured log and a main landing gear separation.,"Environmental issues - Physical environment - Object/animal/substance - Hidden/submerged object - Contributed to outcome, Personnel issues - Action/decision - Action - Incorrect action selection - Pilot, Aircraft - Aircraft structures - Fuselage - Gear attach fittings (on fus) - Capability exceeded",2026-04-03 04:05:44.842659+00:00,202711|200873|200839|200872|200576
105,CESSNA 150,CESSNA,150,AIR,REC,1.0,10,2025,2025,1,10.00,0,10,0,0.0,100.0,0.0,0,0,2,3,0.0,0.00,0,8,0.0,Ground Collision,,Taxi,0.0,10.0,0.0,0.0,0.0,40.0,0.0,0.0,0.0,0.0,10.60,10.60,Stable,0.00,13.71,Moderate,Incidents: 10 | Fatals: 0 | Destroyed: 0 | Avg severity: 10.60 | Top cause: Ground Collision | Trend: Stable,The pilot’s exceedance of the airplanes’ critical angle of attack resulting in a stall at an altitude too low to recover.,"Aircraft - Aircraft oper/perf/capability - Performance/control parameters - Angle of attack - Not attained/maintained, Aircraft - Aircraft oper/perf/capability - Performance/control parameters - Airspeed - Not attained/maintained, Personnel issues - Task performance - Use of equip/info - Aircraft control - Pilot",2026-04-03 04:05:44.842659+00:00,202260|201986|200991|200785|200714|200523|200445|200050|200009|200027
106,EMBRAER EMB-145XR,EMBRAER,EMB-145XR,AIR,,,2,2025,2026,2,1.00,0,0,1,0.0,0.0,50.0,0,0,0,0,0.0,0.00,1,0,100.0,,,,0.0,0.0,0.0,0.0,0.0,0.0,0.0,0.0,0.0,0.0,4.50,4.50,Stable,0.00,13.58,Moderate,Incidents: 2 | Fatals: 0 | Destroyed: 0 | Avg severity: 4.50 | Top cause: Unknown | Trend: Stable,,,2026-04-03 04:05:44.842659+00:00,202713|201709
107,PIPER PA46,PIPER,PA46,AIR,TP,1.0,5,2025,2025,1,5.00,0,5,0,0.0,100.0,0.0,0,0,0,0,0.0,0.00,0,3,0.0,,,,0.0,0.0,0.0,0.0,40.0,20.0,0.0,0.0,0.0,0.0,9.00,9.00,Stable,0.00,13.15,Moderate,Incidents: 5 | Fatals: 0 | Destroyed: 0 | Avg severity: 9.00 | Top cause: Unknown | Trend: Stable,Failure of the engine mount which resulted in a collapse of the nose landing gear.,Aircraft - Aircraft systems - Landing gear system - Nose/tail gear attach section - Failure,2026-04-03 04:05:44.842659+00:00,202024|201722|201940|200558|200555
108,CESSNA 170B,CESSNA,170B,AIR,REC,1.0,6,2025,2025,1,6.00,0,6,0,0.0,100.0,0.0,0,0,0,0,0.0,0.00,0,6,0.0,Loss of Control (Inflight),Environmental issues Crosswind - Response/compensation,Landing,0.0,0.0,0.0,0.0,33.3,66.7,16.7,0.0,16.7,0.0,9.00,9.00,Stable,0.00,13.15,Moderate,Incidents: 6 | Fatals: 0 | Destroyed: 0 | Avg severity: 9.00 | Top cause: Loss of Control (Inflight) | Trend: Stable,The failure of the left main landing gear spring due to a fatigue fracture during landing on uneven terrain.,"Aircraft - Aircraft systems - Landing gear system - Main landing gear - Failure, Aircraft - Aircraft systems - Landing gear system - Main landing gear - Fatigue/wear/corrosion, Personnel issues - Task performance - Maintenance - Scheduled/routine maintenance - Maintenance personnel, Personnel issues - Task performance - Use of equip/info - Aircraft control - Pilot, Personnel issues - Action/decision - Info processing/decision - Decision making/judgment - Pilot",2026-04-03 04:05:44.842659+00:00,200865|200879|200759|200502|200423|200350
109,PIPER PA-18-150,PIPER,PA-18-150,AIR,REC,1.0,12,2025,2026,2,6.00,0,11,0,0.0,91.7,0.0,0,0,0,0,0.0,0.00,0,9,0.0,Loss of Control (Ground),Personnel issues Aircraft control - Pilot,Takeoff,0.0,0.0,8.3,0.0,8.3,16.7,8.3,0.0,0.0,0.0,8.25,8.25,Stable,0.00,12.89,Moderate,Incidents: 12 | Fatals: 0 | Destroyed: 0 | Avg severity: 8.25 | Top cause: Loss of Control (Ground) | Trend: Stable,The student pilot’s failure to maintain directional control during landing. Contributing to the accident was the flight instructor’s delayed remedial action.,"Aircraft - Aircraft oper/perf/capability - Performance/control parameters - Directional control - Not attained/maintained, Personnel issues - Action/decision - Action - Delayed action - Instructor/check pilot, Personnel issues - Task performance - Use of equip/info - Aircraft control - Student/instructed pilot",2026-04-03 04:05:44.842659+00:00,202610|201824|201034|201876|201874|200832|200810|200515|200537|200473|200508|200006
110,DE HAVILLAND DHC-6-300,DE HAVILLAND,DHC-6-300,AIR,,,2,2025,2025,1,2.00,0,2,0,0.0,100.0,0.0,0,0,0,6,0.0,0.00,1,1,50.0,Loss of Control (Ground),,Landing,0.0,0.0,0.0,0.0,0.0,0.0,0.0,0.0,0.0,0.0,11.00,11.00,Stable,0.00,12.85,Moderate,Incidents: 2 | Fatals: 0 | Destroyed: 0 | Avg severity: 11.00 | Top cause: Loss of Control (Ground) | Trend: Stable,,,2026-04-03 04:05:44.842659+00:00,200764|200760
111,CESSNA TR182,CESSNA,TR182,AIR,REC,1.0,4,2025,2025,1,4.00,0,4,0,0.0,100.0,0.0,0,0,1,1,0.0,0.00,0,4,0.0,Abnormal Runway Contact,,Landing,0.0,0.0,0.0,0.0,0.0,25.0,0.0,0.0,0.0,0.0,12.00,12.00,Stable,0.00,12.20,Moderate,Incidents: 4 | Fatals: 0 | Destroyed: 0 | Avg severity: 12.00 | Top cause: Abnormal Runway Contact | Trend: Stable,The pilot’s failure to properly configure the airplane for landing.,"Personnel issues - Action/decision - Action - Lack of action - Pilot, Personnel issues - Task performance - Use of equip/info - Use of checklist - Pilot, Personnel issues - Action/decision - Info processing/decision - Decision making/judgment - Pilot, Personnel issues - Action/decision - Info processing/decision - Identification/recognition - Pilot",2026-04-03 04:05:44.842659+00:00,200890|200774|200587|200331
112,PIPER PA-34-200,PIPER,PA-34-200,AIR,REC,2.0,2,2025,2025,1,2.00,0,2,0,0.0,100.0,0.0,0,0,0,0,0.0,0.00,1,1,50.0,,,,0.0,0.0,0.0,0.0,50.0,50.0,0.0,0.0,0.0,0.0,9.00,9.00,Stable,0.00,12.15,Moderate,Incidents: 2 | Fatals: 0 | Destroyed: 0 | Avg severity: 9.00 | Top cause: Unknown | Trend: Stable,"Separation of the lower nose landing gear down lock link bolt, which resulted in a collapse of the nose landing gear during landing.",Aircraft - Aircraft systems - Landing gear system - Gear extension and retract sys - Failure,2026-04-03 04:05:44.842659+00:00,201745|199977
113,CESSNA 180J,CESSNA,180J,AIR,REC,1.0,4,2025,2025,1,4.00,0,4,0,0.0,100.0,0.0,0,0,3,1,0.0,0.00,0,4,0.0,,,,0.0,0.0,0.0,0.0,0.0,50.0,0.0,0.0,0.0,0.0,11.00,11.00,Stable,0.00,11.85,Low,Incidents: 4 | Fatals: 0 | Destroyed: 0 | Avg severity: 11.00 | Top cause: Unknown | Trend: Stable,The pilot’s loss of airplane control following an encounter with a microburst during takeoff.,"Personnel issues - Task performance - Use of equip/info - Aircraft control - Pilot, Aircraft - Aircraft oper/perf/capability - Performance/control parameters - Directional control - Capability exceeded, Environmental issues - Conditions/weather/phenomena - Wind - Microburst - Effect on operation, Environmental issues - Conditions/weather/phenomena - Wind - Crosswind - Effect on operation",2026-04-03 04:05:44.842659+00:00,200703|200464|200312|200017
114,BELL 407,BELL,407,HELI,TS,1.0,4,2025,2025,1,4.00,0,4,0,0.0,100.0,0.0,0,0,0,2,0.0,0.00,0,3,0.0,Other,Not determined (general) - Unknown/Not determined,Unknown,0.0,0.0,0.0,0.0,0.0,25.0,0.0,0.0,0.0,0.0,11.00,11.00,Stable,0.00,11.85,Low,Incidents: 4 | Fatals: 0 | Destroyed: 0 | Avg severity: 11.00 | Top cause: Other | Trend: Stable,"The pilot’s improper decision to depart with inadequate clearance from a hangar door, resulting in the helicopter’s collision with the door.","Personnel issues - Action/decision - Info processing/decision - Decision making/judgment - Pilot, Personnel issues - Action/decision - Info processing/decision - Identification/recognition - Pilot, Environmental issues - Physical environment - Object/animal/substance - Airport structure - Effect on equipment",2026-04-03 04:05:44.842659+00:00,202177|201008|200343|200327
115,BOEING 737,BOEING,737,AIR,TF,2.0,52,2025,2026,2,26.00,0,6,8,0.0,11.5,15.4,0,0,7,7,0.0,0.00,0,3,0.0,Runway Incursion,,Unknown,0.0,0.0,0.0,0.0,0.0,0.0,0.0,1.9,0.0,0.0,4.56,4.56,Stable,0.00,11.60,Low,Incidents: 52 | Fatals: 0 | Destroyed: 0 | Avg severity: 4.56 | Top cause: Runway Incursion | Trend: Stable,"The abrupt application of brakes during taxi, which resulted in a sudden stop and caused a flight attendant to sustain a serious injury.",Personnel issues - Action/decision - Action - Incorrect action performance - Pilot,2026-04-03 04:05:44.842659+00:00,202708|202676|202646|202243|202334|202171|202141|202197|202072|202206|202056|202067|201946|201931|201877|202116|201867|201842|201823|201864|201062|201014|201706|201021|201857|200954|200947|200941|200817|200806|200795|200743|200675|200662|200798|200549|200659|200433|201011|202623|200554|200435|200347|200304|200830|200064|200056|200028|200059|200079|200021|200019
116,BOEING 767,BOEING,767,AIR,,,5,2025,2025,1,5.00,0,1,0,0.0,20.0,0.0,0,0,0,0,0.0,0.00,0,1,0.0,,,,0.0,0.0,0.0,0.0,0.0,0.0,0.0,0.0,0.0,0.0,4.20,4.20,Stable,0.00,11.47,Low,Incidents: 5 | Fatals: 0 | Destroyed: 0 | Avg severity: 4.20 | Top cause: Unknown | Trend: Stable,,,2026-04-03 04:05:44.842659+00:00,201938|201871|201872|201013|200090
117,BOMBARDIER INC CL-600-2D24,BOMBARDIER INC,CL-600-2D24,AIR,TF,2.0,2,2025,2025,1,2.00,0,0,0,0.0,0.0,0.0,0,0,1,0,0.0,0.00,1,1,50.0,,,,0.0,0.0,0.0,0.0,0.0,0.0,0.0,0.0,0.0,0.0,7.00,7.00,Stable,0.00,11.45,Low,Incidents: 2 | Fatals: 0 | Destroyed: 0 | Avg severity: 7.00 | Top cause: Unknown | Trend: Stable,An inadvertent encounter with severe turbulence during descent.,"Environmental issues - Conditions/weather/phenomena - Turbulence - Convective turbulence - Effect on personnel, Personnel issues - Experience/knowledge - Knowledge - Knowledge of meteorologic cond - Flight crew, Personnel issues - Experience/knowledge - Knowledge - Knowledge of meteorologic cond - Cabin crew, Personnel issues - Experience/knowledge - Knowledge - Knowledge of meteorologic cond - Passenger",2026-04-03 04:05:44.842659+00:00,200627|200629
118,SCHWEIZER SGS,SCHWEIZER,"SGS 1-26B, SGS 1-26C, SGS 2-33A",GLI,,,4,2025,2025,1,4.00,0,4,0,0.0,100.0,0.0,0,0,0,0,0.0,0.00,0,3,0.0,CFIT,Personnel issues Aircraft control - Pilot,Approach,0.0,0.0,0.0,0.0,25.0,50.0,25.0,0.0,25.0,0.0,9.00,9.00,Stable,0.00,11.15,Low,Incidents: 4 | Fatals: 0 | Destroyed: 0 | Avg severity: 9.00 | Top cause: CFIT | Trend: Stable,The glider’s encounter with atmospheric conditions where the lift was not sufficient to maintain flight.,"Environmental issues - Conditions/weather/phenomena - Temp/humidity/pressure - Thermal lifting - Contributed to outcome, Aircraft - Aircraft oper/perf/capability - Performance/control parameters - Altitude - Attain/maintain not possible",2026-04-03 04:05:44.842659+00:00,200737|200294|200078|200048
119,CESSNA R182,CESSNA,R182,AIR,REC,1.0,4,2025,2025,1,4.00,0,4,0,0.0,100.0,0.0,0,0,0,0,0.0,0.00,0,3,0.0,,,,0.0,0.0,0.0,0.0,75.0,75.0,0.0,0.0,0.0,0.0,9.00,9.00,Stable,0.00,11.15,Low,Incidents: 4 | Fatals: 0 | Destroyed: 0 | Avg severity: 9.00 | Top cause: Unknown | Trend: Stable,The pilot’s failure to extended to landing gear before landing.,"Personnel issues - Action/decision - Action - Lack of action - Pilot, Personnel issues - Task performance - Use of equip/info - Use of equip/system - Pilot, Aircraft - Aircraft systems - Landing gear system - Gear extension and retract sys - Not used/operated",2026-04-03 04:05:44.842659+00:00,201966|200705|200642|200380
120,PIPER PA-12,PIPER,PA-12,AIR,REC,1.0,7,2025,2026,2,3.50,0,6,0,0.0,85.7,0.0,0,0,2,4,0.0,0.00,0,4,0.0,Loss of Control (Ground),,Takeoff,0.0,0.0,0.0,0.0,14.3,14.3,0.0,0.0,0.0,0.0,11.14,11.14,Stable,0.00,10.90,Low,Incidents: 7 | Fatals: 0 | Destroyed: 0 | Avg severity: 11.14 | Top cause: Loss of Control (Ground) | Trend: Stable,The pilot’s failure to maintain clearance from trees during a go-around with a tailwind.,"Environmental issues - Conditions/weather/phenomena - Wind - Tailwind - Effect on operation, Personnel issues - Action/decision - Info processing/decision - Decision making/judgment - Pilot, Aircraft - Aircraft oper/perf/capability - Performance/control parameters - Altitude - Attain/maintain not possible",2026-04-03 04:05:44.842659+00:00,202683|202619|201068|200793|200775|200821|200321
121,STINSON 108,STINSON,108,AIR,REC,1.0,3,2025,2025,1,3.00,0,2,0,0.0,66.7,0.0,0,0,1,3,0.0,0.00,0,3,0.0,,,,0.0,0.0,0.0,0.0,0.0,66.7,0.0,0.0,0.0,0.0,12.33,12.33,Stable,0.00,10.32,Low,Incidents: 3 | Fatals: 0 | Destroyed: 0 | Avg severity: 12.33 | Top cause: Unknown | Trend: Stable,The pilot's failure to maintain obstacle clearance which resulted in an in-flight collision with a tree. Contributing to the accident was his impairment from the effects of alcohol consumption.,"Personnel issues - Physical - Impairment/incapacitation - Alcohol - Pilot, Personnel issues - Psychological - Attention/monitoring - Monitoring environment - Pilot, Aircraft - Aircraft oper/perf/capability - Performance/control parameters - Altitude - Not attained/maintained, Environmental issues - Physical environment - Object/animal/substance - Tree(s) - Effect on equipment",2026-04-03 04:05:44.842659+00:00,200495|200324|200094
122,CESSNA A188,CESSNA,A188,AIR,,,3,2025,2025,1,3.00,0,3,0,0.0,100.0,0.0,0,0,1,0,0.0,0.00,0,1,0.0,System/Component Failure (Powerplant),,Enroute,0.0,0.0,0.0,0.0,0.0,0.0,0.0,0.0,0.0,0.0,11.67,11.67,Stable,0.00,10.08,Low,Incidents: 3 | Fatals: 0 | Destroyed: 0 | Avg severity: 11.67 | Top cause: System/Component Failure (Powerplant) | Trend: Stable,,,2026-04-03 04:05:44.842659+00:00,202207|202280|202107
123,CESSNA 182Q,CESSNA,182Q,AIR,REC,1.0,3,2025,2025,1,3.00,0,3,0,0.0,100.0,0.0,0,0,2,0,0.0,0.00,0,2,0.0,,,,0.0,0.0,0.0,0.0,0.0,33.3,0.0,0.0,0.0,0.0,11.67,11.67,Stable,0.00,10.08,Low,Incidents: 3 | Fatals: 0 | Destroyed: 0 | Avg severity: 11.67 | Top cause: Unknown | Trend: Stable,"The pilot’s failure to maintain clearance from obstacles during an aborted landing, while flying in tailwind conditions. Contributing to the accident was the high density altitude weather condition.","Aircraft - Aircraft oper/perf/capability - Performance/control parameters - Climb rate - Not attained/maintained, Personnel issues - Action/decision - Action - Delayed action - Pilot, Personnel issues - Task performance - Use of equip/info - Aircraft control - Pilot, Environmental issues - Conditions/weather/phenomena - Temp/humidity/pressure - High density altitude - Effect on operation, Environmental issues - Conditions/weather/phenomena - Wind - Tailwind - Effect on operation",2026-04-03 04:05:44.842659+00:00,202453|200688|200393
124,JUST HIGHLANDER,JUST,"HIGHLANDER, Highlander",AIR,REC,1.0,2,2025,2025,1,2.00,0,2,0,0.0,100.0,0.0,0,0,3,0,0.0,0.00,0,2,0.0,,,,0.0,0.0,0.0,0.0,0.0,50.0,0.0,0.0,0.0,0.0,17.00,17.00,Stable,0.00,9.95,Low,Incidents: 2 | Fatals: 0 | Destroyed: 0 | Avg severity: 17.00 | Top cause: Unknown | Trend: Stable,The pilot’s failure to maintain clearance from power lines during low-level maneuvering along a river.,"Personnel issues - Psychological - Attention/monitoring - Monitoring environment - Pilot, Aircraft - Aircraft oper/perf/capability - Performance/control parameters - Altitude - Not attained/maintained, Environmental issues - Physical environment - Object/animal/substance - Wire - Awareness of condition",2026-04-03 04:05:44.842659+00:00,202079|201947
125,MOONEY AIRCRAFT CORP. M20K,MOONEY AIRCRAFT CORP.,M20K,AIR,REC,1.0,3,2025,2025,1,3.00,0,3,0,0.0,100.0,0.0,0,0,0,1,0.0,0.00,0,3,0.0,System/Component Failure (Powerplant),,Enroute,0.0,0.0,0.0,0.0,0.0,33.3,0.0,0.0,0.0,0.0,10.33,10.33,Stable,0.00,9.62,Low,Incidents: 3 | Fatals: 0 | Destroyed: 0 | Avg severity: 10.33 | Top cause: System/Component Failure (Powerplant) | Trend: Stable,"The pilot’s failure to maintain directional control during a go-around, resulting in a collision with a runway sign.","Aircraft - Aircraft oper/perf/capability - Performance/control parameters - Descent/approach/glide path - Not attained/maintained, Aircraft - Aircraft oper/perf/capability - Performance/control parameters - Landing flare - Not attained/maintained, Personnel issues - Task performance - Use of equip/info - Aircraft control - Pilot, Aircraft - Aircraft oper/perf/capability - Performance/control parameters - Directional control - Not attained/maintained, Environmental issues - Physical environment - Object/animal/substance - Sign/marker - Effect on equipment",2026-04-03 04:05:44.842659+00:00,202109|201028|200485
126,PIPER AIRCRAFT INC PA-28-181,PIPER AIRCRAFT INC,PA-28-181,AIR,,,3,2025,2025,1,3.00,0,3,0,0.0,100.0,0.0,0,0,0,1,0.0,0.00,0,3,0.0,Abnormal Runway Contact,,Landing,0.0,0.0,0.0,0.0,0.0,0.0,0.0,0.0,0.0,0.0,10.33,10.33,Stable,0.00,9.62,Low,Incidents: 3 | Fatals: 0 | Destroyed: 0 | Avg severity: 10.33 | Top cause: Abnormal Runway Contact | Trend: Stable,,,2026-04-03 04:05:44.842659+00:00,202198|202014|201024
127,CIRRUS DESIGN CORP SR20,CIRRUS DESIGN CORP,SR20,AIR,REC,1.0,6,2025,2026,2,3.00,0,6,0,0.0,100.0,0.0,0,0,0,3,0.0,0.00,0,5,0.0,System/Component Failure (Non-Powerplant),Environmental issues Tailwind - Awareness of condition,Landing,0.0,0.0,0.0,0.0,33.3,33.3,33.3,0.0,0.0,0.0,10.33,10.33,Stable,0.00,9.62,Low,Incidents: 6 | Fatals: 0 | Destroyed: 0 | Avg severity: 10.33 | Top cause: System/Component Failure (Non-Powerplant) | Trend: Stable,"The pilot’s failure to verify the wind direction and maintain an appropriate approach speed, which resulted in a long landing and subsequent runway excursion.","Personnel issues - Action/decision - Info processing/decision - Expectation/assumption - Pilot, Environmental issues - Conditions/weather/phenomena - Wind - Tailwind - Awareness of condition, Aircraft - Aircraft oper/perf/capability - Performance/control parameters - Descent/approach/glide path - Not attained/maintained, Personnel issues - Task performance - Use of equip/info - Aircraft control - Pilot",2026-04-03 04:05:44.842659+00:00,202644|202225|201994|201803|200912|200976
128,BELLANCA 7GCBC,BELLANCA,7GCBC,AIR,REC,1.0,3,2025,2025,1,3.00,0,3,0,0.0,100.0,0.0,0,0,0,1,0.0,0.00,0,2,0.0,,,,0.0,0.0,0.0,0.0,0.0,33.3,0.0,0.0,0.0,0.0,10.33,10.33,Stable,0.00,9.62,Low,Incidents: 3 | Fatals: 0 | Destroyed: 0 | Avg severity: 10.33 | Top cause: Unknown | Trend: Stable,The pilot’s inadequate flight planning and his failure to maintain aircraft control during the precautionary off-airport landing.,"Personnel issues - Task performance - Planning/preparation - Flight planning/navigation - Pilot, Environmental issues - Conditions/weather/phenomena - Light condition - (general) - Decision related to condition, Personnel issues - Task performance - Use of equip/info - Aircraft control - Pilot, Environmental issues - Physical environment - Terrain - Rough terrain - Effect on operation",2026-04-03 04:05:44.842659+00:00,201859|201810|200427
129,FLIGHT DESIGN GMBH CTSW,FLIGHT DESIGN GMBH,CTSW,AIR,REC,1.0,3,2025,2025,1,3.00,0,3,0,0.0,100.0,0.0,0,0,0,1,0.0,0.00,0,3,0.0,,,,0.0,0.0,0.0,0.0,0.0,66.7,0.0,0.0,0.0,0.0,10.33,10.33,Stable,0.00,9.62,Low,Incidents: 3 | Fatals: 0 | Destroyed: 0 | Avg severity: 10.33 | Top cause: Unknown | Trend: Stable,The pilot’s failure to maintain directional control during the crosswind landing.,"Personnel issues - Task performance - Use of equip/info - Aircraft control - Pilot, Aircraft - Aircraft oper/perf/capability - Performance/control parameters - Directional control - Not attained/maintained, Environmental issues - Conditions/weather/phenomena - Wind - Crosswind - Contributed to outcome",2026-04-03 04:05:44.842659+00:00,201895|200476|200310
130,BELL HELICOPTER TEXTRON CANADA 505,BELL HELICOPTER TEXTRON CANADA,505,HELI,TS,1.0,3,2025,2025,1,3.00,0,2,0,0.0,66.7,0.0,0,0,0,3,0.0,0.00,0,2,0.0,Abnormal Runway Contact,Personnel issues Identification/recognition - Instructor/check pilot,Emergency Descent,0.0,0.0,0.0,0.0,33.3,66.7,0.0,0.0,33.3,0.0,9.67,9.67,Stable,0.00,9.38,Low,Incidents: 3 | Fatals: 0 | Destroyed: 0 | Avg severity: 9.67 | Top cause: Abnormal Runway Contact | Trend: Stable,"The pilot’s improper landing technique that allowed the helicopter’s right skid to get caught on the landing platform, which resulted in a dynamic rollover.","Aircraft - Aircraft oper/perf/capability - Performance/control parameters - Lateral/bank control - Not attained/maintained, Personnel issues - Task performance - Use of equip/info - Aircraft control - Pilot",2026-04-03 04:05:44.842659+00:00,202186|201009|200106
131,AIR TRACTOR INC AT-402B,AIR TRACTOR INC,AT-402B,AIR,TP,1.0,2,2025,2025,1,2.00,0,2,0,0.0,100.0,0.0,0,0,1,1,0.0,0.00,0,2,0.0,,,,0.0,0.0,0.0,0.0,0.0,100.0,0.0,0.0,0.0,0.0,15.00,15.00,Stable,0.00,9.25,Low,Incidents: 2 | Fatals: 0 | Destroyed: 0 | Avg severity: 15.00 | Top cause: Unknown | Trend: Stable,The pilot’s failure to maintain clearance with the power lines while maneuvering that resulted in an in-flight collision with the power lines and impact with terrain.,"Aircraft - Aircraft oper/perf/capability - Performance/control parameters - Altitude - Not attained/maintained, Personnel issues - Psychological - Attention/monitoring - Monitoring environment - Pilot",2026-04-03 04:05:44.842659+00:00,200593|200399
132,ROBINSON HELICOPTER R22,ROBINSON HELICOPTER,"R22, R22 BETA",HELI,REC,1.0,2,2025,2025,1,2.00,0,2,0,0.0,100.0,0.0,0,0,2,1,0.0,0.00,0,2,0.0,Loss of Control (Inflight),Personnel issues Aircraft control - Instructor/check pilot,Maneuvering,0.0,0.0,0.0,0.0,50.0,50.0,0.0,0.0,50.0,0.0,15.00,15.00,Stable,0.00,9.25,Low,Incidents: 2 | Fatals: 0 | Destroyed: 0 | Avg severity: 15.00 | Top cause: Loss of Control (Inflight) | Trend: Stable,The flight instructor’s inadequate supervision and delayed remedial action which resulted in a skid contacting the terrain. Contributing to the accident was the flight instructor’s improper judgement to allow the student pilot to manipulate the flight controls at a low altitude/hover.,"Personnel issues - Action/decision - Info processing/decision - Decision making/judgment - Instructor/check pilot, Aircraft - Aircraft oper/perf/capability - Performance/control parameters - (general) - Not attained/maintained, Personnel issues - Action/decision - Action - Delayed action - Instructor/check pilot, Personnel issues - Psychological - Attention/monitoring - Monitoring other person - Instructor/check pilot, Personnel issues - Task performance - Use of equip/info - Aircraft control - Instructor/check pilot",2026-04-03 04:05:44.842659+00:00,201908|200693
133,BEECH 95-C55,BEECH,95-C55,AIR,REC,2.0,2,2025,2025,1,2.00,0,2,0,0.0,100.0,0.0,0,0,1,1,0.0,0.00,0,1,0.0,Fuel,,Approach,0.0,50.0,0.0,0.0,0.0,50.0,0.0,0.0,0.0,0.0,15.00,15.00,Stable,0.00,9.25,Low,Incidents: 2 | Fatals: 0 | Destroyed: 0 | Avg severity: 15.00 | Top cause: Fuel | Trend: Stable,"The pilot’s inadequate preflight inspection, and inadequate inflight fuel management, which resulted in a total loss of engine power due to fuel starvation and subsequent forced landing.","Personnel issues - Action/decision - Info processing/decision - Identification/recognition - Pilot, Personnel issues - Task performance - Inspection - Preflight inspection - Pilot, Aircraft - Fluids/misc hardware - Fluids - Fuel - Fluid management",2026-04-03 04:05:44.842659+00:00,202132|200067
134,CESSNA 172H,CESSNA,172H,AIR,REC,1.0,3,2025,2025,1,3.00,0,3,0,0.0,100.0,0.0,0,0,0,0,0.0,0.00,0,3,0.0,System/Component Failure (Powerplant),,Initial Climb,0.0,0.0,0.0,0.0,0.0,33.3,0.0,0.0,0.0,0.0,9.00,9.00,Stable,0.00,9.15,Low,Incidents: 3 | Fatals: 0 | Destroyed: 0 | Avg severity: 9.00 | Top cause: System/Component Failure (Powerplant) | Trend: Stable,"The pilot’s decision to land on an unsuitable landing surface with a tailwind, which resulted in a nose over. Contributing was the pilot’s failure to recognize the wind direction, resulting in a tailwind landing.","Personnel issues - Action/decision - Info processing/decision - Identification/recognition - Pilot, Personnel issues - Action/decision - Info processing/decision - Decision making/judgment - Pilot, Environmental issues - Conditions/weather/phenomena - Wind - Tailwind - Effect on operation, Environmental issues - Physical environment - Runway/land/takeoff/taxi surface - Soft surface - Effect on operation",2026-04-03 04:05:44.842659+00:00,200934|200503|200411
135,BELL 206B,BELL,206B,HELI,TS,1.0,3,2025,2025,1,3.00,0,3,0,0.0,100.0,0.0,0,0,0,0,0.0,0.00,0,2,0.0,,,,0.0,0.0,0.0,0.0,0.0,33.3,0.0,0.0,0.0,0.0,9.00,9.00,Stable,0.00,9.15,Low,Incidents: 3 | Fatals: 0 | Destroyed: 0 | Avg severity: 9.00 | Top cause: Unknown | Trend: Stable,"The pilot’s failure to maintain clearance from wires while maneuvering at a low altitude, and the ground crew failure to inform the pilot that the support truck had been moved.","Environmental issues - Physical environment - Object/animal/substance - Wire - Awareness of condition, Aircraft - Aircraft oper/perf/capability - Performance/control parameters - Altitude - Not attained/maintained, Personnel issues - Psychological - Attention/monitoring - Monitoring environment - Pilot, Personnel issues - Action/decision - Action - Lack of action - Ground crew",2026-04-03 04:05:44.842659+00:00,200649|200449|200020
136,PIPER PA-44-180,PIPER,PA-44-180,AIR,REC,2.0,3,2025,2025,1,3.00,0,3,0,0.0,100.0,0.0,0,0,0,0,0.0,0.00,0,2,0.0,Other,,Maneuvering,0.0,0.0,0.0,0.0,33.3,33.3,0.0,0.0,0.0,0.0,9.00,9.00,Stable,0.00,9.15,Low,Incidents: 3 | Fatals: 0 | Destroyed: 0 | Avg severity: 9.00 | Top cause: Other | Trend: Stable,The flight crew’s failure to use the airplane pre-landing checklist and failure to extend the airplane’s landing gear before landing.,"Personnel issues - Task performance - Use of equip/info - Use of checklist - Flight crew, Aircraft - Aircraft systems - Landing gear system - Gear extension and retract sys - Not used/operated",2026-04-03 04:05:44.842659+00:00,202232|202071|200559
137,CESSNA 177,CESSNA,177,AIR,REC,1.0,4,2025,2026,2,2.00,0,4,0,0.0,100.0,0.0,0,0,1,5,0.0,0.00,0,3,0.0,,,,0.0,0.0,0.0,0.0,0.0,50.0,0.0,0.0,0.0,0.0,13.00,13.00,Stable,0.00,8.55,Low,Incidents: 4 | Fatals: 0 | Destroyed: 0 | Avg severity: 13.00 | Top cause: Unknown | Trend: Stable,The pilot’s failure to maintain airplane control and clearance from trees during takeoff.,"Aircraft - Aircraft oper/perf/capability - Performance/control parameters - Pitch control - Incorrect use/operation, Personnel issues - Task performance - Use of equip/info - Aircraft control - Pilot, Aircraft - Aircraft oper/perf/capability - Performance/control parameters - Altitude - Not attained/maintained",2026-04-03 04:05:44.842659+00:00,202654|201875|200493|200405
138,XAG P100,XAG,P100 PRO,UNMANNED,ELEC,4.0,2,2025,2025,1,2.00,0,2,0,0.0,100.0,0.0,0,0,1,0,0.0,0.00,0,2,0.0,Ground Handling,Personnel issues Decision making/judgment - Pilot,Takeoff,0.0,0.0,0.0,0.0,0.0,50.0,0.0,0.0,0.0,0.0,13.00,13.00,Stable,0.00,8.55,Low,Incidents: 2 | Fatals: 0 | Destroyed: 0 | Avg severity: 13.00 | Top cause: Ground Handling | Trend: Stable,The pilot’s failure to maintain clearance from the unmanned aircraft system during takeoff.,"Personnel issues - Action/decision - Info processing/decision - Decision making/judgment - Pilot, Environmental issues - Task environment - Physical workspace - Positioning/available space - Awareness of condition",2026-04-03 04:05:44.842659+00:00,200778|200318
139,DENNEY KITFOX,DENNEY,KITFOX,AIR,,,2,2025,2025,1,2.00,0,2,0,0.0,100.0,0.0,0,0,1,0,0.0,0.00,0,2,0.0,System/Component Failure (Powerplant),,Landing,0.0,0.0,0.0,0.0,0.0,0.0,0.0,0.0,0.0,0.0,13.00,13.00,Stable,0.00,8.55,Low,Incidents: 2 | Fatals: 0 | Destroyed: 0 | Avg severity: 13.00 | Top cause: System/Component Failure (Powerplant) | Trend: Stable,,,2026-04-03 04:05:44.842659+00:00,201928|200756
140,AIR TRACTOR INC AT-301,AIR TRACTOR INC,AT-301,AIR,TP,1.0,2,2025,2025,1,2.00,0,2,0,0.0,100.0,0.0,0,0,1,0,0.0,0.00,0,2,0.0,System/Component Failure (Powerplant),,Enroute,0.0,0.0,0.0,0.0,0.0,50.0,0.0,0.0,0.0,0.0,13.00,13.00,Stable,0.00,8.55,Low,Incidents: 2 | Fatals: 0 | Destroyed: 0 | Avg severity: 13.00 | Top cause: System/Component Failure (Powerplant) | Trend: Stable,The pilot’s failure to maintain control of the airplane during takeoff with a tailwind from a wet turf airstrip.,"Aircraft - Aircraft oper/perf/capability - Performance/control parameters - Climb rate - Capability exceeded, Personnel issues - Action/decision - Info processing/decision - Decision making/judgment - Pilot, Environmental issues - Physical environment - Runway/land/takeoff/taxi surface - Soft surface - Effect on operation, Environmental issues - Conditions/weather/phenomena - Wind - Tailwind - Effect on operation",2026-04-03 04:05:44.842659+00:00,200731|200616
141,CESSNA 150J,CESSNA,150J,AIR,,,2,2025,2025,1,2.00,0,2,0,0.0,100.0,0.0,0,0,1,1,0.0,0.00,0,2,0.0,,,,0.0,0.0,0.0,0.0,0.0,0.0,0.0,0.0,0.0,0.0,13.00,13.00,Stable,0.00,8.55,Low,Incidents: 2 | Fatals: 0 | Destroyed: 0 | Avg severity: 13.00 | Top cause: Unknown | Trend: Stable,,,2026-04-03 04:05:44.842659+00:00,200679|200298
142,PIPER PA-32R-300,PIPER,PA-32R-300,AIR,REC,1.0,2,2025,2025,1,2.00,0,2,0,0.0,100.0,0.0,0,0,2,0,0.0,0.00,0,2,0.0,,,,0.0,0.0,0.0,0.0,0.0,50.0,0.0,0.0,0.0,0.0,13.00,13.00,Stable,0.00,8.55,Low,Incidents: 2 | Fatals: 0 | Destroyed: 0 | Avg severity: 13.00 | Top cause: Unknown | Trend: Stable,"The pilot’s failure to maintain proper glidepath during a night visual approach, which resulted in a collision with the runway lighting system. Contributing to the outcome was the pilot’s momentary disorientation due to glare from the runway approach lighting system.","Environmental issues - Conditions/weather/phenomena - Light condition - Glare - Effect on personnel, Environmental issues - Physical environment - Object/animal/substance - Runway/taxi/approach light - Awareness of condition, Aircraft - Aircraft oper/perf/capability - Performance/control parameters - Descent/approach/glide path - Not attained/maintained",2026-04-03 04:05:44.842659+00:00,201710|200386
143,GULFSTREAM AEROSPACE G-V,GULFSTREAM AEROSPACE,G-V,AIR,TF,2.0,2,2025,2025,1,2.00,0,1,1,0.0,50.0,50.0,0,0,1,0,0.0,0.00,0,2,0.0,,,,0.0,0.0,0.0,0.0,0.0,0.0,0.0,0.0,0.0,0.0,11.50,11.50,Stable,0.00,8.03,Low,Incidents: 2 | Fatals: 0 | Destroyed: 0 | Avg severity: 11.50 | Top cause: Unknown | Trend: Stable,,,2026-04-03 04:05:44.842659+00:00,200936|200010
144,DIAMOND AIRCRAFT IND INC DA,DIAMOND AIRCRAFT IND INC,DA 40,AIR,REC,1.0,2,2025,2025,1,2.00,0,2,0,0.0,100.0,0.0,0,0,0,3,0.0,0.00,0,2,0.0,,,,0.0,0.0,0.0,0.0,0.0,100.0,0.0,0.0,0.0,0.0,11.00,11.00,Stable,0.00,7.85,Low,Incidents: 2 | Fatals: 0 | Destroyed: 0 | Avg severity: 11.00 | Top cause: Unknown | Trend: Stable,"The flight instructor’s inadequate supervision and delayed remedial action during an unusual attitude recovery, which resulted in a descent into terrain.","Aircraft - Aircraft oper/perf/capability - Performance/control parameters - Altitude - Not attained/maintained, Personnel issues - Task performance - Use of equip/info - Aircraft control - Student/instructed pilot, Personnel issues - Task performance - Use of equip/info - Aircraft control - Instructor/check pilot, Personnel issues - Psychological - Attention/monitoring - Monitoring environment - Instructor/check pilot, Personnel issues - Action/decision - Action - Delayed action - Instructor/check pilot",2026-04-03 04:05:44.842659+00:00,201012|200049
145,BOEING B75N1,BOEING,B75N1,AIR,REC,1.0,2,2025,2025,1,2.00,0,2,0,0.0,100.0,0.0,0,0,0,2,0.0,0.00,0,2,0.0,Loss of Control (Ground),Personnel issues Aircraft control - Pilot,Landing,0.0,0.0,0.0,0.0,50.0,100.0,50.0,0.0,0.0,0.0,11.00,11.00,Stable,0.00,7.85,Low,Incidents: 2 | Fatals: 0 | Destroyed: 0 | Avg severity: 11.00 | Top cause: Loss of Control (Ground) | Trend: Stable,The pilot’s failure to maintain directional control during a takeoff roll in quartering tailwind conditions.,"Aircraft - Aircraft oper/perf/capability - Performance/control parameters - Directional control - Not attained/maintained, Personnel issues - Task performance - Use of equip/info - Aircraft control - Pilot, Environmental issues - Conditions/weather/phenomena - Wind - Tailwind - Effect on operation",2026-04-03 04:05:44.842659+00:00,200822|200325
146,PIPER PA-22-135,PIPER,PA-22-135,AIR,REC,1.0,2,2025,2025,1,2.00,0,2,0,0.0,100.0,0.0,0,0,0,1,0.0,0.00,0,2,0.0,,,,0.0,0.0,50.0,0.0,0.0,50.0,0.0,0.0,0.0,0.0,11.00,11.00,Stable,0.00,7.85,Low,Incidents: 2 | Fatals: 0 | Destroyed: 0 | Avg severity: 11.00 | Top cause: Unknown | Trend: Stable,"Pilot’s decision to take off from a wet and unmaintained field that was unsuitable for airplane operations, resulting in a loss of control and subsequent nose over. Contributing was the pilot’s self-induced pressure to complete the flight.","Personnel issues - Psychological - Personality/attitude - Motivation/respond to pressure - Pilot, Personnel issues - Action/decision - Info processing/decision - Decision making/judgment - Pilot, Environmental issues - Operating environment - Airport facilities/design - Runway/landing area condition - Decision related to condition, Environmental issues - Physical environment - Runway/land/takeoff/taxi surface - Soft surface - Decision related to condition, Environmental issues - Physical environment - Runway/land/takeoff/taxi surface - Wet surface - Decision related to condition",2026-04-03 04:05:44.842659+00:00,200437|200400
147,CAMERON BALLOONS US A-225,CAMERON BALLOONS US,A-225,BALL,,,2,2025,2025,1,2.00,0,0,0,0.0,0.0,0.0,0,0,2,1,0.0,0.00,0,2,0.0,,,,0.0,0.0,0.0,0.0,0.0,50.0,0.0,0.0,0.0,0.0,11.00,11.00,Stable,0.00,7.85,Low,Incidents: 2 | Fatals: 0 | Destroyed: 0 | Avg severity: 11.00 | Top cause: Unknown | Trend: Stable,"The balloon pilot’s improper landing, which resulted in serious injury to a passenger. Contributing to the accident was the pilot’s failure to brief the proper landing procedure.","Personnel issues - Task performance - Communication (personnel) - Issuing instructions - Pilot, Personnel issues - Experience/knowledge - Knowledge - Knowledge of procedures - Pilot, Personnel issues - Task performance - Use of equip/info - Aircraft control - Pilot, Environmental issues - Physical environment - Terrain - Rough terrain - Contributed to outcome",2026-04-03 04:05:44.842659+00:00,202082|201036
148,CESSNA 182F,CESSNA,182F,AIR,REC,1.0,2,2025,2025,1,2.00,0,2,0,0.0,100.0,0.0,0,0,0,1,0.0,0.00,0,2,0.0,,,,0.0,0.0,0.0,0.0,50.0,0.0,0.0,0.0,0.0,0.0,11.00,11.00,Stable,0.00,7.85,Low,Incidents: 2 | Fatals: 0 | Destroyed: 0 | Avg severity: 11.00 | Top cause: Unknown | Trend: Stable,A failure of the nose wheel steering shaft and subsequent rotation of the nosewheel which resulted in the collapse of the nose landing gear during landing.,Aircraft - Aircraft systems - Landing gear system - Landing gear steering system - Failure,2026-04-03 04:05:44.842659+00:00,201069|200426
149,SCHWEIZER AIRCRAFT CORP G-164B,SCHWEIZER AIRCRAFT CORP,G-164B,AIR,TP,1.0,2,2025,2025,1,2.00,0,2,0,0.0,100.0,0.0,0,0,0,1,0.0,0.00,0,2,0.0,,,,0.0,0.0,0.0,0.0,0.0,50.0,0.0,0.0,0.0,0.0,11.00,11.00,Stable,0.00,7.85,Low,Incidents: 2 | Fatals: 0 | Destroyed: 0 | Avg severity: 11.00 | Top cause: Unknown | Trend: Stable,The pilot’s exceedance of the critical angle of attack which resulted in an aerodynamic stall at an altitude too low to recover.,"Aircraft - Aircraft oper/perf/capability - Performance/control parameters - Angle of attack - Not attained/maintained, Personnel issues - Task performance - Use of equip/info - Aircraft control - Pilot",2026-04-03 04:05:44.842659+00:00,200980|200561
150,CESSNA 182B,CESSNA,182B,AIR,REC,1.0,2,2025,2025,1,2.00,0,2,0,0.0,100.0,0.0,0,0,0,2,0.0,0.00,0,2,0.0,,,,0.0,0.0,0.0,0.0,0.0,0.0,0.0,0.0,0.0,0.0,11.00,11.00,Stable,0.00,7.85,Low,Incidents: 2 | Fatals: 0 | Destroyed: 0 | Avg severity: 11.00 | Top cause: Unknown | Trend: Stable,"The pilot's decision to land on an unsuitable landing surface, which resulted in a nose-over.","Environmental issues - Physical environment - Runway/land/takeoff/taxi surface - Snow/slush/ice covered surface - Effect on operation, Personnel issues - Action/decision - Info processing/decision - Decision making/judgment - Pilot",2026-04-03 04:05:44.842659+00:00,200514|200007
163,SCODA AERONAUTICA LTDA SUPER,SCODA AERONAUTICA LTDA,"SUPER PETREL LS, SUPER PETREL XP",AIR,REC,1.0,2,2025,2025,1,2.00,0,2,0,0.0,100.0,0.0,0,0,0,0,0.0,0.00,0,2,0.0,Abnormal Runway Contact,Aircraft Gear extension and retract sys - Not used/operated,Landing,0.0,0.0,0.0,0.0,50.0,50.0,0.0,0.0,50.0,0.0,9.00,9.00,Stable,0.00,7.15,Low,Incidents: 2 | Fatals: 0 | Destroyed: 0 | Avg severity: 9.00 | Top cause: Abnormal Runway Contact | Trend: Stable,"The airplane’s collision with a submerged object during landing, which resulted in substantial damage to the fuselage/hull.",Environmental issues - Physical environment - Object/animal/substance - Hidden/submerged object - Effect on equipment,2026-04-03 04:05:44.842659+00:00,200866|200357
151,CESSNA 182H,CESSNA,182H,AIR,REC,1.0,2,2025,2025,1,2.00,0,2,0,0.0,100.0,0.0,0,0,0,2,0.0,0.00,0,2,0.0,,,,0.0,0.0,0.0,0.0,0.0,100.0,0.0,0.0,50.0,0.0,11.00,11.00,Stable,0.00,7.85,Low,Incidents: 2 | Fatals: 0 | Destroyed: 0 | Avg severity: 11.00 | Top cause: Unknown | Trend: Stable,"The pilot’s failure to maintain a proper approach path during landing which resulted in a collision with terrain short of the runway. Contributing to the accident was the improper flap position during landing, and the pilot being fatigued.","Aircraft - Aircraft systems - Flight control system - TE flap control system - Incorrect use/operation, Personnel issues - Task performance - Use of equip/info - Use of equip/system - Pilot, Personnel issues - Task performance - Use of equip/info - Aircraft control - Pilot, Aircraft - Aircraft oper/perf/capability - Performance/control parameters - Descent/approach/glide path - Not attained/maintained, Personnel issues - Physical - Alertness/Fatigue - Lack of sleep - Pilot",2026-04-03 04:05:44.842659+00:00,201949|201820
152,MOONEY M20M,MOONEY,M20M,AIR,REC,1.0,2,2025,2025,1,2.00,0,2,0,0.0,100.0,0.0,0,0,0,1,0.0,0.00,0,1,0.0,Abnormal Runway Contact,Personnel issues Use of equip/system - Pilot,Landing,0.0,0.0,0.0,0.0,0.0,50.0,0.0,0.0,0.0,0.0,11.00,11.00,Stable,0.00,7.85,Low,Incidents: 2 | Fatals: 0 | Destroyed: 0 | Avg severity: 11.00 | Top cause: Abnormal Runway Contact | Trend: Stable,The pilot’s failure to maintain directional control while landing with a crosswind.,"Aircraft - Aircraft oper/perf/capability - Performance/control parameters - Directional control - Not attained/maintained, Personnel issues - Task performance - Use of equip/info - Aircraft control - Pilot, Environmental issues - Conditions/weather/phenomena - Wind - Crosswind - Effect on operation",2026-04-03 04:05:44.842659+00:00,200809|200432
153,CZECH SPORT AIRCRAFT A S SPORTCRUISER,CZECH SPORT AIRCRAFT A S,SPORTCRUISER,AIR,REC,1.0,2,2025,2025,1,2.00,0,2,0,0.0,100.0,0.0,0,0,0,1,0.0,0.00,0,2,0.0,,,,0.0,0.0,0.0,0.0,0.0,100.0,0.0,0.0,0.0,0.0,11.00,11.00,Stable,0.00,7.85,Low,Incidents: 2 | Fatals: 0 | Destroyed: 0 | Avg severity: 11.00 | Top cause: Unknown | Trend: Stable,"The pilot’s failure to maintain clearance from trees and terrain while maneuvering for a precautionary landing, at low altitude and at night.","Aircraft - Aircraft oper/perf/capability - Performance/control parameters - Altitude - Not attained/maintained, Personnel issues - Action/decision - Info processing/decision - Decision making/judgment - Pilot",2026-04-03 04:05:44.842659+00:00,201975|200311
154,CESSNA U206,CESSNA,U206,AIR,REC,1.0,4,2025,2026,2,2.00,0,3,1,0.0,75.0,25.0,0,0,3,0,0.0,0.00,0,1,0.0,,,,0.0,0.0,0.0,0.0,0.0,0.0,0.0,0.0,0.0,0.0,10.25,10.25,Stable,0.00,7.59,Low,Incidents: 4 | Fatals: 0 | Destroyed: 0 | Avg severity: 10.25 | Top cause: Unknown | Trend: Stable,"The pilot experiencing the featureless terrain illusion during the approach which gave the perception that the airplane was at a higher altitude over the glassy water surface than it was, resulting in the airplane impacting the water.","Aircraft - Aircraft oper/perf/capability - Performance/control parameters - Altitude - Not attained/maintained, Personnel issues - Psychological - Attention/monitoring - Monitoring environment - Pilot, Personnel issues - Action/decision - Info processing/decision - Identification/recognition - Pilot, Environmental issues - Physical environment - Runway/land/takeoff/taxi surface - Glassy surface - Contributed to outcome, Environmental issues - Physical environment - Runway/land/takeoff/taxi surface - Glassy surface - Awareness of condition, Environmental issues - Physical environment - Runway/land/takeoff/taxi surface - Glassy surface - Effect on personnel, Aircraft - Aircraft oper/perf/capability - Performance/control parameters - Descent/approach/glide path - Not attained/maintained, Personnel issues - Psychological - Perception/orientation/illusion - Visual illusion/disorientation - Pilot",2026-04-03 04:05:44.842659+00:00,202651|201031|200352|200260
155,CESSNA 182M,CESSNA,182M,AIR,REC,1.0,4,2025,2026,2,2.00,0,4,0,0.0,100.0,0.0,0,0,0,1,0.0,0.00,0,4,0.0,Abnormal Runway Contact,,Landing,0.0,25.0,0.0,0.0,0.0,25.0,0.0,0.0,0.0,0.0,10.00,10.00,Stable,0.00,7.50,Low,Incidents: 4 | Fatals: 0 | Destroyed: 0 | Avg severity: 10.00 | Top cause: Abnormal Runway Contact | Trend: Stable,"The pilot’s inadequate preflight inspection and fuel planning, which resulted in a total loss of engine power due to fuel exhaustion.","Personnel issues - Task performance - Planning/preparation - Fuel planning - Pilot, Personnel issues - Task performance - Inspection - Preflight inspection - Pilot, Personnel issues - Action/decision - Info processing/decision - Decision making/judgment - Pilot, Aircraft - Fluids/misc hardware - Fluids - Fuel - Fluid level",2026-04-03 04:05:44.842659+00:00,202628|201755|200717|200332
156,BOEING 737-924ER,BOEING,737-924ER,AIR,TF,2.0,2,2025,2025,1,2.00,0,1,0,0.0,50.0,0.0,0,0,2,1,0.0,0.00,0,2,0.0,,,,0.0,0.0,0.0,0.0,0.0,0.0,0.0,0.0,0.0,0.0,10.00,10.00,Stable,0.00,7.50,Low,Incidents: 2 | Fatals: 0 | Destroyed: 0 | Avg severity: 10.00 | Top cause: Unknown | Trend: Stable,"The airplane’s inadvertent encounter with convective turbulence during descent, which resulted in serious injuries to two flight attendants.",Environmental issues - Conditions/weather/phenomena - Turbulence - Convective turbulence - Effect on personnel,2026-04-03 04:05:44.842659+00:00,200488|200351
157,BOEING 727,BOEING,727,AIR,TJ,,3,2025,2025,1,3.00,0,0,1,0.0,0.0,33.3,0,0,0,0,0.0,0.00,0,1,0.0,Fire,,Enroute,0.0,0.0,0.0,0.0,0.0,0.0,0.0,0.0,0.0,0.0,4.00,4.00,Stable,0.00,7.40,Low,Incidents: 3 | Fatals: 0 | Destroyed: 0 | Avg severity: 4.00 | Top cause: Fire | Trend: Stable,,,2026-04-03 04:05:44.842659+00:00,202160|202163|200885
158,PIPER PA-31,PIPER,"PA-31, PA-31 T",AIR,TP,2.0,2,2025,2025,1,2.00,0,2,0,0.0,100.0,0.0,0,0,0,0,0.0,0.00,0,2,0.0,,,,0.0,0.0,0.0,0.0,0.0,0.0,0.0,0.0,0.0,0.0,9.00,9.00,Stable,0.00,7.15,Low,Incidents: 2 | Fatals: 0 | Destroyed: 0 | Avg severity: 9.00 | Top cause: Unknown | Trend: Stable,,,2026-04-03 04:05:44.842659+00:00,202000|201809
159,BEECH S35,BEECH,S35,AIR,REC,1.0,2,2025,2025,1,2.00,0,2,0,0.0,100.0,0.0,0,0,0,0,0.0,0.00,0,2,0.0,Abnormal Runway Contact,Personnel issues Lack of action - Pilot,Landing,0.0,0.0,0.0,0.0,100.0,50.0,0.0,0.0,50.0,0.0,9.00,9.00,Stable,0.00,7.15,Low,Incidents: 2 | Fatals: 0 | Destroyed: 0 | Avg severity: 9.00 | Top cause: Abnormal Runway Contact | Trend: Stable,The pilot’s inadvertent retraction of the landing gear after landing.,"Personnel issues - Task performance - Use of equip/info - Use of equip/system - Pilot, Personnel issues - Action/decision - Action - Incorrect action performance - Pilot",2026-04-03 04:05:44.842659+00:00,201846|200781
160,EUROCOPTER AS,EUROCOPTER,"AS 350 B2, AS 350 B3",HELI,,,2,2025,2025,1,2.00,0,2,0,0.0,100.0,0.0,0,0,0,0,0.0,0.00,0,2,0.0,Abnormal Runway Contact,,Takeoff,0.0,0.0,0.0,0.0,0.0,0.0,0.0,0.0,0.0,0.0,9.00,9.00,Stable,0.00,7.15,Low,Incidents: 2 | Fatals: 0 | Destroyed: 0 | Avg severity: 9.00 | Top cause: Abnormal Runway Contact | Trend: Stable,,,2026-04-03 04:05:44.842659+00:00,201935|200840
161,PIPER PA-24-260,PIPER,PA-24-260,AIR,REC,1.0,2,2025,2025,1,2.00,0,2,0,0.0,100.0,0.0,0,0,0,0,0.0,0.00,0,2,0.0,,,,0.0,0.0,0.0,0.0,50.0,50.0,0.0,0.0,0.0,0.0,9.00,9.00,Stable,0.00,7.15,Low,Incidents: 2 | Fatals: 0 | Destroyed: 0 | Avg severity: 9.00 | Top cause: Unknown | Trend: Stable,The pilot’s failure to extend the landing gear before landing and his failure to conduct the before landing checklist.,"Personnel issues - Action/decision - Action - Forgotten action/omission - Pilot, Aircraft - Aircraft systems - Landing gear system - Gear extension and retract sys - Not used/operated, Personnel issues - Task performance - Use of equip/info - Use of equip/system - Pilot",2026-04-03 04:05:44.842659+00:00,201765|200391
164,CESSNA T210N,CESSNA,T210N,AIR,,,2,2025,2025,1,2.00,0,2,0,0.0,100.0,0.0,0,0,0,0,0.0,0.00,0,2,0.0,,,,0.0,0.0,0.0,0.0,0.0,0.0,0.0,0.0,0.0,0.0,9.00,9.00,Stable,0.00,7.15,Low,Incidents: 2 | Fatals: 0 | Destroyed: 0 | Avg severity: 9.00 | Top cause: Unknown | Trend: Stable,,,2026-04-03 04:05:44.842659+00:00,200615|200057
165,CHAMPION 7FC,CHAMPION,7FC,AIR,REC,1.0,2,2025,2025,1,2.00,0,2,0,0.0,100.0,0.0,0,0,0,0,0.0,0.00,0,2,0.0,,,,0.0,0.0,0.0,0.0,0.0,100.0,0.0,0.0,0.0,0.0,9.00,9.00,Stable,0.00,7.15,Low,Incidents: 2 | Fatals: 0 | Destroyed: 0 | Avg severity: 9.00 | Top cause: Unknown | Trend: Stable,"The pilot’s improper landing flare, which resulted in a hard landing.","Aircraft - Aircraft oper/perf/capability - Performance/control parameters - Landing flare - Not attained/maintained, Personnel issues - Task performance - Use of equip/info - Aircraft control - Pilot",2026-04-03 04:05:44.842659+00:00,200977|200718
166,CHAMPION 7GCBC,CHAMPION,7GCBC,AIR,REC,1.0,2,2025,2025,1,2.00,0,2,0,0.0,100.0,0.0,0,0,0,0,0.0,0.00,0,2,0.0,CFIT,,Enroute,0.0,0.0,0.0,0.0,0.0,0.0,0.0,0.0,0.0,0.0,9.00,9.00,Stable,0.00,7.15,Low,Incidents: 2 | Fatals: 0 | Destroyed: 0 | Avg severity: 9.00 | Top cause: CFIT | Trend: Stable,A total loss of engine power on approach due to carburetor ice.,"Aircraft - Aircraft power plant - Engine fuel and control - Fuel control/carburetor - Not specified, Environmental issues - Conditions/weather/phenomena - Temp/humidity/pressure - Conducive to carburetor icing - Effect on equipment",2026-04-03 04:05:44.842659+00:00,200961|200074
167,PIPER PA22,PIPER,PA22,AIR,REC,1.0,2,2025,2025,1,2.00,0,2,0,0.0,100.0,0.0,0,0,0,0,0.0,0.00,0,2,0.0,,,,0.0,0.0,0.0,0.0,0.0,50.0,0.0,0.0,0.0,0.0,9.00,9.00,Stable,0.00,7.15,Low,Incidents: 2 | Fatals: 0 | Destroyed: 0 | Avg severity: 9.00 | Top cause: Unknown | Trend: Stable,The pilot’s failure to maintain directional control while landing in a crosswind.,"Personnel issues - Task performance - Use of equip/info - Aircraft control - Pilot, Aircraft - Aircraft oper/perf/capability - Performance/control parameters - Directional control - Not attained/maintained",2026-04-03 04:05:44.842659+00:00,201725|200286
168,CESSNA 170A,CESSNA,170A,AIR,REC,1.0,2,2025,2025,1,2.00,0,2,0,0.0,100.0,0.0,0,0,0,0,0.0,0.00,0,2,0.0,Loss of Control (Ground),Personnel issues Aircraft control - Pilot,Landing,0.0,0.0,0.0,0.0,50.0,50.0,50.0,0.0,0.0,0.0,9.00,9.00,Stable,0.00,7.15,Low,Incidents: 2 | Fatals: 0 | Destroyed: 0 | Avg severity: 9.00 | Top cause: Loss of Control (Ground) | Trend: Stable,The pilot’s failure to maintain directional control during landing in crosswind conditions.,"Environmental issues - Conditions/weather/phenomena - Wind - Crosswind - Effect on operation, Aircraft - Aircraft oper/perf/capability - Performance/control parameters - Crosswind correction - Not attained/maintained, Personnel issues - Task performance - Use of equip/info - Aircraft control - Pilot",2026-04-03 04:05:44.842659+00:00,200921|200008
169,PIPER PA28R,PIPER,PA28R,AIR,REC,1.0,2,2025,2025,1,2.00,0,2,0,0.0,100.0,0.0,0,0,0,0,0.0,0.00,0,2,0.0,,,,0.0,0.0,0.0,0.0,50.0,50.0,0.0,0.0,0.0,0.0,9.00,9.00,Stable,0.00,7.15,Low,Incidents: 2 | Fatals: 0 | Destroyed: 0 | Avg severity: 9.00 | Top cause: Unknown | Trend: Stable,The pilot’s failure to extend the landing gear before landing.,"Aircraft - Aircraft systems - Landing gear system - Gear extension and retract sys - Not used/operated, Personnel issues - Action/decision - Action - Forgotten action/omission - Pilot",2026-04-03 04:05:44.842659+00:00,201777|201033
170,PIPER PA-22-160,PIPER,PA-22-160,AIR,REC,1.0,2,2025,2025,1,2.00,0,2,0,0.0,100.0,0.0,0,0,0,0,0.0,0.00,0,2,0.0,Abnormal Runway Contact,Aircraft Main landing gear attach sec - Fatigue/wear/corrosion,Landing,0.0,0.0,0.0,0.0,50.0,50.0,0.0,0.0,50.0,0.0,9.00,9.00,Stable,0.00,7.15,Low,Incidents: 2 | Fatals: 0 | Destroyed: 0 | Avg severity: 9.00 | Top cause: Abnormal Runway Contact | Trend: Stable,The pilot's failure to maintain directional control during the landing roll with a quartering tailwind.,"Personnel issues - Task performance - Use of equip/info - Aircraft control - Pilot, Aircraft - Aircraft oper/perf/capability - Performance/control parameters - Directional control - Not attained/maintained, Environmental issues - Conditions/weather/phenomena - Wind - Tailwind - Effect on operation",2026-04-03 04:05:44.842659+00:00,200819|200509
171,CESSNA 185,CESSNA,185,AIR,REC,1.0,2,2025,2025,1,2.00,0,2,0,0.0,100.0,0.0,0,0,0,0,0.0,0.00,0,1,0.0,,,,0.0,0.0,0.0,0.0,0.0,50.0,0.0,0.0,0.0,0.0,9.00,9.00,Stable,0.00,7.15,Low,Incidents: 2 | Fatals: 0 | Destroyed: 0 | Avg severity: 9.00 | Top cause: Unknown | Trend: Stable,The pilot’s failure to maintain directional control while landing in shifting wind conditions.,"Aircraft - Aircraft oper/perf/capability - Performance/control parameters - Directional control - Not attained/maintained, Personnel issues - Task performance - Use of equip/info - Aircraft control - Pilot, Environmental issues - Conditions/weather/phenomena - Wind - Sudden wind shift - Effect on operation",2026-04-03 04:05:44.842659+00:00,202188|200011
172,BURKHART GROB FLUGZEUGBAU G102,BURKHART GROB FLUGZEUGBAU,"G102 ASTIR CS, G102 CLUB ASTIR IIIB",GLI,,,2,2025,2025,1,2.00,0,2,0,0.0,100.0,0.0,0,0,0,0,0.0,0.00,0,2,0.0,Loss of Control (Ground),Aircraft Directional control - Not attained/maintained,Takeoff,0.0,0.0,0.0,0.0,0.0,100.0,0.0,0.0,0.0,0.0,9.00,9.00,Stable,0.00,7.15,Low,Incidents: 2 | Fatals: 0 | Destroyed: 0 | Avg severity: 9.00 | Top cause: Loss of Control (Ground) | Trend: Stable,The pilot’s failure to maintain control during landing roll that resulted in an impact with terrain.,Aircraft - Aircraft oper/perf/capability - Performance/control parameters - (general) - Not attained/maintained,2026-04-03 04:05:44.842659+00:00,201840|200850
173,PIPER PA-20,PIPER,PA-20,AIR,REC,1.0,2,2025,2025,1,2.00,0,2,0,0.0,100.0,0.0,0,0,0,0,0.0,0.00,0,1,0.0,Loss of Control (Ground),,Landing,0.0,0.0,0.0,0.0,0.0,0.0,0.0,0.0,0.0,0.0,9.00,9.00,Stable,0.00,7.15,Low,Incidents: 2 | Fatals: 0 | Destroyed: 0 | Avg severity: 9.00 | Top cause: Loss of Control (Ground) | Trend: Stable,The pilot’s aggressive brake application which resulted in a loss of directional control and a ground loop.,"Aircraft - Aircraft oper/perf/capability - Performance/control parameters - Directional control - Not attained/maintained, Personnel issues - Task performance - Use of equip/info - Aircraft control - Pilot",2026-04-03 04:05:44.842659+00:00,200846|200575
174,AMAZON.COM SERVICES LLC MK30,AMAZON.COM SERVICES LLC,MK30,HELI,,,2,2025,2025,1,2.00,0,2,0,0.0,100.0,0.0,0,0,0,0,0.0,0.00,0,2,0.0,,,,0.0,0.0,0.0,0.0,0.0,0.0,0.0,0.0,0.0,0.0,9.00,9.00,Stable,0.00,7.15,Low,Incidents: 2 | Fatals: 0 | Destroyed: 0 | Avg severity: 9.00 | Top cause: Unknown | Trend: Stable,,,2026-04-03 04:05:44.842659+00:00,201774|201773
175,LUSCOMBE 8A,LUSCOMBE,8A,AIR,REC,1.0,2,2025,2025,1,2.00,0,2,0,0.0,100.0,0.0,0,0,0,0,0.0,0.00,0,2,0.0,,,,0.0,50.0,0.0,0.0,0.0,100.0,0.0,0.0,0.0,0.0,9.00,9.00,Stable,0.00,7.15,Low,Incidents: 2 | Fatals: 0 | Destroyed: 0 | Avg severity: 9.00 | Top cause: Unknown | Trend: Stable,The pilot’s inadequate fuel planning and his failure to adequately monitor the fuel level during the flight which resulted in a total loss of engine power due to fuel exhaustion.,"Aircraft - Fluids/misc hardware - Fluids - Fuel - Fluid level, Personnel issues - Task performance - Planning/preparation - Fuel planning - Pilot, Personnel issues - Action/decision - Info processing/decision - Identification/recognition - Pilot, Personnel issues - Psychological - Attention/monitoring - Monitoring equip/instruments - Pilot",2026-04-03 04:05:44.842659+00:00,202004|200477
176,PIPER PA-18-135,PIPER,PA-18-135,AIR,REC,1.0,2,2025,2025,1,2.00,0,2,0,0.0,100.0,0.0,0,0,0,0,0.0,0.00,0,2,0.0,,,,0.0,0.0,0.0,0.0,0.0,50.0,0.0,0.0,0.0,0.0,9.00,9.00,Stable,0.00,7.15,Low,Incidents: 2 | Fatals: 0 | Destroyed: 0 | Avg severity: 9.00 | Top cause: Unknown | Trend: Stable,The pilot’s failure to maintain directional control during landing in gusting and variable wind conditions.,"Environmental issues - Conditions/weather/phenomena - Wind - Variable wind - Effect on operation, Environmental issues - Conditions/weather/phenomena - Wind - Gusts - Effect on operation, Environmental issues - Conditions/weather/phenomena - Wind - Crosswind - Effect on operation, Aircraft - Aircraft oper/perf/capability - Performance/control parameters - Directional control - Not attained/maintained, Personnel issues - Task performance - Use of equip/info - Aircraft control - Pilot",2026-04-03 04:05:44.842659+00:00,200520|200478
177,BEECH C23,BEECH,C23,AIR,REC,1.0,2,2025,2025,1,2.00,0,2,0,0.0,100.0,0.0,0,0,0,0,0.0,0.00,0,2,0.0,,,,0.0,0.0,0.0,0.0,50.0,100.0,0.0,0.0,0.0,0.0,9.00,9.00,Stable,0.00,7.15,Low,Incidents: 2 | Fatals: 0 | Destroyed: 0 | Avg severity: 9.00 | Top cause: Unknown | Trend: Stable,The pilot’s failure to maintain control of the airplane during a go around which resulted in an aerodynamic stall. Contributing to the accident was the loss of directional control during the landing roll.,"Aircraft - Aircraft oper/perf/capability - Performance/control parameters - Airspeed - Not attained/maintained, Aircraft - Aircraft oper/perf/capability - Performance/control parameters - Angle of attack - Capability exceeded, Personnel issues - Task performance - Use of equip/info - Aircraft control - Pilot, Aircraft - Aircraft oper/perf/capability - Performance/control parameters - Directional control - Not attained/maintained",2026-04-03 04:05:44.842659+00:00,201870|201006
178,CESSNA 208B,CESSNA,208B,AIR,TP,1.0,2,2025,2025,1,2.00,0,2,0,0.0,100.0,0.0,0,0,0,0,0.0,0.00,0,1,0.0,Abnormal Runway Contact,Aircraft Airspeed - Not attained/maintained,Landing,0.0,0.0,0.0,0.0,50.0,0.0,50.0,0.0,0.0,0.0,9.00,9.00,Stable,0.00,7.15,Low,Incidents: 2 | Fatals: 0 | Destroyed: 0 | Avg severity: 9.00 | Top cause: Abnormal Runway Contact | Trend: Stable,"The pilot’s decision to continue an unstabilized approach, which resulted in a landing touchdown with insufficient runway remaining and a subsequent runway overrun and a collision with a fence.","Aircraft - Aircraft oper/perf/capability - Aircraft capability - Landing distance - Capability exceeded, Aircraft - Aircraft oper/perf/capability - Aircraft capability - Braking capability - Capability exceeded, Personnel issues - Action/decision - Info processing/decision - Decision making/judgment - Pilot, Personnel issues - Psychological - Perception/orientation/illusion - Situational awareness - Pilot, Personnel issues - Action/decision - Action - Delayed action - Pilot, Aircraft - Aircraft oper/perf/capability - Performance/control parameters - Airspeed - Not attained/maintained, Personnel issues - Task performance - Use of equip/info - Aircraft control - Pilot, Aircraft - Aircraft oper/perf/capability - Performance/control parameters - Descent/approach/glide path - Not attained/maintained, Personnel issues - Action/decision - Action - Incorrect action selection - Pilot",2026-04-03 04:05:44.842659+00:00,201705|200685
179,PIPER PA-24-250,PIPER,PA-24-250,AIR,REC,1.0,3,2025,2026,2,1.50,0,3,0,0.0,100.0,0.0,0,0,1,0,0.0,0.00,0,2,0.0,System/Component Failure (Powerplant),,Enroute,0.0,0.0,0.0,0.0,33.3,33.3,0.0,0.0,0.0,0.0,11.67,11.67,Stable,0.00,7.08,Low,Incidents: 3 | Fatals: 0 | Destroyed: 0 | Avg severity: 11.67 | Top cause: System/Component Failure (Powerplant) | Trend: Stable,The pilot’s failure to ensure that the landing gear was properly extended before landing. Contributing to the accident was the pilot’s unfamiliarity with the landing gear warning horn and failure to verify the gear was extended with the cockpit position indicators.,"Personnel issues - Task performance - Use of equip/info - Use of equip/system - Pilot, Personnel issues - Psychological - Attention/monitoring - Monitoring equip/instruments - Pilot, Aircraft - Aircraft systems - Landing gear system - Gear extension and retract sys - Not used/operated",2026-04-03 04:05:44.842659+00:00,202694|201892|200924
180,AIR TRACTOR INC AT-502B,AIR TRACTOR INC,AT-502B,AIR,TP,1.0,3,2025,2026,2,1.50,0,3,0,0.0,100.0,0.0,0,0,0,1,0.0,0.00,0,3,0.0,Loss of Control (Inflight),Environmental issues Variable wind - Contributed to outcome,Landing,0.0,0.0,33.3,0.0,33.3,33.3,0.0,0.0,0.0,0.0,10.33,10.33,Stable,0.00,6.62,Low,Incidents: 3 | Fatals: 0 | Destroyed: 0 | Avg severity: 10.33 | Top cause: Loss of Control (Inflight) | Trend: Stable,"The pilot’s loss of control during the spray pass, which resulted in impact with vegetation and terrain.",Personnel issues - Task performance - Use of equip/info - Aircraft control - Pilot,2026-04-03 04:05:44.842659+00:00,202571|200748|200378
181,CESSNA 195,CESSNA,195,AIR,REC,1.0,3,2025,2026,2,1.50,0,3,0,0.0,100.0,0.0,0,0,0,2,0.0,0.00,0,2,0.0,Abnormal Runway Contact,,Landing,0.0,0.0,0.0,0.0,0.0,33.3,0.0,0.0,0.0,0.0,10.33,10.33,Stable,0.00,6.62,Low,Incidents: 3 | Fatals: 0 | Destroyed: 0 | Avg severity: 10.33 | Top cause: Abnormal Runway Contact | Trend: Stable,The pilot’s failure to maintain airplane control during an attempted go-around.,"Aircraft - Aircraft oper/perf/capability - Performance/control parameters - Directional control - Not attained/maintained, Personnel issues - Task performance - Use of equip/info - Aircraft control - Pilot",2026-04-03 04:05:44.842659+00:00,202685|202080|200767
182,CESSNA 150G,CESSNA,150G,AIR,REC,1.0,3,2025,2026,2,1.50,0,2,0,0.0,66.7,0.0,0,0,1,0,0.0,0.00,0,3,0.0,,,,0.0,33.3,0.0,0.0,0.0,66.7,0.0,0.0,0.0,0.0,8.67,8.67,Stable,0.00,6.03,Low,Incidents: 3 | Fatals: 0 | Destroyed: 0 | Avg severity: 8.67 | Top cause: Unknown | Trend: Stable,"The student pilot’s improper recovery from a bounced landing, which resulted in a nose over.","Personnel issues - Task performance - Use of equip/info - Aircraft control - Student/instructed pilot, Aircraft - Aircraft oper/perf/capability - Performance/control parameters - Pitch control - Not attained/maintained, Environmental issues - Physical environment - Terrain - Rough terrain - Contributed to outcome",2026-04-03 04:05:44.842659+00:00,202732|201066|200339
183,BOEING 737-8,BOEING,737-8,AIR,,,3,2025,2026,2,1.50,0,1,0,0.0,33.3,0.0,0,0,1,0,0.0,0.00,0,1,0.0,,,,0.0,0.0,0.0,0.0,0.0,0.0,0.0,0.0,0.0,0.0,7.67,7.67,Stable,0.00,5.68,Low,Incidents: 3 | Fatals: 0 | Destroyed: 0 | Avg severity: 7.67 | Top cause: Unknown | Trend: Stable,,,2026-04-03 04:05:44.842659+00:00,202695|200663|201051
184,ROCKWELL INTERNATIONAL 114,ROCKWELL INTERNATIONAL,114,AIR,REC,1.0,2,2025,2026,2,1.00,0,1,0,0.0,50.0,0.0,0,0,1,2,0.0,0.00,0,2,0.0,Fuel,Environmental issues Rough terrain - Contributed to outcome,Enroute,0.0,50.0,0.0,0.0,50.0,50.0,0.0,0.0,50.0,0.0,10.50,10.50,Stable,0.00,5.68,Low,Incidents: 2 | Fatals: 0 | Destroyed: 0 | Avg severity: 10.50 | Top cause: Fuel | Trend: Stable,"The pilot’s inadequate fuel planning, which resulted in a total loss of power due to fuel exhaustion.","Personnel issues - Task performance - Planning/preparation - Fuel planning - Pilot, Aircraft - Fluids/misc hardware - Fluids - Fuel - Fluid level, Environmental issues - Physical environment - Terrain - Rough terrain - Contributed to outcome",2026-04-03 04:05:44.842659+00:00,202634|202241
185,ICON AIRCRAFT INC A5,ICON AIRCRAFT INC,A5,AIR,,,2,2025,2025,1,2.00,0,1,0,0.0,50.0,0.0,0,0,0,0,0.0,0.00,0,2,0.0,Abnormal Runway Contact,,Landing,0.0,0.0,0.0,0.0,0.0,0.0,0.0,0.0,0.0,0.0,4.50,4.50,Stable,0.00,5.58,Low,Incidents: 2 | Fatals: 0 | Destroyed: 0 | Avg severity: 4.50 | Top cause: Abnormal Runway Contact | Trend: Stable,,,2026-04-03 04:05:44.842659+00:00,202233|202660
186,CESSNA 180H,CESSNA,180H,AIR,REC,1.0,2,2025,2025,1,2.00,0,1,0,0.0,50.0,0.0,0,0,0,0,0.0,0.00,0,1,0.0,,,,0.0,0.0,0.0,0.0,0.0,50.0,0.0,0.0,0.0,0.0,4.50,4.50,Stable,0.00,5.58,Low,Incidents: 2 | Fatals: 0 | Destroyed: 0 | Avg severity: 4.50 | Top cause: Unknown | Trend: Stable,The flight instructor’s failure to maintain directional control during landing in the tailwheel equipped airplane.,"Aircraft - Aircraft oper/perf/capability - Performance/control parameters - Directional control - Not attained/maintained, Personnel issues - Task performance - Use of equip/info - Aircraft control - Instructor/check pilot",2026-04-03 04:05:44.842659+00:00,200997|200608
187,CESSNA 180K,CESSNA,180K,AIR,REC,1.0,2,2025,2026,2,1.00,0,2,0,0.0,100.0,0.0,0,0,0,0,0.0,0.00,0,1,0.0,,,,0.0,0.0,0.0,50.0,0.0,0.0,0.0,0.0,0.0,0.0,9.00,9.00,Stable,0.00,5.15,Low,Incidents: 2 | Fatals: 0 | Destroyed: 0 | Avg severity: 9.00 | Top cause: Unknown | Trend: Stable,The pilot’s decision to continue an approach that resulted in a long landing and inability to stop prior to the end of the runway. Contributing to the accident were the light conditions and a road with vehicles on it immediately adjacent to the end of the runway.,"Personnel issues - Action/decision - Action - Incorrect action selection - Pilot, Environmental issues - Conditions/weather/phenomena - Ceiling/visibility/precip - (general) - Response/compensation, Environmental issues - Conditions/weather/phenomena - Light condition - Bright light - Effect on personnel, Aircraft - Aircraft oper/perf/capability - Performance/control parameters - Airspeed - Not attained/maintained",2026-04-03 04:05:44.842659+00:00,202720|201971
188,CESSNA 172P,CESSNA,172P,AIR,,,3,2025,2026,2,1.50,0,2,0,0.0,66.7,0.0,0,0,0,0,0.0,0.00,0,1,0.0,System/Component Failure (Powerplant),,Initial Climb,0.0,0.0,0.0,0.0,0.0,0.0,0.0,0.0,0.0,0.0,6.00,6.00,Stable,0.00,5.10,Low,Incidents: 3 | Fatals: 0 | Destroyed: 0 | Avg severity: 6.00 | Top cause: System/Component Failure (Powerplant) | Trend: Stable,,,2026-04-03 04:05:44.842659+00:00,202679|202196|200691
189,PIPER PA-24-180,PIPER,PA-24-180,AIR,,,3,2025,2026,2,1.50,0,1,0,0.0,33.3,0.0,0,0,0,3,0.0,0.00,0,2,0.0,,,,0.0,0.0,0.0,0.0,0.0,0.0,0.0,0.0,0.0,0.0,5.67,5.67,Stable,0.00,4.98,Low,Incidents: 3 | Fatals: 0 | Destroyed: 0 | Avg severity: 5.67 | Top cause: Unknown | Trend: Stable,,,2026-04-03 04:05:44.842659+00:00,202643|202063|201003
190,BELL TEXTRON CANADA LTD 505,BELL TEXTRON CANADA LTD,505,HELI,,,2,2025,2026,2,1.00,0,1,0,0.0,50.0,0.0,0,0,1,1,0.0,0.00,0,1,0.0,Other,,Unknown,0.0,0.0,0.0,0.0,0.0,0.0,0.0,0.0,0.0,0.0,8.50,8.50,Stable,0.00,4.98,Low,Incidents: 2 | Fatals: 0 | Destroyed: 0 | Avg severity: 8.50 | Top cause: Other | Trend: Stable,,,2026-04-03 04:05:44.842659+00:00,202617|202167
191,BOEING A75N1(PT17),BOEING,A75N1(PT17),AIR,REC,1.0,2,2025,2026,2,1.00,0,1,0,0.0,50.0,0.0,0,0,0,0,0.0,0.00,0,1,0.0,,,,0.0,0.0,0.0,0.0,0.0,50.0,0.0,0.0,0.0,0.0,4.50,4.50,Stable,0.00,3.58,Low,Incidents: 2 | Fatals: 0 | Destroyed: 0 | Avg severity: 4.50 | Top cause: Unknown | Trend: Stable,The pilot’s failure to maintain control of the airplane on landing.,"Personnel issues - Task performance - Use of equip/info - Aircraft control - Pilot, Aircraft - Aircraft oper/perf/capability - Performance/control parameters - Directional control - Not attained/maintained",2026-04-03 04:05:44.842659+00:00,202691|200392
192,PIPER PA-18,PIPER,PA-18,AIR,REC,1.0,2,2025,2026,2,1.00,0,1,0,0.0,50.0,0.0,0,0,0,0,0.0,0.00,0,1,0.0,,,,0.0,0.0,0.0,0.0,0.0,50.0,50.0,0.0,0.0,0.0,4.50,4.50,Stable,0.00,3.58,Low,Incidents: 2 | Fatals: 0 | Destroyed: 0 | Avg severity: 4.50 | Top cause: Unknown | Trend: Stable,"The pilot receiving instruction’s failure to maintain directional control during landing and the flight instructor’s delayed remedial action, which resulted in a runway excursion.","Personnel issues - Task performance - Use of equip/info - Aircraft control - Student/instructed pilot, Personnel issues - Action/decision - Action - Incorrect action performance - Student/instructed pilot, Personnel issues - Action/decision - Action - Delayed action - Instructor/check pilot",2026-04-03 04:05:44.842659+00:00,202594|201897
