finding_key,mkey,vehicle_num,finding_num,finding_code,finding_text,finding_report_text,in_probable_cause,silver_loaded_at
1,200820,1,1,0206304044,Personnel issues - Task performance - Use of equip/info - Aircraft control - Pilot,Personnel issues Aircraft control - Pilot,True,2026-04-03 04:05:44.570293+00:00
2,200820,1,2,0106203520,Aircraft - Aircraft oper/perf/capability - Performance/control parameters - Climb rate - Not attained/maintained,Aircraft Climb rate - Not attained/maintained,True,2026-04-03 04:05:44.570293+00:00
3,200820,1,3,0302202091,Environmental issues - Physical environment - Object/animal/substance - Tree(s) - Contributed to outcome,Environmental issues Tree(s) - Contributed to outcome,False,2026-04-03 04:05:44.570293+00:00
4,200820,1,4,0302101591,Environmental issues - Physical environment - Terrain - Rough terrain - Contributed to outcome,Environmental issues Rough terrain - Contributed to outcome,False,2026-04-03 04:05:44.570293+00:00
5,202216,1,1,0206304044,Personnel issues - Task performance - Use of equip/info - Aircraft control - Pilot,Personnel issues Aircraft control - Pilot,True,2026-04-03 04:05:44.570293+00:00
6,202216,1,2,0106202020,Aircraft - Aircraft oper/perf/capability - Performance/control parameters - Directional control - Not attained/maintained,Aircraft Directional control - Not attained/maintained,True,2026-04-03 04:05:44.570293+00:00
7,202216,1,3,0302300082,Environmental issues - Physical environment - Runway/land/takeoff/taxi surface - (general) - Effect on operation,Environmental issues (general) - Effect on operation,True,2026-04-03 04:05:44.570293+00:00
8,202220,1,3,0106202220,Aircraft - Aircraft oper/perf/capability - Performance/control parameters - Pitch control - Not attained/maintained,Aircraft Pitch control - Not attained/maintained,True,2026-04-03 04:05:44.570293+00:00
9,202220,1,4,0204151544,Personnel issues - Action/decision - Info processing/decision - Understanding/comprehension - Pilot,Personnel issues Understanding/comprehension - Pilot,True,2026-04-03 04:05:44.570293+00:00
10,202220,1,5,0202301544,Personnel issues - Psychological - Cognitive limitation - Cognitive overload - Pilot,Personnel issues Cognitive overload - Pilot,True,2026-04-03 04:05:44.570293+00:00
11,202261,1,1,0206303244,Personnel issues - Task performance - Use of equip/info - Use of policy/procedure - Pilot,Personnel issues Use of policy/procedure - Pilot,True,2026-04-03 04:05:44.570293+00:00
12,202261,1,2,0104621011,Aircraft - Aircraft propeller/rotor - Main rotor system - Main rotor blade system - Incorrect use/operation,Aircraft Main rotor blade system - Incorrect use/operation,False,2026-04-03 04:05:44.570293+00:00
13,202194,1,1,0206304044,Personnel issues - Task performance - Use of equip/info - Aircraft control - Pilot,Personnel issues Aircraft control - Pilot,True,2026-04-03 04:05:44.570293+00:00
14,202194,1,2,0106202020,Aircraft - Aircraft oper/perf/capability - Performance/control parameters - Directional control - Not attained/maintained,Aircraft Directional control - Not attained/maintained,True,2026-04-03 04:05:44.570293+00:00
15,202194,1,3,0303404082,Environmental issues - Conditions/weather/phenomena - Wind - Crosswind - Effect on operation,Environmental issues Crosswind - Effect on operation,True,2026-04-03 04:05:44.570293+00:00
16,202218,1,1,0107141016,Aircraft - Fluids/misc hardware - Misc hardware - Hoses and tubes - Not inspected,Aircraft Hoses and tubes - Not inspected,True,2026-04-03 04:05:44.570293+00:00
17,202219,1,1,0204101044,Personnel issues - Action/decision - Action - Incorrect action selection - Pilot,Personnel issues Incorrect action selection - Pilot,True,2026-04-03 04:05:44.570293+00:00
18,202219,1,2,0202154544,Personnel issues - Psychological - Attention/monitoring - Monitoring environment - Pilot,Personnel issues Monitoring environment - Pilot,True,2026-04-03 04:05:44.570293+00:00
19,202219,1,3,0302203281,Environmental issues - Physical environment - Object/animal/substance - Wire - Effect on equipment,Environmental issues Wire - Effect on equipment,True,2026-04-03 04:05:44.570293+00:00
20,202158,1,1,0204103544,Personnel issues - Action/decision - Action - Forgotten action/omission - Pilot,Personnel issues Forgotten action/omission - Pilot,True,2026-04-03 04:05:44.570293+00:00
21,202158,1,3,0102323010,Aircraft - Aircraft systems - Landing gear system - Gear extension and retract sys - Not used/operated,Aircraft Gear extension and retract sys - Not used/operated,True,2026-04-03 04:05:44.570293+00:00
22,202158,1,4,0206301544,Personnel issues - Task performance - Use of equip/info - Use of equip/system - Pilot,Personnel issues Use of equip/system - Pilot,True,2026-04-03 04:05:44.570293+00:00
23,202193,1,1,0106200020,Aircraft - Aircraft oper/perf/capability - Performance/control parameters - (general) - Not attained/maintained,Aircraft (general) - Not attained/maintained,True,2026-04-03 04:05:44.570293+00:00
24,202172,1,1,0206304044,Personnel issues - Task performance - Use of equip/info - Aircraft control - Pilot,Personnel issues Aircraft control - Pilot,True,2026-04-03 04:05:44.570293+00:00
25,202172,1,2,0106202211,Aircraft - Aircraft oper/perf/capability - Performance/control parameters - Pitch control - Incorrect use/operation,Aircraft Pitch control - Incorrect use/operation,True,2026-04-03 04:05:44.570293+00:00
26,202172,1,3,0204102542,Personnel issues - Action/decision - Action - Delayed action - Other,Personnel issues Delayed action - Other,True,2026-04-03 04:05:44.570293+00:00
27,202177,1,1,0500000000,Not determined - Not determined - (general) - (general) - Unknown/Not determined,Not determined (general) - Unknown/Not determined,True,2026-04-03 04:05:44.570293+00:00
28,202177,1,2,0104641005,Aircraft - Aircraft propeller/rotor - Tail rotor - Tail rotor blade - Damaged/degraded,Aircraft Tail rotor blade - Damaged/degraded,True,2026-04-03 04:05:44.570293+00:00
29,202162,1,1,0202154044,Personnel issues - Psychological - Attention/monitoring - Monitoring other aircraft - Pilot,Personnel issues Monitoring other aircraft - Pilot,True,2026-04-03 04:05:44.570293+00:00
30,202162,1,4,0304102091,Environmental issues - Task environment - Physical workspace - Visibility - Contributed to outcome,Environmental issues Visibility - Contributed to outcome,True,2026-04-03 04:05:44.570293+00:00
31,202162,2,1,0202154045,Personnel issues - Psychological - Attention/monitoring - Monitoring other aircraft - Pilot of other aircraft,Personnel issues Monitoring other aircraft - Pilot of other aircraft,True,2026-04-03 04:05:44.570293+00:00
32,202241,1,1,0206103044,Personnel issues - Task performance - Planning/preparation - Fuel planning - Pilot,Personnel issues Fuel planning - Pilot,True,2026-04-03 04:05:44.570293+00:00
33,202241,1,2,0107101024,Aircraft - Fluids/misc hardware - Fluids - Fuel - Fluid level,Aircraft Fuel - Fluid level,True,2026-04-03 04:05:44.570293+00:00
34,202241,1,3,0302101591,Environmental issues - Physical environment - Terrain - Rough terrain - Contributed to outcome,Environmental issues Rough terrain - Contributed to outcome,True,2026-04-03 04:05:44.570293+00:00
35,202342,1,1,0102321001,Aircraft - Aircraft systems - Landing gear system - Main landing gear - Failure,Aircraft Main landing gear - Failure,True,2026-04-03 04:05:44.570293+00:00
36,202138,1,1,0302204586,Environmental issues - Physical environment - Object/animal/substance - Animal(s)/bird(s) - Ability to respond/compensate,Environmental issues Animal(s)/bird(s) - Ability to respond/compensate,True,2026-04-03 04:05:44.570293+00:00
37,202143,1,2,0106202020,Aircraft - Aircraft oper/perf/capability - Performance/control parameters - Directional control - Not attained/maintained,Aircraft Directional control - Not attained/maintained,True,2026-04-03 04:05:44.570293+00:00
38,202143,1,3,0206301544,Personnel issues - Task performance - Use of equip/info - Use of equip/system - Pilot,Personnel issues Use of equip/system - Pilot,True,2026-04-03 04:05:44.570293+00:00
39,202143,1,4,0203103544,Personnel issues - Experience/knowledge - Experience/qualifications - Recent experience - Pilot,Personnel issues Recent experience - Pilot,True,2026-04-03 04:05:44.570293+00:00
40,202144,1,1,0105732213,Aircraft - Aircraft power plant - Engine fuel and control - Fuel control/carburetor - Incorrect service/maintenance,Aircraft Fuel control/carburetor - Incorrect service/maintenance,True,2026-04-03 04:05:44.570293+00:00
41,202144,1,2,0206203049,Personnel issues - Task performance - Maintenance - Modification/alteration - Owner/builder,Personnel issues Modification/alteration - Owner/builder,False,2026-04-03 04:05:44.570293+00:00
42,202144,1,3,0206000044,Personnel issues - Task performance - (general) - (general) - Pilot,Personnel issues (general) - Pilot,True,2026-04-03 04:05:44.570293+00:00
43,202144,1,4,0105730001,Aircraft - Aircraft power plant - Engine fuel and control - (general) - Failure,Aircraft (general) - Failure,True,2026-04-03 04:05:44.570293+00:00
44,202127,1,1,0202154544,Personnel issues - Psychological - Attention/monitoring - Monitoring environment - Pilot,Personnel issues Monitoring environment - Pilot,False,2026-04-03 04:05:44.570293+00:00
45,202127,1,2,0206304044,Personnel issues - Task performance - Use of equip/info - Aircraft control - Pilot,Personnel issues Aircraft control - Pilot,True,2026-04-03 04:05:44.570293+00:00
46,202127,1,3,0106204120,Aircraft - Aircraft oper/perf/capability - Performance/control parameters - Landing flare - Not attained/maintained,Aircraft Landing flare - Not attained/maintained,True,2026-04-03 04:05:44.570293+00:00
47,202127,1,4,0202250044,Personnel issues - Psychological - Mental/emotional state - (general) - Pilot,Personnel issues (general) - Pilot,False,2026-04-03 04:05:44.570293+00:00
48,202127,1,5,0303401587,Environmental issues - Conditions/weather/phenomena - Wind - Tailwind - Awareness of condition,Environmental issues Tailwind - Awareness of condition,False,2026-04-03 04:05:44.570293+00:00
49,200914,1,1,0302204586,Environmental issues - Physical environment - Object/animal/substance - Animal(s)/bird(s) - Ability to respond/compensate,Environmental issues Animal(s)/bird(s) - Ability to respond/compensate,True,2026-04-03 04:05:44.570293+00:00
50,200914,1,3,0302204581,Environmental issues - Physical environment - Object/animal/substance - Animal(s)/bird(s) - Effect on equipment,Environmental issues Animal(s)/bird(s) - Effect on equipment,True,2026-04-03 04:05:44.570293+00:00
51,200914,1,4,0302204591,Environmental issues - Physical environment - Object/animal/substance - Animal(s)/bird(s) - Contributed to outcome,Environmental issues Animal(s)/bird(s) - Contributed to outcome,True,2026-04-03 04:05:44.570293+00:00
52,200908,1,1,0206304044,Personnel issues - Task performance - Use of equip/info - Aircraft control - Pilot,Personnel issues Aircraft control - Pilot,True,2026-04-03 04:05:44.570293+00:00
53,200908,1,5,0106202020,Aircraft - Aircraft oper/perf/capability - Performance/control parameters - Directional control - Not attained/maintained,Aircraft Directional control - Not attained/maintained,True,2026-04-03 04:05:44.570293+00:00
54,200905,1,1,0102253015,Aircraft - Aircraft systems - Equipment/furnishings - Buffet/galleys - Inadequate inspection,Aircraft Buffet/galleys - Inadequate inspection,True,2026-04-03 04:05:44.570293+00:00
55,200905,1,2,0304102591,Environmental issues - Task environment - Physical workspace - Air quality/dust/smoke - Contributed to outcome,Environmental issues Air quality/dust/smoke - Contributed to outcome,True,2026-04-03 04:05:44.570293+00:00
56,200905,1,3,0201201043,Personnel issues - Physical - Impairment/incapacitation - Illness/injury - Passenger,Personnel issues Illness/injury - Passenger,False,2026-04-03 04:05:44.570293+00:00
57,200922,1,3,0106203520,Aircraft - Aircraft oper/perf/capability - Performance/control parameters - Climb rate - Not attained/maintained,Aircraft Climb rate - Not attained/maintained,True,2026-04-03 04:05:44.570293+00:00
58,200922,1,4,0303102082,Environmental issues - Conditions/weather/phenomena - Temp/humidity/pressure - High density altitude - Effect on operation,Environmental issues High density altitude - Effect on operation,True,2026-04-03 04:05:44.570293+00:00
59,200928,1,1,0206103044,Personnel issues - Task performance - Planning/preparation - Fuel planning - Pilot,Personnel issues Fuel planning - Pilot,True,2026-04-03 04:05:44.570293+00:00
60,200928,1,2,0107101024,Aircraft - Fluids/misc hardware - Fluids - Fuel - Fluid level,Aircraft Fuel - Fluid level,True,2026-04-03 04:05:44.570293+00:00
61,200928,1,3,0302201091,Environmental issues - Physical environment - Object/animal/substance - Pole - Contributed to outcome,Environmental issues Pole - Contributed to outcome,True,2026-04-03 04:05:44.570293+00:00
62,200916,1,1,0303602084,Environmental issues - Conditions/weather/phenomena - Light condition - Dark - Decision related to condition,Environmental issues Dark - Decision related to condition,True,2026-04-03 04:05:44.570293+00:00
63,200916,1,2,0301701584,Environmental issues - Operating environment - Airport facilities/design - Runway lighting - Decision related to condition,Environmental issues Runway lighting - Decision related to condition,True,2026-04-03 04:05:44.570293+00:00
64,200916,1,3,0204152044,Personnel issues - Action/decision - Info processing/decision - Decision making/judgment - Pilot,Personnel issues Decision making/judgment - Pilot,True,2026-04-03 04:05:44.570293+00:00
65,200916,1,4,0106204020,Aircraft - Aircraft oper/perf/capability - Performance/control parameters - Descent/approach/glide path - Not attained/maintained,Aircraft Descent/approach/glide path - Not attained/maintained,True,2026-04-03 04:05:44.570293+00:00
66,200904,1,1,0107101023,Aircraft - Fluids/misc hardware - Fluids - Fuel - Fluid condition,Aircraft Fuel - Fluid condition,True,2026-04-03 04:05:44.570293+00:00
67,200904,1,2,0107101015,Aircraft - Fluids/misc hardware - Fluids - Fuel - Inadequate inspection,Aircraft Fuel - Inadequate inspection,True,2026-04-03 04:05:44.570293+00:00
68,200904,1,3,0206152041,Personnel issues - Task performance - Inspection - Scheduled/routine inspection - Maintenance personnel,Personnel issues Scheduled/routine inspection - Maintenance personnel,True,2026-04-03 04:05:44.570293+00:00
69,200903,1,1,0500000000,Not determined - Not determined - (general) - (general) - Unknown/Not determined,Not determined (general) - Unknown/Not determined,True,2026-04-03 04:05:44.570293+00:00
70,200897,1,1,0303602082,Environmental issues - Conditions/weather/phenomena - Light condition - Dark - Effect on operation,Environmental issues Dark - Effect on operation,True,2026-04-03 04:05:44.570293+00:00
71,200897,1,2,0206304044,Personnel issues - Task performance - Use of equip/info - Aircraft control - Pilot,Personnel issues Aircraft control - Pilot,True,2026-04-03 04:05:44.570293+00:00
72,200897,1,3,0106204120,Aircraft - Aircraft oper/perf/capability - Performance/control parameters - Landing flare - Not attained/maintained,Aircraft Landing flare - Not attained/maintained,True,2026-04-03 04:05:44.570293+00:00
73,200900,1,1,0106103008,Aircraft - Aircraft oper/perf/capability - Aircraft capability - Landing distance - Capability exceeded,Aircraft Landing distance - Capability exceeded,True,2026-04-03 04:05:44.570293+00:00
74,200900,1,2,0102324208,Aircraft - Aircraft systems - Landing gear system - Brake - Capability exceeded,Aircraft Brake - Capability exceeded,True,2026-04-03 04:05:44.570293+00:00
75,200900,1,3,0302301082,Environmental issues - Physical environment - Runway/land/takeoff/taxi surface - Wet surface - Effect on operation,Environmental issues Wet surface - Effect on operation,True,2026-04-03 04:05:44.570293+00:00
76,200900,1,4,0204152044,Personnel issues - Action/decision - Info processing/decision - Decision making/judgment - Pilot,Personnel issues Decision making/judgment - Pilot,True,2026-04-03 04:05:44.570293+00:00
77,200900,1,5,0204101044,Personnel issues - Action/decision - Action - Incorrect action selection - Pilot,Personnel issues Incorrect action selection - Pilot,True,2026-04-03 04:05:44.570293+00:00
78,200921,1,3,0303404082,Environmental issues - Conditions/weather/phenomena - Wind - Crosswind - Effect on operation,Environmental issues Crosswind - Effect on operation,True,2026-04-03 04:05:44.570293+00:00
79,200921,1,4,0106203020,Aircraft - Aircraft oper/perf/capability - Performance/control parameters - Crosswind correction - Not attained/maintained,Aircraft Crosswind correction - Not attained/maintained,True,2026-04-03 04:05:44.570293+00:00
80,200921,1,5,0206304044,Personnel issues - Task performance - Use of equip/info - Aircraft control - Pilot,Personnel issues Aircraft control - Pilot,True,2026-04-03 04:05:44.570293+00:00
81,200687,1,1,0204152044,Personnel issues - Action/decision - Info processing/decision - Decision making/judgment - Pilot,Personnel issues Decision making/judgment - Pilot,True,2026-04-03 04:05:44.570293+00:00
82,200687,1,2,0202151044,Personnel issues - Psychological - Attention/monitoring - Attention - Pilot,Personnel issues Attention - Pilot,True,2026-04-03 04:05:44.570293+00:00
83,200687,1,3,0202203544,Personnel issues - Psychological - Perception/orientation/illusion - Situational awareness - Pilot,Personnel issues Situational awareness - Pilot,True,2026-04-03 04:05:44.570293+00:00
84,200687,1,4,0204151044,Personnel issues - Action/decision - Info processing/decision - Identification/recognition - Pilot,Personnel issues Identification/recognition - Pilot,False,2026-04-03 04:05:44.570293+00:00
85,200687,1,5,0202101044,Personnel issues - Psychological - Personality/attitude - Self confidence - Pilot,Personnel issues Self confidence - Pilot,False,2026-04-03 04:05:44.570293+00:00
86,200687,1,7,0206304044,Personnel issues - Task performance - Use of equip/info - Aircraft control - Pilot,Personnel issues Aircraft control - Pilot,True,2026-04-03 04:05:44.570293+00:00
87,200687,1,8,0106100008,Aircraft - Aircraft oper/perf/capability - Aircraft capability - (general) - Capability exceeded,Aircraft (general) - Capability exceeded,False,2026-04-03 04:05:44.570293+00:00
88,200687,1,9,0106201220,Aircraft - Aircraft oper/perf/capability - Performance/control parameters - Altitude - Not attained/maintained,Aircraft Altitude - Not attained/maintained,True,2026-04-03 04:05:44.570293+00:00
89,200687,1,10,0302101581,Environmental issues - Physical environment - Terrain - Rough terrain - Effect on equipment,Environmental issues Rough terrain - Effect on equipment,False,2026-04-03 04:05:44.570293+00:00
90,201009,1,1,0206304040,Personnel issues - Task performance - Use of equip/info - Aircraft control - Instructor/check pilot,Personnel issues Aircraft control - Instructor/check pilot,True,2026-04-03 04:05:44.570293+00:00
91,201009,1,2,0106203720,Aircraft - Aircraft oper/perf/capability - Performance/control parameters - Descent rate - Not attained/maintained,Aircraft Descent rate - Not attained/maintained,True,2026-04-03 04:05:44.570293+00:00
92,201009,1,3,0202152040,Personnel issues - Psychological - Attention/monitoring - Task monitoring/vigilance - Instructor/check pilot,Personnel issues Task monitoring/vigilance - Instructor/check pilot,True,2026-04-03 04:05:44.570293+00:00
93,201009,1,4,0204101540,Personnel issues - Action/decision - Action - Incorrect action performance - Instructor/check pilot,Personnel issues Incorrect action performance - Instructor/check pilot,True,2026-04-03 04:05:44.570293+00:00
94,201009,1,6,0106201020,Aircraft - Aircraft oper/perf/capability - Performance/control parameters - Airspeed - Not attained/maintained,Aircraft Airspeed - Not attained/maintained,True,2026-04-03 04:05:44.570293+00:00
95,201009,1,7,0204151040,Personnel issues - Action/decision - Info processing/decision - Identification/recognition - Instructor/check pilot,Personnel issues Identification/recognition - Instructor/check pilot,True,2026-04-03 04:05:44.570293+00:00
96,200917,1,1,0107101025,Aircraft - Fluids/misc hardware - Fluids - Fuel - Fluid management,Aircraft Fuel - Fluid management,True,2026-04-03 04:05:44.570293+00:00
97,200917,1,2,0204103044,Personnel issues - Action/decision - Action - Lack of action - Pilot,Personnel issues Lack of action - Pilot,True,2026-04-03 04:05:44.570293+00:00
98,200917,1,4,0206301544,Personnel issues - Task performance - Use of equip/info - Use of equip/system - Pilot,Personnel issues Use of equip/system - Pilot,True,2026-04-03 04:05:44.570293+00:00
99,200912,1,1,0204152544,Personnel issues - Action/decision - Info processing/decision - Expectation/assumption - Pilot,Personnel issues Expectation/assumption - Pilot,True,2026-04-03 04:05:44.570293+00:00
100,200912,1,3,0303401587,Environmental issues - Conditions/weather/phenomena - Wind - Tailwind - Awareness of condition,Environmental issues Tailwind - Awareness of condition,True,2026-04-03 04:05:44.570293+00:00
101,200912,1,4,0106204020,Aircraft - Aircraft oper/perf/capability - Performance/control parameters - Descent/approach/glide path - Not attained/maintained,Aircraft Descent/approach/glide path - Not attained/maintained,True,2026-04-03 04:05:44.570293+00:00
102,200912,1,5,0206304044,Personnel issues - Task performance - Use of equip/info - Aircraft control - Pilot,Personnel issues Aircraft control - Pilot,True,2026-04-03 04:05:44.570293+00:00
103,200887,1,1,0107101025,Aircraft - Fluids/misc hardware - Fluids - Fuel - Fluid management,Aircraft Fuel - Fluid management,True,2026-04-03 04:05:44.570293+00:00
104,200887,1,2,0206301544,Personnel issues - Task performance - Use of equip/info - Use of equip/system - Pilot,Personnel issues Use of equip/system - Pilot,True,2026-04-03 04:05:44.570293+00:00
105,200887,1,3,0206103044,Personnel issues - Task performance - Planning/preparation - Fuel planning - Pilot,Personnel issues Fuel planning - Pilot,True,2026-04-03 04:05:44.570293+00:00
106,200874,1,1,0206304044,Personnel issues - Task performance - Use of equip/info - Aircraft control - Pilot,Personnel issues Aircraft control - Pilot,True,2026-04-03 04:05:44.570293+00:00
107,200874,1,2,0106202220,Aircraft - Aircraft oper/perf/capability - Performance/control parameters - Pitch control - Not attained/maintained,Aircraft Pitch control - Not attained/maintained,False,2026-04-03 04:05:44.570293+00:00
108,201890,1,1,0106204020,Aircraft - Aircraft oper/perf/capability - Performance/control parameters - Descent/approach/glide path - Not attained/maintained,Aircraft Descent/approach/glide path - Not attained/maintained,True,2026-04-03 04:05:44.570293+00:00
109,201890,1,2,0206304044,Personnel issues - Task performance - Use of equip/info - Aircraft control - Pilot,Personnel issues Aircraft control - Pilot,True,2026-04-03 04:05:44.570293+00:00
110,200865,1,2,0206304044,Personnel issues - Task performance - Use of equip/info - Aircraft control - Pilot,Personnel issues Aircraft control - Pilot,True,2026-04-03 04:05:44.570293+00:00
111,200865,1,3,0106202020,Aircraft - Aircraft oper/perf/capability - Performance/control parameters - Directional control - Not attained/maintained,Aircraft Directional control - Not attained/maintained,True,2026-04-03 04:05:44.570293+00:00
112,200865,1,4,0303404085,Environmental issues - Conditions/weather/phenomena - Wind - Crosswind - Response/compensation,Environmental issues Crosswind - Response/compensation,True,2026-04-03 04:05:44.570293+00:00
113,200976,1,1,0102324401,Aircraft - Aircraft systems - Landing gear system - Tire casing - Failure,Aircraft Tire casing - Failure,True,2026-04-03 04:05:44.570293+00:00
114,200976,1,2,0106202021,Aircraft - Aircraft oper/perf/capability - Performance/control parameters - Directional control - Attain/maintain not possible,Aircraft Directional control - Attain/maintain not possible,True,2026-04-03 04:05:44.570293+00:00
115,200853,1,1,0107101025,Aircraft - Fluids/misc hardware - Fluids - Fuel - Fluid management,Aircraft Fuel - Fluid management,True,2026-04-03 04:05:44.570293+00:00
116,200853,1,2,0206301544,Personnel issues - Task performance - Use of equip/info - Use of equip/system - Pilot,Personnel issues Use of equip/system - Pilot,True,2026-04-03 04:05:44.570293+00:00
117,200853,1,3,0204103044,Personnel issues - Action/decision - Action - Lack of action - Pilot,Personnel issues Lack of action - Pilot,True,2026-04-03 04:05:44.570293+00:00
118,200850,1,1,0106202020,Aircraft - Aircraft oper/perf/capability - Performance/control parameters - Directional control - Not attained/maintained,Aircraft Directional control - Not attained/maintained,True,2026-04-03 04:05:44.570293+00:00
119,200850,1,2,0206304044,Personnel issues - Task performance - Use of equip/info - Aircraft control - Pilot,Personnel issues Aircraft control - Pilot,True,2026-04-03 04:05:44.570293+00:00
120,200841,1,1,0206304044,Personnel issues - Task performance - Use of equip/info - Aircraft control - Pilot,Personnel issues Aircraft control - Pilot,True,2026-04-03 04:05:44.570293+00:00
121,200841,1,2,0106202320,Aircraft - Aircraft oper/perf/capability - Performance/control parameters - Lateral/bank control - Not attained/maintained,Aircraft Lateral/bank control - Not attained/maintained,True,2026-04-03 04:05:44.570293+00:00
122,200873,1,1,0106202020,Aircraft - Aircraft oper/perf/capability - Performance/control parameters - Directional control - Not attained/maintained,Aircraft Directional control - Not attained/maintained,True,2026-04-03 04:05:44.570293+00:00
123,200873,1,2,0206304044,Personnel issues - Task performance - Use of equip/info - Aircraft control - Pilot,Personnel issues Aircraft control - Pilot,True,2026-04-03 04:05:44.570293+00:00
124,200873,1,3,0303404082,Environmental issues - Conditions/weather/phenomena - Wind - Crosswind - Effect on operation,Environmental issues Crosswind - Effect on operation,True,2026-04-03 04:05:44.570293+00:00
125,200845,1,1,0106202020,Aircraft - Aircraft oper/perf/capability - Performance/control parameters - Directional control - Not attained/maintained,Aircraft Directional control - Not attained/maintained,True,2026-04-03 04:05:44.570293+00:00
126,200845,1,2,0303404082,Environmental issues - Conditions/weather/phenomena - Wind - Crosswind - Effect on operation,Environmental issues Crosswind - Effect on operation,True,2026-04-03 04:05:44.570293+00:00
127,200845,1,3,0303404582,Environmental issues - Conditions/weather/phenomena - Wind - Gusts - Effect on operation,Environmental issues Gusts - Effect on operation,True,2026-04-03 04:05:44.570293+00:00
128,200845,1,4,0206304044,Personnel issues - Task performance - Use of equip/info - Aircraft control - Pilot,Personnel issues Aircraft control - Pilot,True,2026-04-03 04:05:44.570293+00:00
129,200844,1,1,0203201543,Personnel issues - Experience/knowledge - Knowledge - Knowledge of equipment - Passenger,Personnel issues Knowledge of equipment - Passenger,True,2026-04-03 04:05:44.570293+00:00
130,200844,1,2,0204000044,Personnel issues - Action/decision - (general) - (general) - Pilot,Personnel issues (general) - Pilot,True,2026-04-03 04:05:44.570293+00:00
131,200844,1,3,0106202320,Aircraft - Aircraft oper/perf/capability - Performance/control parameters - Lateral/bank control - Not attained/maintained,Aircraft Lateral/bank control - Not attained/maintained,True,2026-04-03 04:05:44.570293+00:00
132,200844,1,4,0206304044,Personnel issues - Task performance - Use of equip/info - Aircraft control - Pilot,Personnel issues Aircraft control - Pilot,True,2026-04-03 04:05:44.570293+00:00
133,200844,1,5,0102270112,Aircraft - Aircraft systems - Flight control system - Control column section - Unintentional use/operation,Aircraft Control column section - Unintentional use/operation,True,2026-04-03 04:05:44.570293+00:00
134,200854,1,2,0303401582,Environmental issues - Conditions/weather/phenomena - Wind - Tailwind - Effect on operation,Environmental issues Tailwind - Effect on operation,True,2026-04-03 04:05:44.570293+00:00
135,200854,1,4,0106202020,Aircraft - Aircraft oper/perf/capability - Performance/control parameters - Directional control - Not attained/maintained,Aircraft Directional control - Not attained/maintained,True,2026-04-03 04:05:44.570293+00:00
136,200854,1,5,0206304044,Personnel issues - Task performance - Use of equip/info - Aircraft control - Pilot,Personnel issues Aircraft control - Pilot,True,2026-04-03 04:05:44.570293+00:00
137,200843,1,1,0202154544,Personnel issues - Psychological - Attention/monitoring - Monitoring environment - Pilot,Personnel issues Monitoring environment - Pilot,True,2026-04-03 04:05:44.570293+00:00
138,200843,1,2,0106201220,Aircraft - Aircraft oper/perf/capability - Performance/control parameters - Altitude - Not attained/maintained,Aircraft Altitude - Not attained/maintained,True,2026-04-03 04:05:44.570293+00:00
139,200843,1,3,0302203287,Environmental issues - Physical environment - Object/animal/substance - Wire - Awareness of condition,Environmental issues Wire - Awareness of condition,True,2026-04-03 04:05:44.570293+00:00
140,200882,1,1,0204151044,Personnel issues - Action/decision - Info processing/decision - Identification/recognition - Pilot,Personnel issues Identification/recognition - Pilot,True,2026-04-03 04:05:44.570293+00:00
141,200882,1,2,0202154544,Personnel issues - Psychological - Attention/monitoring - Monitoring environment - Pilot,Personnel issues Monitoring environment - Pilot,True,2026-04-03 04:05:44.570293+00:00
142,200894,1,1,0106204120,Aircraft - Aircraft oper/perf/capability - Performance/control parameters - Landing flare - Not attained/maintained,Aircraft Landing flare - Not attained/maintained,True,2026-04-03 04:05:44.570293+00:00
143,200894,1,2,0206304044,Personnel issues - Task performance - Use of equip/info - Aircraft control - Pilot,Personnel issues Aircraft control - Pilot,True,2026-04-03 04:05:44.570293+00:00
144,200837,1,3,0102322002,Aircraft - Aircraft systems - Landing gear system - Nose/tail landing gear - Malfunction,Aircraft Nose/tail landing gear - Malfunction,True,2026-04-03 04:05:44.570293+00:00
145,200837,1,4,0106202021,Aircraft - Aircraft oper/perf/capability - Performance/control parameters - Directional control - Attain/maintain not possible,Aircraft Directional control - Attain/maintain not possible,True,2026-04-03 04:05:44.570293+00:00
146,200852,1,3,0202151040,Personnel issues - Psychological - Attention/monitoring - Attention - Instructor/check pilot,Personnel issues Attention - Instructor/check pilot,True,2026-04-03 04:05:44.570293+00:00
147,200858,1,3,0204000044,Personnel issues - Action/decision - (general) - (general) - Pilot,Personnel issues (general) - Pilot,True,2026-04-03 04:05:44.570293+00:00
148,200858,1,4,0106103008,Aircraft - Aircraft oper/perf/capability - Aircraft capability - Landing distance - Capability exceeded,Aircraft Landing distance - Capability exceeded,True,2026-04-03 04:05:44.570293+00:00
149,200858,1,5,0204101544,Personnel issues - Action/decision - Action - Incorrect action performance - Pilot,Personnel issues Incorrect action performance - Pilot,True,2026-04-03 04:05:44.570293+00:00
150,200835,1,1,0206151046,Personnel issues - Task performance - Inspection - Preflight inspection - Student/instructed pilot,Personnel issues Preflight inspection - Student/instructed pilot,True,2026-04-03 04:05:44.570293+00:00
151,200859,1,1,0107101524,Aircraft - Fluids/misc hardware - Fluids - Hydraulic fluid - Fluid level,Aircraft Hydraulic fluid - Fluid level,True,2026-04-03 04:05:44.570293+00:00
152,200883,1,1,0204101544,Personnel issues - Action/decision - Action - Incorrect action performance - Pilot,Personnel issues Incorrect action performance - Pilot,True,2026-04-03 04:05:44.570293+00:00
153,200883,1,2,0302101582,Environmental issues - Physical environment - Terrain - Rough terrain - Effect on operation,Environmental issues Rough terrain - Effect on operation,False,2026-04-03 04:05:44.570293+00:00
154,200831,1,1,0106200020,Aircraft - Aircraft oper/perf/capability - Performance/control parameters - (general) - Not attained/maintained,Aircraft (general) - Not attained/maintained,True,2026-04-03 04:05:44.570293+00:00
155,200831,1,2,0206304044,Personnel issues - Task performance - Use of equip/info - Aircraft control - Pilot,Personnel issues Aircraft control - Pilot,True,2026-04-03 04:05:44.570293+00:00
156,200831,1,3,0301703591,Environmental issues - Operating environment - Airport facilities/design - Runway/landing area condition - Contributed to outcome,Environmental issues Runway/landing area condition - Contributed to outcome,True,2026-04-03 04:05:44.570293+00:00
157,200984,1,1,0102323002,Aircraft - Aircraft systems - Landing gear system - Gear extension and retract sys - Malfunction,Aircraft Gear extension and retract sys - Malfunction,True,2026-04-03 04:05:44.570293+00:00
158,200984,1,2,0206301544,Personnel issues - Task performance - Use of equip/info - Use of equip/system - Pilot,Personnel issues Use of equip/system - Pilot,True,2026-04-03 04:05:44.570293+00:00
159,200984,1,3,0102323010,Aircraft - Aircraft systems - Landing gear system - Gear extension and retract sys - Not used/operated,Aircraft Gear extension and retract sys - Not used/operated,True,2026-04-03 04:05:44.570293+00:00
160,200860,1,1,0206151044,Personnel issues - Task performance - Inspection - Preflight inspection - Pilot,Personnel issues Preflight inspection - Pilot,True,2026-04-03 04:05:44.570293+00:00
161,200860,1,2,0107101023,Aircraft - Fluids/misc hardware - Fluids - Fuel - Fluid condition,Aircraft Fuel - Fluid condition,True,2026-04-03 04:05:44.570293+00:00
162,200860,1,4,0107101015,Aircraft - Fluids/misc hardware - Fluids - Fuel - Inadequate inspection,Aircraft Fuel - Inadequate inspection,True,2026-04-03 04:05:44.570293+00:00
163,200829,1,1,0206304044,Personnel issues - Task performance - Use of equip/info - Aircraft control - Pilot,Personnel issues Aircraft control - Pilot,True,2026-04-03 04:05:44.570293+00:00
164,200884,1,1,0102275010,Aircraft - Aircraft systems - Flight control system - TE flap control system - Not used/operated,Aircraft TE flap control system - Not used/operated,True,2026-04-03 04:05:44.570293+00:00
165,200884,1,3,0206303044,Personnel issues - Task performance - Use of equip/info - Use of checklist - Pilot,Personnel issues Use of checklist - Pilot,True,2026-04-03 04:05:44.570293+00:00
166,200822,1,1,0206304044,Personnel issues - Task performance - Use of equip/info - Aircraft control - Pilot,Personnel issues Aircraft control - Pilot,True,2026-04-03 04:05:44.570293+00:00
167,200822,1,2,0106202020,Aircraft - Aircraft oper/perf/capability - Performance/control parameters - Directional control - Not attained/maintained,Aircraft Directional control - Not attained/maintained,True,2026-04-03 04:05:44.570293+00:00
168,200822,1,3,0303404082,Environmental issues - Conditions/weather/phenomena - Wind - Crosswind - Effect on operation,Environmental issues Crosswind - Effect on operation,True,2026-04-03 04:05:44.570293+00:00
169,200819,1,1,0102321106,Aircraft - Aircraft systems - Landing gear system - Main landing gear attach sec - Fatigue/wear/corrosion,Aircraft Main landing gear attach sec - Fatigue/wear/corrosion,True,2026-04-03 04:05:44.570293+00:00
170,200819,1,2,0302101582,Environmental issues - Physical environment - Terrain - Rough terrain - Effect on operation,Environmental issues Rough terrain - Effect on operation,True,2026-04-03 04:05:44.570293+00:00
171,200820,1,1,0206304044,Personnel issues - Task performance - Use of equip/info - Aircraft control - Pilot,Personnel issues Aircraft control - Pilot,True,2026-04-03 04:05:44.570293+00:00
172,200820,1,2,0106203520,Aircraft - Aircraft oper/perf/capability - Performance/control parameters - Climb rate - Not attained/maintained,Aircraft Climb rate - Not attained/maintained,True,2026-04-03 04:05:44.570293+00:00
173,200820,1,3,0302202091,Environmental issues - Physical environment - Object/animal/substance - Tree(s) - Contributed to outcome,Environmental issues Tree(s) - Contributed to outcome,False,2026-04-03 04:05:44.570293+00:00
174,200820,1,4,0302101591,Environmental issues - Physical environment - Terrain - Rough terrain - Contributed to outcome,Environmental issues Rough terrain - Contributed to outcome,False,2026-04-03 04:05:44.570293+00:00
175,201731,1,1,0106204120,Aircraft - Aircraft oper/perf/capability - Performance/control parameters - Landing flare - Not attained/maintained,Aircraft Landing flare - Not attained/maintained,True,2026-04-03 04:05:44.570293+00:00
176,201731,1,2,0206304044,Personnel issues - Task performance - Use of equip/info - Aircraft control - Pilot,Personnel issues Aircraft control - Pilot,True,2026-04-03 04:05:44.570293+00:00
177,201731,1,3,0204101544,Personnel issues - Action/decision - Action - Incorrect action performance - Pilot,Personnel issues Incorrect action performance - Pilot,True,2026-04-03 04:05:44.570293+00:00
178,200872,1,1,0302205291,Environmental issues - Physical environment - Object/animal/substance - Hidden/submerged object - Contributed to outcome,Environmental issues Hidden/submerged object - Contributed to outcome,False,2026-04-03 04:05:44.570293+00:00
179,200872,1,2,0204101044,Personnel issues - Action/decision - Action - Incorrect action selection - Pilot,Personnel issues Incorrect action selection - Pilot,True,2026-04-03 04:05:44.570293+00:00
180,200872,1,3,0103534308,Aircraft - Aircraft structures - Fuselage - Gear attach fittings (on fus) - Capability exceeded,Aircraft Gear attach fittings (on fus) - Capability exceeded,False,2026-04-03 04:05:44.570293+00:00
181,200828,1,4,0106204120,Aircraft - Aircraft oper/perf/capability - Performance/control parameters - Landing flare - Not attained/maintained,Aircraft Landing flare - Not attained/maintained,True,2026-04-03 04:05:44.570293+00:00
182,200828,1,5,0206304044,Personnel issues - Task performance - Use of equip/info - Aircraft control - Pilot,Personnel issues Aircraft control - Pilot,True,2026-04-03 04:05:44.570293+00:00
183,200828,1,6,0204102540,Personnel issues - Action/decision - Action - Delayed action - Instructor/check pilot,Personnel issues Delayed action - Instructor/check pilot,True,2026-04-03 04:05:44.570293+00:00
184,200828,1,7,0202153540,Personnel issues - Psychological - Attention/monitoring - Monitoring other person - Instructor/check pilot,Personnel issues Monitoring other person - Instructor/check pilot,True,2026-04-03 04:05:44.570293+00:00
185,200814,1,1,0206304044,Personnel issues - Task performance - Use of equip/info - Aircraft control - Pilot,Personnel issues Aircraft control - Pilot,True,2026-04-03 04:05:44.570293+00:00
186,200814,1,2,0106202020,Aircraft - Aircraft oper/perf/capability - Performance/control parameters - Directional control - Not attained/maintained,Aircraft Directional control - Not attained/maintained,True,2026-04-03 04:05:44.570293+00:00
187,200814,1,3,0303404082,Environmental issues - Conditions/weather/phenomena - Wind - Crosswind - Effect on operation,Environmental issues Crosswind - Effect on operation,True,2026-04-03 04:05:44.570293+00:00
188,200866,1,1,0204103544,Personnel issues - Action/decision - Action - Forgotten action/omission - Pilot,Personnel issues Forgotten action/omission - Pilot,True,2026-04-03 04:05:44.570293+00:00
189,200866,1,3,0102323010,Aircraft - Aircraft systems - Landing gear system - Gear extension and retract sys - Not used/operated,Aircraft Gear extension and retract sys - Not used/operated,True,2026-04-03 04:05:44.570293+00:00
190,200777,1,1,0500000000,Not determined - Not determined - (general) - (general) - Unknown/Not determined,Not determined (general) - Unknown/Not determined,True,2026-04-03 04:05:44.570293+00:00
191,200870,1,1,0204151044,Personnel issues - Action/decision - Info processing/decision - Identification/recognition - Pilot,Personnel issues Identification/recognition - Pilot,True,2026-04-03 04:05:44.570293+00:00
192,200870,1,2,0202154544,Personnel issues - Psychological - Attention/monitoring - Monitoring environment - Pilot,Personnel issues Monitoring environment - Pilot,True,2026-04-03 04:05:44.570293+00:00
193,200832,1,1,0206304044,Personnel issues - Task performance - Use of equip/info - Aircraft control - Pilot,Personnel issues Aircraft control - Pilot,True,2026-04-03 04:05:44.570293+00:00
194,200832,1,2,0106202020,Aircraft - Aircraft oper/perf/capability - Performance/control parameters - Directional control - Not attained/maintained,Aircraft Directional control - Not attained/maintained,True,2026-04-03 04:05:44.570293+00:00
195,200832,1,3,0302101591,Environmental issues - Physical environment - Terrain - Rough terrain - Contributed to outcome,Environmental issues Rough terrain - Contributed to outcome,False,2026-04-03 04:05:44.570293+00:00
196,200802,1,1,0206151044,Personnel issues - Task performance - Inspection - Preflight inspection - Pilot,Personnel issues Preflight inspection - Pilot,True,2026-04-03 04:05:44.570293+00:00
197,200802,1,2,0102273027,Aircraft - Aircraft systems - Flight control system - Elevator control system - Not installed/available,Aircraft Elevator control system - Not installed/available,True,2026-04-03 04:05:44.570293+00:00
198,200816,1,1,0500000098,Not determined - Not determined - (general) - (general) - Other authority investigated,Not determined (general) - Other authority investigated,True,2026-04-03 04:05:44.570293+00:00
199,200951,1,1,0206304044,Personnel issues - Task performance - Use of equip/info - Aircraft control - Pilot,Personnel issues Aircraft control - Pilot,True,2026-04-03 04:05:44.570293+00:00
200,200951,1,2,0106204120,Aircraft - Aircraft oper/perf/capability - Performance/control parameters - Landing flare - Not attained/maintained,Aircraft Landing flare - Not attained/maintained,True,2026-04-03 04:05:44.570293+00:00
201,200813,1,2,0206304046,Personnel issues - Task performance - Use of equip/info - Aircraft control - Student/instructed pilot,Personnel issues Aircraft control - Student/instructed pilot,True,2026-04-03 04:05:44.570293+00:00
202,200813,1,3,0106202020,Aircraft - Aircraft oper/perf/capability - Performance/control parameters - Directional control - Not attained/maintained,Aircraft Directional control - Not attained/maintained,True,2026-04-03 04:05:44.570293+00:00
203,200809,1,1,0206301544,Personnel issues - Task performance - Use of equip/info - Use of equip/system - Pilot,Personnel issues Use of equip/system - Pilot,True,2026-04-03 04:05:44.570293+00:00
204,200827,1,1,0102321100,Aircraft - Aircraft systems - Landing gear system - Main landing gear attach sec - Unknown/Not determined,Aircraft Main landing gear attach sec - Unknown/Not determined,True,2026-04-03 04:05:44.570293+00:00
205,200827,1,2,0500000000,Not determined - Not determined - (general) - (general) - Unknown/Not determined,Not determined (general) - Unknown/Not determined,True,2026-04-03 04:05:44.570293+00:00
206,200778,1,1,0204152044,Personnel issues - Action/decision - Info processing/decision - Decision making/judgment - Pilot,Personnel issues Decision making/judgment - Pilot,True,2026-04-03 04:05:44.570293+00:00
207,200778,1,2,0304101087,Environmental issues - Task environment - Physical workspace - Positioning/available space - Awareness of condition,Environmental issues Positioning/available space - Awareness of condition,True,2026-04-03 04:05:44.570293+00:00
208,200769,1,1,0206304044,Personnel issues - Task performance - Use of equip/info - Aircraft control - Pilot,Personnel issues Aircraft control - Pilot,True,2026-04-03 04:05:44.570293+00:00
209,200769,1,2,0106201020,Aircraft - Aircraft oper/perf/capability - Performance/control parameters - Airspeed - Not attained/maintained,Aircraft Airspeed - Not attained/maintained,True,2026-04-03 04:05:44.570293+00:00
210,200769,1,3,0106204020,Aircraft - Aircraft oper/perf/capability - Performance/control parameters - Descent/approach/glide path - Not attained/maintained,Aircraft Descent/approach/glide path - Not attained/maintained,True,2026-04-03 04:05:44.570293+00:00
211,200757,1,1,0204151044,Personnel issues - Action/decision - Info processing/decision - Identification/recognition - Pilot,Personnel issues Identification/recognition - Pilot,False,2026-04-03 04:05:44.570293+00:00
212,200757,1,2,0206304044,Personnel issues - Task performance - Use of equip/info - Aircraft control - Pilot,Personnel issues Aircraft control - Pilot,True,2026-04-03 04:05:44.570293+00:00
213,200757,1,3,0302100091,Environmental issues - Physical environment - Terrain - (general) - Contributed to outcome,Environmental issues (general) - Contributed to outcome,True,2026-04-03 04:05:44.570293+00:00
214,200757,1,4,0302203285,Environmental issues - Physical environment - Object/animal/substance - Wire - Response/compensation,Environmental issues Wire - Response/compensation,True,2026-04-03 04:05:44.570293+00:00
215,200748,1,1,0303402591,Environmental issues - Conditions/weather/phenomena - Wind - Variable wind - Contributed to outcome,Environmental issues Variable wind - Contributed to outcome,True,2026-04-03 04:05:44.570293+00:00
216,200748,1,2,0206304044,Personnel issues - Task performance - Use of equip/info - Aircraft control - Pilot,Personnel issues Aircraft control - Pilot,True,2026-04-03 04:05:44.570293+00:00
217,200768,1,1,0206304044,Personnel issues - Task performance - Use of equip/info - Aircraft control - Pilot,Personnel issues Aircraft control - Pilot,True,2026-04-03 04:05:44.570293+00:00
218,200768,1,2,0106204020,Aircraft - Aircraft oper/perf/capability - Performance/control parameters - Descent/approach/glide path - Not attained/maintained,Aircraft Descent/approach/glide path - Not attained/maintained,True,2026-04-03 04:05:44.570293+00:00
219,200758,1,1,0302204591,Environmental issues - Physical environment - Object/animal/substance - Animal(s)/bird(s) - Contributed to outcome,Environmental issues Animal(s)/bird(s) - Contributed to outcome,True,2026-04-03 04:05:44.570293+00:00
220,200758,1,3,0206304044,Personnel issues - Task performance - Use of equip/info - Aircraft control - Pilot,Personnel issues Aircraft control - Pilot,True,2026-04-03 04:05:44.570293+00:00
221,200781,1,1,0204103044,Personnel issues - Action/decision - Action - Lack of action - Pilot,Personnel issues Lack of action - Pilot,True,2026-04-03 04:05:44.570293+00:00
222,200781,1,2,0206301544,Personnel issues - Task performance - Use of equip/info - Use of equip/system - Pilot,Personnel issues Use of equip/system - Pilot,True,2026-04-03 04:05:44.570293+00:00
223,200781,1,3,0102323010,Aircraft - Aircraft systems - Landing gear system - Gear extension and retract sys - Not used/operated,Aircraft Gear extension and retract sys - Not used/operated,True,2026-04-03 04:05:44.570293+00:00
224,200745,1,1,0202154544,Personnel issues - Psychological - Attention/monitoring - Monitoring environment - Pilot,Personnel issues Monitoring environment - Pilot,True,2026-04-03 04:05:44.570293+00:00
225,200745,1,2,0302202087,Environmental issues - Physical environment - Object/animal/substance - Tree(s) - Awareness of condition,Environmental issues Tree(s) - Awareness of condition,True,2026-04-03 04:05:44.570293+00:00
226,200745,1,3,0302202081,Environmental issues - Physical environment - Object/animal/substance - Tree(s) - Effect on equipment,Environmental issues Tree(s) - Effect on equipment,True,2026-04-03 04:05:44.570293+00:00
227,200745,1,4,0106201220,Aircraft - Aircraft oper/perf/capability - Performance/control parameters - Altitude - Not attained/maintained,Aircraft Altitude - Not attained/maintained,True,2026-04-03 04:05:44.570293+00:00
228,200745,1,5,0204152044,Personnel issues - Action/decision - Info processing/decision - Decision making/judgment - Pilot,Personnel issues Decision making/judgment - Pilot,True,2026-04-03 04:05:44.570293+00:00
229,200744,1,2,0204102544,Personnel issues - Action/decision - Action - Delayed action - Pilot,Personnel issues Delayed action - Pilot,True,2026-04-03 04:05:44.570293+00:00
230,200744,1,3,0302101091,Environmental issues - Physical environment - Terrain - Mountainous/hilly terrain - Contributed to outcome,Environmental issues Mountainous/hilly terrain - Contributed to outcome,False,2026-04-03 04:05:44.570293+00:00
231,200744,1,4,0106101020,Aircraft - Aircraft oper/perf/capability - Aircraft capability - Climb capability - Not attained/maintained,Aircraft Climb capability - Not attained/maintained,True,2026-04-03 04:05:44.570293+00:00
232,200804,1,1,0206304044,Personnel issues - Task performance - Use of equip/info - Aircraft control - Pilot,Personnel issues Aircraft control - Pilot,True,2026-04-03 04:05:44.570293+00:00
233,200804,1,2,0106202020,Aircraft - Aircraft oper/perf/capability - Performance/control parameters - Directional control - Not attained/maintained,Aircraft Directional control - Not attained/maintained,True,2026-04-03 04:05:44.570293+00:00
234,200741,1,2,0206304046,Personnel issues - Task performance - Use of equip/info - Aircraft control - Student/instructed pilot,Personnel issues Aircraft control - Student/instructed pilot,True,2026-04-03 04:05:44.570293+00:00
235,200741,1,3,0106204120,Aircraft - Aircraft oper/perf/capability - Performance/control parameters - Landing flare - Not attained/maintained,Aircraft Landing flare - Not attained/maintained,True,2026-04-03 04:05:44.570293+00:00
236,200832,1,1,0206304044,Personnel issues - Task performance - Use of equip/info - Aircraft control - Pilot,Personnel issues Aircraft control - Pilot,True,2026-04-03 04:05:44.570293+00:00
237,200832,1,2,0106202020,Aircraft - Aircraft oper/perf/capability - Performance/control parameters - Directional control - Not attained/maintained,Aircraft Directional control - Not attained/maintained,True,2026-04-03 04:05:44.570293+00:00
238,200832,1,3,0302101591,Environmental issues - Physical environment - Terrain - Rough terrain - Contributed to outcome,Environmental issues Rough terrain - Contributed to outcome,False,2026-04-03 04:05:44.570293+00:00
239,200749,1,4,0202154544,Personnel issues - Psychological - Attention/monitoring - Monitoring environment - Pilot,Personnel issues Monitoring environment - Pilot,True,2026-04-03 04:05:44.570293+00:00
240,200737,1,1,0206304044,Personnel issues - Task performance - Use of equip/info - Aircraft control - Pilot,Personnel issues Aircraft control - Pilot,True,2026-04-03 04:05:44.570293+00:00
241,200728,1,1,0206304044,Personnel issues - Task performance - Use of equip/info - Aircraft control - Pilot,Personnel issues Aircraft control - Pilot,True,2026-04-03 04:05:44.570293+00:00
242,200728,1,2,0106202020,Aircraft - Aircraft oper/perf/capability - Performance/control parameters - Directional control - Not attained/maintained,Aircraft Directional control - Not attained/maintained,True,2026-04-03 04:05:44.570293+00:00
243,200712,1,2,0206304044,Personnel issues - Task performance - Use of equip/info - Aircraft control - Pilot,Personnel issues Aircraft control - Pilot,True,2026-04-03 04:05:44.570293+00:00
244,200712,1,3,0106202020,Aircraft - Aircraft oper/perf/capability - Performance/control parameters - Directional control - Not attained/maintained,Aircraft Directional control - Not attained/maintained,False,2026-04-03 04:05:44.570293+00:00
245,200712,1,4,0106202411,Aircraft - Aircraft oper/perf/capability - Performance/control parameters - Yaw control - Incorrect use/operation,Aircraft Yaw control - Incorrect use/operation,True,2026-04-03 04:05:44.570293+00:00
246,200693,1,1,0204152040,Personnel issues - Action/decision - Info processing/decision - Decision making/judgment - Instructor/check pilot,Personnel issues Decision making/judgment - Instructor/check pilot,True,2026-04-03 04:05:44.570293+00:00
247,200693,1,2,0106200020,Aircraft - Aircraft oper/perf/capability - Performance/control parameters - (general) - Not attained/maintained,Aircraft (general) - Not attained/maintained,True,2026-04-03 04:05:44.570293+00:00
248,200693,1,3,0204102540,Personnel issues - Action/decision - Action - Delayed action - Instructor/check pilot,Personnel issues Delayed action - Instructor/check pilot,True,2026-04-03 04:05:44.570293+00:00
249,200693,1,4,0202153540,Personnel issues - Psychological - Attention/monitoring - Monitoring other person - Instructor/check pilot,Personnel issues Monitoring other person - Instructor/check pilot,True,2026-04-03 04:05:44.570293+00:00
250,200693,1,5,0206304040,Personnel issues - Task performance - Use of equip/info - Aircraft control - Instructor/check pilot,Personnel issues Aircraft control - Instructor/check pilot,True,2026-04-03 04:05:44.570293+00:00
251,200696,1,2,0206304044,Personnel issues - Task performance - Use of equip/info - Aircraft control - Pilot,Personnel issues Aircraft control - Pilot,True,2026-04-03 04:05:44.570293+00:00
252,200696,1,3,0106200020,Aircraft - Aircraft oper/perf/capability - Performance/control parameters - (general) - Not attained/maintained,Aircraft (general) - Not attained/maintained,True,2026-04-03 04:05:44.570293+00:00
253,200711,1,1,0106202020,Aircraft - Aircraft oper/perf/capability - Performance/control parameters - Directional control - Not attained/maintained,Aircraft Directional control - Not attained/maintained,True,2026-04-03 04:05:44.570293+00:00
254,200711,1,2,0303404585,Environmental issues - Conditions/weather/phenomena - Wind - Gusts - Response/compensation,Environmental issues Gusts - Response/compensation,True,2026-04-03 04:05:44.570293+00:00
255,200711,1,3,0303404582,Environmental issues - Conditions/weather/phenomena - Wind - Gusts - Effect on operation,Environmental issues Gusts - Effect on operation,True,2026-04-03 04:05:44.570293+00:00
256,200687,1,1,0204152044,Personnel issues - Action/decision - Info processing/decision - Decision making/judgment - Pilot,Personnel issues Decision making/judgment - Pilot,True,2026-04-03 04:05:44.570293+00:00
257,200687,1,2,0202151044,Personnel issues - Psychological - Attention/monitoring - Attention - Pilot,Personnel issues Attention - Pilot,True,2026-04-03 04:05:44.570293+00:00
258,200687,1,3,0202203544,Personnel issues - Psychological - Perception/orientation/illusion - Situational awareness - Pilot,Personnel issues Situational awareness - Pilot,True,2026-04-03 04:05:44.570293+00:00
259,200687,1,4,0204151044,Personnel issues - Action/decision - Info processing/decision - Identification/recognition - Pilot,Personnel issues Identification/recognition - Pilot,False,2026-04-03 04:05:44.570293+00:00
260,200687,1,5,0202101044,Personnel issues - Psychological - Personality/attitude - Self confidence - Pilot,Personnel issues Self confidence - Pilot,False,2026-04-03 04:05:44.570293+00:00
261,200687,1,7,0206304044,Personnel issues - Task performance - Use of equip/info - Aircraft control - Pilot,Personnel issues Aircraft control - Pilot,True,2026-04-03 04:05:44.570293+00:00
262,200687,1,8,0106100008,Aircraft - Aircraft oper/perf/capability - Aircraft capability - (general) - Capability exceeded,Aircraft (general) - Capability exceeded,False,2026-04-03 04:05:44.570293+00:00
263,200687,1,9,0106201220,Aircraft - Aircraft oper/perf/capability - Performance/control parameters - Altitude - Not attained/maintained,Aircraft Altitude - Not attained/maintained,True,2026-04-03 04:05:44.570293+00:00
264,200687,1,10,0302101581,Environmental issues - Physical environment - Terrain - Rough terrain - Effect on equipment,Environmental issues Rough terrain - Effect on equipment,False,2026-04-03 04:05:44.570293+00:00
265,200686,1,1,0206304044,Personnel issues - Task performance - Use of equip/info - Aircraft control - Pilot,Personnel issues Aircraft control - Pilot,True,2026-04-03 04:05:44.570293+00:00
266,200686,1,2,0202154544,Personnel issues - Psychological - Attention/monitoring - Monitoring environment - Pilot,Personnel issues Monitoring environment - Pilot,True,2026-04-03 04:05:44.570293+00:00
267,200686,1,3,0106201020,Aircraft - Aircraft oper/perf/capability - Performance/control parameters - Airspeed - Not attained/maintained,Aircraft Airspeed - Not attained/maintained,True,2026-04-03 04:05:44.570293+00:00
268,200686,1,5,0202203544,Personnel issues - Psychological - Perception/orientation/illusion - Situational awareness - Pilot,Personnel issues Situational awareness - Pilot,True,2026-04-03 04:05:44.570293+00:00
269,200686,1,6,0303402591,Environmental issues - Conditions/weather/phenomena - Wind - Variable wind - Contributed to outcome,Environmental issues Variable wind - Contributed to outcome,False,2026-04-03 04:05:44.570293+00:00
270,200698,1,2,0102324605,Aircraft - Aircraft systems - Landing gear system - Wheel/ski/float - Damaged/degraded,Aircraft Wheel/ski/float - Damaged/degraded,True,2026-04-03 04:05:44.570293+00:00
271,200698,1,3,0204152044,Personnel issues - Action/decision - Info processing/decision - Decision making/judgment - Pilot,Personnel issues Decision making/judgment - Pilot,True,2026-04-03 04:05:44.570293+00:00
272,200685,1,1,0106103008,Aircraft - Aircraft oper/perf/capability - Aircraft capability - Landing distance - Capability exceeded,Aircraft Landing distance - Capability exceeded,True,2026-04-03 04:05:44.570293+00:00
273,200685,1,2,0106105008,Aircraft - Aircraft oper/perf/capability - Aircraft capability - Braking capability - Capability exceeded,Aircraft Braking capability - Capability exceeded,True,2026-04-03 04:05:44.570293+00:00
274,200685,1,3,0204152044,Personnel issues - Action/decision - Info processing/decision - Decision making/judgment - Pilot,Personnel issues Decision making/judgment - Pilot,True,2026-04-03 04:05:44.570293+00:00
275,200685,1,4,0202203544,Personnel issues - Psychological - Perception/orientation/illusion - Situational awareness - Pilot,Personnel issues Situational awareness - Pilot,True,2026-04-03 04:05:44.570293+00:00
276,200685,1,5,0204102544,Personnel issues - Action/decision - Action - Delayed action - Pilot,Personnel issues Delayed action - Pilot,False,2026-04-03 04:05:44.570293+00:00
277,200685,1,6,0106201020,Aircraft - Aircraft oper/perf/capability - Performance/control parameters - Airspeed - Not attained/maintained,Aircraft Airspeed - Not attained/maintained,True,2026-04-03 04:05:44.570293+00:00
278,200685,1,7,0206304044,Personnel issues - Task performance - Use of equip/info - Aircraft control - Pilot,Personnel issues Aircraft control - Pilot,False,2026-04-03 04:05:44.570293+00:00
279,200685,1,8,0106204020,Aircraft - Aircraft oper/perf/capability - Performance/control parameters - Descent/approach/glide path - Not attained/maintained,Aircraft Descent/approach/glide path - Not attained/maintained,False,2026-04-03 04:05:44.570293+00:00
280,200685,1,9,0204101044,Personnel issues - Action/decision - Action - Incorrect action selection - Pilot,Personnel issues Incorrect action selection - Pilot,False,2026-04-03 04:05:44.570293+00:00
281,200951,1,1,0206304044,Personnel issues - Task performance - Use of equip/info - Aircraft control - Pilot,Personnel issues Aircraft control - Pilot,True,2026-04-03 04:05:44.570293+00:00
282,200951,1,2,0106204120,Aircraft - Aircraft oper/perf/capability - Performance/control parameters - Landing flare - Not attained/maintained,Aircraft Landing flare - Not attained/maintained,True,2026-04-03 04:05:44.570293+00:00
283,200914,1,1,0302204586,Environmental issues - Physical environment - Object/animal/substance - Animal(s)/bird(s) - Ability to respond/compensate,Environmental issues Animal(s)/bird(s) - Ability to respond/compensate,True,2026-04-03 04:05:44.570293+00:00
284,200914,1,3,0302204581,Environmental issues - Physical environment - Object/animal/substance - Animal(s)/bird(s) - Effect on equipment,Environmental issues Animal(s)/bird(s) - Effect on equipment,True,2026-04-03 04:05:44.570293+00:00
285,200914,1,4,0302204591,Environmental issues - Physical environment - Object/animal/substance - Animal(s)/bird(s) - Contributed to outcome,Environmental issues Animal(s)/bird(s) - Contributed to outcome,True,2026-04-03 04:05:44.570293+00:00
286,200928,1,1,0206103044,Personnel issues - Task performance - Planning/preparation - Fuel planning - Pilot,Personnel issues Fuel planning - Pilot,True,2026-04-03 04:05:44.570293+00:00
287,200928,1,2,0107101024,Aircraft - Fluids/misc hardware - Fluids - Fuel - Fluid level,Aircraft Fuel - Fluid level,True,2026-04-03 04:05:44.570293+00:00
288,200928,1,3,0302201091,Environmental issues - Physical environment - Object/animal/substance - Pole - Contributed to outcome,Environmental issues Pole - Contributed to outcome,True,2026-04-03 04:05:44.570293+00:00
289,200908,1,1,0206304044,Personnel issues - Task performance - Use of equip/info - Aircraft control - Pilot,Personnel issues Aircraft control - Pilot,True,2026-04-03 04:05:44.570293+00:00
290,200908,1,5,0106202020,Aircraft - Aircraft oper/perf/capability - Performance/control parameters - Directional control - Not attained/maintained,Aircraft Directional control - Not attained/maintained,True,2026-04-03 04:05:44.570293+00:00
291,200905,1,1,0102253015,Aircraft - Aircraft systems - Equipment/furnishings - Buffet/galleys - Inadequate inspection,Aircraft Buffet/galleys - Inadequate inspection,True,2026-04-03 04:05:44.570293+00:00
292,200905,1,2,0304102591,Environmental issues - Task environment - Physical workspace - Air quality/dust/smoke - Contributed to outcome,Environmental issues Air quality/dust/smoke - Contributed to outcome,True,2026-04-03 04:05:44.570293+00:00
293,200905,1,3,0201201043,Personnel issues - Physical - Impairment/incapacitation - Illness/injury - Passenger,Personnel issues Illness/injury - Passenger,False,2026-04-03 04:05:44.570293+00:00
294,200922,1,3,0106203520,Aircraft - Aircraft oper/perf/capability - Performance/control parameters - Climb rate - Not attained/maintained,Aircraft Climb rate - Not attained/maintained,True,2026-04-03 04:05:44.570293+00:00
295,200922,1,4,0303102082,Environmental issues - Conditions/weather/phenomena - Temp/humidity/pressure - High density altitude - Effect on operation,Environmental issues High density altitude - Effect on operation,True,2026-04-03 04:05:44.570293+00:00
296,200916,1,1,0303602084,Environmental issues - Conditions/weather/phenomena - Light condition - Dark - Decision related to condition,Environmental issues Dark - Decision related to condition,True,2026-04-03 04:05:44.570293+00:00
297,200916,1,2,0301701584,Environmental issues - Operating environment - Airport facilities/design - Runway lighting - Decision related to condition,Environmental issues Runway lighting - Decision related to condition,True,2026-04-03 04:05:44.570293+00:00
298,200916,1,3,0204152044,Personnel issues - Action/decision - Info processing/decision - Decision making/judgment - Pilot,Personnel issues Decision making/judgment - Pilot,True,2026-04-03 04:05:44.570293+00:00
299,200916,1,4,0106204020,Aircraft - Aircraft oper/perf/capability - Performance/control parameters - Descent/approach/glide path - Not attained/maintained,Aircraft Descent/approach/glide path - Not attained/maintained,True,2026-04-03 04:05:44.570293+00:00
300,200904,1,1,0107101023,Aircraft - Fluids/misc hardware - Fluids - Fuel - Fluid condition,Aircraft Fuel - Fluid condition,True,2026-04-03 04:05:44.570293+00:00
301,200904,1,2,0107101015,Aircraft - Fluids/misc hardware - Fluids - Fuel - Inadequate inspection,Aircraft Fuel - Inadequate inspection,True,2026-04-03 04:05:44.570293+00:00
302,200904,1,3,0206152041,Personnel issues - Task performance - Inspection - Scheduled/routine inspection - Maintenance personnel,Personnel issues Scheduled/routine inspection - Maintenance personnel,True,2026-04-03 04:05:44.570293+00:00
303,200903,1,1,0500000000,Not determined - Not determined - (general) - (general) - Unknown/Not determined,Not determined (general) - Unknown/Not determined,True,2026-04-03 04:05:44.570293+00:00
304,200897,1,1,0303602082,Environmental issues - Conditions/weather/phenomena - Light condition - Dark - Effect on operation,Environmental issues Dark - Effect on operation,True,2026-04-03 04:05:44.570293+00:00
305,200897,1,2,0206304044,Personnel issues - Task performance - Use of equip/info - Aircraft control - Pilot,Personnel issues Aircraft control - Pilot,True,2026-04-03 04:05:44.570293+00:00
306,200897,1,3,0106204120,Aircraft - Aircraft oper/perf/capability - Performance/control parameters - Landing flare - Not attained/maintained,Aircraft Landing flare - Not attained/maintained,True,2026-04-03 04:05:44.570293+00:00
307,200900,1,1,0106103008,Aircraft - Aircraft oper/perf/capability - Aircraft capability - Landing distance - Capability exceeded,Aircraft Landing distance - Capability exceeded,True,2026-04-03 04:05:44.570293+00:00
308,200900,1,2,0102324208,Aircraft - Aircraft systems - Landing gear system - Brake - Capability exceeded,Aircraft Brake - Capability exceeded,True,2026-04-03 04:05:44.570293+00:00
309,200900,1,3,0302301082,Environmental issues - Physical environment - Runway/land/takeoff/taxi surface - Wet surface - Effect on operation,Environmental issues Wet surface - Effect on operation,True,2026-04-03 04:05:44.570293+00:00
310,200900,1,4,0204152044,Personnel issues - Action/decision - Info processing/decision - Decision making/judgment - Pilot,Personnel issues Decision making/judgment - Pilot,True,2026-04-03 04:05:44.570293+00:00
311,200900,1,5,0204101044,Personnel issues - Action/decision - Action - Incorrect action selection - Pilot,Personnel issues Incorrect action selection - Pilot,True,2026-04-03 04:05:44.570293+00:00
312,200921,1,3,0303404082,Environmental issues - Conditions/weather/phenomena - Wind - Crosswind - Effect on operation,Environmental issues Crosswind - Effect on operation,True,2026-04-03 04:05:44.570293+00:00
313,200921,1,4,0106203020,Aircraft - Aircraft oper/perf/capability - Performance/control parameters - Crosswind correction - Not attained/maintained,Aircraft Crosswind correction - Not attained/maintained,True,2026-04-03 04:05:44.570293+00:00
314,200921,1,5,0206304044,Personnel issues - Task performance - Use of equip/info - Aircraft control - Pilot,Personnel issues Aircraft control - Pilot,True,2026-04-03 04:05:44.570293+00:00
315,201009,1,1,0206304040,Personnel issues - Task performance - Use of equip/info - Aircraft control - Instructor/check pilot,Personnel issues Aircraft control - Instructor/check pilot,True,2026-04-03 04:05:44.570293+00:00
316,201009,1,2,0106203720,Aircraft - Aircraft oper/perf/capability - Performance/control parameters - Descent rate - Not attained/maintained,Aircraft Descent rate - Not attained/maintained,True,2026-04-03 04:05:44.570293+00:00
317,201009,1,3,0202152040,Personnel issues - Psychological - Attention/monitoring - Task monitoring/vigilance - Instructor/check pilot,Personnel issues Task monitoring/vigilance - Instructor/check pilot,True,2026-04-03 04:05:44.570293+00:00
318,201009,1,4,0204101540,Personnel issues - Action/decision - Action - Incorrect action performance - Instructor/check pilot,Personnel issues Incorrect action performance - Instructor/check pilot,True,2026-04-03 04:05:44.570293+00:00
319,201009,1,6,0106201020,Aircraft - Aircraft oper/perf/capability - Performance/control parameters - Airspeed - Not attained/maintained,Aircraft Airspeed - Not attained/maintained,True,2026-04-03 04:05:44.570293+00:00
320,201009,1,7,0204151040,Personnel issues - Action/decision - Info processing/decision - Identification/recognition - Instructor/check pilot,Personnel issues Identification/recognition - Instructor/check pilot,True,2026-04-03 04:05:44.570293+00:00
321,200917,1,1,0107101025,Aircraft - Fluids/misc hardware - Fluids - Fuel - Fluid management,Aircraft Fuel - Fluid management,True,2026-04-03 04:05:44.570293+00:00
322,200917,1,2,0204103044,Personnel issues - Action/decision - Action - Lack of action - Pilot,Personnel issues Lack of action - Pilot,True,2026-04-03 04:05:44.570293+00:00
323,200917,1,4,0206301544,Personnel issues - Task performance - Use of equip/info - Use of equip/system - Pilot,Personnel issues Use of equip/system - Pilot,True,2026-04-03 04:05:44.570293+00:00
324,200912,1,1,0204152544,Personnel issues - Action/decision - Info processing/decision - Expectation/assumption - Pilot,Personnel issues Expectation/assumption - Pilot,True,2026-04-03 04:05:44.570293+00:00
325,200912,1,3,0303401587,Environmental issues - Conditions/weather/phenomena - Wind - Tailwind - Awareness of condition,Environmental issues Tailwind - Awareness of condition,True,2026-04-03 04:05:44.570293+00:00
326,200912,1,4,0106204020,Aircraft - Aircraft oper/perf/capability - Performance/control parameters - Descent/approach/glide path - Not attained/maintained,Aircraft Descent/approach/glide path - Not attained/maintained,True,2026-04-03 04:05:44.570293+00:00
327,200912,1,5,0206304044,Personnel issues - Task performance - Use of equip/info - Aircraft control - Pilot,Personnel issues Aircraft control - Pilot,True,2026-04-03 04:05:44.570293+00:00
328,200887,1,1,0107101025,Aircraft - Fluids/misc hardware - Fluids - Fuel - Fluid management,Aircraft Fuel - Fluid management,True,2026-04-03 04:05:44.570293+00:00
329,200887,1,2,0206301544,Personnel issues - Task performance - Use of equip/info - Use of equip/system - Pilot,Personnel issues Use of equip/system - Pilot,True,2026-04-03 04:05:44.570293+00:00
330,200887,1,3,0206103044,Personnel issues - Task performance - Planning/preparation - Fuel planning - Pilot,Personnel issues Fuel planning - Pilot,True,2026-04-03 04:05:44.570293+00:00
331,202342,1,1,0102321001,Aircraft - Aircraft systems - Landing gear system - Main landing gear - Failure,Aircraft Main landing gear - Failure,True,2026-04-03 04:05:44.570293+00:00
332,200874,1,1,0206304044,Personnel issues - Task performance - Use of equip/info - Aircraft control - Pilot,Personnel issues Aircraft control - Pilot,True,2026-04-03 04:05:44.570293+00:00
333,200874,1,2,0106202220,Aircraft - Aircraft oper/perf/capability - Performance/control parameters - Pitch control - Not attained/maintained,Aircraft Pitch control - Not attained/maintained,False,2026-04-03 04:05:44.570293+00:00
334,201890,1,1,0106204020,Aircraft - Aircraft oper/perf/capability - Performance/control parameters - Descent/approach/glide path - Not attained/maintained,Aircraft Descent/approach/glide path - Not attained/maintained,True,2026-04-03 04:05:44.570293+00:00
335,201890,1,2,0206304044,Personnel issues - Task performance - Use of equip/info - Aircraft control - Pilot,Personnel issues Aircraft control - Pilot,True,2026-04-03 04:05:44.570293+00:00
336,200865,1,2,0206304044,Personnel issues - Task performance - Use of equip/info - Aircraft control - Pilot,Personnel issues Aircraft control - Pilot,True,2026-04-03 04:05:44.570293+00:00
337,200865,1,3,0106202020,Aircraft - Aircraft oper/perf/capability - Performance/control parameters - Directional control - Not attained/maintained,Aircraft Directional control - Not attained/maintained,True,2026-04-03 04:05:44.570293+00:00
338,200865,1,4,0303404085,Environmental issues - Conditions/weather/phenomena - Wind - Crosswind - Response/compensation,Environmental issues Crosswind - Response/compensation,True,2026-04-03 04:05:44.570293+00:00
339,200976,1,1,0102324401,Aircraft - Aircraft systems - Landing gear system - Tire casing - Failure,Aircraft Tire casing - Failure,True,2026-04-03 04:05:44.570293+00:00
340,200976,1,2,0106202021,Aircraft - Aircraft oper/perf/capability - Performance/control parameters - Directional control - Attain/maintain not possible,Aircraft Directional control - Attain/maintain not possible,True,2026-04-03 04:05:44.570293+00:00
341,200853,1,1,0107101025,Aircraft - Fluids/misc hardware - Fluids - Fuel - Fluid management,Aircraft Fuel - Fluid management,True,2026-04-03 04:05:44.570293+00:00
342,200853,1,2,0206301544,Personnel issues - Task performance - Use of equip/info - Use of equip/system - Pilot,Personnel issues Use of equip/system - Pilot,True,2026-04-03 04:05:44.570293+00:00
343,200853,1,3,0204103044,Personnel issues - Action/decision - Action - Lack of action - Pilot,Personnel issues Lack of action - Pilot,True,2026-04-03 04:05:44.570293+00:00
344,200882,1,1,0204151044,Personnel issues - Action/decision - Info processing/decision - Identification/recognition - Pilot,Personnel issues Identification/recognition - Pilot,True,2026-04-03 04:05:44.570293+00:00
345,200882,1,2,0202154544,Personnel issues - Psychological - Attention/monitoring - Monitoring environment - Pilot,Personnel issues Monitoring environment - Pilot,True,2026-04-03 04:05:44.570293+00:00
346,200850,1,1,0106202020,Aircraft - Aircraft oper/perf/capability - Performance/control parameters - Directional control - Not attained/maintained,Aircraft Directional control - Not attained/maintained,True,2026-04-03 04:05:44.570293+00:00
347,200850,1,2,0206304044,Personnel issues - Task performance - Use of equip/info - Aircraft control - Pilot,Personnel issues Aircraft control - Pilot,True,2026-04-03 04:05:44.570293+00:00
348,200873,1,1,0106202020,Aircraft - Aircraft oper/perf/capability - Performance/control parameters - Directional control - Not attained/maintained,Aircraft Directional control - Not attained/maintained,True,2026-04-03 04:05:44.570293+00:00
349,200873,1,2,0206304044,Personnel issues - Task performance - Use of equip/info - Aircraft control - Pilot,Personnel issues Aircraft control - Pilot,True,2026-04-03 04:05:44.570293+00:00
350,200873,1,3,0303404082,Environmental issues - Conditions/weather/phenomena - Wind - Crosswind - Effect on operation,Environmental issues Crosswind - Effect on operation,True,2026-04-03 04:05:44.570293+00:00
351,200844,1,1,0203201543,Personnel issues - Experience/knowledge - Knowledge - Knowledge of equipment - Passenger,Personnel issues Knowledge of equipment - Passenger,True,2026-04-03 04:05:44.570293+00:00
352,200844,1,2,0204000044,Personnel issues - Action/decision - (general) - (general) - Pilot,Personnel issues (general) - Pilot,True,2026-04-03 04:05:44.570293+00:00
353,200844,1,3,0106202320,Aircraft - Aircraft oper/perf/capability - Performance/control parameters - Lateral/bank control - Not attained/maintained,Aircraft Lateral/bank control - Not attained/maintained,True,2026-04-03 04:05:44.570293+00:00
354,200844,1,4,0206304044,Personnel issues - Task performance - Use of equip/info - Aircraft control - Pilot,Personnel issues Aircraft control - Pilot,True,2026-04-03 04:05:44.570293+00:00
355,200844,1,5,0102270112,Aircraft - Aircraft systems - Flight control system - Control column section - Unintentional use/operation,Aircraft Control column section - Unintentional use/operation,True,2026-04-03 04:05:44.570293+00:00
356,200854,1,2,0303401582,Environmental issues - Conditions/weather/phenomena - Wind - Tailwind - Effect on operation,Environmental issues Tailwind - Effect on operation,True,2026-04-03 04:05:44.570293+00:00
357,200854,1,4,0106202020,Aircraft - Aircraft oper/perf/capability - Performance/control parameters - Directional control - Not attained/maintained,Aircraft Directional control - Not attained/maintained,True,2026-04-03 04:05:44.570293+00:00
358,200854,1,5,0206304044,Personnel issues - Task performance - Use of equip/info - Aircraft control - Pilot,Personnel issues Aircraft control - Pilot,True,2026-04-03 04:05:44.570293+00:00
359,200843,1,1,0202154544,Personnel issues - Psychological - Attention/monitoring - Monitoring environment - Pilot,Personnel issues Monitoring environment - Pilot,True,2026-04-03 04:05:44.570293+00:00
360,200843,1,2,0106201220,Aircraft - Aircraft oper/perf/capability - Performance/control parameters - Altitude - Not attained/maintained,Aircraft Altitude - Not attained/maintained,True,2026-04-03 04:05:44.570293+00:00
361,200843,1,3,0302203287,Environmental issues - Physical environment - Object/animal/substance - Wire - Awareness of condition,Environmental issues Wire - Awareness of condition,True,2026-04-03 04:05:44.570293+00:00
362,200894,1,1,0106204120,Aircraft - Aircraft oper/perf/capability - Performance/control parameters - Landing flare - Not attained/maintained,Aircraft Landing flare - Not attained/maintained,True,2026-04-03 04:05:44.570293+00:00
363,200894,1,2,0206304044,Personnel issues - Task performance - Use of equip/info - Aircraft control - Pilot,Personnel issues Aircraft control - Pilot,True,2026-04-03 04:05:44.570293+00:00
364,200841,1,1,0206304044,Personnel issues - Task performance - Use of equip/info - Aircraft control - Pilot,Personnel issues Aircraft control - Pilot,True,2026-04-03 04:05:44.570293+00:00
365,200841,1,2,0106202320,Aircraft - Aircraft oper/perf/capability - Performance/control parameters - Lateral/bank control - Not attained/maintained,Aircraft Lateral/bank control - Not attained/maintained,True,2026-04-03 04:05:44.570293+00:00
366,200845,1,1,0106202020,Aircraft - Aircraft oper/perf/capability - Performance/control parameters - Directional control - Not attained/maintained,Aircraft Directional control - Not attained/maintained,True,2026-04-03 04:05:44.570293+00:00
367,200845,1,2,0303404082,Environmental issues - Conditions/weather/phenomena - Wind - Crosswind - Effect on operation,Environmental issues Crosswind - Effect on operation,True,2026-04-03 04:05:44.570293+00:00
368,200845,1,3,0303404582,Environmental issues - Conditions/weather/phenomena - Wind - Gusts - Effect on operation,Environmental issues Gusts - Effect on operation,True,2026-04-03 04:05:44.570293+00:00
369,200845,1,4,0206304044,Personnel issues - Task performance - Use of equip/info - Aircraft control - Pilot,Personnel issues Aircraft control - Pilot,True,2026-04-03 04:05:44.570293+00:00
370,200837,1,3,0102322002,Aircraft - Aircraft systems - Landing gear system - Nose/tail landing gear - Malfunction,Aircraft Nose/tail landing gear - Malfunction,True,2026-04-03 04:05:44.570293+00:00
371,200837,1,4,0106202021,Aircraft - Aircraft oper/perf/capability - Performance/control parameters - Directional control - Attain/maintain not possible,Aircraft Directional control - Attain/maintain not possible,True,2026-04-03 04:05:44.570293+00:00
372,200852,1,3,0202151040,Personnel issues - Psychological - Attention/monitoring - Attention - Instructor/check pilot,Personnel issues Attention - Instructor/check pilot,True,2026-04-03 04:05:44.570293+00:00
373,200858,1,3,0204000044,Personnel issues - Action/decision - (general) - (general) - Pilot,Personnel issues (general) - Pilot,True,2026-04-03 04:05:44.570293+00:00
374,200858,1,4,0106103008,Aircraft - Aircraft oper/perf/capability - Aircraft capability - Landing distance - Capability exceeded,Aircraft Landing distance - Capability exceeded,True,2026-04-03 04:05:44.570293+00:00
375,200858,1,5,0204101544,Personnel issues - Action/decision - Action - Incorrect action performance - Pilot,Personnel issues Incorrect action performance - Pilot,True,2026-04-03 04:05:44.570293+00:00
376,200835,1,1,0206151046,Personnel issues - Task performance - Inspection - Preflight inspection - Student/instructed pilot,Personnel issues Preflight inspection - Student/instructed pilot,True,2026-04-03 04:05:44.570293+00:00
377,200859,1,1,0107101524,Aircraft - Fluids/misc hardware - Fluids - Hydraulic fluid - Fluid level,Aircraft Hydraulic fluid - Fluid level,True,2026-04-03 04:05:44.570293+00:00
378,200883,1,1,0204101544,Personnel issues - Action/decision - Action - Incorrect action performance - Pilot,Personnel issues Incorrect action performance - Pilot,True,2026-04-03 04:05:44.570293+00:00
379,200883,1,2,0302101582,Environmental issues - Physical environment - Terrain - Rough terrain - Effect on operation,Environmental issues Rough terrain - Effect on operation,False,2026-04-03 04:05:44.570293+00:00
380,200831,1,1,0106200020,Aircraft - Aircraft oper/perf/capability - Performance/control parameters - (general) - Not attained/maintained,Aircraft (general) - Not attained/maintained,True,2026-04-03 04:05:44.570293+00:00
381,200831,1,2,0206304044,Personnel issues - Task performance - Use of equip/info - Aircraft control - Pilot,Personnel issues Aircraft control - Pilot,True,2026-04-03 04:05:44.570293+00:00
382,200831,1,3,0301703591,Environmental issues - Operating environment - Airport facilities/design - Runway/landing area condition - Contributed to outcome,Environmental issues Runway/landing area condition - Contributed to outcome,True,2026-04-03 04:05:44.570293+00:00
383,200984,1,1,0102323002,Aircraft - Aircraft systems - Landing gear system - Gear extension and retract sys - Malfunction,Aircraft Gear extension and retract sys - Malfunction,True,2026-04-03 04:05:44.570293+00:00
384,200984,1,2,0206301544,Personnel issues - Task performance - Use of equip/info - Use of equip/system - Pilot,Personnel issues Use of equip/system - Pilot,True,2026-04-03 04:05:44.570293+00:00
385,200984,1,3,0102323010,Aircraft - Aircraft systems - Landing gear system - Gear extension and retract sys - Not used/operated,Aircraft Gear extension and retract sys - Not used/operated,True,2026-04-03 04:05:44.570293+00:00
386,200860,1,1,0206151044,Personnel issues - Task performance - Inspection - Preflight inspection - Pilot,Personnel issues Preflight inspection - Pilot,True,2026-04-03 04:05:44.570293+00:00
387,200860,1,2,0107101023,Aircraft - Fluids/misc hardware - Fluids - Fuel - Fluid condition,Aircraft Fuel - Fluid condition,True,2026-04-03 04:05:44.570293+00:00
388,200860,1,4,0107101015,Aircraft - Fluids/misc hardware - Fluids - Fuel - Inadequate inspection,Aircraft Fuel - Inadequate inspection,True,2026-04-03 04:05:44.570293+00:00
389,200819,1,1,0102321106,Aircraft - Aircraft systems - Landing gear system - Main landing gear attach sec - Fatigue/wear/corrosion,Aircraft Main landing gear attach sec - Fatigue/wear/corrosion,True,2026-04-03 04:05:44.570293+00:00
390,200819,1,2,0302101582,Environmental issues - Physical environment - Terrain - Rough terrain - Effect on operation,Environmental issues Rough terrain - Effect on operation,True,2026-04-03 04:05:44.570293+00:00
391,200829,1,1,0206304044,Personnel issues - Task performance - Use of equip/info - Aircraft control - Pilot,Personnel issues Aircraft control - Pilot,True,2026-04-03 04:05:44.570293+00:00
392,200884,1,1,0102275010,Aircraft - Aircraft systems - Flight control system - TE flap control system - Not used/operated,Aircraft TE flap control system - Not used/operated,True,2026-04-03 04:05:44.570293+00:00
393,200884,1,3,0206303044,Personnel issues - Task performance - Use of equip/info - Use of checklist - Pilot,Personnel issues Use of checklist - Pilot,True,2026-04-03 04:05:44.570293+00:00
394,200822,1,1,0206304044,Personnel issues - Task performance - Use of equip/info - Aircraft control - Pilot,Personnel issues Aircraft control - Pilot,True,2026-04-03 04:05:44.570293+00:00
395,200822,1,2,0106202020,Aircraft - Aircraft oper/perf/capability - Performance/control parameters - Directional control - Not attained/maintained,Aircraft Directional control - Not attained/maintained,True,2026-04-03 04:05:44.570293+00:00
396,200822,1,3,0303404082,Environmental issues - Conditions/weather/phenomena - Wind - Crosswind - Effect on operation,Environmental issues Crosswind - Effect on operation,True,2026-04-03 04:05:44.570293+00:00
397,201731,1,1,0106204120,Aircraft - Aircraft oper/perf/capability - Performance/control parameters - Landing flare - Not attained/maintained,Aircraft Landing flare - Not attained/maintained,True,2026-04-03 04:05:44.570293+00:00
398,201731,1,2,0206304044,Personnel issues - Task performance - Use of equip/info - Aircraft control - Pilot,Personnel issues Aircraft control - Pilot,True,2026-04-03 04:05:44.570293+00:00
399,201731,1,3,0204101544,Personnel issues - Action/decision - Action - Incorrect action performance - Pilot,Personnel issues Incorrect action performance - Pilot,True,2026-04-03 04:05:44.570293+00:00
400,200872,1,1,0302205291,Environmental issues - Physical environment - Object/animal/substance - Hidden/submerged object - Contributed to outcome,Environmental issues Hidden/submerged object - Contributed to outcome,False,2026-04-03 04:05:44.570293+00:00
401,200872,1,2,0204101044,Personnel issues - Action/decision - Action - Incorrect action selection - Pilot,Personnel issues Incorrect action selection - Pilot,True,2026-04-03 04:05:44.570293+00:00
402,200872,1,3,0103534308,Aircraft - Aircraft structures - Fuselage - Gear attach fittings (on fus) - Capability exceeded,Aircraft Gear attach fittings (on fus) - Capability exceeded,False,2026-04-03 04:05:44.570293+00:00
403,200828,1,4,0106204120,Aircraft - Aircraft oper/perf/capability - Performance/control parameters - Landing flare - Not attained/maintained,Aircraft Landing flare - Not attained/maintained,True,2026-04-03 04:05:44.570293+00:00
404,200828,1,5,0206304044,Personnel issues - Task performance - Use of equip/info - Aircraft control - Pilot,Personnel issues Aircraft control - Pilot,True,2026-04-03 04:05:44.570293+00:00
405,200828,1,6,0204102540,Personnel issues - Action/decision - Action - Delayed action - Instructor/check pilot,Personnel issues Delayed action - Instructor/check pilot,True,2026-04-03 04:05:44.570293+00:00
406,200828,1,7,0202153540,Personnel issues - Psychological - Attention/monitoring - Monitoring other person - Instructor/check pilot,Personnel issues Monitoring other person - Instructor/check pilot,True,2026-04-03 04:05:44.570293+00:00
407,200814,1,1,0206304044,Personnel issues - Task performance - Use of equip/info - Aircraft control - Pilot,Personnel issues Aircraft control - Pilot,True,2026-04-03 04:05:44.570293+00:00
408,200814,1,2,0106202020,Aircraft - Aircraft oper/perf/capability - Performance/control parameters - Directional control - Not attained/maintained,Aircraft Directional control - Not attained/maintained,True,2026-04-03 04:05:44.570293+00:00
409,200814,1,3,0303404082,Environmental issues - Conditions/weather/phenomena - Wind - Crosswind - Effect on operation,Environmental issues Crosswind - Effect on operation,True,2026-04-03 04:05:44.570293+00:00
410,200866,1,1,0204103544,Personnel issues - Action/decision - Action - Forgotten action/omission - Pilot,Personnel issues Forgotten action/omission - Pilot,True,2026-04-03 04:05:44.570293+00:00
411,200866,1,3,0102323010,Aircraft - Aircraft systems - Landing gear system - Gear extension and retract sys - Not used/operated,Aircraft Gear extension and retract sys - Not used/operated,True,2026-04-03 04:05:44.570293+00:00
412,200870,1,1,0204151044,Personnel issues - Action/decision - Info processing/decision - Identification/recognition - Pilot,Personnel issues Identification/recognition - Pilot,True,2026-04-03 04:05:44.570293+00:00
413,200870,1,2,0202154544,Personnel issues - Psychological - Attention/monitoring - Monitoring environment - Pilot,Personnel issues Monitoring environment - Pilot,True,2026-04-03 04:05:44.570293+00:00
414,200802,1,1,0206151044,Personnel issues - Task performance - Inspection - Preflight inspection - Pilot,Personnel issues Preflight inspection - Pilot,True,2026-04-03 04:05:44.570293+00:00
415,200802,1,2,0102273027,Aircraft - Aircraft systems - Flight control system - Elevator control system - Not installed/available,Aircraft Elevator control system - Not installed/available,True,2026-04-03 04:05:44.570293+00:00
416,200816,1,1,0500000098,Not determined - Not determined - (general) - (general) - Other authority investigated,Not determined (general) - Other authority investigated,True,2026-04-03 04:05:44.570293+00:00
417,200813,1,2,0206304046,Personnel issues - Task performance - Use of equip/info - Aircraft control - Student/instructed pilot,Personnel issues Aircraft control - Student/instructed pilot,True,2026-04-03 04:05:44.570293+00:00
418,200813,1,3,0106202020,Aircraft - Aircraft oper/perf/capability - Performance/control parameters - Directional control - Not attained/maintained,Aircraft Directional control - Not attained/maintained,True,2026-04-03 04:05:44.570293+00:00
419,200809,1,1,0206301544,Personnel issues - Task performance - Use of equip/info - Use of equip/system - Pilot,Personnel issues Use of equip/system - Pilot,True,2026-04-03 04:05:44.570293+00:00
420,200827,1,1,0102321100,Aircraft - Aircraft systems - Landing gear system - Main landing gear attach sec - Unknown/Not determined,Aircraft Main landing gear attach sec - Unknown/Not determined,True,2026-04-03 04:05:44.570293+00:00
421,200827,1,2,0500000000,Not determined - Not determined - (general) - (general) - Unknown/Not determined,Not determined (general) - Unknown/Not determined,True,2026-04-03 04:05:44.570293+00:00
422,200778,1,1,0204152044,Personnel issues - Action/decision - Info processing/decision - Decision making/judgment - Pilot,Personnel issues Decision making/judgment - Pilot,True,2026-04-03 04:05:44.570293+00:00
423,200778,1,2,0304101087,Environmental issues - Task environment - Physical workspace - Positioning/available space - Awareness of condition,Environmental issues Positioning/available space - Awareness of condition,True,2026-04-03 04:05:44.570293+00:00
424,200777,1,1,0500000000,Not determined - Not determined - (general) - (general) - Unknown/Not determined,Not determined (general) - Unknown/Not determined,True,2026-04-03 04:05:44.570293+00:00
425,200769,1,1,0206304044,Personnel issues - Task performance - Use of equip/info - Aircraft control - Pilot,Personnel issues Aircraft control - Pilot,True,2026-04-03 04:05:44.570293+00:00
426,200769,1,2,0106201020,Aircraft - Aircraft oper/perf/capability - Performance/control parameters - Airspeed - Not attained/maintained,Aircraft Airspeed - Not attained/maintained,True,2026-04-03 04:05:44.570293+00:00
427,200769,1,3,0106204020,Aircraft - Aircraft oper/perf/capability - Performance/control parameters - Descent/approach/glide path - Not attained/maintained,Aircraft Descent/approach/glide path - Not attained/maintained,True,2026-04-03 04:05:44.570293+00:00
428,200757,1,1,0204151044,Personnel issues - Action/decision - Info processing/decision - Identification/recognition - Pilot,Personnel issues Identification/recognition - Pilot,False,2026-04-03 04:05:44.570293+00:00
429,200757,1,2,0206304044,Personnel issues - Task performance - Use of equip/info - Aircraft control - Pilot,Personnel issues Aircraft control - Pilot,True,2026-04-03 04:05:44.570293+00:00
430,200757,1,3,0302100091,Environmental issues - Physical environment - Terrain - (general) - Contributed to outcome,Environmental issues (general) - Contributed to outcome,True,2026-04-03 04:05:44.570293+00:00
431,200757,1,4,0302203285,Environmental issues - Physical environment - Object/animal/substance - Wire - Response/compensation,Environmental issues Wire - Response/compensation,True,2026-04-03 04:05:44.570293+00:00
432,200748,1,1,0303402591,Environmental issues - Conditions/weather/phenomena - Wind - Variable wind - Contributed to outcome,Environmental issues Variable wind - Contributed to outcome,True,2026-04-03 04:05:44.570293+00:00
433,200748,1,2,0206304044,Personnel issues - Task performance - Use of equip/info - Aircraft control - Pilot,Personnel issues Aircraft control - Pilot,True,2026-04-03 04:05:44.570293+00:00
434,200768,1,1,0206304044,Personnel issues - Task performance - Use of equip/info - Aircraft control - Pilot,Personnel issues Aircraft control - Pilot,True,2026-04-03 04:05:44.570293+00:00
435,200768,1,2,0106204020,Aircraft - Aircraft oper/perf/capability - Performance/control parameters - Descent/approach/glide path - Not attained/maintained,Aircraft Descent/approach/glide path - Not attained/maintained,True,2026-04-03 04:05:44.570293+00:00
436,200758,1,1,0302204591,Environmental issues - Physical environment - Object/animal/substance - Animal(s)/bird(s) - Contributed to outcome,Environmental issues Animal(s)/bird(s) - Contributed to outcome,True,2026-04-03 04:05:44.570293+00:00
437,200758,1,3,0206304044,Personnel issues - Task performance - Use of equip/info - Aircraft control - Pilot,Personnel issues Aircraft control - Pilot,True,2026-04-03 04:05:44.570293+00:00
438,200781,1,1,0204103044,Personnel issues - Action/decision - Action - Lack of action - Pilot,Personnel issues Lack of action - Pilot,True,2026-04-03 04:05:44.570293+00:00
439,200781,1,2,0206301544,Personnel issues - Task performance - Use of equip/info - Use of equip/system - Pilot,Personnel issues Use of equip/system - Pilot,True,2026-04-03 04:05:44.570293+00:00
440,200781,1,3,0102323010,Aircraft - Aircraft systems - Landing gear system - Gear extension and retract sys - Not used/operated,Aircraft Gear extension and retract sys - Not used/operated,True,2026-04-03 04:05:44.570293+00:00
441,200745,1,1,0202154544,Personnel issues - Psychological - Attention/monitoring - Monitoring environment - Pilot,Personnel issues Monitoring environment - Pilot,True,2026-04-03 04:05:44.570293+00:00
442,200745,1,2,0302202087,Environmental issues - Physical environment - Object/animal/substance - Tree(s) - Awareness of condition,Environmental issues Tree(s) - Awareness of condition,True,2026-04-03 04:05:44.570293+00:00
443,200745,1,3,0302202081,Environmental issues - Physical environment - Object/animal/substance - Tree(s) - Effect on equipment,Environmental issues Tree(s) - Effect on equipment,True,2026-04-03 04:05:44.570293+00:00
444,200745,1,4,0106201220,Aircraft - Aircraft oper/perf/capability - Performance/control parameters - Altitude - Not attained/maintained,Aircraft Altitude - Not attained/maintained,True,2026-04-03 04:05:44.570293+00:00
445,200745,1,5,0204152044,Personnel issues - Action/decision - Info processing/decision - Decision making/judgment - Pilot,Personnel issues Decision making/judgment - Pilot,True,2026-04-03 04:05:44.570293+00:00
446,200744,1,2,0204102544,Personnel issues - Action/decision - Action - Delayed action - Pilot,Personnel issues Delayed action - Pilot,True,2026-04-03 04:05:44.570293+00:00
447,200744,1,3,0302101091,Environmental issues - Physical environment - Terrain - Mountainous/hilly terrain - Contributed to outcome,Environmental issues Mountainous/hilly terrain - Contributed to outcome,False,2026-04-03 04:05:44.570293+00:00
448,200744,1,4,0106101020,Aircraft - Aircraft oper/perf/capability - Aircraft capability - Climb capability - Not attained/maintained,Aircraft Climb capability - Not attained/maintained,True,2026-04-03 04:05:44.570293+00:00
449,200804,1,1,0206304044,Personnel issues - Task performance - Use of equip/info - Aircraft control - Pilot,Personnel issues Aircraft control - Pilot,True,2026-04-03 04:05:44.570293+00:00
450,200804,1,2,0106202020,Aircraft - Aircraft oper/perf/capability - Performance/control parameters - Directional control - Not attained/maintained,Aircraft Directional control - Not attained/maintained,True,2026-04-03 04:05:44.570293+00:00
451,200741,1,2,0206304046,Personnel issues - Task performance - Use of equip/info - Aircraft control - Student/instructed pilot,Personnel issues Aircraft control - Student/instructed pilot,True,2026-04-03 04:05:44.570293+00:00
452,200741,1,3,0106204120,Aircraft - Aircraft oper/perf/capability - Performance/control parameters - Landing flare - Not attained/maintained,Aircraft Landing flare - Not attained/maintained,True,2026-04-03 04:05:44.570293+00:00
453,200696,1,2,0206304044,Personnel issues - Task performance - Use of equip/info - Aircraft control - Pilot,Personnel issues Aircraft control - Pilot,True,2026-04-03 04:05:44.570293+00:00
454,200696,1,3,0106200020,Aircraft - Aircraft oper/perf/capability - Performance/control parameters - (general) - Not attained/maintained,Aircraft (general) - Not attained/maintained,True,2026-04-03 04:05:44.570293+00:00
455,200749,1,4,0202154544,Personnel issues - Psychological - Attention/monitoring - Monitoring environment - Pilot,Personnel issues Monitoring environment - Pilot,True,2026-04-03 04:05:44.570293+00:00
456,200737,1,1,0206304044,Personnel issues - Task performance - Use of equip/info - Aircraft control - Pilot,Personnel issues Aircraft control - Pilot,True,2026-04-03 04:05:44.570293+00:00
457,200728,1,1,0206304044,Personnel issues - Task performance - Use of equip/info - Aircraft control - Pilot,Personnel issues Aircraft control - Pilot,True,2026-04-03 04:05:44.570293+00:00
458,200728,1,2,0106202020,Aircraft - Aircraft oper/perf/capability - Performance/control parameters - Directional control - Not attained/maintained,Aircraft Directional control - Not attained/maintained,True,2026-04-03 04:05:44.570293+00:00
459,200712,1,2,0206304044,Personnel issues - Task performance - Use of equip/info - Aircraft control - Pilot,Personnel issues Aircraft control - Pilot,True,2026-04-03 04:05:44.570293+00:00
460,200712,1,3,0106202020,Aircraft - Aircraft oper/perf/capability - Performance/control parameters - Directional control - Not attained/maintained,Aircraft Directional control - Not attained/maintained,False,2026-04-03 04:05:44.570293+00:00
461,200712,1,4,0106202411,Aircraft - Aircraft oper/perf/capability - Performance/control parameters - Yaw control - Incorrect use/operation,Aircraft Yaw control - Incorrect use/operation,True,2026-04-03 04:05:44.570293+00:00
462,200693,1,1,0204152040,Personnel issues - Action/decision - Info processing/decision - Decision making/judgment - Instructor/check pilot,Personnel issues Decision making/judgment - Instructor/check pilot,True,2026-04-03 04:05:44.570293+00:00
463,200693,1,2,0106200020,Aircraft - Aircraft oper/perf/capability - Performance/control parameters - (general) - Not attained/maintained,Aircraft (general) - Not attained/maintained,True,2026-04-03 04:05:44.570293+00:00
464,200693,1,3,0204102540,Personnel issues - Action/decision - Action - Delayed action - Instructor/check pilot,Personnel issues Delayed action - Instructor/check pilot,True,2026-04-03 04:05:44.570293+00:00
465,200693,1,4,0202153540,Personnel issues - Psychological - Attention/monitoring - Monitoring other person - Instructor/check pilot,Personnel issues Monitoring other person - Instructor/check pilot,True,2026-04-03 04:05:44.570293+00:00
466,200693,1,5,0206304040,Personnel issues - Task performance - Use of equip/info - Aircraft control - Instructor/check pilot,Personnel issues Aircraft control - Instructor/check pilot,True,2026-04-03 04:05:44.570293+00:00
467,200711,1,1,0106202020,Aircraft - Aircraft oper/perf/capability - Performance/control parameters - Directional control - Not attained/maintained,Aircraft Directional control - Not attained/maintained,True,2026-04-03 04:05:44.570293+00:00
468,200711,1,2,0303404585,Environmental issues - Conditions/weather/phenomena - Wind - Gusts - Response/compensation,Environmental issues Gusts - Response/compensation,True,2026-04-03 04:05:44.570293+00:00
469,200711,1,3,0303404582,Environmental issues - Conditions/weather/phenomena - Wind - Gusts - Effect on operation,Environmental issues Gusts - Effect on operation,True,2026-04-03 04:05:44.570293+00:00
470,200686,1,1,0206304044,Personnel issues - Task performance - Use of equip/info - Aircraft control - Pilot,Personnel issues Aircraft control - Pilot,True,2026-04-03 04:05:44.570293+00:00
471,200686,1,2,0202154544,Personnel issues - Psychological - Attention/monitoring - Monitoring environment - Pilot,Personnel issues Monitoring environment - Pilot,True,2026-04-03 04:05:44.570293+00:00
472,200686,1,3,0106201020,Aircraft - Aircraft oper/perf/capability - Performance/control parameters - Airspeed - Not attained/maintained,Aircraft Airspeed - Not attained/maintained,True,2026-04-03 04:05:44.570293+00:00
473,200686,1,5,0202203544,Personnel issues - Psychological - Perception/orientation/illusion - Situational awareness - Pilot,Personnel issues Situational awareness - Pilot,True,2026-04-03 04:05:44.570293+00:00
474,200686,1,6,0303402591,Environmental issues - Conditions/weather/phenomena - Wind - Variable wind - Contributed to outcome,Environmental issues Variable wind - Contributed to outcome,False,2026-04-03 04:05:44.570293+00:00
475,200698,1,2,0102324605,Aircraft - Aircraft systems - Landing gear system - Wheel/ski/float - Damaged/degraded,Aircraft Wheel/ski/float - Damaged/degraded,True,2026-04-03 04:05:44.570293+00:00
476,200698,1,3,0204152044,Personnel issues - Action/decision - Info processing/decision - Decision making/judgment - Pilot,Personnel issues Decision making/judgment - Pilot,True,2026-04-03 04:05:44.570293+00:00
477,200685,1,1,0106103008,Aircraft - Aircraft oper/perf/capability - Aircraft capability - Landing distance - Capability exceeded,Aircraft Landing distance - Capability exceeded,True,2026-04-03 04:05:44.570293+00:00
478,200685,1,2,0106105008,Aircraft - Aircraft oper/perf/capability - Aircraft capability - Braking capability - Capability exceeded,Aircraft Braking capability - Capability exceeded,True,2026-04-03 04:05:44.570293+00:00
479,200685,1,3,0204152044,Personnel issues - Action/decision - Info processing/decision - Decision making/judgment - Pilot,Personnel issues Decision making/judgment - Pilot,True,2026-04-03 04:05:44.570293+00:00
480,200685,1,4,0202203544,Personnel issues - Psychological - Perception/orientation/illusion - Situational awareness - Pilot,Personnel issues Situational awareness - Pilot,True,2026-04-03 04:05:44.570293+00:00
481,200685,1,5,0204102544,Personnel issues - Action/decision - Action - Delayed action - Pilot,Personnel issues Delayed action - Pilot,False,2026-04-03 04:05:44.570293+00:00
482,200685,1,6,0106201020,Aircraft - Aircraft oper/perf/capability - Performance/control parameters - Airspeed - Not attained/maintained,Aircraft Airspeed - Not attained/maintained,True,2026-04-03 04:05:44.570293+00:00
483,200685,1,7,0206304044,Personnel issues - Task performance - Use of equip/info - Aircraft control - Pilot,Personnel issues Aircraft control - Pilot,False,2026-04-03 04:05:44.570293+00:00
484,200685,1,8,0106204020,Aircraft - Aircraft oper/perf/capability - Performance/control parameters - Descent/approach/glide path - Not attained/maintained,Aircraft Descent/approach/glide path - Not attained/maintained,False,2026-04-03 04:05:44.570293+00:00
485,200685,1,9,0204101044,Personnel issues - Action/decision - Action - Incorrect action selection - Pilot,Personnel issues Incorrect action selection - Pilot,False,2026-04-03 04:05:44.570293+00:00
