incident_key,mkey,ntsb_no,event_date,event_year,event_month,city,state,country,latitude,longitude,airport_id,airport_name,make_raw,model_raw,make_clean,model_clean,model_family,aircraft_category,n_number,serial_number,amateur_built,number_of_engines,engine_type,far_part,scheduled,purpose_of_flight,operator,aircraft_damage,damage_severity_score,highest_injury_level,fatal_count,serious_count,minor_count,total_onboard,weather_condition,accident_site_condition,has_safety_rec,report_type,report_status,factual_narrative,analysis_narrative,probable_cause,findings_text,narrative_combined,kw_engine_failure,kw_fuel_exhaustion,kw_loss_of_control,kw_weather_factor,kw_mechanical,kw_pilot_error,kw_runway_excursion,kw_fire,kw_structural,kw_bird_strike,severity_score,source_csv_ingestion_id,source_json_ingestion_id,silver_loaded_at
546,200830,DCA25WA301,2025-04-22,2025,4,Luton,,United Kingdom,,,EGGW,London Luton Airport,BOEING,737,BOEING,737,BOEING 737,AIR,G-CRUX,,False,,,000,,,,None,1,,0,0,0,0,,,False,,N/A,,,,,   ,False,False,False,False,False,False,False,False,False,False,3.00,670,,2026-04-03 04:05:44.570293+00:00
230,200433,DCA25WA245,2025-07-12,2025,7,Mascot,,Austria,,,,,BOEING,737,BOEING,737,BOEING 737,,VH-YIL,,False,,,000,SCHD,,,,0,,0,0,0,0,,,False,,N/A,,,,,   ,False,False,False,False,False,False,False,False,False,False,0.00,1492,,2026-04-03 04:05:44.570293+00:00
324,200557,GAA25WA211,2025-07-15,2025,7,Khancoban,,Australia,-36.220167,,,,BEECH,35,BEECH,35,BEECH 35,AIR,VH-KZK,,False,,,000,,,,Destroyed,4,Fatal,1,0,0,1,,,False,,N/A,,,,,   ,False,False,False,False,False,False,False,False,False,False,29.00,1471,,2026-04-03 04:05:44.570293+00:00
359,200604,GAA25WA214,2025-07-19,2025,7,Miranda,OTHER FOREIGN,Venezuela,,,SVCS,,CESSNA,152,CESSNA,152,CESSNA 152,AIR,YV104E,15281130,False,1.0,,000,,UNK,,Minor,2,None,0,0,0,0,,,False,,N/A,,,,,   ,False,False,False,False,False,False,False,False,False,False,6.00,1447,,2026-04-03 04:05:44.570293+00:00
753,201712,GAA25WA265,2025-09-19,2025,9,Cham,OTHER FOREIGN,Switzerland,,,,,PIPER,PA18,PIPER,PA18,PIPER PA18,AIR,HB-ORK,,False,,,000,,,,Destroyed,4,Fatal,1,0,0,1,,,False,,N/A,,,,,   ,False,False,False,False,False,False,False,False,False,False,29.00,1250,,2026-04-03 04:05:44.570293+00:00
177,200361,DCA25LA239,2025-06-22,2025,6,Nashville,TENNESSEE,United States,36.130202,,,,AIRBUS,A320,AIRBUS,A320,AIRBUS A320,AIR,N616NK,,False,,,121,SCHD,,Spirit,None,1,Serious,0,1,0,1,,,False,,In work,,,,,   ,False,False,False,False,False,False,False,False,False,False,11.00,1810,,2026-04-03 04:05:44.570293+00:00
6,199967,DCA25WA177,2025-04-06,2025,4,Bay Of Biscay,,France,,,,,BOEING,737-800,BOEING,737-800,BOEING 737-800,,OY-JZK,,False,,,,,,,,0,,0,0,0,0,,,False,,N/A,,,,,   ,False,False,False,False,False,False,False,False,False,False,0.00,737,,2026-04-03 04:05:44.570293+00:00
220,200416,GAA25WA195,2025-06-27,2025,6,Chartres,,France,,,LFOR,,CESSNA,172,CESSNA,172,CESSNA 172,AIR,F-GYDS,,False,,,000,,,,Destroyed,4,,0,0,0,0,,,False,,N/A,,,,,   ,False,False,False,False,False,False,False,False,False,False,12.00,1776,,2026-04-03 04:05:44.570293+00:00
66,200056,ENG25WA030,2025-04-22,2025,4,Budapest,,Hungary,,,,,BOEING,737,BOEING,737,BOEING 737,AIR,SP-RZU,,False,,TF,000,,,,Unknown,0,None,0,0,0,0,,,False,,N/A,,,,,   ,False,False,False,False,False,False,False,False,False,False,0.00,671,,2026-04-03 04:05:44.570293+00:00
162,200344,GAA25WA186,2025-06-05,2025,6,Lanseria,,South Africa,,,,,CESSNA,210,CESSNA,210,CESSNA 210,AIR,ZS-MZJ,,False,,,000,,,,Destroyed,4,Fatal,1,1,0,2,,,False,,N/A,,,,,   ,False,False,False,False,False,False,False,False,False,False,29.00,1897,,2026-04-03 04:05:44.570293+00:00
163,200345,GAA25WA187,2025-06-08,2025,6,Ladysmith,,South Africa,,,,,PIPER,PA28,PIPER,PA28,PIPER PA28,AIR,ZS-KFB,,False,,,000,,,,Substantial,3,,0,0,0,0,,,False,,N/A,,,,,   ,False,False,False,False,False,False,False,False,False,False,9.00,1876,,2026-04-03 04:05:44.570293+00:00
164,200346,DCA25WA235,2025-06-10,2025,6,Near Waypoint Dagag,,Singapore,,,,,BOEING,787,BOEING,787,BOEING 787,AIR,9V-OFI,,False,,,000,SCHD,,Scoot,None,1,,0,0,0,0,,,False,,N/A,,,,,   ,False,False,False,False,False,False,False,False,False,False,3.00,1870,,2026-04-03 04:05:44.570293+00:00
659,200964,GAA25WA253,2025-09-07,2025,9,Castellón,OTHER FOREIGN,Spain,,,LECN,,THRUSH,S2R,THRUSH,S2R,THRUSH S2R,AIR,EC-MXF,,False,,,000,,,PLYSA,Substantial,3,,0,0,0,0,,,False,,N/A,,,,,   ,False,False,False,False,False,False,False,False,False,False,9.00,1318,,2026-04-03 04:05:44.570293+00:00
748,201706,DCA25WA338,2025-09-11,2025,9,Lipjan,,Kosovo,,,,,BOEING,737,BOEING,737,BOEING 737,AIR,GPX5AS,,False,2.0,,000,,,,Minor,2,,0,0,0,0,,,False,,N/A,,,,,   ,False,False,False,False,False,False,False,False,False,False,6.00,1296,,2026-04-03 04:05:44.570293+00:00
760,201723,GAA25WA268,2025-09-24,2025,9,Lillooet,OTHER FOREIGN,Canada,,,,,BUSHMASTER,Super 22,BUSHMASTER,Super 22,BUSHMASTER SUPER,,C-GWNQ,,False,,,,,,,,0,Fatal,1,0,0,1,,,False,,N/A,,,,,   ,False,False,False,False,False,False,False,False,False,False,17.00,1219,,2026-04-03 04:05:44.570293+00:00
956,201960,GAA26WA019,2025-10-29,2025,10,San Felipe,OTHER FOREIGN,Chile,,,,,RANS,S9,RANS,S9,RANS S9,AIR,ULM-200,,False,,,000,,,,Destroyed,4,Fatal,1,0,0,1,,,False,,N/A,,,,,   ,False,False,False,False,False,False,False,False,False,False,29.00,855,,2026-04-03 04:05:44.570293+00:00
165,200347,DCA25WA236,2025-06-12,2025,6,Pusan City,,Republic Of Korea,,,,Gimhae International Airport,BOEING,737,BOEING,737,BOEING 737,AIR,Not reported,,False,,,000,SCHD,,China Airlines,None,1,None,0,0,0,0,,,False,,N/A,,,,,   ,False,False,False,False,False,False,False,False,False,False,3.00,1861,,2026-04-03 04:05:44.570293+00:00
1165,202385,GAA26WA089,2025-12-10,2025,12,Dhana Airfield,,India,,,,,CESSNA,172,CESSNA,172,CESSNA 172,,VT-CAZ,,False,,,,,,,,0,,0,0,0,0,,,False,,N/A,,,,,   ,False,False,False,False,False,False,False,False,False,False,0.00,1163,77.0,2026-04-03 04:05:44.570293+00:00
176,200359,ERA25LA234,2025-06-13,2025,6,Interlachen,FLORIDA,United States,29.683040,,FD22,MELROSE LANDING,STEVEN SCOTT GRASLEY,RV-7A,STEVEN SCOTT GRASLEY,RV-7A,STEVEN SCOTT GRASLEY RV-7A,AIR,N783RV,74002,True,1.0,,091,,PERS,,Substantial,3,Minor,0,0,1,1,VMC,,False,,In work,,,,,   ,False,False,False,False,False,False,False,False,False,False,13.00,1854,,2026-04-03 04:05:44.570293+00:00
650,200955,ENG25WA054,2025-07-02,2025,7,Kitakyushu,OTHER FOREIGN,Japan,,,,,PILATUS,PC12,PILATUS,PC12,PILATUS PC12,AIR,T7-12DW,2164,False,,,000,,,,None,1,,0,0,0,0,,,False,,N/A,,,,,   ,False,False,False,False,False,False,False,False,False,False,3.00,1544,,2026-04-03 04:05:44.570293+00:00
198,200386,ANC25LA055,2025-06-24,2025,6,Big Lake,ALASKA,United States,61.535150,,BGQ,Big Lake Airport,PIPER,PA-32R-300,PIPER,PA-32R-300,PIPER PA-32R-300,AIR,N3609Q,32R-7780319,False,1.0,,091,,INST,,Substantial,3,Serious,0,2,0,2,VMC,,False,,In work,,,,,   ,False,False,False,False,False,False,False,False,False,False,17.00,1799,,2026-04-03 04:05:44.570293+00:00
199,200387,ERA25FA239,2025-06-24,2025,6,Dunlap,TENNESSEE,United States,35.340055,,PVT,,PIPER,J3C-65,PIPER,J3C-65,PIPER J3C-65,AIR,N28DR,21010,False,1.0,,091,,INST,,Substantial,3,Fatal,1,1,0,2,VMC,,False,,In work,,,,,   ,False,False,False,False,False,False,False,False,False,False,26.00,1793,,2026-04-03 04:05:44.570293+00:00
166,200349,GAA25WA188,2025-06-16,2025,6,Klint,,Germany,,,,,RAND ROBINSON,KR2,RAND ROBINSON,KR2,RAND ROBINSON KR2,AIR,D-ELKR,,False,,,000,,,,Destroyed,4,Fatal,1,0,0,1,,,False,,N/A,,,,,   ,False,False,False,False,False,False,False,False,False,False,29.00,1840,,2026-04-03 04:05:44.570293+00:00
609,200901,ENG25WA052,2025-08-20,2025,8,Haute-Corse,,France,,,,,AIRBUS,A320,AIRBUS,A320,AIRBUS A320,AIR,F-HBNJ,4908,False,,,000,,,,None,1,,0,0,0,0,,,False,,N/A,,,,,   ,False,False,False,False,False,False,False,False,False,False,3.00,1632,178.0,2026-04-03 04:05:44.570293+00:00
69,200059,DCA25WA191,2025-04-14,2025,4,El-Oued,,Algeria,,,,,BOEING,737,BOEING,737,BOEING 737,AIR,7T-VKK,,False,,,000,,,Air Algerie,None,1,Serious,0,1,2,3,,,False,,N/A,,,,,   ,False,False,False,False,False,False,False,False,False,False,11.00,695,,2026-04-03 04:05:44.570293+00:00
161,200343,GAA25WA185,2025-06-15,2025,6,Guptkashi,,India,,,,,BELL,407,BELL,407,BELL 407,HELI,VT-BKA,,False,,,000,,,,Substantial,3,,0,0,0,0,,,False,,N/A,,,,,   ,False,False,False,False,False,False,False,False,False,False,9.00,1845,,2026-04-03 04:05:44.570293+00:00
745,201702,GAA25WA262,2025-06-24,2025,6,Maklar,,Hungary,,,,,CESSNA,P210,CESSNA,P210,CESSNA P210,AIR,D-EADB,,False,1.0,,000,,,,Substantial,3,,0,0,0,0,,,False,,N/A,,,,,   ,False,False,False,False,False,False,False,False,False,False,9.00,1801,,2026-04-03 04:05:44.570293+00:00
915,201909,ENG26WA003,2025-10-15,2025,10,Rio De Janeiro,,Brazil,,,,,SIKORSKY,S92,SIKORSKY,S92,SIKORSKY S92,,PR-BGM,,False,,,,,,,,0,None,0,0,0,0,,,False,,N/A,,,,,   ,False,False,False,False,False,False,False,False,False,False,0.00,903,,2026-04-03 04:05:44.570293+00:00
1225,202666,GAA26WA132,2026-03-12,2026,3,San Rafael,OTHER FOREIGN,Argentina,,,,,CESSNA,170,CESSNA,170,CESSNA 170,,LV-FCS,,False,,,,,,,,0,None,0,0,0,0,,,False,,N/A,,,,,   ,False,False,False,False,False,False,False,False,False,False,0.00,802,,2026-04-03 04:05:44.570293+00:00
1091,202164,GAA26WA051,2025-12-13,2025,12,Ranana,,New Zealand,,,,,BELL,206,BELL,206,BELL 206,HELI,ZK-IWZ,51123,False,,,137,,,,Substantial,3,Fatal,2,0,0,2,,,False,,N/A,,,,,   ,False,False,False,False,False,False,False,False,False,False,31.00,1150,64.0,2026-04-03 04:05:44.570293+00:00
25,200002,WPR25FA127,2025-04-11,2025,4,Justin,TEXAS,United States,33.071592,,16X,Propwash Airport,Azalea Aviation LLC,Saberwing,AZALEA AVIATION LLC,Saberwing,AZALEA AVIATION LLC SABERWING,AIR,N121DF,SW-011,True,1.0,,091,,PERS,,Destroyed,4,Fatal,1,0,0,1,VMC,,False,,In work,,,,,   ,False,False,False,False,False,False,False,False,False,False,29.00,707,,2026-04-03 04:05:44.570293+00:00
930,201928,CEN26LA031,2025-10-27,2025,10,Chilton,TEXAS,United States,31.287450,,N/A,,DENNEY,KITFOX,DENNEY,KITFOX,DENNEY KITFOX,AIR,N5241N,1172,True,1.0,,091,,PERS,,Substantial,3,None,0,0,0,0,VMC,,False,,In work,,,,,   ,False,False,False,False,False,False,False,False,False,False,9.00,861,,2026-04-03 04:05:44.570293+00:00
26,200005,WPR25MA128,2025-04-12,2025,4,Copake,NEW YORK,United States,42.178250,,1B1,Columbia County Airport,MITSUBISHI,MU-2B-40,MITSUBISHI,MU-2B-40,MITSUBISHI MU-2B-40,AIR,N635TA,458 S.A.,False,2.0,,091,,PERS,,Destroyed,4,Fatal,6,0,0,6,IMC,,False,,In work,,,,,   ,False,False,False,False,False,False,False,False,False,False,54.00,704,,2026-04-03 04:05:44.570293+00:00
86,200088,CEN25LA164,2025-04-29,2025,4,Atlantic Ocean,,Canada,46.951667,,,,AIR TRACTOR,AT802,AIR TRACTOR,AT802,AIR TRACTOR AT802,AIR,N4025K,802A-1187,False,1.0,TP,091,NSCH,FERY,,Destroyed,4,Fatal,1,0,0,1,IMC,,False,DirectorBrief,Completed,,,The airplane’s impact with the ocean for undetermined reasons based on the available evidence.,Not determined - Not determined - (general) - (general) - Unknown/Not determined,  The airplane’s impact with the ocean for undetermined reasons based on the available evidence. Not determined - Not determined - (general) - (general) - Unknown/Not determined,False,False,False,False,False,False,False,False,False,False,29.00,649,,2026-04-03 04:05:44.570293+00:00
87,200090,ENG25LA053,2025-04-25,2025,4,Honolulu,HAWAII,United States,21.317825,,,,BOEING,767,BOEING,767,BOEING 767,AIR,N347AZ,26264,False,2.0,,121,NSCH,,Air Transport International,None,1,None,0,0,0,0,VMC,,False,,In work,,,,,   ,False,False,False,False,False,False,False,False,False,False,3.00,658,,2026-04-03 04:05:44.570293+00:00
88,200091,GAA25WA150,2025-04-19,2025,4,São José Do Rio Claro,OTHER FOREIGN,Brazil,-13.434167,,,,AYRES,S2R,AYRES,S2R,AYRES S2R,AIR,PR-PRM,T34-420DC,False,1.0,TP,000,,AAPL,AEROAGRÍCOLA BELA VISTA LTDA - ME,Destroyed,4,Fatal,1,0,0,1,,,False,,N/A,,,,,   ,False,False,False,False,False,False,False,False,False,False,29.00,679,,2026-04-03 04:05:44.570293+00:00
137,200314,CEN25LA205,2025-06-11,2025,6,Fort Stockton,TEXAS,United States,30.915259,,FST,FORT STOCKTON-PECOS COUNTY,LANCAIR,360,LANCAIR,360,LANCAIR 360,AIR,N77LH,891 320 688,True,1.0,,091,,PERS,,Destroyed,4,None,0,0,0,0,VMC,,False,,In work,,,,,   ,False,False,False,False,False,False,False,False,False,False,12.00,1863,,2026-04-03 04:05:44.570293+00:00
138,200315,DCA25WA232,2025-06-12,2025,6,Ahmedabab,,India,,,,,BOEING,787,BOEING,787,BOEING 787,,VT-ANB,,False,,,000,SCHD,,Air India,,0,,0,0,0,0,,,False,,N/A,,,,,   ,False,False,False,False,False,False,False,False,False,False,0.00,1862,,2026-04-03 04:05:44.570293+00:00
102,200232,DCA25WA219,2025-04-29,2025,4,Athens,,Greece,,,,,"BOEING, ATR","737, ATR72","BOEING, ATR","737, ATR72","BOEING, ATR 737,",,"4X-EHE, SX-TNO",,,,,,,,,,0,,0,0,0,0,,,False,,N/A,,,,,   ,False,False,False,False,False,False,False,False,False,False,0.00,650,,2026-04-03 04:05:44.570293+00:00
158,200338,CEN25LA208,2025-06-16,2025,6,New Century,KANSAS,United States,38.839910,,IXD,,BEECH,E-90,BEECH,E-90,BEECH E-90,AIR,N1UC,LW-140,False,2.0,,091,,INST,L and P Air LLC,Substantial,3,Minor,0,0,2,2,VMC,,False,,In work,,,,,   ,False,False,False,False,False,False,False,False,False,False,13.00,1838,,2026-04-03 04:05:44.570293+00:00
518,200797,DCA25WA295,2025-08-14,2025,8,Banksmeadow,,Australia,-33.961518,,,,BOEING,787,BOEING,787,BOEING 787,AIR,ZK-NZR,,False,2.0,,000,,,,None,1,,0,0,0,0,,,False,,N/A,,,,,   ,False,False,False,False,False,False,False,False,False,False,3.00,1668,214.0,2026-04-03 04:05:44.570293+00:00
717,201035,WPR25LA283,2025-09-17,2025,9,Rigby,IDAHO,United States,43.642725,,U56,Rigby Airport,CESSNA,150F,CESSNA,150F,CESSNA 150F,AIR,N8047F,15064147,False,1.0,,091,,INST,,Substantial,3,Minor,0,0,1,1,VMC,,False,,In work,,,,,   ,False,False,False,False,False,False,False,False,False,False,13.00,1262,,2026-04-03 04:05:44.570293+00:00
10,199973,CEN25LA146,2025-04-07,2025,4,Ault,COLORADO,United States,40.724943,,,,PIPER,PA28,PIPER,PA28,PIPER PA28,AIR,N8282V,28-8116060,False,1.0,REC,091,,INST,,Substantial,3,None,0,0,0,0,VMC,,False,DirectorBrief,Completed,,,"The flight instructor’s failure to maintain terrain clearance during an attempted go-around, which resulted in a collision with a fence post.","Personnel issues - Task performance - Use of equip/info - Aircraft control - Instructor/check pilot, Aircraft - Aircraft oper/perf/capability - Performance/control parameters - Altitude - Not attained/maintained, Personnel issues - Psychological - Attention/monitoring - Task monitoring/vigilance - Instructor/check pilot, Personnel issues - Action/decision - Info processing/decision - Decision making/judgment - Instructor/check pilot","  The flight instructor’s failure to maintain terrain clearance during an attempted go-around, which resulted in a collision with a fence post. Personnel issues - Task performance - Use of equip/info - Aircraft control - Instructor/check pilot, Aircraft - Aircraft oper/perf/capability - Performance/control parameters - Altitude - Not attained/maintained, Personnel issues - Psychological - Attention/monitoring - Task monitoring/vigilance - Instructor/check pilot, Personnel issues - Action/decision - Info processing/decision - Decision making/judgment - Instructor/check pilot",False,False,False,False,False,True,False,False,False,False,9.00,733,,2026-04-03 04:05:44.570293+00:00
11,199976,GAA25WA133,2025-04-02,2025,4,Rondonopolis,,Brazil,-16.483889,,SDWC,Agropastori Bom Pastor Aerodrome,PIPER,PA32,PIPER,PA32,PIPER PA32,AIR,PP-PSO,3232037,False,1.0,REC,000,,,,Destroyed,4,Fatal,1,0,0,1,,,False,,N/A,,,,,   ,False,False,False,False,False,False,False,False,False,False,29.00,744,,2026-04-03 04:05:44.570293+00:00
403,200654,ENG25WA048,2025-07-04,2025,7,Vitória Da Conquista,OTHER FOREIGN,Brazil,,,SBQV,,CIRRUS,SR22,CIRRUS,SR22,CIRRUS SR22,AIR,PR-EMC,2214,False,,,000,,,Jacson Ronaldo Tombini,Substantial,3,,0,0,0,0,,,False,,N/A,,,,,   ,False,False,False,False,False,False,False,False,False,False,9.00,1529,,2026-04-03 04:05:44.570293+00:00
1,199945,ERA25LA161,2025-04-01,2025,4,Martinsville,VIRGINIA,United States,36.635850,,MTV,BLUE RIDGE,AERONCA,7AC,AERONCA,7AC,AERONCA 7AC,AIR,N84065,7AC-2752,False,1.0,REC,091,,PERS,,Substantial,3,Minor,0,0,1,1,VMC,,False,DirectorBrief,Completed,,,The pilot inadvertently turned off the fuel selector valve on takeoff which resulted in a loss of engine power.,"Aircraft - Aircraft systems - Fuel system - Fuel selector/shutoff valve - Unintentional use/operation, Personnel issues - Action/decision - Info processing/decision - Identification/recognition - Pilot","  The pilot inadvertently turned off the fuel selector valve on takeoff which resulted in a loss of engine power. Aircraft - Aircraft systems - Fuel system - Fuel selector/shutoff valve - Unintentional use/operation, Personnel issues - Action/decision - Info processing/decision - Identification/recognition - Pilot",False,False,False,False,False,False,False,False,False,False,13.00,748,,2026-04-03 04:05:44.570293+00:00
2,199949,ERA25FA163,2025-04-01,2025,4,Midvale,OHIO,United States,40.425608,,PHD,New Philadelphia,CESSNA,310Q,CESSNA,310Q,CESSNA 310Q,AIR,N8242Q,310Q0715,False,2.0,,091,,PERS,Birds Eye View Inc,Substantial,3,Fatal,1,0,0,1,VMC,,False,,In work,,,,,   ,False,False,False,False,False,False,False,False,False,False,26.00,747,,2026-04-03 04:05:44.570293+00:00
3,199950,ERA25LA164,2025-04-01,2025,4,Hickory,NORTH CAROLINA,United States,35.743384,,HKY,HICKORY RGNL,CESSNA,172N,CESSNA,172N,CESSNA 172N,AIR,N79514,17268134,False,1.0,REC,091,,INST,,Substantial,3,Minor,0,0,1,1,VMC,,False,DirectorBrief,Completed,,,"The student pilot’s failure to maintain airplane control during an attempted go-around, which resulted in an aerodynamic stall/spin and collision with terrain.","Personnel issues - Task performance - Use of equip/info - Aircraft control - Pilot, Aircraft - Aircraft oper/perf/capability - Performance/control parameters - Angle of attack - Not attained/maintained","  The student pilot’s failure to maintain airplane control during an attempted go-around, which resulted in an aerodynamic stall/spin and collision with terrain. Personnel issues - Task performance - Use of equip/info - Aircraft control - Pilot, Aircraft - Aircraft oper/perf/capability - Performance/control parameters - Angle of attack - Not attained/maintained",False,False,False,False,False,True,False,False,False,False,13.00,746,,2026-04-03 04:05:44.570293+00:00
4,199955,CEN25FA144,2025-04-02,2025,4,Raceland,LOUISIANA,United States,29.701865,,HUM,HOUMA-TERREBONNE,CESSNA,210L,CESSNA,210L,CESSNA 210L,AIR,N1574P,21061258,False,1.0,,091,,INST,SOUTHERN SEAPLANE INC,Destroyed,4,Fatal,2,0,0,2,IMC,,False,,In work,,,,,   ,False,False,False,False,False,False,False,False,False,False,34.00,742,,2026-04-03 04:05:44.570293+00:00
5,199960,ERA25LA166,2025-04-03,2025,4,Sanford,FLORIDA,United States,28.781181,,SFB,ORLANDO SANFORD INTL,CESSNA,182,CESSNA,182,CESSNA 182,AIR,N1910M,18264475,False,1.0,,091,,PERS,,Substantial,3,Minor,0,0,1,1,VMC,,False,,In work,,,,,   ,False,False,False,False,False,False,False,False,False,False,13.00,741,,2026-04-03 04:05:44.570293+00:00
7,199968,ERA25LA167,2025-04-06,2025,4,Rockledge,FLORIDA,United States,28.337222,,COI,MERRITT ISLAND,HILLER,UH12E,HILLER,UH12E,HILLER UH12E,HELI,N48263,1208,False,1.0,,091,,PERS,,Substantial,3,Serious,0,2,0,2,VMC,,False,,In work,,,,,   ,False,False,False,False,False,False,False,False,False,False,17.00,736,,2026-04-03 04:05:44.570293+00:00
8,199970,GAA25WA132,2025-04-01,2025,4,Bergen,OTHER FOREIGN,Norway,,,,,CHAMPION,8KCAB,CHAMPION,8KCAB,CHAMPION 8KCAB,AIR,LN-SDB,,False,,,000,,,,Substantial,3,Fatal,2,0,0,2,,,False,,N/A,,,,,   ,False,False,False,False,False,False,False,False,False,False,31.00,749,,2026-04-03 04:05:44.570293+00:00
9,199972,WPR25LA124,2025-04-07,2025,4,North Bend,OREGON,United States,43.423888,,OTH,Southwest Oregon Regional Airport,HONDA AIRCRAFT CO LLC,HA-420,HONDA AIRCRAFT CO LLC,HA-420,HONDA AIRCRAFT CO LLC HA-420,AIR,N826E,42000170,False,2.0,,091,,EXEC,ANDY LEAVITT ENTERPRISES LLC,Substantial,3,Serious,0,1,4,5,UNKNOWN,,False,,In work,,,,,   ,False,False,False,False,False,False,False,False,False,False,17.00,734,,2026-04-03 04:05:44.570293+00:00
12,199977,ERA25LA168,2025-04-04,2025,4,Vero Beach,FLORIDA,United States,27.653517,,VRB,Vero Beach Regional Airport,PIPER,PA-34-200,PIPER,PA-34-200,PIPER PA-34-200,AIR,N333SE,34-7350091,False,2.0,REC,091,,INST,PARIS AIR INC,Substantial,3,None,0,0,0,0,VMC,,False,DirectorBrief,Completed,,,"Separation of the lower nose landing gear down lock link bolt, which resulted in a collapse of the nose landing gear during landing.",Aircraft - Aircraft systems - Landing gear system - Gear extension and retract sys - Failure,"  Separation of the lower nose landing gear down lock link bolt, which resulted in a collapse of the nose landing gear during landing. Aircraft - Aircraft systems - Landing gear system - Gear extension and retract sys - Failure",False,False,False,False,True,False,False,False,False,False,9.00,740,,2026-04-03 04:05:44.570293+00:00
307,200531,CEN25LA250,2025-07-12,2025,7,Tarkio,MISSOURI,United States,40.445489,,K57,Gould Peterson Municipal,"GAME COMPOSITES LLC, VANS","GB1 GAMEBIRD, RV-8","GAME COMPOSITES LLC, VANS","GB1 GAMEBIRD, RV-8","GAME COMPOSITES LLC, VANS GB1","AIR, AIR","N588AF, N931KZ","0039, 83685",,,,091,,"PERS, PERS",,"Substantial, Minor",0,None,0,0,0,0,VMC,,False,,In work,,,,,   ,False,False,False,False,False,False,False,False,False,False,0.00,1491,,2026-04-03 04:05:44.570293+00:00
103,200249,CEN25LA191,2025-06-02,2025,6,Hamlet,NEBRASKA,United States,40.385247,,N/A,,Air Tractor Inc,AT-401,AIR TRACTOR INC,AT-401,AIR TRACTOR INC AT-401,AIR,N60057,401-0951,False,1.0,TP,137,,AAPL,Sunflower Aero Inc,Substantial,3,None,0,0,0,0,VMC,,False,DirectorBrief,Completed,,,The pilot's failure to maintain clearance from the power lines during low altitude maneuvering.,"Personnel issues - Psychological - Attention/monitoring - Monitoring environment - Pilot, Aircraft - Aircraft oper/perf/capability - Performance/control parameters - Altitude - Not attained/maintained","  The pilot's failure to maintain clearance from the power lines during low altitude maneuvering. Personnel issues - Psychological - Attention/monitoring - Monitoring environment - Pilot, Aircraft - Aircraft oper/perf/capability - Performance/control parameters - Altitude - Not attained/maintained",False,False,False,False,False,True,False,False,False,False,9.00,1906,,2026-04-03 04:05:44.570293+00:00
104,200255,CEN25FA194,2025-06-03,2025,6,Farmington,NORTH CAROLINA,United States,35.988797,,5NC2,Sugar Valley Airport,UNIVERSAL STINSON,108,UNIVERSAL STINSON,108,UNIVERSAL STINSON 108,AIR,N40158,108-88,False,1.0,,091,,PERS,,Substantial,3,Fatal,2,1,0,3,VMC,,False,,In work,,,,,   ,False,False,False,False,False,False,False,False,False,False,31.00,1902,,2026-04-03 04:05:44.570293+00:00
27,200006,ANC25LA033,2025-04-09,2025,4,Bethel,ALASKA,United States,60.801350,,,,PIPER,PA-18-150,PIPER,PA-18-150,PIPER PA-18-150,AIR,N57617,18-7709125,False,1.0,REC,091,,OWRK,,Substantial,3,None,0,0,0,0,VMC,,False,DirectorBrief,Completed,,,The pilot's delayed decision to abort the takeoff when the airplane was not attaining sufficient airspeed for takeoff and subsequently departed the end of the lake and collided with terrain.,"Aircraft - Aircraft oper/perf/capability - Performance/control parameters - Surface speed/braking - Capability exceeded, Personnel issues - Action/decision - Info processing/decision - Decision making/judgment - Pilot, Environmental issues - Physical environment - Runway/land/takeoff/taxi surface - Snow/slush/ice covered surface - Effect on operation","  The pilot's delayed decision to abort the takeoff when the airplane was not attaining sufficient airspeed for takeoff and subsequently departed the end of the lake and collided with terrain. Aircraft - Aircraft oper/perf/capability - Performance/control parameters - Surface speed/braking - Capability exceeded, Personnel issues - Action/decision - Info processing/decision - Decision making/judgment - Pilot, Environmental issues - Physical environment - Runway/land/takeoff/taxi surface - Snow/slush/ice covered surface - Effect on operation",False,False,False,False,False,False,False,False,False,False,9.00,727,,2026-04-03 04:05:44.570293+00:00
50,200035,CEN25FA157,2025-04-18,2025,4,Fremont,NEBRASKA,United States,41.415930,,,,CESSNA,180,CESSNA,180,CESSNA 180,AIR,N2908C,30808,False,1.0,,091,,PERS,,Substantial,3,Fatal,3,0,0,3,VMC,,False,,In work,,,,,   ,False,False,False,False,False,False,False,False,False,False,36.00,680,,2026-04-03 04:05:44.570293+00:00
13,199978,CEN25LA147,2025-04-08,2025,4,Zeeland,MICHIGAN,United States,42.817176,,Z98,Ottawa Executive Airport,CESSNA,150F,CESSNA,150F,CESSNA 150F,AIR,N6561F,15063161,False,1.0,REC,091,,INST,Wings Aero LLC,Substantial,3,None,0,0,0,0,VMC,,False,DirectorBrief,Completed,,,The flight instructor’s failure to maintain control of the airplane during the go-around which led to the airplane exceeding its critical angle-of-attack and entering an aerodynamic stall at a low altitude. Contributing to the accident was the flight instructor’s delayed remedial action and her failure to ensure that the student had relinquished control of the airplane during the go-around.,"Aircraft - Aircraft oper/perf/capability - Performance/control parameters - Pitch control - Not attained/maintained, Aircraft - Aircraft oper/perf/capability - Performance/control parameters - Yaw control - Not attained/maintained, Aircraft - Aircraft oper/perf/capability - Performance/control parameters - Angle of attack - Not attained/maintained, Personnel issues - Action/decision - Action - Delayed action - Instructor/check pilot, Personnel issues - Action/decision - Info processing/decision - Identification/recognition - Instructor/check pilot, Personnel issues - Task performance - Use of equip/info - Aircraft control - Instructor/check pilot","  The flight instructor’s failure to maintain control of the airplane during the go-around which led to the airplane exceeding its critical angle-of-attack and entering an aerodynamic stall at a low altitude. Contributing to the accident was the flight instructor’s delayed remedial action and her failure to ensure that the student had relinquished control of the airplane during the go-around. Aircraft - Aircraft oper/perf/capability - Performance/control parameters - Pitch control - Not attained/maintained, Aircraft - Aircraft oper/perf/capability - Performance/control parameters - Yaw control - Not attained/maintained, Aircraft - Aircraft oper/perf/capability - Performance/control parameters - Angle of attack - Not attained/maintained, Personnel issues - Action/decision - Action - Delayed action - Instructor/check pilot, Personnel issues - Action/decision - Info processing/decision - Identification/recognition - Instructor/check pilot, Personnel issues - Task performance - Use of equip/info - Aircraft control - Instructor/check pilot",False,False,False,False,False,True,False,False,False,False,9.00,731,,2026-04-03 04:05:44.570293+00:00
14,199980,CEN25FA148,2025-04-08,2025,4,Haskell,OKLAHOMA,United States,35.833363,,,,ANUSIEWICZ,CASSUTT III M,ANUSIEWICZ,CASSUTT III M,ANUSIEWICZ CASSUTT,AIR,N5RR,326,True,1.0,,091,,PERS,,Substantial,3,Fatal,1,0,0,1,VMC,,False,,In work,,,,,   ,False,False,False,False,False,False,False,False,False,False,26.00,728,,2026-04-03 04:05:44.570293+00:00
15,199982,CEN25LA149,2025-04-08,2025,4,Platteville,WISCONSIN,United States,42.685220,,PVB,,PPHU EKOLOT,KR-030 TOPAZ,PPHU EKOLOT,KR-030 TOPAZ,PPHU EKOLOT KR-030,AIR,N568RD,30-15-03,False,1.0,,091,,PERS,,Substantial,3,Serious,0,1,0,1,VMC,,False,,In work,,,,,   ,False,False,False,False,False,False,False,False,False,False,17.00,730,,2026-04-03 04:05:44.570293+00:00
16,199984,ERA25LA169,2025-04-09,2025,4,Fredericksburg,VIRGINIA,United States,38.268877,,,,BEECH,A36,BEECH,A36,BEECH A36,AIR,N2Z,E-2514,False,1.0,,091,,INST,,Substantial,3,Minor,0,0,2,2,VMC,,False,,In work,,,,,   ,False,False,False,False,False,False,False,False,False,False,13.00,724,,2026-04-03 04:05:44.570293+00:00
17,199986,CEN25LA150,2025-04-06,2025,4,Fairbury,NEBRASKA,United States,40.181900,,FBY,Fairbury Municipal,SILVAIRE,8F,SILVAIRE,8F,SILVAIRE 8F,AIR,N9926C,S-30,False,1.0,REC,091,,INST,,Substantial,3,None,0,0,0,0,VMC,,False,DirectorBrief,Completed,,,The pilot’s failure to maintain directional control while landing and the flight instructors delayed remedial action.,"Aircraft - Aircraft oper/perf/capability - Performance/control parameters - Directional control - Not attained/maintained, Personnel issues - Task performance - Use of equip/info - Aircraft control - Pilot, Personnel issues - Action/decision - Action - Delayed action - Instructor/check pilot","  The pilot’s failure to maintain directional control while landing and the flight instructors delayed remedial action. Aircraft - Aircraft oper/perf/capability - Performance/control parameters - Directional control - Not attained/maintained, Personnel issues - Task performance - Use of equip/info - Aircraft control - Pilot, Personnel issues - Action/decision - Action - Delayed action - Instructor/check pilot",False,False,False,False,False,True,False,False,False,False,9.00,735,,2026-04-03 04:05:44.570293+00:00
18,199989,CEN25FA151,2025-04-10,2025,4,Cape Fair,MISSOURI,United States,36.732276,,,,AERONCA,7AC,AERONCA,7AC,AERONCA 7AC,AIR,N83952,7AC-2637,False,1.0,,091,,PERS,,Substantial,3,Fatal,1,1,0,2,VMC,,False,,In work,,,,,   ,False,False,False,False,False,False,False,False,False,False,26.00,721,,2026-04-03 04:05:44.570293+00:00
19,199990,CEN25LA152,2025-04-09,2025,4,Jeanerette,LOUISIANA,United States,29.899069,,2R1,Le Maire Memorial Airport,CORBEN,JUNIOR ACE,CORBEN,JUNIOR ACE,CORBEN JUNIOR,AIR,N941KW,941,True,1.0,REC,091,,PERS,,Substantial,3,None,0,0,0,0,VMC,,False,DirectorBrief,Completed,,,The pilot’s failure to maintain airplane control during the landing roll.,"Personnel issues - Task performance - Use of equip/info - Aircraft control - Pilot, Environmental issues - Physical environment - Runway/land/takeoff/taxi surface - (general) - Response/compensation, Aircraft - Aircraft oper/perf/capability - Performance/control parameters - (general) - Not attained/maintained","  The pilot’s failure to maintain airplane control during the landing roll. Personnel issues - Task performance - Use of equip/info - Aircraft control - Pilot, Environmental issues - Physical environment - Runway/land/takeoff/taxi surface - (general) - Response/compensation, Aircraft - Aircraft oper/perf/capability - Performance/control parameters - (general) - Not attained/maintained",False,False,False,False,False,True,False,False,False,False,9.00,725,,2026-04-03 04:05:44.570293+00:00
20,199991,ERA25MA171,2025-04-10,2025,4,Jersey City,NEW JERSEY,United States,40.728895,,,,BELL,206L-4,BELL,206L-4,BELL 206L-4,HELI,N216MH,52296,False,1.0,,091,NSCH,AOBV,,Destroyed,4,Fatal,6,0,0,6,VMC,,False,,In work,,,,,   ,False,False,False,False,False,False,False,False,False,False,54.00,717,,2026-04-03 04:05:44.570293+00:00
21,199992,ERA25LA172,2025-04-10,2025,4,Folkston,GEORGIA,United States,30.795928,,3J6,Davis Field,PIPER AIRCRAFT INC,PA46R-350T,PIPER AIRCRAFT INC,PA46R-350T,PIPER AIRCRAFT INC PA46R-350T,AIR,N179ST,4692003,False,1.0,REC,091,,PERS,,Substantial,3,Serious,0,2,1,3,VMC,,False,DirectorBrief,Completed,,,The pilot’s failure to maintain control of the airplane during a go-around.,"Personnel issues - Task performance - Use of equip/info - Aircraft control - Pilot, Aircraft - Aircraft oper/perf/capability - Performance/control parameters - Directional control - Not attained/maintained","  The pilot’s failure to maintain control of the airplane during a go-around. Personnel issues - Task performance - Use of equip/info - Aircraft control - Pilot, Aircraft - Aircraft oper/perf/capability - Performance/control parameters - Directional control - Not attained/maintained",False,False,False,False,False,True,False,False,False,False,17.00,715,,2026-04-03 04:05:44.570293+00:00
22,199995,ERA25FA173,2025-04-11,2025,4,Boca Raton,FLORIDA,United States,26.368119,,BCT,BOCA RATON,CESSNA,310R,CESSNA,310R,CESSNA 310R,AIR,N8930N,310R0986,False,2.0,,091,,PERS,,Destroyed,4,Fatal,3,0,1,3,VMC,,False,,In work,,,,,   ,False,False,False,False,False,False,False,False,False,False,39.00,712,,2026-04-03 04:05:44.570293+00:00
23,199996,WPR25LA125,2025-04-10,2025,4,Idaho Falls,IDAHO,United States,43.514476,,IDA,IDAHO FALLS RGNL,CESSNA,190,CESSNA,190,CESSNA 190,AIR,N190CG,7634,False,1.0,REC,091,NSCH,PERS,,Substantial,3,None,0,0,0,0,VMC,,False,DirectorBrief,Completed,,,The pilot’s failure to maintain directional control during the landing roll in crosswind conditions.,"Aircraft - Aircraft oper/perf/capability - Performance/control parameters - Directional control - Not attained/maintained, Personnel issues - Task performance - Use of equip/info - Aircraft control - Pilot, Environmental issues - Conditions/weather/phenomena - Wind - Crosswind - Effect on operation","  The pilot’s failure to maintain directional control during the landing roll in crosswind conditions. Aircraft - Aircraft oper/perf/capability - Performance/control parameters - Directional control - Not attained/maintained, Personnel issues - Task performance - Use of equip/info - Aircraft control - Pilot, Environmental issues - Conditions/weather/phenomena - Wind - Crosswind - Effect on operation",False,False,False,False,False,True,False,False,False,False,9.00,713,,2026-04-03 04:05:44.570293+00:00
24,200001,WPR25FA126,2025-04-11,2025,4,Reliance,TENNESSEE,United States,35.263383,,,,MOONEY,M20F,MOONEY,M20F,MOONEY M20F,AIR,N7026V,22-1373,False,1.0,,091,,PERS,CLEAR AYR LLC,Substantial,3,Fatal,3,0,0,3,,,False,,In work,,,,,   ,False,False,False,False,False,False,False,False,False,False,36.00,711,,2026-04-03 04:05:44.570293+00:00
28,200007,ANC25LA034,2025-04-12,2025,4,Girdwood,ALASKA,United States,60.968260,,AQY,Girdwood,CESSNA,182B,CESSNA,182B,CESSNA 182B,AIR,N916GG,52236,False,1.0,REC,091,,PERS,,Substantial,3,Minor,0,0,2,2,VMC,,False,DirectorBrief,Completed,,,"The pilot's decision to land on an unsuitable landing surface, which resulted in a nose-over.","Environmental issues - Physical environment - Runway/land/takeoff/taxi surface - Snow/slush/ice covered surface - Effect on operation, Personnel issues - Action/decision - Info processing/decision - Decision making/judgment - Pilot","  The pilot's decision to land on an unsuitable landing surface, which resulted in a nose-over. Environmental issues - Physical environment - Runway/land/takeoff/taxi surface - Snow/slush/ice covered surface - Effect on operation, Personnel issues - Action/decision - Info processing/decision - Decision making/judgment - Pilot",False,False,False,False,False,False,False,False,False,False,13.00,705,,2026-04-03 04:05:44.570293+00:00
29,200008,WPR25LA129,2025-04-10,2025,4,Maricopa,ARIZONA,United States,32.990549,,A39,AK-CHIN RGNL,CESSNA,170A,CESSNA,170A,CESSNA 170A,AIR,N1371D,19947,False,1.0,,091,,PERS,,Substantial,3,None,0,0,0,0,VMC,,False,,In work,,,,,   ,False,False,False,False,False,False,False,False,False,False,9.00,720,,2026-04-03 04:05:44.570293+00:00
30,200009,ERA25LA176,2025-04-13,2025,4,Kingston,OHIO,United States,39.485620,,,,CESSNA,150,CESSNA,150,CESSNA 150,AIR,N6653F,15063253,False,1.0,REC,091,,PERS,,Substantial,3,Serious,0,2,0,2,VMC,,False,DirectorBrief,Completed,,,The pilot’s exceedance of the airplanes’ critical angle of attack resulting in a stall at an altitude too low to recover.,"Aircraft - Aircraft oper/perf/capability - Performance/control parameters - Angle of attack - Not attained/maintained, Aircraft - Aircraft oper/perf/capability - Performance/control parameters - Airspeed - Not attained/maintained, Personnel issues - Task performance - Use of equip/info - Aircraft control - Pilot","  The pilot’s exceedance of the airplanes’ critical angle of attack resulting in a stall at an altitude too low to recover. Aircraft - Aircraft oper/perf/capability - Performance/control parameters - Angle of attack - Not attained/maintained, Aircraft - Aircraft oper/perf/capability - Performance/control parameters - Airspeed - Not attained/maintained, Personnel issues - Task performance - Use of equip/info - Aircraft control - Pilot",False,False,False,False,False,False,False,False,False,False,17.00,700,,2026-04-03 04:05:44.570293+00:00
31,200010,GAA25WA137,2025-04-10,2025,4,Cabo San Lucas,,Mexico,22.947500,,MMSL,Cabo San Lucas International,GULFSTREAM AEROSPACE,G-V,GULFSTREAM AEROSPACE,G-V,GULFSTREAM AEROSPACE G-V,AIR,N1948Z,600,False,2.0,TF,135,NSCH,BUS,Talon Air,Substantial,3,Serious,0,1,0,1,VMC,,False,,N/A,,,,,   ,False,False,False,False,False,False,False,False,False,False,17.00,714,,2026-04-03 04:05:44.570293+00:00
32,200011,CEN25LA153,2025-04-07,2025,4,Wausau,WISCONSIN,United States,44.924417,,AUW,WAUSAU DOWNTOWN,CESSNA,185,CESSNA,185,CESSNA 185,AIR,N1526F,1850869,False,1.0,REC,091,,PERS,,Substantial,3,None,0,0,0,0,VMC,,False,DirectorBrief,Completed,,,The pilot’s failure to maintain directional control while landing in shifting wind conditions.,"Aircraft - Aircraft oper/perf/capability - Performance/control parameters - Directional control - Not attained/maintained, Personnel issues - Task performance - Use of equip/info - Aircraft control - Pilot, Environmental issues - Conditions/weather/phenomena - Wind - Sudden wind shift - Effect on operation","  The pilot’s failure to maintain directional control while landing in shifting wind conditions. Aircraft - Aircraft oper/perf/capability - Performance/control parameters - Directional control - Not attained/maintained, Personnel issues - Task performance - Use of equip/info - Aircraft control - Pilot, Environmental issues - Conditions/weather/phenomena - Wind - Sudden wind shift - Effect on operation",False,False,False,False,False,True,False,False,False,False,9.00,732,,2026-04-03 04:05:44.570293+00:00
33,200012,CEN25LA154,2025-04-10,2025,4,Temple,TEXAS,United States,31.151385,,TPL,DRAUGHON-MILLER CENTRAL TEXAS RGNL,BEECH,C90,BEECH,C90,BEECH C90,AIR,N923CR,LJ-1074,False,2.0,TP,091,,POSI,WC&R LLC,Substantial,3,None,0,0,0,0,VMC,,False,DirectorBrief,Completed,,,The failure of the left main landing gear down lock to engage and subsequent collapse of the left main landing gear.,Aircraft - Aircraft systems - Landing gear system - Main landing gear - Malfunction,  The failure of the left main landing gear down lock to engage and subsequent collapse of the left main landing gear. Aircraft - Aircraft systems - Landing gear system - Main landing gear - Malfunction,False,False,False,False,True,False,False,False,False,False,9.00,716,,2026-04-03 04:05:44.570293+00:00
65,200055,DCA25LA190,2025-04-20,2025,4,Tahlequah,OKLAHOMA,United States,36.000000,,,,BOEING,737-7H4,BOEING,737-7H4,BOEING 737-7H4,AIR,N461WN,32465,False,2.0,TF,121,SCHD,,SOUTHWEST AIRLINES CO,None,1,Serious,0,1,0,1,IMC,,False,DirectorBrief,Completed,,,The airplane’s encounter with moderate turbulence during descent.,"Environmental issues - Conditions/weather/phenomena - Turbulence - Convective turbulence - Effect on personnel, Personnel issues - Action/decision - Action - Incorrect action performance - Cabin crew","  The airplane’s encounter with moderate turbulence during descent. Environmental issues - Conditions/weather/phenomena - Turbulence - Convective turbulence - Effect on personnel, Personnel issues - Action/decision - Action - Incorrect action performance - Cabin crew",False,False,False,False,False,False,False,False,False,False,11.00,673,,2026-04-03 04:05:44.570293+00:00
59,200048,WPR25LA138,2025-04-19,2025,4,Hood River,OREGON,United States,45.674280,,4S2,KEN JERNSTEDT AIRFIELD,SCHWEIZER,SGS 2-33A,SCHWEIZER,SGS 2-33A,SCHWEIZER SGS,GLI,N5786S,115,False,0.0,,091,,INST,,Substantial,3,None,0,0,0,0,VMC,,False,DirectorBrief,Completed,,,The glider’s encounter with atmospheric conditions where the lift was not sufficient to maintain flight.,"Environmental issues - Conditions/weather/phenomena - Temp/humidity/pressure - Thermal lifting - Contributed to outcome, Aircraft - Aircraft oper/perf/capability - Performance/control parameters - Altitude - Attain/maintain not possible","  The glider’s encounter with atmospheric conditions where the lift was not sufficient to maintain flight. Environmental issues - Conditions/weather/phenomena - Temp/humidity/pressure - Thermal lifting - Contributed to outcome, Aircraft - Aircraft oper/perf/capability - Performance/control parameters - Altitude - Attain/maintain not possible",False,False,False,False,False,False,False,False,False,False,9.00,675,,2026-04-03 04:05:44.570293+00:00
105,200256,ERA25LA215,2025-06-01,2025,6,Montauk,NEW YORK,United States,41.000000,,None,,PIPER,PA32-300,PIPER,PA32-300,PIPER PA32-300,AIR,N2242Z,32-7940114,False,1.0,,091,,PERS,,Substantial,3,Minor,0,0,2,2,VMC,,False,,In work,,,,,   ,False,False,False,False,False,False,False,False,False,False,13.00,1911,,2026-04-03 04:05:44.570293+00:00
49,200034,ERA25LA178,2025-04-18,2025,4,Bethlehem,PENNSYLVANIA,United States,40.655833,,ABE,Lehigh Valley International Airport,PIPER,PA-22,PIPER,PA-22,PIPER PA-22,AIR,N937A,22-241,False,1.0,REC,091,,PERS,,Substantial,3,None,0,0,0,0,VMC,,False,DirectorBrief,Completed,,,The student pilot’s failure to maintain control of the airplane while landing in gusting crosswind conditions.,"Personnel issues - Task performance - Use of equip/info - Aircraft control - Student/instructed pilot, Aircraft - Aircraft oper/perf/capability - Performance/control parameters - (general) - Not attained/maintained, Environmental issues - Conditions/weather/phenomena - Wind - Crosswind - Effect on operation, Environmental issues - Conditions/weather/phenomena - Wind - Gusts - Effect on operation","  The student pilot’s failure to maintain control of the airplane while landing in gusting crosswind conditions. Personnel issues - Task performance - Use of equip/info - Aircraft control - Student/instructed pilot, Aircraft - Aircraft oper/perf/capability - Performance/control parameters - (general) - Not attained/maintained, Environmental issues - Conditions/weather/phenomena - Wind - Crosswind - Effect on operation, Environmental issues - Conditions/weather/phenomena - Wind - Gusts - Effect on operation",False,False,False,False,False,True,False,False,False,False,9.00,686,,2026-04-03 04:05:44.570293+00:00
34,200013,CEN25LA155,2025-04-11,2025,4,Brady,TEXAS,United States,31.131835,,,,QUICKSILVER,MX II,QUICKSILVER,MX II,QUICKSILVER MX,AIR,UNREG,UKN,True,1.0,REC,091,,PERS,,Substantial,3,Serious,0,1,0,1,VMC,,False,DirectorBrief,Completed,,,"The airplane’s encounter with a dust devil, which resulted in a loss of airplane control at a low altitude.","Personnel issues - Task performance - Use of equip/info - Aircraft control - Pilot, Aircraft - Aircraft oper/perf/capability - Performance/control parameters - Altitude - Attain/maintain not possible, Environmental issues - Conditions/weather/phenomena - Wind - Dust devil/whirlwind - Effect on equipment, Environmental issues - Conditions/weather/phenomena - Wind - Dust devil/whirlwind - Ability to respond/compensate, Environmental issues - Conditions/weather/phenomena - Wind - Dust devil/whirlwind - Contributed to outcome","  The airplane’s encounter with a dust devil, which resulted in a loss of airplane control at a low altitude. Personnel issues - Task performance - Use of equip/info - Aircraft control - Pilot, Aircraft - Aircraft oper/perf/capability - Performance/control parameters - Altitude - Attain/maintain not possible, Environmental issues - Conditions/weather/phenomena - Wind - Dust devil/whirlwind - Effect on equipment, Environmental issues - Conditions/weather/phenomena - Wind - Dust devil/whirlwind - Ability to respond/compensate, Environmental issues - Conditions/weather/phenomena - Wind - Dust devil/whirlwind - Contributed to outcome",False,False,False,False,False,False,False,False,False,False,17.00,708,,2026-04-03 04:05:44.570293+00:00
35,200014,CEN25LA156,2025-04-12,2025,4,Edinburg,TEXAS,United States,26.440000,,EBG,South Texas International at Edinburg,MOONEY,M20J,MOONEY,M20J,MOONEY M20J,AIR,N5807T,24-1543,False,1.0,,091,,PERS,,Substantial,3,None,0,0,0,0,VMC,,False,,In work,,,,,   ,False,False,False,False,False,False,False,False,False,False,9.00,706,,2026-04-03 04:05:44.570293+00:00
36,200015,WPR25LA130,2025-04-14,2025,4,Elko,NEVADA,United States,40.825322,,EKO,ELKO RGNL,Hy-Tek,Hurricane HP,HY-TEK,Hurricane HP,HY-TEK HURRICANE,AIR,N9088G,2005,True,1.0,,091,,PERS,,Substantial,3,Serious,0,1,0,1,VMC,,False,,In work,,,,,   ,False,False,False,False,False,False,False,False,False,False,17.00,696,,2026-04-03 04:05:44.570293+00:00
37,200016,WPR25LA131,2025-04-13,2025,4,Green Valley,ARIZONA,United States,31.903151,,,,PIPER,PA-32-260,PIPER,PA-32-260,PIPER PA-32-260,AIR,N3797W,32-725,False,1.0,REC,091,,PERS,,Substantial,3,None,0,0,0,0,VMC,,False,DirectorBrief,Completed,,,"The pilot's improper fuel management, which resulted in a total loss of engine power due to fuel starvation.","Personnel issues - Task performance - Use of equip/info - Use of equip/system - Pilot, Aircraft - Fluids/misc hardware - Fluids - Fuel - Fluid management","  The pilot's improper fuel management, which resulted in a total loss of engine power due to fuel starvation. Personnel issues - Task performance - Use of equip/info - Use of equip/system - Pilot, Aircraft - Fluids/misc hardware - Fluids - Fuel - Fluid management",False,True,False,False,False,True,False,False,False,False,9.00,698,,2026-04-03 04:05:44.570293+00:00
38,200017,WPR25LA132,2025-04-10,2025,4,Oakland,CALIFORNIA,United States,37.721300,,OAK,SAN FRANCISCO BAY OAKLAND INTL,CESSNA,180J,CESSNA,180J,CESSNA 180J,AIR,N7779K,18052728,False,1.0,REC,091,,PERS,,Substantial,3,None,0,0,0,0,VMC,,False,DirectorBrief,Completed,,,The pilot’s failure to maintain directional control during takeoff roll with a left crosswind.,"Aircraft - Aircraft oper/perf/capability - Performance/control parameters - Directional control - Not attained/maintained, Environmental issues - Conditions/weather/phenomena - Wind - Crosswind - Effect on operation, Personnel issues - Task performance - Use of equip/info - Aircraft control - Pilot","  The pilot’s failure to maintain directional control during takeoff roll with a left crosswind. Aircraft - Aircraft oper/perf/capability - Performance/control parameters - Directional control - Not attained/maintained, Environmental issues - Conditions/weather/phenomena - Wind - Crosswind - Effect on operation, Personnel issues - Task performance - Use of equip/info - Aircraft control - Pilot",False,False,False,False,False,True,False,False,False,False,9.00,718,,2026-04-03 04:05:44.570293+00:00
39,200018,WPR25LA133,2025-04-13,2025,4,Erie,NEVADA,United States,35.866630,,,,CESSNA,182L,CESSNA,182L,CESSNA 182L,AIR,N182VE,18258911,False,1.0,,091,,PERS,,None,1,Minor,0,0,1,1,VMC,,False,,In work,,,,,   ,False,False,False,False,False,False,False,False,False,False,7.00,701,,2026-04-03 04:05:44.570293+00:00
40,200019,DCA25WA181,2025-04-02,2025,4,Mexico City,,Mexico,,,,Mexico City Airport,BOEING,737,BOEING,737,BOEING 737,AIR,XA-MFO,43761,False,2.0,,129,,,Aerovias de Mexico,None,1,,0,0,0,0,,,False,,N/A,,,,,   ,False,False,False,False,False,False,False,False,False,False,3.00,745,,2026-04-03 04:05:44.570293+00:00
41,200020,WPR25LA134,2025-04-14,2025,4,Amboy,WASHINGTON,United States,45.939880,,,,BELL,206B,BELL,206B,BELL 206B,HELI,N16671,2087,False,1.0,,091,,PERS,,Substantial,3,None,0,0,0,0,,,False,,In work,,,,,   ,False,False,False,False,False,False,False,False,False,False,9.00,694,,2026-04-03 04:05:44.570293+00:00
42,200021,DCA25WA182,2025-04-05,2025,4,Cairo,,Egypt,,,,,BOEING,737,BOEING,737,BOEING 737,,SU-GEK,,False,,,129,,,EgyptAir,,0,,0,0,0,0,,,False,,N/A,,,,,   ,False,False,False,False,False,False,False,False,False,False,0.00,738,,2026-04-03 04:05:44.570293+00:00
43,200022,WPR25LA135,2025-04-08,2025,4,Douglas,ARIZONA,United States,31.478424,,DUG,BISBEE DOUGLAS INTL,MARTIN UAV,VBAT,MARTIN UAV,VBAT,MARTIN UAV VBAT,UNMANNED,N443VA,043,False,1.0,REC,091,,FLTS,NORTHROP GRUMMAN,Substantial,3,None,0,0,0,0,VMC,,False,DirectorBrief,Completed,,,The malfunction of the throttle servo which resulted in the complete loss of engine power.,Aircraft - Aircraft power plant - Engine controls - Power lever - Malfunction,  The malfunction of the throttle servo which resulted in the complete loss of engine power. Aircraft - Aircraft power plant - Engine controls - Power lever - Malfunction,False,False,False,False,True,False,False,False,False,False,9.00,729,,2026-04-03 04:05:44.570293+00:00
44,200023,GAA25WA138,2025-04-13,2025,4,Salzgitter,,Germany,,,,,PIPER,PA60,PIPER,PA60,PIPER PA60,AIR,D-ICEL,,False,,,000,,,,Destroyed,4,Fatal,2,0,0,2,,,False,,N/A,,,,,   ,False,False,False,False,False,False,False,False,False,False,34.00,702,,2026-04-03 04:05:44.570293+00:00
45,200025,DCA25LA184,2025-04-15,2025,4,San Juan,PUERTO RICO,United States,18.439400,,SJU,Luis Munoz Marin International Airport,AIRBUS,A321-271NX,AIRBUS,A321-271NX,AIRBUS A321-271NX,AIR,N607FR,11195,False,2.0,,121,SCHD,,Frontier Airlines,Unknown,0,None,0,0,0,0,VMC,,False,,In work,,,,,   ,False,False,False,False,False,False,False,False,False,False,0.00,691,,2026-04-03 04:05:44.570293+00:00
46,200027,GAA25WA140,2025-04-09,2025,4,Campina Grande,OTHER FOREIGN,Brazil,-7.178333,,SNKB,Campina Grande Flying Club Aerodrome,CESSNA,150,CESSNA,150,CESSNA 150,AIR,PT-WVL,15067344,False,1.0,REC,000,,FERY,CESED-CENTRO DE ENS.SUP.E DESENVOLV.LTDA,Substantial,3,Minor,0,0,2,2,VMC,,False,,N/A,,,,,   ,False,False,False,False,False,False,False,False,False,False,13.00,726,,2026-04-03 04:05:44.570293+00:00
47,200028,DCA25LA185,2025-04-17,2025,4,Houston,TEXAS,United States,29.639213,,KHOU,William P. Hobby Airport,BOEING,737,BOEING,737,BOEING 737,AIR,N7724A,36725,False,2.0,TF,121,SCHD,,SOUTHWEST AIRLINES CO,None,1,Serious,0,1,0,1,VMC,,False,DirectorBrief,Completed,,,Serious Injury to a flight attendant sustained during an evacuation.,"Aircraft - Aircraft power plant - Engine (turbine/turboprop) - (general) - Failure, Environmental issues - Task environment - Physical workspace - Air quality/dust/smoke - Contributed to outcome, Personnel issues - Physical - Impairment/incapacitation - Illness/injury - Cabin crew","  Serious Injury to a flight attendant sustained during an evacuation. Aircraft - Aircraft power plant - Engine (turbine/turboprop) - (general) - Failure, Environmental issues - Task environment - Physical workspace - Air quality/dust/smoke - Contributed to outcome, Personnel issues - Physical - Impairment/incapacitation - Illness/injury - Cabin crew",False,False,False,False,False,False,False,True,False,False,11.00,688,,2026-04-03 04:05:44.570293+00:00
48,200033,ERA25LA177,2025-04-17,2025,4,Greenville,SOUTH CAROLINA,United States,34.856944,,GMU,Greenville Downtown Airport,BEECH,A24,BEECH,A24,BEECH A24,AIR,N8060R,MC-52,False,1.0,,091,,PERS,L526 Aviation,Substantial,3,Minor,0,0,1,1,VMC,,False,,In work,,,,,   ,False,False,False,False,False,False,False,False,False,False,13.00,687,,2026-04-03 04:05:44.570293+00:00
70,200060,GAA25WA144,2025-04-23,2025,4,Sangkiang Village,,Papua New Guinea,,,,,CESSNA,188,CESSNA,188,CESSNA 188,AIR,VH-SOY,,False,,,000,,,,Destroyed,4,Fatal,1,0,0,1,,,False,,N/A,,,,,   ,False,False,False,False,False,False,False,False,False,False,29.00,666,,2026-04-03 04:05:44.570293+00:00
51,200037,ERA25FA179,2025-04-19,2025,4,Trilla,ILLINOIS,United States,39.374190,,NA,,CESSNA,180,CESSNA,180,CESSNA 180,AIR,N4679U,18051379,False,1.0,,091,,PERS,,Destroyed,4,Fatal,4,0,0,4,IMC,,False,,In work,,,,,   ,False,False,False,False,False,False,False,False,False,False,44.00,677,,2026-04-03 04:05:44.570293+00:00
52,200039,CEN25LA160,2025-04-18,2025,4,Danevang,TEXAS,United States,29.039130,,NA,,GRUMMAN,G164,GRUMMAN,G164,GRUMMAN G164,AIR,N5416,1030,False,1.0,,137,,AAPL,NELSON FLYERS INC,Substantial,3,None,0,0,0,0,VMC,,False,,In work,,,,,   ,False,False,False,False,False,False,False,False,False,False,9.00,685,,2026-04-03 04:05:44.570293+00:00
67,200057,CEN25LA162,2025-04-22,2025,4,Fayetteville,ARKANSAS,United States,36.005096,,KFYV,,CESSNA,T210N,CESSNA,T210N,CESSNA T210N,AIR,N4795C,21063629,False,1.0,,091,,PERS,SOUTH DELTA AVIATION INC,Substantial,3,None,0,0,0,0,VMC,,False,,In work,,,,,   ,False,False,False,False,False,False,False,False,False,False,9.00,668,,2026-04-03 04:05:44.570293+00:00
53,200040,CEN25LA161,2025-04-19,2025,4,Estherwood,LOUISIANA,United States,30.126632,,PVT,Private,CHAMPION,AERONCA 7AC,CHAMPION,AERONCA 7AC,CHAMPION AERONCA,AIR,N83871,7AC-2552,False,1.0,REC,091,,PERS,,Substantial,3,None,0,0,0,0,VMC,,False,DirectorBrief,Completed,,,The non-certificated pilot’s failure to maintain altitude while maneuvering at low altitude that resulted in a descent and impact into terrain.,"Aircraft - Aircraft oper/perf/capability - Performance/control parameters - Altitude - Not attained/maintained, Personnel issues - Experience/knowledge - Experience/qualifications - Qualification/certification - Pilot, Personnel issues - Psychological - Attention/monitoring - Task monitoring/vigilance - Pilot","  The non-certificated pilot’s failure to maintain altitude while maneuvering at low altitude that resulted in a descent and impact into terrain. Aircraft - Aircraft oper/perf/capability - Performance/control parameters - Altitude - Not attained/maintained, Personnel issues - Experience/knowledge - Experience/qualifications - Qualification/certification - Pilot, Personnel issues - Psychological - Attention/monitoring - Task monitoring/vigilance - Pilot",False,False,False,False,False,True,False,False,False,False,9.00,674,,2026-04-03 04:05:44.570293+00:00
54,200042,ERA25LA180,2025-04-13,2025,4,Punta Gorda,FLORIDA,United States,26.917408,,PGD,PUNTA GORDA,LUSCOMBE,8F,LUSCOMBE,8F,LUSCOMBE 8F,AIR,N815B,6745,False,1.0,REC,091,,PERS,,Substantial,3,None,0,0,0,0,VMC,,False,DirectorBrief,Completed,,,The pilot’s failure to maintain direction control of the airplane during the landing roll.,"Personnel issues - Task performance - Use of equip/info - Aircraft control - Pilot, Aircraft - Aircraft oper/perf/capability - Performance/control parameters - Directional control - Not attained/maintained","  The pilot’s failure to maintain direction control of the airplane during the landing roll. Personnel issues - Task performance - Use of equip/info - Aircraft control - Pilot, Aircraft - Aircraft oper/perf/capability - Performance/control parameters - Directional control - Not attained/maintained",False,False,False,False,False,True,False,False,False,False,9.00,699,,2026-04-03 04:05:44.570293+00:00
55,200043,ERA25LA181,2025-04-02,2025,4,Zephyrhills,FLORIDA,United States,28.256462,,ZPH,ZEPHYRHILLS MUNI,SCHLEICHER,ASW-19,SCHLEICHER,ASW-19,SCHLEICHER ASW-19,GLI,N37PL,19190,False,0.0,,091,,PERS,TAMPA BAY SOARING SOCIETY INC,Substantial,3,Serious,0,1,0,1,VMC,,False,DirectorBrief,Completed,,,"The pilot’s inadequate inflight planning and an encounter with atmospheric conditions where the lift was not sufficient to maintain flight, resulting in an off-airport landing and collision with a fence.","Environmental issues - Conditions/weather/phenomena - Temp/humidity/pressure - Thermal lifting - Effect on operation, Personnel issues - Action/decision - Info processing/decision - Decision making/judgment - Pilot","  The pilot’s inadequate inflight planning and an encounter with atmospheric conditions where the lift was not sufficient to maintain flight, resulting in an off-airport landing and collision with a fence. Environmental issues - Conditions/weather/phenomena - Temp/humidity/pressure - Thermal lifting - Effect on operation, Personnel issues - Action/decision - Info processing/decision - Decision making/judgment - Pilot",False,False,False,False,False,True,False,False,False,False,17.00,743,,2026-04-03 04:05:44.570293+00:00
56,200044,WPR25LA136,2025-04-19,2025,4,Phoenix,ARIZONA,United States,33.682181,,DVT,PHOENIX - DEER VALLEY,D'Apuzzo,Senior Aero Sport,D'APUZZO,Senior Aero Sport,D'APUZZO SENIOR,AIR,N321WC,001,True,1.0,,091,,PERS,N321 WHISKEY CHARLIE LLC,Substantial,3,None,0,0,0,0,VMC,,False,,In work,,,,,   ,False,False,False,False,False,False,False,False,False,False,9.00,676,,2026-04-03 04:05:44.570293+00:00
57,200046,ERA25LA182,2025-04-13,2025,4,Elmore,ALABAMA,United States,32.518560,,NA,,ROBB AVIATION LLC,AVENTURA II,ROBB AVIATION LLC,AVENTURA II,ROBB AVIATION LLC AVENTURA,AIR,N744RA,AA2A0122,True,1.0,REC,091,,PERS,,Substantial,3,Minor,0,0,1,1,VMC,,False,DirectorBrief,Completed,,,The pilot’s failure to configure the airplane for a water landing.,"Aircraft - Aircraft systems - Landing gear system - Gear extension and retract sys - Incorrect use/operation, Personnel issues - Task performance - Use of equip/info - Use of equip/system - Pilot","  The pilot’s failure to configure the airplane for a water landing. Aircraft - Aircraft systems - Landing gear system - Gear extension and retract sys - Incorrect use/operation, Personnel issues - Task performance - Use of equip/info - Use of equip/system - Pilot",False,False,False,False,True,True,False,False,False,False,13.00,697,,2026-04-03 04:05:44.570293+00:00
58,200047,GAA25WA143,2025-04-11,2025,4,Fes,,Morocco,,,,,HAWKER,800XPi,HAWKER,800XPi,HAWKER 800XPI,,CN-TKC,,False,,,,,,,,0,Minor,0,0,3,3,,,False,,N/A,,,,,   ,False,False,False,False,False,False,False,False,False,False,4.00,710,,2026-04-03 04:05:44.570293+00:00
71,200061,ERA25FA185,2025-04-24,2025,4,Hampton,VIRGINIA,United States,37.078799,,LFI,LANGLEY AFB,MX AIRCRAFT TECH PTY LTD,MXS,MX AIRCRAFT TECH PTY LTD,MXS,MX AIRCRAFT TECH PTY LTD MXS,AIR,N530RH,MXS-001,False,1.0,,091,,PERS,,Substantial,3,Fatal,1,0,0,1,VMC,,False,,In work,,,,,   ,False,False,False,False,False,False,False,False,False,False,26.00,662,,2026-04-03 04:05:44.570293+00:00
314,200544,WPR25LA210,2025-07-12,2025,7,Blackfoot,IDAHO,United States,43.276989,,NA,,HIBBARD RICK,RANS S7,HIBBARD RICK,RANS S7,HIBBARD RICK RANS,AIR,N69TY,08 96 204,True,1.0,,091,,PERS,,Substantial,3,None,0,0,0,0,VMC,,False,,In work,,,,,   ,False,False,False,False,False,False,False,False,False,False,9.00,1486,,2026-04-03 04:05:44.570293+00:00
171,200354,CEN25FA212,2025-06-18,2025,6,Three Points,ARIZONA,United States,31.978809,,RYN,RYAN FLD,CESSNA,A150L,CESSNA,A150L,CESSNA A150L,AIR,N6436F,A1500444,False,1.0,,091,,INST,,Substantial,3,Fatal,2,0,0,2,VMC,,False,,In work,,,,,   ,False,False,False,False,False,False,False,False,False,False,31.00,1834,,2026-04-03 04:05:44.570293+00:00
60,200049,WPR25LA139,2025-04-20,2025,4,Oakland,CALIFORNIA,United States,37.732452,,KOAK,Oakland International,DIAMOND AIRCRAFT IND INC,DA 40,DIAMOND AIRCRAFT IND INC,DA 40,DIAMOND AIRCRAFT IND INC DA,AIR,N22QT,40.491,False,1.0,REC,091,,PERS,ALAMEDA AERO CLUB,Substantial,3,None,0,0,0,0,VMC,,False,DirectorBrief,Completed,,,The pilot’s failure to maintain airplane control during takeoff with a left quartering crosswind.,"Aircraft - Aircraft oper/perf/capability - Performance/control parameters - Lateral/bank control - Not attained/maintained, Aircraft - Aircraft oper/perf/capability - Performance/control parameters - Yaw control - Not attained/maintained, Aircraft - Aircraft oper/perf/capability - Performance/control parameters - Pitch control - Not attained/maintained, Personnel issues - Task performance - Use of equip/info - Aircraft control - Pilot, Environmental issues - Conditions/weather/phenomena - Wind - Crosswind - Effect on operation","  The pilot’s failure to maintain airplane control during takeoff with a left quartering crosswind. Aircraft - Aircraft oper/perf/capability - Performance/control parameters - Lateral/bank control - Not attained/maintained, Aircraft - Aircraft oper/perf/capability - Performance/control parameters - Yaw control - Not attained/maintained, Aircraft - Aircraft oper/perf/capability - Performance/control parameters - Pitch control - Not attained/maintained, Personnel issues - Task performance - Use of equip/info - Aircraft control - Pilot, Environmental issues - Conditions/weather/phenomena - Wind - Crosswind - Effect on operation",False,False,False,False,False,True,False,False,False,False,9.00,672,,2026-04-03 04:05:44.570293+00:00
61,200050,WPR25LA140,2025-04-19,2025,4,Placerville,CALIFORNIA,United States,38.725592,,PVF,PLACERVILLE,CESSNA,150,CESSNA,150,CESSNA 150,AIR,N6682S,15067482,False,1.0,REC,091,,PERS,,Substantial,3,None,0,0,0,0,VMC,,False,DirectorBrief,Completed,,,The pilot’s failure to maintain directional control while landing with a crosswind.,"Personnel issues - Task performance - Use of equip/info - Aircraft control - Pilot, Aircraft - Aircraft oper/perf/capability - Performance/control parameters - Directional control - Not attained/maintained, Environmental issues - Conditions/weather/phenomena - Wind - Crosswind - Effect on operation","  The pilot’s failure to maintain directional control while landing with a crosswind. Personnel issues - Task performance - Use of equip/info - Aircraft control - Pilot, Aircraft - Aircraft oper/perf/capability - Performance/control parameters - Directional control - Not attained/maintained, Environmental issues - Conditions/weather/phenomena - Wind - Crosswind - Effect on operation",False,False,False,False,False,True,False,False,False,False,9.00,678,,2026-04-03 04:05:44.570293+00:00
62,200051,WPR25LA141,2025-04-18,2025,4,Placerville,CALIFORNIA,United States,38.799660,,01CL,SWANSBORO COUNTRY,LUSCOMBE,8,LUSCOMBE,8,LUSCOMBE 8,AIR,N1286B,5913,False,1.0,REC,091,,PERS,,Substantial,3,None,0,0,0,0,VMC,,False,DirectorBrief,Completed,,,The pilot’s failure to maintain directional control during the landing roll.,"Aircraft - Aircraft oper/perf/capability - Performance/control parameters - Directional control - Not attained/maintained, Personnel issues - Task performance - Use of equip/info - Aircraft control - Pilot","  The pilot’s failure to maintain directional control during the landing roll. Aircraft - Aircraft oper/perf/capability - Performance/control parameters - Directional control - Not attained/maintained, Personnel issues - Task performance - Use of equip/info - Aircraft control - Pilot",False,False,False,False,False,True,False,False,False,False,9.00,684,,2026-04-03 04:05:44.570293+00:00
63,200052,ERA25LA183,2025-04-18,2025,4,Taylorsville,NORTH CAROLINA,United States,35.833530,,PVT,Crossroads Grill Airstrip,FRANK LOWELL C,PIETENPOL,FRANK LOWELL C,PIETENPOL,FRANK LOWELL C PIETENPOL,AIR,N497AR,LCF2,True,1.0,REC,091,,PERS,,Substantial,3,Serious,0,1,1,2,VMC,,False,DirectorBrief,Completed,,,"The pilot’s failure to maintain control of the airplane during an attempted go around in gusty tailwind conditions, which resulted in an aerodynamic stall and impact with terrain.","Personnel issues - Task performance - Use of equip/info - Aircraft control - Pilot, Aircraft - Aircraft oper/perf/capability - Performance/control parameters - Angle of attack - Not attained/maintained","  The pilot’s failure to maintain control of the airplane during an attempted go around in gusty tailwind conditions, which resulted in an aerodynamic stall and impact with terrain. Personnel issues - Task performance - Use of equip/info - Aircraft control - Pilot, Aircraft - Aircraft oper/perf/capability - Performance/control parameters - Angle of attack - Not attained/maintained",False,False,False,False,False,True,False,False,False,False,17.00,681,,2026-04-03 04:05:44.570293+00:00
64,200053,WPR25LA142,2025-04-15,2025,4,West Jordan,UTAH,United States,40.617875,,SVR,South Valley Regional Airport,PIPER,PA28,PIPER,PA28,PIPER PA28,AIR,N15984,28-7325218,False,1.0,REC,091,,INST,Nightline Air,Substantial,3,None,0,0,0,0,VMC,,False,DirectorBrief,Completed,,,The pilot's failure to maintain directional control during takeoff. Contributing to the accident was the pilot inadvertently using a runway that resulted in a tailwind condition and the flight instructors delayed remedial action.,"Aircraft - Aircraft oper/perf/capability - Performance/control parameters - Directional control - Not attained/maintained, Personnel issues - Task performance - Use of equip/info - Aircraft control - Student/instructed pilot, Environmental issues - Conditions/weather/phenomena - Wind - Tailwind - Effect on operation, Personnel issues - Action/decision - Action - Delayed action - Instructor/check pilot","  The pilot's failure to maintain directional control during takeoff. Contributing to the accident was the pilot inadvertently using a runway that resulted in a tailwind condition and the flight instructors delayed remedial action. Aircraft - Aircraft oper/perf/capability - Performance/control parameters - Directional control - Not attained/maintained, Personnel issues - Task performance - Use of equip/info - Aircraft control - Student/instructed pilot, Environmental issues - Conditions/weather/phenomena - Wind - Tailwind - Effect on operation, Personnel issues - Action/decision - Action - Delayed action - Instructor/check pilot",False,False,False,False,False,True,False,False,False,False,9.00,692,,2026-04-03 04:05:44.570293+00:00
238,200442,GAA25WA199,2025-06-18,2025,6,Bankstown,,Australia,,,,,BEECH,200,BEECH,200,BEECH 200,AIR,VH-EEL,,False,,,000,,,,Minor,2,,0,0,0,0,,,False,,N/A,,,,,   ,False,False,False,False,False,False,False,False,False,False,6.00,1827,,2026-04-03 04:05:44.570293+00:00
68,200058,ERA25LA184,2025-04-23,2025,4,Zolfo Springs,FLORIDA,United States,27.455556,,67FL,BALD EAGLE AIRFIELD- MYAKKA HEAD,GRUMMAN AMERICAN AVN. CORP.,AA-5B,GRUMMAN AMERICAN AVN. CORP.,AA-5B,GRUMMAN AMERICAN AVN. CORP. AA-5B,AIR,N28311,AA5B0555,False,1.0,REC,091,,INST,,Destroyed,4,None,0,0,0,0,VMC,,False,DirectorBrief,Completed,,,The pilot’s failure to maintain control of the airplane during the takeoff. Contributing was the flight instructor’s lack of remedial action.,"Personnel issues - Task performance - Use of equip/info - Aircraft control - Pilot, Personnel issues - Action/decision - Action - Lack of action - Instructor/check pilot, Aircraft - Aircraft oper/perf/capability - Performance/control parameters - Pitch control - Not attained/maintained, Aircraft - Aircraft oper/perf/capability - Performance/control parameters - Directional control - Not attained/maintained","  The pilot’s failure to maintain control of the airplane during the takeoff. Contributing was the flight instructor’s lack of remedial action. Personnel issues - Task performance - Use of equip/info - Aircraft control - Pilot, Personnel issues - Action/decision - Action - Lack of action - Instructor/check pilot, Aircraft - Aircraft oper/perf/capability - Performance/control parameters - Pitch control - Not attained/maintained, Aircraft - Aircraft oper/perf/capability - Performance/control parameters - Directional control - Not attained/maintained",False,False,False,False,False,True,False,False,False,False,12.00,665,,2026-04-03 04:05:44.570293+00:00
72,200063,CEN25LA163,2025-04-24,2025,4,Hartford,ILLINOIS,United States,38.837712,,,,MESSERSCHMITT-BOLKOW-BLOHM,BK 117,MESSERSCHMITT-BOLKOW-BLOHM,BK 117,MESSERSCHMITT-BOLKOW-BLOHM BK,HELI,N880SL,7130,False,2.0,TS,135,NSCH,OWRK,AIR METHODS LLC,Substantial,3,Serious,0,3,0,3,VMC,,False,DirectorBrief,Completed,,,"The pilot’s failure to maintain directional control during the initial climb at night from a confined area landing zone, that resulted in an impact with a tree, a loss of control, and a subsequent impact with terrain.","Personnel issues - Task performance - Use of equip/info - Aircraft control - Pilot, Aircraft - Aircraft oper/perf/capability - Performance/control parameters - Directional control - Not attained/maintained, Personnel issues - Psychological - Attention/monitoring - Task monitoring/vigilance - Pilot, Personnel issues - Action/decision - Action - Incorrect action sequence - Pilot","  The pilot’s failure to maintain directional control during the initial climb at night from a confined area landing zone, that resulted in an impact with a tree, a loss of control, and a subsequent impact with terrain. Personnel issues - Task performance - Use of equip/info - Aircraft control - Pilot, Aircraft - Aircraft oper/perf/capability - Performance/control parameters - Directional control - Not attained/maintained, Personnel issues - Psychological - Attention/monitoring - Task monitoring/vigilance - Pilot, Personnel issues - Action/decision - Action - Incorrect action sequence - Pilot",False,False,True,False,False,True,False,False,False,False,17.00,660,,2026-04-03 04:05:44.570293+00:00
73,200064,DCA25WA192,2025-04-22,2025,4,Ras Al Khaimah,,United Arab Emirates,,,,,BOEING,737,BOEING,737,BOEING 737,AIR,VT-AXZ,36336,False,,,000,,,Air India Express,Minor,2,None,0,0,0,0,,,False,,N/A,,,,,   ,False,False,False,False,False,False,False,False,False,False,6.00,667,,2026-04-03 04:05:44.570293+00:00
74,200067,ERA25LA186,2025-04-23,2025,4,Lakin,WEST VIRGINIA,United States,38.960000,,,,BEECH,95-C55,BEECH,95-C55,BEECH 95-C55,AIR,N591R,TE-248,False,2.0,REC,091,,PERS,,Substantial,3,Serious,0,1,0,1,VMC,,False,DirectorBrief,Completed,,,"The pilot’s inadequate preflight inspection, and inadequate inflight fuel management, which resulted in a total loss of engine power due to fuel starvation and subsequent forced landing.","Personnel issues - Action/decision - Info processing/decision - Identification/recognition - Pilot, Personnel issues - Task performance - Inspection - Preflight inspection - Pilot, Aircraft - Fluids/misc hardware - Fluids - Fuel - Fluid management","  The pilot’s inadequate preflight inspection, and inadequate inflight fuel management, which resulted in a total loss of engine power due to fuel starvation and subsequent forced landing. Personnel issues - Action/decision - Info processing/decision - Identification/recognition - Pilot, Personnel issues - Task performance - Inspection - Preflight inspection - Pilot, Aircraft - Fluids/misc hardware - Fluids - Fuel - Fluid management",False,True,False,False,False,True,False,False,False,False,17.00,664,,2026-04-03 04:05:44.570293+00:00
75,200069,ERA25FA187,2025-04-26,2025,4,Sparta,TENNESSEE,United States,36.028064,,SRB,UPPER CUMBERLAND RGNL,MOONEY,M20TN,MOONEY,M20TN,MOONEY M20TN,AIR,N242RE,31-0020,False,1.0,,091,,PERS,,Substantial,3,Fatal,3,0,0,3,VMC,,False,,In work,,,,,   ,False,False,False,False,False,False,False,False,False,False,36.00,656,,2026-04-03 04:05:44.570293+00:00
76,200070,GAA25WA146,2025-04-13,2025,4,Chubu,,Japan,,,,,HONDA,HA420,HONDA,HA420,HONDA HA420,,JA01HJ,,False,,,,,,,,0,None,0,0,0,0,,,False,,N/A,,,,,   ,False,False,False,False,False,False,False,False,False,False,0.00,703,,2026-04-03 04:05:44.570293+00:00
77,200073,ERA25LA188,2025-04-23,2025,4,Louisburg,NORTH CAROLINA,United States,36.015592,,LHZ,TRIANGLE NORTH EXEC,CESSNA,172RG,CESSNA,172RG,CESSNA 172RG,AIR,N6386V,172RG0649,False,1.0,,091,,PERS,,Substantial,3,None,0,0,0,0,VMC,,False,,In work,,,,,   ,False,False,False,False,False,False,False,False,False,False,9.00,663,,2026-04-03 04:05:44.570293+00:00
78,200074,ERA25LA189,2025-04-26,2025,4,Weyers Cave,VIRGINIA,United States,38.263833,,SHD,SHENANDOAH VALLEY RGNL,CHAMPION,7GCBC,CHAMPION,7GCBC,CHAMPION 7GCBC,AIR,N9117L,303-71,False,1.0,REC,091,,INST,,Substantial,3,None,0,0,0,0,VMC,,False,DirectorBrief,Completed,,,A total loss of engine power on approach due to carburetor ice.,"Aircraft - Aircraft power plant - Engine fuel and control - Fuel control/carburetor - Not specified, Environmental issues - Conditions/weather/phenomena - Temp/humidity/pressure - Conducive to carburetor icing - Effect on equipment","  A total loss of engine power on approach due to carburetor ice. Aircraft - Aircraft power plant - Engine fuel and control - Fuel control/carburetor - Not specified, Environmental issues - Conditions/weather/phenomena - Temp/humidity/pressure - Conducive to carburetor icing - Effect on equipment",False,False,False,False,False,False,False,False,False,False,9.00,657,,2026-04-03 04:05:44.570293+00:00
79,200076,ANC25FA035,2025-04-28,2025,4,Nanwalek,ALASKA,United States,59.355632,,,,CESSNA,T207,CESSNA,T207,CESSNA T207,AIR,N91025,20700016,False,1.0,,135,SCHD,BUS,Smokey Bay Air,Substantial,3,Fatal,2,1,0,3,VMC,,False,,In work,,,,,   ,False,False,False,False,False,False,False,False,False,False,31.00,652,,2026-04-03 04:05:44.570293+00:00
80,200077,WPR25LA143,2025-04-28,2025,4,Lakeview,OREGON,United States,42.161111,,LKV,LAKE COUNTY,PIPER,PA-28-140,PIPER,PA-28-140,PIPER PA-28-140,AIR,N4505R,28-21205,False,1.0,REC,091,,PERS,,Substantial,3,Serious,0,2,0,2,VMC,,False,DirectorBrief,Completed,,,The pilot’s failure to maintain directional control during the landing roll.,"Personnel issues - Task performance - Use of equip/info - Aircraft control - Pilot, Aircraft - Aircraft oper/perf/capability - Performance/control parameters - Directional control - Not attained/maintained","  The pilot’s failure to maintain directional control during the landing roll. Personnel issues - Task performance - Use of equip/info - Aircraft control - Pilot, Aircraft - Aircraft oper/perf/capability - Performance/control parameters - Directional control - Not attained/maintained",False,False,False,False,False,True,False,False,False,False,17.00,653,,2026-04-03 04:05:44.570293+00:00
81,200078,WPR25LA144,2025-04-26,2025,4,Ontario,OREGON,United States,44.020181,,ONO,,SCHWEIZER,SGS 1-26B,SCHWEIZER,SGS 1-26B,SCHWEIZER SGS,GLI,N8657R,193,False,0.0,,091,,PERS,HAGER BILL E,Substantial,3,None,0,0,0,0,,,False,,In work,,,,,   ,False,False,False,False,False,False,False,False,False,False,9.00,655,,2026-04-03 04:05:44.570293+00:00
82,200079,DCA25WA193,2025-04-10,2025,4,Dushanbe,OTHER FOREIGN,Tajikistan,,,,,BOEING,737,BOEING,737,BOEING 737,,EP-VAI,,False,,,129,NSCH,,Airline Varesh Airlines,,0,None,0,0,0,0,,,False,,N/A,,,,,   ,False,False,False,False,False,False,False,False,False,False,0.00,723,,2026-04-03 04:05:44.570293+00:00
83,200080,WPR25FA145,2025-04-29,2025,4,Cottonwood,CALIFORNIA,United States,40.339240,,CA04,FLYING N RANCH,CHAMPION,7ECA,CHAMPION,7ECA,CHAMPION 7ECA,AIR,N6310N,463,False,1.0,,091,,INST,,Destroyed,4,Fatal,2,0,0,2,VMC,,False,,In work,,,,,   ,False,False,False,False,False,False,False,False,False,False,34.00,647,,2026-04-03 04:05:44.570293+00:00
84,200082,GAA25WA148,2025-04-16,2025,4,Gliwice,OTHER FOREIGN,Poland,,,,,CESSNA,F150,CESSNA,F150,CESSNA F150,AIR,SP-PIA,F15001401,False,,,000,,,,Substantial,3,,0,0,0,0,,,False,,N/A,,,,,   ,False,False,False,False,False,False,False,False,False,False,9.00,690,,2026-04-03 04:05:44.570293+00:00
85,200083,ERA25LA190,2025-04-30,2025,4,Stevensville,MARYLAND,United States,38.976863,,W29,BAY BRIDGE,CIRRUS DESIGN CORP,SR22,CIRRUS DESIGN CORP,SR22,CIRRUS DESIGN CORP SR22,AIR,N771SL,1405,False,1.0,REC,091,,PERS,,Substantial,3,None,0,0,0,0,VMC,,False,DirectorBrief,Completed,,,"The pilot’s failure to maintain control of the airplane during an aborted landing, which resulted in a runway excursion.","Aircraft - Aircraft oper/perf/capability - Performance/control parameters - Directional control - Not attained/maintained, Personnel issues - Task performance - Use of equip/info - Aircraft control - Pilot","  The pilot’s failure to maintain control of the airplane during an aborted landing, which resulted in a runway excursion. Aircraft - Aircraft oper/perf/capability - Performance/control parameters - Directional control - Not attained/maintained, Personnel issues - Task performance - Use of equip/info - Aircraft control - Pilot",False,False,False,False,False,True,True,False,False,False,9.00,645,,2026-04-03 04:05:44.570293+00:00
315,200545,GAA25WA210,2025-07-05,2025,7,Châteauroux-Villers,,France,,,LFEJ,,JODEL,DR1050,JODEL,DR1050,JODEL DR1050,AIR,F-BJOZ,,False,,,000,,,,Destroyed,4,Fatal,1,0,0,1,,,False,,N/A,,,,,   ,False,False,False,False,False,False,False,False,False,False,29.00,1526,,2026-04-03 04:05:44.570293+00:00
89,200094,ANC25LA036,2025-04-25,2025,4,North Pole,ALASKA,United States,64.710847,,,,STINSON,108,STINSON,108,STINSON 108,AIR,N9308K,2308,False,1.0,REC,091,,PERS,,Substantial,3,Minor,0,0,1,1,VMC,,False,DirectorBrief,Completed,,,The pilot's failure to maintain obstacle clearance which resulted in an in-flight collision with a tree. Contributing to the accident was his impairment from the effects of alcohol consumption.,"Personnel issues - Physical - Impairment/incapacitation - Alcohol - Pilot, Personnel issues - Psychological - Attention/monitoring - Monitoring environment - Pilot, Aircraft - Aircraft oper/perf/capability - Performance/control parameters - Altitude - Not attained/maintained, Environmental issues - Physical environment - Object/animal/substance - Tree(s) - Effect on equipment","  The pilot's failure to maintain obstacle clearance which resulted in an in-flight collision with a tree. Contributing to the accident was his impairment from the effects of alcohol consumption. Personnel issues - Physical - Impairment/incapacitation - Alcohol - Pilot, Personnel issues - Psychological - Attention/monitoring - Monitoring environment - Pilot, Aircraft - Aircraft oper/perf/capability - Performance/control parameters - Altitude - Not attained/maintained, Environmental issues - Physical environment - Object/animal/substance - Tree(s) - Effect on equipment",False,False,False,False,False,True,False,False,False,False,13.00,659,,2026-04-03 04:05:44.570293+00:00
90,200105,ENG25WA033,2025-04-10,2025,4,Petersgrat Mountain,OTHER FOREIGN,Switzerland,46.000000,,LSVP,Petersgrat Mountain Landing Site,BELL,505,BELL,505,BELL 505,HELI,HB-ZWF,65299,False,,,000,,,Mountain Flyers,Destroyed,4,Serious,0,2,0,2,,,False,,N/A,,,,,   ,False,False,False,False,False,False,False,False,False,False,20.00,722,,2026-04-03 04:05:44.570293+00:00
91,200106,CEN25LA167,2025-04-30,2025,4,Bethany,OKLAHOMA,United States,35.536132,,PWA,WILEY POST,BELL HELICOPTER TEXTRON CANADA,505,BELL HELICOPTER TEXTRON CANADA,505,BELL HELICOPTER TEXTRON CANADA 505,HELI,N9TV,65195,False,1.0,TS,091,,BUS,GRIFFIN TELEVISION OKC LLC,Substantial,3,Minor,0,0,1,1,VMC,,False,DirectorBrief,Completed,,,"The pilot’s improper landing technique that allowed the helicopter’s right skid to get caught on the landing platform, which resulted in a dynamic rollover.","Aircraft - Aircraft oper/perf/capability - Performance/control parameters - Lateral/bank control - Not attained/maintained, Personnel issues - Task performance - Use of equip/info - Aircraft control - Pilot","  The pilot’s improper landing technique that allowed the helicopter’s right skid to get caught on the landing platform, which resulted in a dynamic rollover. Aircraft - Aircraft oper/perf/capability - Performance/control parameters - Lateral/bank control - Not attained/maintained, Personnel issues - Task performance - Use of equip/info - Aircraft control - Pilot",False,False,False,False,False,True,False,False,False,False,13.00,644,,2026-04-03 04:05:44.570293+00:00
92,200115,DCA25WA199,2025-04-10,2025,4,Puerto Inírida,,Colombia,,,,,BOEING,737-400,BOEING,737-400,BOEING 737-400,,HK5447,,False,,,,,,,,0,,0,0,0,0,,,False,,N/A,,,,,   ,False,False,False,False,False,False,False,False,False,False,0.00,719,,2026-04-03 04:05:44.570293+00:00
93,200116,ERA25LA196,2025-04-30,2025,4,Brasstown,NORTH CAROLINA,United States,35.000000,,None,Payne's Landing,CHRIS WALLEN/MICHAEL PLISKE,JUST ACFT HIGHLANDER,CHRIS WALLEN/MICHAEL PLISKE,JUST ACFT HIGHLANDER,CHRIS WALLEN/MICHAEL PLISKE JUST,AIR,N788MP,JA612-01-21,True,1.0,REC,091,,PERS,,Substantial,3,Serious,0,1,0,1,VMC,,False,DirectorBrief,Completed,,,"The pilot’s inadvertent application of brake pressure during landing, which resulted in a nose over.","Personnel issues - Task performance - Use of equip/info - Aircraft control - Pilot, Aircraft - Aircraft systems - Landing gear system - Brake - Incorrect use/operation","  The pilot’s inadvertent application of brake pressure during landing, which resulted in a nose over. Personnel issues - Task performance - Use of equip/info - Aircraft control - Pilot, Aircraft - Aircraft systems - Landing gear system - Brake - Incorrect use/operation",False,False,False,False,True,False,False,False,False,False,17.00,646,,2026-04-03 04:05:44.570293+00:00
94,200127,CEN25LA173,2025-04-30,2025,4,Duncan,OKLAHOMA,United States,34.470873,,DUC,Halliburton Field Airport,CESSNA,180F,CESSNA,180F,CESSNA 180F,AIR,N2135Z,18051235,False,1.0,,091,,PERS,"Prop Blast Aviation, LLC",Substantial,3,None,0,0,0,0,VMC,,False,,In work,,,,,   ,False,False,False,False,False,False,False,False,False,False,9.00,643,,2026-04-03 04:05:44.570293+00:00
95,200136,GAA25WA155,2025-04-28,2025,4,Allen,OTHER FOREIGN,Argentina,-38.958333,,,Aerodromo de Allen,CESSNA,182,CESSNA,182,CESSNA 182,AIR,LV-HTM,,False,1.0,,000,,PERS,,Substantial,3,Fatal,1,0,2,2,,,False,,N/A,,,,,   ,False,False,False,False,False,False,False,False,False,False,26.00,654,,2026-04-03 04:05:44.570293+00:00
96,200151,DCA25WA205,2025-04-11,2025,4,Uberlândia,,Brazil,,,,,BOEING,737-800,BOEING,737-800,BOEING 737-800,,PR-GUI,,False,,,000,,,GOL Transportes Aereos,,0,,0,0,0,0,,,False,,N/A,,,,,   ,False,False,False,False,False,False,False,False,False,False,0.00,709,,2026-04-03 04:05:44.570293+00:00
97,200154,CEN25LA176,2025-04-28,2025,4,Lancaster,TEXAS,United States,32.590019,,,,BEECH,C90,BEECH,C90,BEECH C90,AIR,N501MS,LJ-626,False,2.0,TP,091,,BUS,GM INTERCOM LLC,Substantial,3,Serious,0,1,1,2,VMC,,False,DirectorBrief,Completed,,,"The pilot’s improper fuel planning, which resulted in fuel exhaustion and a total loss of power to both engines.","Personnel issues - Task performance - Planning/preparation - Fuel planning - Pilot, Personnel issues - Psychological - Attention/monitoring - Task monitoring/vigilance - Pilot, Personnel issues - Experience/knowledge - Knowledge - Knowledge of procedures - Pilot, Personnel issues - Action/decision - Info processing/decision - Decision making/judgment - Pilot, Aircraft - Fluids/misc hardware - Fluids - Fuel - Fluid level","  The pilot’s improper fuel planning, which resulted in fuel exhaustion and a total loss of power to both engines. Personnel issues - Task performance - Planning/preparation - Fuel planning - Pilot, Personnel issues - Psychological - Attention/monitoring - Task monitoring/vigilance - Pilot, Personnel issues - Experience/knowledge - Knowledge - Knowledge of procedures - Pilot, Personnel issues - Action/decision - Info processing/decision - Decision making/judgment - Pilot, Aircraft - Fluids/misc hardware - Fluids - Fuel - Fluid level",False,True,False,False,False,True,False,False,False,False,17.00,651,,2026-04-03 04:05:44.570293+00:00
98,200155,GAA25WA157,2025-04-16,2025,4,Oriximina,OTHER FOREIGN,Brazil,,,,,CESSNA,182,CESSNA,182,CESSNA 182,AIR,PT-IVN,18262062,False,1.0,,000,,,,Destroyed,4,Fatal,1,0,0,1,,,False,,N/A,,,,,   ,False,False,False,False,False,False,False,False,False,False,29.00,689,,2026-04-03 04:05:44.570293+00:00
99,200157,GAA25WA158,2025-04-29,2025,4,St George Aerodrome,,Australia,-28.000000,,,,AIR TRACTOR,AT602,AIR TRACTOR,AT602,AIR TRACTOR AT602,AIR,VH-FAO,,False,,,000,,AAPL,,Minor,2,None,0,0,0,0,,,False,,N/A,,,,,   ,False,False,False,False,False,False,False,False,False,False,6.00,648,,2026-04-03 04:05:44.570293+00:00
100,200175,WPR25LA157,2025-04-24,2025,4,Fullerton,CALIFORNIA,United States,33.872014,,FUL,FULLERTON MUNI,CIRRUS DESIGN CORP,SR22T,CIRRUS DESIGN CORP,SR22T,CIRRUS DESIGN CORP SR22T,AIR,N415DG,0553,False,1.0,REC,091,,PERS,TRUONGTON AVIATION LLC,Substantial,3,None,0,0,0,0,VMC,,False,DirectorBrief,Completed,,,"The pilot’s failure to attain a proper touchdown point, which resulted in a runway overrun and collision with terrain.","Personnel issues - Task performance - Use of equip/info - Aircraft control - Pilot, Environmental issues - Physical environment - Terrain - Sloped/uneven terrain - Effect on equipment, Aircraft - Aircraft oper/perf/capability - Performance/control parameters - Descent/approach/glide path - Not attained/maintained","  The pilot’s failure to attain a proper touchdown point, which resulted in a runway overrun and collision with terrain. Personnel issues - Task performance - Use of equip/info - Aircraft control - Pilot, Environmental issues - Physical environment - Terrain - Sloped/uneven terrain - Effect on equipment, Aircraft - Aircraft oper/perf/capability - Performance/control parameters - Descent/approach/glide path - Not attained/maintained",False,False,False,False,False,True,True,False,False,False,9.00,661,,2026-04-03 04:05:44.570293+00:00
101,200230,ENG25WA035,2025-04-18,2025,4,Gran Canaria,OTHER FOREIGN,Spain,,,,,TECNAM,P2006T,TECNAM,P2006T,TECNAM P2006T,AIR,EC-MZZ,,False,,,000,,,Canavia,None,1,,0,0,0,0,,,False,,N/A,,,,,   ,False,False,False,False,False,False,False,False,False,False,3.00,683,,2026-04-03 04:05:44.570293+00:00
106,200259,ERA25LA216,2025-06-01,2025,6,Vero Beach,FLORIDA,United States,27.655198,,VRB,VERO BEACH,CESSNA,172F,CESSNA,172F,CESSNA 172F,AIR,N5200F,17253182,False,1.0,REC,091,,PERS,,Substantial,3,Minor,0,0,3,3,VMC,,False,DirectorBrief,Completed,,,A total loss of engine power for reasons that could not be determined.,Not determined - Not determined - (general) - (general) - Unknown/Not determined,  A total loss of engine power for reasons that could not be determined. Not determined - Not determined - (general) - (general) - Unknown/Not determined,False,False,False,False,False,False,False,False,False,False,13.00,1908,,2026-04-03 04:05:44.570293+00:00
107,200260,GAA25WA177,2025-06-03,2025,6,Santa Elena De Uairén,OTHER FOREIGN,Venezuela,4.603683,,,,CESSNA,U206,CESSNA,U206,CESSNA U206,AIR,YV-1983,U20606000,False,1.0,REC,000,,UNK,,Minor,2,None,0,0,0,0,,,False,,N/A,,,,,   ,False,False,False,False,False,False,False,False,False,False,6.00,1901,,2026-04-03 04:05:44.570293+00:00
713,201031,GAA25WA259,2025-09-03,2025,9,Alto Alegre,OTHER FOREIGN,Brazil,,,,,CESSNA,U206,CESSNA,U206,CESSNA U206,AIR,PS-SLM,U20604509,False,1.0,,000,,,,Substantial,3,None,0,0,0,0,,,False,,N/A,,,,,   ,False,False,False,False,False,False,False,False,False,False,9.00,1344,,2026-04-03 04:05:44.570293+00:00
817,201789,GAA25WA272,2025-09-20,2025,9,Le Creusot,OTHER FOREIGN,France,46.818333,,,Aerodrome Le Creusot,RANS,S6,RANS,S6,RANS S6,AIR,71HQ,1194691,False,1.0,REC,000,,,,Destroyed,4,Fatal,1,0,0,1,,,False,,N/A,,,,,   ,False,False,False,False,False,False,False,False,False,False,29.00,1241,,2026-04-03 04:05:44.570293+00:00
108,200263,WPR25LA168,2025-06-02,2025,6,Port Townsend,WASHINGTON,United States,48.053757,,0S9,JEFFERSON COUNTY INTL,AERONCA,7BCM,AERONCA,7BCM,AERONCA 7BCM,AIR,N85311,7AC4050,False,1.0,REC,091,,INST,,Substantial,3,None,0,0,0,0,VMC,,False,DirectorBrief,Completed,,,The flight instructor’s delayed remedial action and inadequate compensation for shifting wind conditions which resulted in a veer off the runway and collision with a sign.,"Personnel issues - Action/decision - Action - Delayed action - Instructor/check pilot, Environmental issues - Conditions/weather/phenomena - Wind - Sudden wind shift - Ability to respond/compensate, Personnel issues - Task performance - Use of equip/info - Aircraft control - Instructor/check pilot","  The flight instructor’s delayed remedial action and inadequate compensation for shifting wind conditions which resulted in a veer off the runway and collision with a sign. Personnel issues - Action/decision - Action - Delayed action - Instructor/check pilot, Environmental issues - Conditions/weather/phenomena - Wind - Sudden wind shift - Ability to respond/compensate, Personnel issues - Task performance - Use of equip/info - Aircraft control - Instructor/check pilot",False,False,False,False,False,True,True,False,False,False,9.00,1904,,2026-04-03 04:05:44.570293+00:00
109,200264,GAA25WA180,2025-06-03,2025,6,Naiguata,OTHER FOREIGN,Venezuela,10.544674,,,,CESSNA,500,CESSNA,500,CESSNA 500,AIR,YV3217,,False,2.0,TF,000,,,,Unknown,0,,0,0,0,0,,,False,,N/A,,,,,   ,False,False,False,False,False,False,False,False,False,False,0.00,1903,,2026-04-03 04:05:44.570293+00:00
110,200265,ERA25LA217,2025-06-04,2025,6,Palm Bay,FLORIDA,United States,28.021136,,,,PIPER,PA-23,PIPER,PA-23,PIPER PA-23,AIR,N2109P,23-699,False,2.0,,091,,PERS,,Substantial,3,Minor,0,0,1,1,,,False,,In work,,,,,   ,False,False,False,False,False,False,False,False,False,False,13.00,1899,,2026-04-03 04:05:44.570293+00:00
111,200266,ANC25FA044,2025-06-04,2025,6,Kaparuk,ALASKA,United States,70.185500,,,,ROBINSON HELICOPTER CO,R66,ROBINSON HELICOPTER CO,R66,ROBINSON HELICOPTER CO R66,HELI,N962MD,0725,False,1.0,,135,SCHD,BUS,Pollux Aviation,Substantial,3,Fatal,2,0,0,2,IMC,,False,,In work,,,,,   ,False,False,False,False,False,False,False,False,False,False,31.00,1900,,2026-04-03 04:05:44.570293+00:00
112,200270,CEN25LA195,2025-06-02,2025,6,Charlevoix,MICHIGAN,United States,45.305290,,CVX,CHARLEVOIX MUNI,CESSNA,182,CESSNA,182,CESSNA 182,AIR,N71149,18259511,False,1.0,REC,091,,BUS,SKYDIVE HARBOR SPRINGS INC,Substantial,3,None,0,0,0,0,VMC,,False,DirectorBrief,Completed,,,The pilot’s failure to maintain pitch control during the takeoff that resulted in multiple bounces and substantial damage to the fuselage.,"Aircraft - Aircraft oper/perf/capability - Performance/control parameters - Pitch control - Not attained/maintained, Personnel issues - Task performance - Use of equip/info - Aircraft control - Pilot, Personnel issues - Action/decision - Action - Incorrect action performance - Pilot, Personnel issues - Psychological - Attention/monitoring - Task monitoring/vigilance - Pilot","  The pilot’s failure to maintain pitch control during the takeoff that resulted in multiple bounces and substantial damage to the fuselage. Aircraft - Aircraft oper/perf/capability - Performance/control parameters - Pitch control - Not attained/maintained, Personnel issues - Task performance - Use of equip/info - Aircraft control - Pilot, Personnel issues - Action/decision - Action - Incorrect action performance - Pilot, Personnel issues - Psychological - Attention/monitoring - Task monitoring/vigilance - Pilot",False,False,False,False,False,True,False,False,True,False,9.00,1905,,2026-04-03 04:05:44.570293+00:00
113,200271,ERA25LA219,2025-06-05,2025,6,Medina,OHIO,United States,41.131642,,1G5,MEDINA MUNI,FRED L WELLMAN,CH 750 CRUZER,FRED L WELLMAN,CH 750 CRUZER,FRED L WELLMAN CH,AIR,N75FW,C75-11088,True,1.0,REC,091,,FLTS,,Substantial,3,None,0,0,0,0,VMC,,False,DirectorBrief,Completed,,,"The pilot’s failure to maintain control of the airplane during takeoff, which resulted in a runway excursion.","Personnel issues - Task performance - Use of equip/info - Aircraft control - Pilot, Aircraft - Aircraft oper/perf/capability - Performance/control parameters - (general) - Not attained/maintained","  The pilot’s failure to maintain control of the airplane during takeoff, which resulted in a runway excursion. Personnel issues - Task performance - Use of equip/info - Aircraft control - Pilot, Aircraft - Aircraft oper/perf/capability - Performance/control parameters - (general) - Not attained/maintained",False,False,False,False,False,True,True,False,False,False,9.00,1896,,2026-04-03 04:05:44.570293+00:00
124,200289,CEN25LA201,2025-06-07,2025,6,Pawhuska,OKLAHOMA,United States,36.669142,,H76,PAWHUSKA MUNI,LANCAIR,235,LANCAIR,235,LANCAIR 235,AIR,N25DB,83,True,1.0,REC,091,,FLTS,,Substantial,3,None,0,0,0,0,VMC,,False,DirectorBrief,Completed,,,The pilot’s failure to properly configure the airplane for landing.,"Personnel issues - Task performance - Use of equip/info - Use of equip/system - Pilot, Personnel issues - Action/decision - Info processing/decision - Decision making/judgment - Pilot, Personnel issues - Action/decision - Action - Lack of action - Pilot, Aircraft - Aircraft systems - Electrical power system - (general) - Not used/operated","  The pilot’s failure to properly configure the airplane for landing. Personnel issues - Task performance - Use of equip/info - Use of equip/system - Pilot, Personnel issues - Action/decision - Info processing/decision - Decision making/judgment - Pilot, Personnel issues - Action/decision - Action - Lack of action - Pilot, Aircraft - Aircraft systems - Electrical power system - (general) - Not used/operated",False,False,False,False,False,True,False,False,False,False,9.00,1884,,2026-04-03 04:05:44.570293+00:00
114,200274,ERA25LA221,2025-04-18,2025,4,Oxford,MAINE,United States,44.158543,,81B,Oxford County Regional Airport,CESSNA,170,CESSNA,170,CESSNA 170,AIR,N2607V,18117,False,1.0,REC,091,,INST,,Substantial,3,None,0,0,0,0,VMC,,False,DirectorBrief,Completed,,,The flight instructor’s failure to maintain directional control during the landing roll in gusty crosswind conditions.,"Aircraft - Aircraft oper/perf/capability - Performance/control parameters - Directional control - Not attained/maintained, Personnel issues - Task performance - Use of equip/info - Aircraft control - Instructor/check pilot, Environmental issues - Conditions/weather/phenomena - Wind - Crosswind - Response/compensation","  The flight instructor’s failure to maintain directional control during the landing roll in gusty crosswind conditions. Aircraft - Aircraft oper/perf/capability - Performance/control parameters - Directional control - Not attained/maintained, Personnel issues - Task performance - Use of equip/info - Aircraft control - Instructor/check pilot, Environmental issues - Conditions/weather/phenomena - Wind - Crosswind - Response/compensation",False,False,False,False,False,True,False,False,False,False,9.00,682,,2026-04-03 04:05:44.570293+00:00
250,200457,ERA25LA256,2025-07-03,2025,7,Deland,FLORIDA,United States,29.064158,,DED,,Kyle Koncak,Aventura II,KYLE KONCAK,Aventura II,KYLE KONCAK AVENTURA,AIR,N508K,AA2A0184,True,1.0,,091,,PERS,Joseph Perrone,Substantial,3,Serious,0,1,0,1,VMC,,False,,In work,,,,,   ,False,False,False,False,False,False,False,False,False,False,17.00,1535,,2026-04-03 04:05:44.570293+00:00
791,201761,WPR25LA299,2025-09-27,2025,9,Torrington,WYOMING,United States,42.071528,,TOR,,VANS,RV3-A,VANS,RV3-A,VANS RV3-A,AIR,N16MR,811-3,True,1.0,,091,,PERS,VANGUARD SQUADRON INC,Substantial,3,Serious,0,1,0,1,VMC,,False,,In work,,,,,   ,False,False,False,False,False,False,False,False,False,False,17.00,1203,,2026-04-03 04:05:44.570293+00:00
356,200599,CEN25FA270,2025-07-21,2025,7,Lowell,MICHIGAN,United States,42.959461,,,,Van's Aircraft,RV-14,VAN'S AIRCRAFT,RV-14,VAN'S AIRCRAFT RV-14,AIR,N21KL,140933,True,1.0,,091,,PERS,,Destroyed,4,Fatal,2,0,0,2,VMC,,False,,In work,,,,,   ,False,False,False,False,False,False,False,False,False,False,34.00,1427,,2026-04-03 04:05:44.570293+00:00
347,200589,WPR25LA219,2025-07-19,2025,7,Hollister,CALIFORNIA,United States,36.887566,,CVH,,"CIRRUS DESIGN CORP, NELSON DOUGLAS","SR22, VANS RV-8","CIRRUS DESIGN CORP, NELSON DOUGLAS","SR22, VANS RV-8","CIRRUS DESIGN CORP, NELSON DOUGLAS SR22,","AIR, AIR","N551SG, N926DT","4562, 80759",,,,091,,"PERS, PERS",,"Substantial, Minor",0,Serious,0,1,0,1,,,False,,In work,,,,,   ,False,False,False,False,False,False,False,False,False,False,8.00,1444,,2026-04-03 04:05:44.570293+00:00
115,200276,CEN25LA196,2025-06-05,2025,6,Waupaca,WISCONSIN,United States,44.333250,,PCZ,Waupaca Municipal,GALLOW DANIEL A,KITFOX CLASSIC IV,GALLOW DANIEL A,KITFOX CLASSIC IV,GALLOW DANIEL A KITFOX,AIR,N755SD,C04050295,True,1.0,REC,091,,PERS,,Substantial,3,Minor,0,0,2,2,VMC,,False,DirectorBrief,Completed,,,"The pilot’s failure to maintain adequate air speed during final approach, which resulted in an aerodynamic stall and impact with terrain.","Personnel issues - Task performance - Use of equip/info - Aircraft control - Pilot, Aircraft - Aircraft oper/perf/capability - Performance/control parameters - Airspeed - Not attained/maintained","  The pilot’s failure to maintain adequate air speed during final approach, which resulted in an aerodynamic stall and impact with terrain. Personnel issues - Task performance - Use of equip/info - Aircraft control - Pilot, Aircraft - Aircraft oper/perf/capability - Performance/control parameters - Airspeed - Not attained/maintained",False,False,False,False,False,True,False,False,False,False,13.00,1894,,2026-04-03 04:05:44.570293+00:00
116,200279,CEN25FA197,2025-06-06,2025,6,Grady,ARKANSAS,United States,34.184647,,PVT,N/A,AIR TRACTOR INC,AT-502,AIR TRACTOR INC,AT-502,AIR TRACTOR INC AT-502,AIR,N9185F,502-0206,False,1.0,,137,,AAPL,FARM BROTHERS FLYERS A LLC,Substantial,3,Fatal,1,0,0,1,VMC,,False,,In work,,,,,   ,False,False,False,False,False,False,False,False,False,False,26.00,1889,,2026-04-03 04:05:44.570293+00:00
117,200281,CEN25FA198,2025-06-07,2025,6,Waterman,ILLINOIS,United States,41.770448,,0C2,Hinkley Airport,AERONCA,7AC,AERONCA,7AC,AERONCA 7AC,AIR,N1846E,7AC-5413,False,1.0,,091,,PERS,,Substantial,3,Fatal,1,1,0,2,VMC,,False,,In work,,,,,   ,False,False,False,False,False,False,False,False,False,False,26.00,1885,,2026-04-03 04:05:44.570293+00:00
118,200282,WPR25FA169,2025-06-08,2025,6,San Diego,CALIFORNIA,United States,32.695711,,SAN,SAN DIEGO INTL,CESSNA,414,CESSNA,414,CESSNA 414,AIR,N414BA,414-0047,False,2.0,,091,,BUS,,Substantial,3,Fatal,6,0,0,6,IMC,,False,,In work,,,,,   ,False,False,False,False,False,False,False,False,False,False,51.00,1878,,2026-04-03 04:05:44.570293+00:00
119,200284,ERA25LA222,2025-06-08,2025,6,Tullahoma,TENNESSEE,United States,35.380125,,THA,TULLAHOMA RGNL/WM NORTHERN FLD,DEHAVILLAND,DHC-6 TWIN OTTER,DEHAVILLAND,DHC-6 TWIN OTTER,DEHAVILLAND DHC-6,AIR,N166DH,66,False,2.0,,091,,SKYD,,Substantial,3,Serious,0,6,0,6,VMC,,False,,In work,,,,,   ,False,False,False,False,False,False,False,False,False,False,17.00,1879,,2026-04-03 04:05:44.570293+00:00
120,200285,CEN25LA199,2025-06-08,2025,6,Mineral Wells,TEXAS,United States,32.782526,,MWL,Mineral Wells,CESSNA,182P,CESSNA,182P,CESSNA 182P,AIR,N7376N,18263159,False,1.0,REC,091,,PERS,,Substantial,3,None,0,0,0,0,VMC,,False,DirectorBrief,Completed,,,"The pilot’s improper fuel tank selection prior to takeoff, which resulted in a total loss of engine power due to fuel starvation. Contributing to the accident was the pilot’s failure to follow the airplane checklist.","Personnel issues - Task performance - Use of equip/info - Use of checklist - Pilot, Personnel issues - Task performance - Use of equip/info - Use of equip/system - Pilot, Aircraft - Fluids/misc hardware - Fluids - Fuel - Fluid management, Aircraft - Aircraft systems - Fuel system - Fuel selector/shutoff valve - Incorrect use/operation","  The pilot’s improper fuel tank selection prior to takeoff, which resulted in a total loss of engine power due to fuel starvation. Contributing to the accident was the pilot’s failure to follow the airplane checklist. Personnel issues - Task performance - Use of equip/info - Use of checklist - Pilot, Personnel issues - Task performance - Use of equip/info - Use of equip/system - Pilot, Aircraft - Fluids/misc hardware - Fluids - Fuel - Fluid management, Aircraft - Aircraft systems - Fuel system - Fuel selector/shutoff valve - Incorrect use/operation",False,True,False,False,False,True,False,False,False,False,9.00,1875,,2026-04-03 04:05:44.570293+00:00
121,200286,ERA25LA223,2025-06-07,2025,6,Hebron,OHIO,United States,39.957964,,9OA5,BUCKEYE,PIPER,PA22,PIPER,PA22,PIPER PA22,AIR,N6804B,22-4099,False,1.0,,091,,PERS,,Substantial,3,None,0,0,0,0,VMC,,False,,In work,,,,,   ,False,False,False,False,False,False,False,False,False,False,9.00,1887,,2026-04-03 04:05:44.570293+00:00
154,200333,WPR25LA177,2025-06-11,2025,6,Tonasket,WASHINGTON,United States,48.750537,,,,ROLLADEN SCHNEIDER,LS-7WL,ROLLADEN SCHNEIDER,LS-7WL,ROLLADEN SCHNEIDER LS-7WL,GLI,N78AW,7059,False,0.0,,091,,PERS,,Substantial,3,None,0,0,0,0,VMC,,False,DirectorBrief,Completed,,,The glider’s encounter with atmospheric conditions where the lift was not sufficient to maintain flight.,"Environmental issues - Conditions/weather/phenomena - Temp/humidity/pressure - Thermal lifting - Effect on operation, Aircraft - Aircraft oper/perf/capability - Performance/control parameters - Altitude - Attain/maintain not possible","  The glider’s encounter with atmospheric conditions where the lift was not sufficient to maintain flight. Environmental issues - Conditions/weather/phenomena - Temp/humidity/pressure - Thermal lifting - Effect on operation, Aircraft - Aircraft oper/perf/capability - Performance/control parameters - Altitude - Attain/maintain not possible",False,False,False,False,False,False,False,False,False,False,9.00,1864,,2026-04-03 04:05:44.570293+00:00
122,200287,CEN25LA200,2025-06-05,2025,6,Gibson,ARKANSAS,United States,35.752381,,PVT,Private Strip,AIR TRACTOR INC,AT-502,AIR TRACTOR INC,AT-502,AIR TRACTOR INC AT-502,AIR,N45113,502-0094,False,1.0,TP,137,,AAPL,Over and Under Flying Service,Substantial,3,Serious,0,1,0,1,VMC,,False,DirectorBrief,Completed,,,The pilot’s loss of control during takeoff due to an encounter with a sudden wind shift.,"Environmental issues - Conditions/weather/phenomena - Wind - Sudden wind shift - Effect on operation, Environmental issues - Conditions/weather/phenomena - Convective weather - Thunderstorm - Effect on operation, Personnel issues - Task performance - Use of equip/info - Aircraft control - Pilot","  The pilot’s loss of control during takeoff due to an encounter with a sudden wind shift. Environmental issues - Conditions/weather/phenomena - Wind - Sudden wind shift - Effect on operation, Environmental issues - Conditions/weather/phenomena - Convective weather - Thunderstorm - Effect on operation, Personnel issues - Task performance - Use of equip/info - Aircraft control - Pilot",False,False,True,False,False,False,False,False,False,False,17.00,1892,,2026-04-03 04:05:44.570293+00:00
123,200288,GAA25WA181,2025-06-08,2025,6,Bromsgrove,,United Kingdom,,,,,PULSAR,XP,PULSAR,XP,PULSAR XP,AIR,G-CKIS,PFA 202A-12702,False,,,000,,UNK,,Substantial,3,None,0,0,0,0,,,False,,N/A,,,,,   ,False,False,False,False,False,False,False,False,False,False,9.00,1874,,2026-04-03 04:05:44.570293+00:00
125,200290,WPR25LA170,2025-06-06,2025,6,Phoenix,ARIZONA,United States,33.683333,,DVT,PHOENIX DEER VALLEY,CESSNA,150M,CESSNA,150M,CESSNA 150M,AIR,N45659,15077011,False,1.0,,091,,INST,,Substantial,3,Minor,0,0,2,2,VMC,,False,,In work,,,,,   ,False,False,False,False,False,False,False,False,False,False,13.00,1891,,2026-04-03 04:05:44.570293+00:00
126,200291,WPR25LA171,2025-06-07,2025,6,Hayward,CALIFORNIA,United States,37.660983,,HWD,Hayward Executive Airport,YAKOVLEV,YAK-50,YAKOVLEV,YAK-50,YAKOVLEV YAK-50,AIR,N150YK,822308,False,1.0,,091,,PERS,,Substantial,3,Minor,0,0,1,1,VMC,,False,,In work,,,,,   ,False,False,False,False,False,False,False,False,False,False,13.00,1888,,2026-04-03 04:05:44.570293+00:00
160,200341,CEN25LA209,2025-06-17,2025,6,Sealy,TEXAS,United States,29.733392,,1XA7,Gloster Aerodrome,Vans Aircraft Company,RV-14,VANS AIRCRAFT COMPANY,RV-14,VANS AIRCRAFT COMPANY RV-14,AIR,N852BJ,140856,True,1.0,REC,091,,PERS,,Substantial,3,None,0,0,0,0,VMC,,False,DirectorBrief,Completed,,,The pilot’s improper use of airplane’s wheel brakes during the landing roll-out.,"Personnel issues - Task performance - Use of equip/info - Aircraft control - Pilot, Aircraft - Aircraft oper/perf/capability - Performance/control parameters - Surface speed/braking - Incorrect use/operation, Personnel issues - Action/decision - Info processing/decision - Decision making/judgment - Pilot","  The pilot’s improper use of airplane’s wheel brakes during the landing roll-out. Personnel issues - Task performance - Use of equip/info - Aircraft control - Pilot, Aircraft - Aircraft oper/perf/capability - Performance/control parameters - Surface speed/braking - Incorrect use/operation, Personnel issues - Action/decision - Info processing/decision - Decision making/judgment - Pilot",False,False,False,False,False,True,False,False,False,False,9.00,1836,,2026-04-03 04:05:44.570293+00:00
127,200294,CEN25LA202,2025-06-01,2025,6,Hampshire,ILLINOIS,United States,42.153961,,55LL,SKY SOARING,SCHWEIZER,SGS 1-26C,SCHWEIZER,SGS 1-26C,SCHWEIZER SGS,GLI,N9839E,270,False,0.0,,091,,PERS,,Substantial,3,None,0,0,0,0,VMC,,False,DirectorBrief,Completed,,,"The pilot’s failure to maintain a proper altitude during the approach, which resulted in overshooting the landing area, a runway excursion, and impact with terrain.","Aircraft - Aircraft oper/perf/capability - Performance/control parameters - Descent/approach/glide path - Not attained/maintained, Personnel issues - Task performance - Use of equip/info - Aircraft control - Pilot, Aircraft - Aircraft oper/perf/capability - Performance/control parameters - Airspeed - Not attained/maintained, Aircraft - Aircraft oper/perf/capability - Performance/control parameters - Altitude - Not attained/maintained","  The pilot’s failure to maintain a proper altitude during the approach, which resulted in overshooting the landing area, a runway excursion, and impact with terrain. Aircraft - Aircraft oper/perf/capability - Performance/control parameters - Descent/approach/glide path - Not attained/maintained, Personnel issues - Task performance - Use of equip/info - Aircraft control - Pilot, Aircraft - Aircraft oper/perf/capability - Performance/control parameters - Airspeed - Not attained/maintained, Aircraft - Aircraft oper/perf/capability - Performance/control parameters - Altitude - Not attained/maintained",False,False,False,False,False,True,True,False,False,False,9.00,1909,,2026-04-03 04:05:44.570293+00:00
128,200298,ERA25LA225,2025-06-01,2025,6,Elberta,ALABAMA,United States,30.429559,,AL55,SHIELDS,CESSNA,150J,CESSNA,150J,CESSNA 150J,AIR,N150FJ,15071001,False,1.0,,091,,PERS,JOHNS RANDAL J,Substantial,3,None,0,0,0,0,VMC,,False,,In work,,,,,   ,False,False,False,False,False,False,False,False,False,False,9.00,1910,,2026-04-03 04:05:44.570293+00:00
129,200299,ERA25LA226,2025-06-10,2025,6,Murfreesboro,TENNESSEE,United States,35.859382,,MBT,MURFREESBORO MUNI,BEECH,A36,BEECH,A36,BEECH A36,AIR,N15PM,E-1016,False,1.0,,091,,PERS,,Substantial,3,Serious,0,1,0,1,VMC,,False,,In work,,,,,   ,False,False,False,False,False,False,False,False,False,False,17.00,1869,,2026-04-03 04:05:44.570293+00:00
130,200302,GAA25WA182,2025-04-22,2025,4,Amreli,,India,,,,,TECNAM,P2008,TECNAM,P2008,TECNAM P2008,AIR,VT-VDF,,False,,,000,,,,Destroyed,4,Fatal,1,0,0,1,,,False,,N/A,,,,,   ,False,False,False,False,False,False,False,False,False,False,29.00,669,,2026-04-03 04:05:44.570293+00:00
131,200304,DCA25LA230,2025-06-08,2025,6,Phoenix,ARIZONA,United States,33.434300,,PHX,Phoenix Sky Harbor International,BOEING,737,BOEING,737,BOEING 737,AIR,N27266,66597,False,2.0,TF,121,SCHD,,United Airlines,None,1,Serious,0,1,3,4,VMC,,False,DirectorBrief,Completed,,,"The abrupt application of brakes during taxi, which resulted in a sudden stop and caused a flight attendant to sustain a serious injury.",Personnel issues - Action/decision - Action - Incorrect action performance - Pilot,"  The abrupt application of brakes during taxi, which resulted in a sudden stop and caused a flight attendant to sustain a serious injury. Personnel issues - Action/decision - Action - Incorrect action performance - Pilot",False,False,False,False,False,False,False,False,False,False,11.00,1882,,2026-04-03 04:05:44.570293+00:00
132,200305,GAA25WA183,2025-06-11,2025,6,"Chalfont St Peter, Buckinghamshire",,United Kingdom,,,,,ROBINSON,R66,ROBINSON,R66,ROBINSON R66,HELI,G-WBRN,,False,,,129,,,,Destroyed,4,Fatal,1,0,0,1,,,False,,N/A,,,,,   ,False,False,False,False,False,False,False,False,False,False,29.00,1867,,2026-04-03 04:05:44.570293+00:00
133,200308,ANC25LA047,2025-06-10,2025,6,Camas,WASHINGTON,United States,45.627896,,1W1,Camas Grove Field,BRIAN PECK,RV-14,BRIAN PECK,RV-14,BRIAN PECK RV-14,AIR,N991RS,140872,True,1.0,REC,091,,PERS,,Substantial,3,None,0,0,0,0,VMC,,False,DirectorBrief,Completed,,,The pilot’s failure to maintain directional control during landing roll which resulted in a runway excursion.,"Aircraft - Aircraft oper/perf/capability - Performance/control parameters - Directional control - Not attained/maintained, Personnel issues - Task performance - Use of equip/info - Aircraft control - Pilot, Environmental issues - Conditions/weather/phenomena - Wind - Gusts - Ability to respond/compensate","  The pilot’s failure to maintain directional control during landing roll which resulted in a runway excursion. Aircraft - Aircraft oper/perf/capability - Performance/control parameters - Directional control - Not attained/maintained, Personnel issues - Task performance - Use of equip/info - Aircraft control - Pilot, Environmental issues - Conditions/weather/phenomena - Wind - Gusts - Ability to respond/compensate",False,False,False,False,False,True,True,False,False,False,9.00,1868,,2026-04-03 04:05:44.570293+00:00
134,200310,CEN25LA204,2025-06-06,2025,6,Pembine,WISCONSIN,United States,45.581631,,WS25,SHANGRILA,FLIGHT DESIGN GMBH,CTSW,FLIGHT DESIGN GMBH,CTSW,FLIGHT DESIGN GMBH CTSW,AIR,N499CT,07-03-09,False,1.0,REC,091,,PERS,,Substantial,3,None,0,0,0,0,VMC,,False,DirectorBrief,Completed,,,The pilot’s improper flare during landing which resulted in a bounced landing.,"Aircraft - Aircraft oper/perf/capability - Performance/control parameters - Landing flare - Not attained/maintained, Personnel issues - Action/decision - Action - Incorrect action performance - Pilot, Personnel issues - Task performance - Use of equip/info - Aircraft control - Pilot","  The pilot’s improper flare during landing which resulted in a bounced landing. Aircraft - Aircraft oper/perf/capability - Performance/control parameters - Landing flare - Not attained/maintained, Personnel issues - Action/decision - Action - Incorrect action performance - Pilot, Personnel issues - Task performance - Use of equip/info - Aircraft control - Pilot",False,False,False,False,False,True,False,False,False,False,9.00,1890,,2026-04-03 04:05:44.570293+00:00
135,200311,ANC25LA048,2025-06-07,2025,6,Mojave,CALIFORNIA,United States,35.058661,,MHV,Mojave Air & Space Port/Rutan Field,CZECH SPORT AIRCRAFT A S,SPORTCRUISER,CZECH SPORT AIRCRAFT A S,SPORTCRUISER,CZECH SPORT AIRCRAFT A S SPORTCRUISER,AIR,N724SC,C0594,False,1.0,REC,091,,INST,"Aviators, Inc",Substantial,3,None,0,0,0,0,VMC,,False,DirectorBrief,Completed,,,The pilot’s failure to maintain directional control during landing roll.,"Aircraft - Aircraft oper/perf/capability - Performance/control parameters - Directional control - Not attained/maintained, Personnel issues - Task performance - Use of equip/info - Aircraft control - Pilot","  The pilot’s failure to maintain directional control during landing roll. Aircraft - Aircraft oper/perf/capability - Performance/control parameters - Directional control - Not attained/maintained, Personnel issues - Task performance - Use of equip/info - Aircraft control - Pilot",False,False,False,False,False,True,False,False,False,False,9.00,1883,,2026-04-03 04:05:44.570293+00:00
136,200312,ANC25LA049,2025-06-08,2025,6,Flagstaff,ARIZONA,United States,35.139860,,FLG,Flagstaff Pulliam,CESSNA,180J,CESSNA,180J,CESSNA 180J,AIR,N605NB,18052732,False,1.0,REC,091,,PERS,ZULU AVIATION LLC,Substantial,3,None,0,0,0,0,VMC,,False,DirectorBrief,Completed,,,"The pilot’s failure to maintain directional control during takeoff in variable and gusty wind, which resulted in a ground loop.","Aircraft - Aircraft oper/perf/capability - Performance/control parameters - Directional control - Attain/maintain not possible, Personnel issues - Task performance - Use of equip/info - Aircraft control - Pilot, Environmental issues - Conditions/weather/phenomena - Wind - Gusts - Contributed to outcome, Environmental issues - Conditions/weather/phenomena - Wind - Variable wind - Effect on operation","  The pilot’s failure to maintain directional control during takeoff in variable and gusty wind, which resulted in a ground loop. Aircraft - Aircraft oper/perf/capability - Performance/control parameters - Directional control - Attain/maintain not possible, Personnel issues - Task performance - Use of equip/info - Aircraft control - Pilot, Environmental issues - Conditions/weather/phenomena - Wind - Gusts - Contributed to outcome, Environmental issues - Conditions/weather/phenomena - Wind - Variable wind - Effect on operation",False,False,False,False,False,True,False,False,False,False,9.00,1877,,2026-04-03 04:05:44.570293+00:00
139,200316,ANC25LA050,2025-06-11,2025,6,Honolulu,HAWAII,United States,21.308333,,HNL,Daniel K Inouye International Airport,SHORT BROS,SD3-60,SHORT BROS,SD3-60,SHORT BROS SD3-60,AIR,N221LM,SH3722,False,2.0,TP,135,NSCH,POSI,Trans Executive Airlines of Hawaii Inc,Substantial,3,None,0,0,0,0,VMC,,False,DirectorBrief,Completed,,,The pilots’ failure to extend the landing gear prior to landing. Contributing to the accident was the pilots’ failure to complete the Before Landing checklist.,"Aircraft - Aircraft systems - Landing gear system - Gear extension and retract sys - Not used/operated, Personnel issues - Action/decision - Action - Forgotten action/omission - Pilot, Personnel issues - Task performance - Use of equip/info - Use of checklist - Pilot, Personnel issues - Psychological - Attention/monitoring - Attention - Pilot","  The pilots’ failure to extend the landing gear prior to landing. Contributing to the accident was the pilots’ failure to complete the Before Landing checklist. Aircraft - Aircraft systems - Landing gear system - Gear extension and retract sys - Not used/operated, Personnel issues - Action/decision - Action - Forgotten action/omission - Pilot, Personnel issues - Task performance - Use of equip/info - Use of checklist - Pilot, Personnel issues - Psychological - Attention/monitoring - Attention - Pilot",False,False,False,False,True,True,False,False,False,False,9.00,1866,,2026-04-03 04:05:44.570293+00:00
140,200317,ERA25LA227,2025-06-12,2025,6,Hartsville,TENNESSEE,United States,36.450990,,,,CIRRUS DESIGN CORP,SR22,CIRRUS DESIGN CORP,SR22,CIRRUS DESIGN CORP SR22,AIR,N312DA,1262,False,1.0,,091,,PERS,,Substantial,3,None,0,0,0,0,VMC,,False,,In work,,,,,   ,False,False,False,False,False,False,False,False,False,False,9.00,1860,,2026-04-03 04:05:44.570293+00:00
141,200318,CEN25LA206,2025-06-05,2025,6,Pontiac,ILLINOIS,United States,40.880894,,,,XAG,P100 PRO,XAG,P100 PRO,XAG P100,UNMANNED,N231CU,1863FPEG8219314A8X26,False,4.0,,137,,,NUTRIEN AG SOLUTIONS INC,Substantial,3,None,0,0,0,0,VMC,,False,,In work,,,,,   ,False,False,False,False,False,False,False,False,False,False,9.00,1893,,2026-04-03 04:05:44.570293+00:00
142,200321,ANC25LA051,2025-06-13,2025,6,Fairbanks,ALASKA,United States,64.873336,,NONE,Private Strip,PIPER,PA-12,PIPER,PA-12,PIPER PA-12,AIR,N3846M,12-2757,False,1.0,REC,091,,PERS,,Substantial,3,Serious,0,1,0,1,VMC,,False,DirectorBrief,Completed,,,The pilot’s failure to maintain clearance from trees during a go-around with a tailwind.,"Environmental issues - Conditions/weather/phenomena - Wind - Tailwind - Effect on operation, Personnel issues - Action/decision - Info processing/decision - Decision making/judgment - Pilot, Aircraft - Aircraft oper/perf/capability - Performance/control parameters - Altitude - Attain/maintain not possible","  The pilot’s failure to maintain clearance from trees during a go-around with a tailwind. Environmental issues - Conditions/weather/phenomena - Wind - Tailwind - Effect on operation, Personnel issues - Action/decision - Info processing/decision - Decision making/judgment - Pilot, Aircraft - Aircraft oper/perf/capability - Performance/control parameters - Altitude - Attain/maintain not possible",False,False,False,False,False,True,False,False,False,False,17.00,1852,,2026-04-03 04:05:44.570293+00:00
143,200322,ERA25FA228,2025-06-14,2025,6,Tabor City,NORTH CAROLINA,United States,34.007520,,,,BEECH,58,BEECH,58,BEECH 58,AIR,N82UC,TH-276,False,2.0,,091,,PERS,MAJESTY AIR INC,Destroyed,4,Fatal,2,0,0,2,IMC,,False,,In work,,,,,   ,False,False,False,False,False,False,False,False,False,False,34.00,1848,,2026-04-03 04:05:44.570293+00:00
144,200323,ERA25LA229,2025-06-12,2025,6,Valparaiso,FLORIDA,United States,30.480543,,DTS,DESTIN EXEC,ROBINSON HELICOPTER CO,R66,ROBINSON HELICOPTER CO,R66,ROBINSON HELICOPTER CO R66,HELI,N633AF,0680,False,1.0,,091,,AOBV,,Substantial,3,Minor,0,0,2,2,VMC,,False,,In work,,,,,   ,False,False,False,False,False,False,False,False,False,False,13.00,1859,,2026-04-03 04:05:44.570293+00:00
145,200324,ANC25LA052,2025-06-14,2025,6,Cantwell,ALASKA,United States,63.226317,,NONE,,STINSON,108,STINSON,108,STINSON 108,AIR,N2101Q,108-1182,False,1.0,,091,,PERS,,Substantial,3,Minor,0,0,2,2,VMC,,False,,In work,,,,,   ,False,False,False,False,False,False,False,False,False,False,13.00,1847,,2026-04-03 04:05:44.570293+00:00
146,200325,WPR25LA172,2025-06-15,2025,6,Spokane Valley,WASHINGTON,United States,47.607246,,WN92,SKY MEADOWS AIRPARK,BOEING,B75N1,BOEING,B75N1,BOEING B75N1,AIR,N6848,75-6848,False,1.0,REC,091,NSCH,PERS,,Substantial,3,Minor,0,0,2,2,VMC,,False,DirectorBrief,Completed,,,The pilot’s failure to maintain directional control during a takeoff roll in quartering tailwind conditions.,"Aircraft - Aircraft oper/perf/capability - Performance/control parameters - Directional control - Not attained/maintained, Personnel issues - Task performance - Use of equip/info - Aircraft control - Pilot, Environmental issues - Conditions/weather/phenomena - Wind - Tailwind - Effect on operation","  The pilot’s failure to maintain directional control during a takeoff roll in quartering tailwind conditions. Aircraft - Aircraft oper/perf/capability - Performance/control parameters - Directional control - Not attained/maintained, Personnel issues - Task performance - Use of equip/info - Aircraft control - Pilot, Environmental issues - Conditions/weather/phenomena - Wind - Tailwind - Effect on operation",False,False,False,False,False,True,False,False,False,False,13.00,1842,,2026-04-03 04:05:44.570293+00:00
147,200326,DCA25LA233,2025-06-12,2025,6,Guayaquil,,Ecuador,2.000000,,,,BOEING,747-47UF,BOEING,747-47UF,BOEING 747-47UF,AIR,N476MC,29256,False,4.0,,121,NSCH,,ATLAS AIR INC,Minor,2,None,0,0,0,0,,,False,,In work,,,,,   ,False,False,False,False,False,False,False,False,False,False,6.00,1858,,2026-04-03 04:05:44.570293+00:00
148,200327,WPR25LA173,2025-06-13,2025,6,Bountiful,UTAH,United States,40.868149,,BTF,Skypark Airport,BELL,407,BELL,407,BELL 407,HELI,N407SJ,53608,False,1.0,TS,091,,POSI,"Limitless Society, Mark Keaton Hoskins",Substantial,3,Minor,0,0,1,1,VMC,,False,DirectorBrief,Completed,,,"The pilot’s improper decision to depart with inadequate clearance from a hangar door, resulting in the helicopter’s collision with the door.","Personnel issues - Action/decision - Info processing/decision - Decision making/judgment - Pilot, Personnel issues - Action/decision - Info processing/decision - Identification/recognition - Pilot, Environmental issues - Physical environment - Object/animal/substance - Airport structure - Effect on equipment","  The pilot’s improper decision to depart with inadequate clearance from a hangar door, resulting in the helicopter’s collision with the door. Personnel issues - Action/decision - Info processing/decision - Decision making/judgment - Pilot, Personnel issues - Action/decision - Info processing/decision - Identification/recognition - Pilot, Environmental issues - Physical environment - Object/animal/substance - Airport structure - Effect on equipment",False,False,False,False,False,True,False,False,False,False,13.00,1857,,2026-04-03 04:05:44.570293+00:00
149,200328,WPR25LA174,2025-06-14,2025,6,Acampo,CALIFORNIA,United States,38.175945,,,,QUITTER JOHN F,MXL II,QUITTER JOHN F,MXL II,QUITTER JOHN F MXL,AIR,N375ME,428,False,1.0,,091,,PERS,,Substantial,3,Serious,0,1,0,1,VMC,,False,,In work,,,,,   ,False,False,False,False,False,False,False,False,False,False,17.00,1846,,2026-04-03 04:05:44.570293+00:00
159,200339,WPR25LA181,2025-06-17,2025,6,Heber City,UTAH,United States,40.481806,,HCR,HEBER VALLEY,CESSNA,150G,CESSNA,150G,CESSNA 150G,AIR,N6349S,15067149,False,1.0,REC,091,,PERS,,Substantial,3,None,0,0,0,0,VMC,,False,DirectorBrief,Completed,,,"The student pilot’s improper recovery from a bounced landing, which resulted in a nose over.","Personnel issues - Task performance - Use of equip/info - Aircraft control - Student/instructed pilot, Aircraft - Aircraft oper/perf/capability - Performance/control parameters - Pitch control - Not attained/maintained, Environmental issues - Physical environment - Terrain - Rough terrain - Contributed to outcome","  The student pilot’s improper recovery from a bounced landing, which resulted in a nose over. Personnel issues - Task performance - Use of equip/info - Aircraft control - Student/instructed pilot, Aircraft - Aircraft oper/perf/capability - Performance/control parameters - Pitch control - Not attained/maintained, Environmental issues - Physical environment - Terrain - Rough terrain - Contributed to outcome",False,False,False,False,False,True,False,False,False,False,9.00,1837,,2026-04-03 04:05:44.570293+00:00
150,200329,WPR25LA175,2025-06-13,2025,6,Hyampom,CALIFORNIA,United States,40.619056,,H47,HYAMPOM,CESSNA,182P,CESSNA,182P,CESSNA 182P,AIR,N78720,18261776,False,1.0,REC,091,,PERS,,Substantial,3,None,0,0,0,0,VMC,,False,DirectorBrief,Completed,,,"The pilot’s failure to use carburetor heat, which resulted in a loss of engine power due to
carburetor icing and a subsequent impact with terrain during a forced landing.","Environmental issues - Conditions/weather/phenomena - Temp/humidity/pressure - Conducive to carburetor icing - Effect on equipment, Personnel issues - Task performance - Use of equip/info - Use of checklist - Pilot, Aircraft - Aircraft power plant - Power plant - Air intake - Not used/operated, Personnel issues - Task performance - Use of equip/info - Use of equip/system - Pilot","  The pilot’s failure to use carburetor heat, which resulted in a loss of engine power due to
carburetor icing and a subsequent impact with terrain during a forced landing. Environmental issues - Conditions/weather/phenomena - Temp/humidity/pressure - Conducive to carburetor icing - Effect on equipment, Personnel issues - Task performance - Use of equip/info - Use of checklist - Pilot, Aircraft - Aircraft power plant - Power plant - Air intake - Not used/operated, Personnel issues - Task performance - Use of equip/info - Use of equip/system - Pilot",False,False,False,False,False,True,False,False,False,False,9.00,1855,,2026-04-03 04:05:44.570293+00:00
151,200330,ANC25LA053,2025-06-13,2025,6,Yellow Pine,IDAHO,United States,44.974222,,24K,Krassel USFS,FREDERICK JOSEPH SHIPLE,KITFOX SS7,FREDERICK JOSEPH SHIPLE,KITFOX SS7,FREDERICK JOSEPH SHIPLE KITFOX,AIR,N84FS,001,True,1.0,REC,091,,PERS,,Substantial,3,None,0,0,0,0,VMC,,False,DirectorBrief,Completed,,,"The pilot's excessive application of the airplane’s wheel brakes during the landing roll, which resulted in a nose over.","Personnel issues - Task performance - Use of equip/info - Aircraft control - Pilot, Aircraft - Aircraft oper/perf/capability - Performance/control parameters - Surface speed/braking - Incorrect use/operation, Personnel issues - Action/decision - Info processing/decision - Decision making/judgment - Pilot","  The pilot's excessive application of the airplane’s wheel brakes during the landing roll, which resulted in a nose over. Personnel issues - Task performance - Use of equip/info - Aircraft control - Pilot, Aircraft - Aircraft oper/perf/capability - Performance/control parameters - Surface speed/braking - Incorrect use/operation, Personnel issues - Action/decision - Info processing/decision - Decision making/judgment - Pilot",False,False,False,False,False,False,False,False,False,False,9.00,1856,,2026-04-03 04:05:44.570293+00:00
152,200331,ANC25LA054,2025-06-14,2025,6,Modesto,CALIFORNIA,United States,37.630000,,MOD,Modesto,CESSNA,TR182,CESSNA,TR182,CESSNA TR182,AIR,N4909T,R18201787,False,1.0,REC,091,,PERS,,Substantial,3,None,0,0,0,0,VMC,,False,DirectorBrief,Completed,,,The pilot’s failure to properly configure the airplane for landing.,"Personnel issues - Action/decision - Action - Lack of action - Pilot, Personnel issues - Task performance - Use of equip/info - Use of checklist - Pilot, Personnel issues - Action/decision - Info processing/decision - Decision making/judgment - Pilot, Personnel issues - Action/decision - Info processing/decision - Identification/recognition - Pilot","  The pilot’s failure to properly configure the airplane for landing. Personnel issues - Action/decision - Action - Lack of action - Pilot, Personnel issues - Task performance - Use of equip/info - Use of checklist - Pilot, Personnel issues - Action/decision - Info processing/decision - Decision making/judgment - Pilot, Personnel issues - Action/decision - Info processing/decision - Identification/recognition - Pilot",False,False,False,False,False,True,False,False,False,False,9.00,1849,,2026-04-03 04:05:44.570293+00:00
153,200332,WPR25LA176,2025-06-15,2025,6,Willow Creek,MONTANA,United States,45.822870,,,,CESSNA,182M,CESSNA,182M,CESSNA 182M,AIR,N71450,18259627,False,1.0,REC,091,,SKYD,,Substantial,3,None,0,0,0,0,VMC,,False,DirectorBrief,Completed,,,"The pilot’s inadequate preflight inspection and fuel planning, which resulted in a total loss of engine power due to fuel exhaustion.","Personnel issues - Task performance - Planning/preparation - Fuel planning - Pilot, Personnel issues - Task performance - Inspection - Preflight inspection - Pilot, Personnel issues - Action/decision - Info processing/decision - Decision making/judgment - Pilot, Aircraft - Fluids/misc hardware - Fluids - Fuel - Fluid level","  The pilot’s inadequate preflight inspection and fuel planning, which resulted in a total loss of engine power due to fuel exhaustion. Personnel issues - Task performance - Planning/preparation - Fuel planning - Pilot, Personnel issues - Task performance - Inspection - Preflight inspection - Pilot, Personnel issues - Action/decision - Info processing/decision - Decision making/judgment - Pilot, Aircraft - Fluids/misc hardware - Fluids - Fuel - Fluid level",False,True,False,False,False,True,False,False,False,False,9.00,1843,,2026-04-03 04:05:44.570293+00:00
155,200334,WPR25LA178,2025-04-04,2025,4,Vancouver,WASHINGTON,United States,45.592025,,VUO,Pearson Filed Airport,PIPER,PA-28R-200,PIPER,PA-28R-200,PIPER PA-28R-200,AIR,N9404N,28R-35115,False,1.0,REC,091,,PERS,,Substantial,3,None,0,0,0,0,VMC,,False,DirectorBrief,Completed,,,"A failure of the brake system during landing due to a hydraulic fluid leak, which resulted in a runway excursion.","Aircraft - Aircraft systems - Landing gear system - Brake - Failure, Aircraft - Fluids/misc hardware - Fluids - Hydraulic fluid - Fluid level","  A failure of the brake system during landing due to a hydraulic fluid leak, which resulted in a runway excursion. Aircraft - Aircraft systems - Landing gear system - Brake - Failure, Aircraft - Fluids/misc hardware - Fluids - Hydraulic fluid - Fluid level",False,False,False,False,True,False,True,False,False,False,9.00,739,,2026-04-03 04:05:44.570293+00:00
156,200335,WPR25LA179,2025-06-13,2025,6,East Wenatchee,WASHINGTON,United States,47.398806,,EAT,PANGBORN MEML,STINSON,108-2,STINSON,108-2,STINSON 108-2,AIR,N9550K,108-2550,False,1.0,REC,091,,PERS,,Substantial,3,None,0,0,0,0,VMC,,False,DirectorBrief,Completed,,,The pilot’s failure to maintain directional control during the landing roll with a left crosswind.,"Personnel issues - Task performance - Use of equip/info - Aircraft control - Pilot, Aircraft - Aircraft oper/perf/capability - Performance/control parameters - Directional control - Not attained/maintained, Environmental issues - Conditions/weather/phenomena - Wind - Crosswind - Effect on operation","  The pilot’s failure to maintain directional control during the landing roll with a left crosswind. Personnel issues - Task performance - Use of equip/info - Aircraft control - Pilot, Aircraft - Aircraft oper/perf/capability - Performance/control parameters - Directional control - Not attained/maintained, Environmental issues - Conditions/weather/phenomena - Wind - Crosswind - Effect on operation",False,False,False,False,False,True,False,False,False,False,9.00,1853,,2026-04-03 04:05:44.570293+00:00
157,200337,DCA25LA234,2025-06-14,2025,6,Ebro,FLORIDA,United States,30.358155,,,,BOEING,737-7H4,BOEING,737-7H4,BOEING 737-7H4,AIR,N969WN,41777,False,2.0,TF,121,SCHD,,SOUTHWEST AIRLINES CO,None,1,Serious,0,1,0,1,UNKNOWN,,False,DirectorBrief,Completed,,,"The airplane’s encounter with convective turbulence during climb while diverting to an alternate airport, resulting in a serious injury to a passenger who disregarded the flight crew’s illuminated seat belt sign and the cabin crew’s instruction to remain seated.",Environmental issues - Conditions/weather/phenomena - Turbulence - Convective turbulence - Effect on personnel,"  The airplane’s encounter with convective turbulence during climb while diverting to an alternate airport, resulting in a serious injury to a passenger who disregarded the flight crew’s illuminated seat belt sign and the cabin crew’s instruction to remain seated. Environmental issues - Conditions/weather/phenomena - Turbulence - Convective turbulence - Effect on personnel",False,False,False,False,False,False,False,False,False,False,11.00,1850,,2026-04-03 04:05:44.570293+00:00
167,200350,CEN25LA210,2025-06-15,2025,6,Fort Morgan,COLORADO,United States,40.335444,,FMM,Fort Morgan Municipal Airport,CESSNA,170B,CESSNA,170B,CESSNA 170B,AIR,N1996C,26141,False,1.0,REC,091,,PERS,,Substantial,3,None,0,0,0,0,VMC,,False,DirectorBrief,Completed,,,The pilot’s failure to maintain directional control of the tailwheel-equipped airplane during a gusty crosswind landing.,"Aircraft - Aircraft oper/perf/capability - Performance/control parameters - Directional control - Not attained/maintained, Environmental issues - Conditions/weather/phenomena - Wind - Crosswind - Effect on operation, Environmental issues - Conditions/weather/phenomena - Wind - Gusts - Effect on operation","  The pilot’s failure to maintain directional control of the tailwheel-equipped airplane during a gusty crosswind landing. Aircraft - Aircraft oper/perf/capability - Performance/control parameters - Directional control - Not attained/maintained, Environmental issues - Conditions/weather/phenomena - Wind - Crosswind - Effect on operation, Environmental issues - Conditions/weather/phenomena - Wind - Gusts - Effect on operation",False,False,False,False,False,True,False,False,False,False,9.00,1844,,2026-04-03 04:05:44.570293+00:00
168,200351,DCA25LA238,2025-06-15,2025,6,Fort Myers,FLORIDA,United States,26.537525,,,,BOEING,737-924ER,BOEING,737-924ER,BOEING 737-924ER,AIR,N28478,31649,False,2.0,TF,121,SCHD,,UNITED AIRLINES INC,None,1,Serious,0,2,1,3,VMC,,False,DirectorBrief,Completed,,,"The airplane’s inadvertent encounter with convective turbulence during descent, which resulted in serious injuries to two flight attendants.",Environmental issues - Conditions/weather/phenomena - Turbulence - Convective turbulence - Effect on personnel,"  The airplane’s inadvertent encounter with convective turbulence during descent, which resulted in serious injuries to two flight attendants. Environmental issues - Conditions/weather/phenomena - Turbulence - Convective turbulence - Effect on personnel",False,False,False,False,False,False,False,False,False,False,11.00,1841,,2026-04-03 04:05:44.570293+00:00
169,200352,CEN25LA211,2025-06-18,2025,6,Falun,WISCONSIN,United States,45.777188,,,,CESSNA,U206,CESSNA,U206,CESSNA U206,AIR,N932DB,U20605397,False,1.0,REC,091,,PERS,,Substantial,3,None,0,0,0,0,VMC,,False,DirectorBrief,Completed,,,"The pilot experiencing the featureless terrain illusion during the approach which gave the perception that the airplane was at a higher altitude over the glassy water surface than it was, resulting in the airplane impacting the water.","Aircraft - Aircraft oper/perf/capability - Performance/control parameters - Altitude - Not attained/maintained, Personnel issues - Psychological - Attention/monitoring - Monitoring environment - Pilot, Personnel issues - Action/decision - Info processing/decision - Identification/recognition - Pilot, Environmental issues - Physical environment - Runway/land/takeoff/taxi surface - Glassy surface - Contributed to outcome, Environmental issues - Physical environment - Runway/land/takeoff/taxi surface - Glassy surface - Awareness of condition, Environmental issues - Physical environment - Runway/land/takeoff/taxi surface - Glassy surface - Effect on personnel, Aircraft - Aircraft oper/perf/capability - Performance/control parameters - Descent/approach/glide path - Not attained/maintained, Personnel issues - Psychological - Perception/orientation/illusion - Visual illusion/disorientation - Pilot","  The pilot experiencing the featureless terrain illusion during the approach which gave the perception that the airplane was at a higher altitude over the glassy water surface than it was, resulting in the airplane impacting the water. Aircraft - Aircraft oper/perf/capability - Performance/control parameters - Altitude - Not attained/maintained, Personnel issues - Psychological - Attention/monitoring - Monitoring environment - Pilot, Personnel issues - Action/decision - Info processing/decision - Identification/recognition - Pilot, Environmental issues - Physical environment - Runway/land/takeoff/taxi surface - Glassy surface - Contributed to outcome, Environmental issues - Physical environment - Runway/land/takeoff/taxi surface - Glassy surface - Awareness of condition, Environmental issues - Physical environment - Runway/land/takeoff/taxi surface - Glassy surface - Effect on personnel, Aircraft - Aircraft oper/perf/capability - Performance/control parameters - Descent/approach/glide path - Not attained/maintained, Personnel issues - Psychological - Perception/orientation/illusion - Visual illusion/disorientation - Pilot",False,False,False,False,False,False,False,False,False,False,9.00,1830,,2026-04-03 04:05:44.570293+00:00
170,200353,WPR25FA182,2025-06-19,2025,6,Billings,MONTANA,United States,45.635317,,,,CESSNA,172,CESSNA,172,CESSNA 172,AIR,N79306,17258032,False,1.0,,091,NSCH,PERS,LA PARTNERSHIP,Substantial,3,Fatal,1,0,0,1,VMC,,False,,In work,,,,,   ,False,False,False,False,False,False,False,False,False,False,26.00,1824,,2026-04-03 04:05:44.570293+00:00
172,200355,ERA25FA230,2025-06-19,2025,6,Beverly,MASSACHUSETTS,United States,42.000000,,BVY,BEVERLY RGNL,MOONEY,M20F,MOONEY,M20F,MOONEY M20F,AIR,N9573M,670150,False,1.0,,091,,PERS,,Substantial,3,Fatal,2,0,0,2,VMC,,False,,In work,,,,,   ,False,False,False,False,False,False,False,False,False,False,31.00,1826,,2026-04-03 04:05:44.570293+00:00
173,200356,ERA25FA231,2025-06-20,2025,6,Broadway,NORTH CAROLINA,United States,35.437687,,,,PITTS,S2,PITTS,S2,PITTS S2,AIR,N79AV,5114,False,1.0,,091,,PERS,,Substantial,3,Fatal,2,0,0,2,,,False,,In work,,,,,   ,False,False,False,False,False,False,False,False,False,False,31.00,1821,,2026-04-03 04:05:44.570293+00:00
174,200357,ERA25LA232,2025-06-08,2025,6,Geneva,FLORIDA,United States,28.758504,,,,SCODA AERONAUTICA LTDA,SUPER PETREL XP,SCODA AERONAUTICA LTDA,SUPER PETREL XP,SCODA AERONAUTICA LTDA SUPER,AIR,N405XP,S0405,False,1.0,REC,091,,PERS,SUPER PETREL USA INC,Substantial,3,None,0,0,0,0,VMC,,False,DirectorBrief,Completed,,,"The airplane’s collision with a submerged object during landing, which resulted in substantial damage to the fuselage/hull.",Environmental issues - Physical environment - Object/animal/substance - Hidden/submerged object - Effect on equipment,"  The airplane’s collision with a submerged object during landing, which resulted in substantial damage to the fuselage/hull. Environmental issues - Physical environment - Object/animal/substance - Hidden/submerged object - Effect on equipment",False,False,False,False,False,False,False,False,True,False,9.00,1881,,2026-04-03 04:05:44.570293+00:00
175,200358,ERA25LA233,2025-06-08,2025,6,Knoxville,TENNESSEE,United States,35.964302,,DKX,Knoxville Downtown Island Airport,PIPER,PA28,PIPER,PA28,PIPER PA28,AIR,N4533X,28-7690031,False,1.0,REC,091,,INST,,Substantial,3,None,0,0,0,0,VMC,,False,DirectorBrief,Completed,,,A collision with a deer during the landing roll.,Environmental issues - Physical environment - Object/animal/substance - Animal(s)/bird(s) - Effect on equipment,  A collision with a deer during the landing roll. Environmental issues - Physical environment - Object/animal/substance - Animal(s)/bird(s) - Effect on equipment,False,False,False,False,False,False,False,False,False,False,9.00,1880,,2026-04-03 04:05:44.570293+00:00
178,200362,DCA25LA240,2025-06-22,2025,6,Miami,FLORIDA,United States,25.000000,,,,AIRBUS INDUSTRIE,A321-211,AIRBUS INDUSTRIE,A321-211,AIRBUS INDUSTRIE A321-211,AIR,N189UW,1425,False,2.0,TF,121,SCHD,,AMERICAN AIRLINES INC,None,1,Serious,0,1,9,10,VMC,,False,DirectorBrief,Completed,,,The unexpected encounter with a rapidly developing convective cell during climb resulting in convectively induced turbulence on a dark moon-less evening.,Environmental issues - Conditions/weather/phenomena - Turbulence - Convective turbulence - Effect on personnel,  The unexpected encounter with a rapidly developing convective cell during climb resulting in convectively induced turbulence on a dark moon-less evening. Environmental issues - Conditions/weather/phenomena - Turbulence - Convective turbulence - Effect on personnel,False,False,False,False,False,False,False,False,False,False,11.00,1814,,2026-04-03 04:05:44.570293+00:00
179,200363,CEN25LA213,2025-06-22,2025,6,Clay Township,MICHIGAN,United States,42.659690,,PVT,Private,AIRBUS HELICOPTERS,EC130,AIRBUS HELICOPTERS,EC130,AIRBUS HELICOPTERS EC130,HELI,C-GPVB,9683,False,1.0,TS,091,,PERS,,Substantial,3,None,0,0,0,0,VMC,,False,DirectorBrief,Completed,,,The pilot’s failure to maintain control of the helicopter during landing.,"Personnel issues - Task performance - Use of equip/info - Aircraft control - Pilot, Aircraft - Aircraft oper/perf/capability - Performance/control parameters - Pitch control - Not attained/maintained","  The pilot’s failure to maintain control of the helicopter during landing. Personnel issues - Task performance - Use of equip/info - Aircraft control - Pilot, Aircraft - Aircraft oper/perf/capability - Performance/control parameters - Pitch control - Not attained/maintained",False,False,False,False,False,True,False,False,False,False,9.00,1812,,2026-04-03 04:05:44.570293+00:00
284,200501,ANC25LA069,2025-06-23,2025,6,Port Graham,ALASKA,United States,59.349285,,PGM,Port Graham,CESSNA,P206C,CESSNA,P206C,CESSNA P206C,AIR,N8630Z,P206-0430,False,1.0,,091,,UNK,ALASKA VILLAGE MISSIONS,Substantial,3,None,0,0,0,0,,,False,,In work,,,,,   ,False,False,False,False,False,False,False,False,False,False,9.00,1804,,2026-04-03 04:05:44.570293+00:00
180,200364,CEN25LA214,2025-06-19,2025,6,Brookshire,TEXAS,United States,29.838550,,27XS,Sport Flyers,CESSNA,172,CESSNA,172,CESSNA 172,AIR,N7299Q,17260599,False,1.0,REC,091,,PERS,,Substantial,3,None,0,0,0,0,VMC,,False,DirectorBrief,Completed,,,"The pilot’s improper landing flare, which resulted in a hard, bounced landing and the nose landing gear collapsing.","Aircraft - Aircraft oper/perf/capability - Performance/control parameters - Landing flare - Not attained/maintained, Personnel issues - Task performance - Use of equip/info - Aircraft control - Pilot","  The pilot’s improper landing flare, which resulted in a hard, bounced landing and the nose landing gear collapsing. Aircraft - Aircraft oper/perf/capability - Performance/control parameters - Landing flare - Not attained/maintained, Personnel issues - Task performance - Use of equip/info - Aircraft control - Pilot",False,False,False,False,True,True,False,False,False,False,9.00,1822,,2026-04-03 04:05:44.570293+00:00
181,200366,GAA25WA189,2025-06-21,2025,6,Taghmon,OTHER FOREIGN,Ireland,52.297580,,,,BENSEN,B8M,BENSEN,B8M,BENSEN B8M,GYRO,EI-BSG,,False,1.0,REC,000,,PERS,,Substantial,3,Minor,0,0,1,1,,,False,,N/A,,,,Not determined - Not determined - (general) - (general) - Other authority investigated,   Not determined - Not determined - (general) - (general) - Other authority investigated,False,False,False,False,False,False,False,False,False,False,13.00,1816,,2026-04-03 04:05:44.570293+00:00
182,200368,WPR25LA183,2025-06-22,2025,6,Winchester,IDAHO,United States,46.288750,,,,PIPER,PA-32RT-300T,PIPER,PA-32RT-300T,PIPER PA-32RT-300T,AIR,N31998,32R-7887019,False,1.0,REC,091,,PERS,LANCE GROUP LLC,Substantial,3,Minor,0,0,2,2,VMC,,False,DirectorBrief,Completed,,,"The pilot’s improper fuel management resulting in fuel starvation, a total loss of engine power, and a subsequent off-airport forced landing. Contributing to the accident was the pilot’s reduced fuel level monitoring due to an inflight distraction.","Personnel issues - Task performance - Use of equip/info - Use of equip/system - Pilot, Aircraft - Fluids/misc hardware - Fluids - Fuel - Fluid management, Personnel issues - Psychological - Attention/monitoring - Monitoring equip/instruments - Pilot","  The pilot’s improper fuel management resulting in fuel starvation, a total loss of engine power, and a subsequent off-airport forced landing. Contributing to the accident was the pilot’s reduced fuel level monitoring due to an inflight distraction. Personnel issues - Task performance - Use of equip/info - Use of equip/system - Pilot, Aircraft - Fluids/misc hardware - Fluids - Fuel - Fluid management, Personnel issues - Psychological - Attention/monitoring - Monitoring equip/instruments - Pilot",False,True,False,False,False,True,False,False,False,False,13.00,1811,,2026-04-03 04:05:44.570293+00:00
183,200369,GAA25WA190,2025-06-20,2025,6,Nagqu City,,China,,,,,BEECH,C90,BEECH,C90,BEECH C90,AIR,B-10LZ,,False,,,000,,,,Substantial,3,,0,0,0,0,,,False,,N/A,,,,,   ,False,False,False,False,False,False,False,False,False,False,9.00,1817,,2026-04-03 04:05:44.570293+00:00
184,200370,GAA25WA191,2025-06-22,2025,6,Naboonspruit,,South Africa,,,,,Robinson,R44,ROBINSON,R44,ROBINSON R44,HELI,ZS-HFH,,False,1.0,,000,,,Lim Air,Substantial,3,Fatal,1,0,0,1,,,False,,N/A,,,,,   ,False,False,False,False,False,False,False,False,False,False,26.00,1813,,2026-04-03 04:05:44.570293+00:00
185,200371,WPR25LA184,2025-06-20,2025,6,Rockford,WASHINGTON,United States,47.477880,,,,CESSNA,180E,CESSNA,180E,CESSNA 180E,AIR,N2680Y,18051180,False,1.0,REC,091,,PERS,,Substantial,3,Minor,0,0,1,1,VMC,,False,DirectorBrief,Completed,,,"The pilot's inadequate preflight inspection, which resulted in a total loss of engine power due to fuel exhaustion and a subsequent landing on rough terrain.","Personnel issues - Task performance - Inspection - Preflight inspection - Pilot, Personnel issues - Task performance - Planning/preparation - Fuel planning - Pilot, Aircraft - Fluids/misc hardware - Fluids - Fuel - Fluid level, Environmental issues - Physical environment - Terrain - Rough terrain - Contributed to outcome","  The pilot's inadequate preflight inspection, which resulted in a total loss of engine power due to fuel exhaustion and a subsequent landing on rough terrain. Personnel issues - Task performance - Inspection - Preflight inspection - Pilot, Personnel issues - Task performance - Planning/preparation - Fuel planning - Pilot, Aircraft - Fluids/misc hardware - Fluids - Fuel - Fluid level, Environmental issues - Physical environment - Terrain - Rough terrain - Contributed to outcome",False,True,False,False,False,True,False,False,False,False,13.00,1820,,2026-04-03 04:05:44.570293+00:00
186,200372,WPR25LA185,2025-06-20,2025,6,San Andreas,CALIFORNIA,United States,38.146111,,CPU,CALAVERAS COUNTY/MAURY RASMUSSEN FLD,SILVAIRE,LUSCOMBE 8A,SILVAIRE,LUSCOMBE 8A,SILVAIRE LUSCOMBE,AIR,N28545,1374,False,1.0,REC,091,,PERS,,Substantial,3,None,0,0,0,0,VMC,,False,DirectorBrief,Completed,,,The pilot’s loss of directional control during landing roll following an encounter with a dust devil.,"Aircraft - Aircraft oper/perf/capability - Performance/control parameters - Directional control - Attain/maintain not possible, Environmental issues - Conditions/weather/phenomena - Wind - Dust devil/whirlwind - Effect on operation","  The pilot’s loss of directional control during landing roll following an encounter with a dust devil. Aircraft - Aircraft oper/perf/capability - Performance/control parameters - Directional control - Attain/maintain not possible, Environmental issues - Conditions/weather/phenomena - Wind - Dust devil/whirlwind - Effect on operation",False,False,False,False,False,False,False,False,False,False,9.00,1819,,2026-04-03 04:05:44.570293+00:00
187,200373,CEN25FA216,2025-06-23,2025,6,Montrose,COLORADO,United States,38.519301,,MTJ,Montrose Regional Airport,Murphy Aircraft Manufacturing Limited,Moose,MURPHY AIRCRAFT MANUFACTURING LIMITED,Moose,MURPHY AIRCRAFT MANUFACTURING LIMITED MOOSE,AIR,N250MK,001,True,1.0,,091,,FERY,,Destroyed,4,Fatal,2,0,0,2,VMC,,False,,In work,,,,,   ,False,False,False,False,False,False,False,False,False,False,34.00,1806,,2026-04-03 04:05:44.570293+00:00
316,200546,WPR25LA211,2025-07-13,2025,7,Sisters,OREGON,United States,44.304458,,6K5,SISTERS EAGLE AIR,CESSNA,172S,CESSNA,172S,CESSNA 172S,AIR,N787LF,172S11125,False,1.0,,091,,INST,Fly North of Known LLC.,Destroyed,4,Serious,0,1,2,3,VMC,,False,,In work,,,,,   ,False,False,False,False,False,False,False,False,False,False,20.00,1481,,2026-04-03 04:05:44.570293+00:00
317,200549,ENG25WA043,2025-07-13,2025,7,Richmond,OTHER FOREIGN,Canada,49.193880,,CYVR,VANCOUVER INTL,BOEING,737,BOEING,737,BOEING 737,AIR,C-FNWD,,False,,TF,000,SCHD,,WestJet Airlines,None,1,None,0,0,0,0,,,False,,N/A,,,,,   ,False,False,False,False,False,False,False,False,False,False,3.00,1485,,2026-04-03 04:05:44.570293+00:00
188,200374,WPR25LA186,2025-06-18,2025,6,Challis,IDAHO,United States,44.808206,,C53,Lower Loon Creek Airport,KOHUT MARK A,MURPHY SR 2500,KOHUT MARK A,MURPHY SR 2500,KOHUT MARK A MURPHY,AIR,N6161C,015SR,True,1.0,REC,091,NSCH,PERS,,Substantial,3,None,0,0,0,0,VMC,,False,DirectorBrief,Completed,,,The pilot’s failure to maintain directional control during the landing roll.,"Aircraft - Aircraft oper/perf/capability - Performance/control parameters - Directional control - Not attained/maintained, Personnel issues - Task performance - Use of equip/info - Aircraft control - Pilot, Environmental issues - Conditions/weather/phenomena - Wind - Variable wind - Contributed to outcome","  The pilot’s failure to maintain directional control during the landing roll. Aircraft - Aircraft oper/perf/capability - Performance/control parameters - Directional control - Not attained/maintained, Personnel issues - Task performance - Use of equip/info - Aircraft control - Pilot, Environmental issues - Conditions/weather/phenomena - Wind - Variable wind - Contributed to outcome",False,False,False,False,False,True,False,False,False,False,9.00,1832,,2026-04-03 04:05:44.570293+00:00
348,200590,CEN25LA265,2025-07-20,2025,7,Oshkosh,WISCONSIN,United States,43.990956,,OSH,,QUESTAIR,VENTURE,QUESTAIR,VENTURE,QUESTAIR VENTURE,AIR,N53TL,88,True,1.0,,091,,PERS,,Substantial,3,None,0,0,0,0,VMC,,False,,In work,,,,,   ,False,False,False,False,False,False,False,False,False,False,9.00,1435,,2026-04-03 04:05:44.570293+00:00
652,200957,WPR25LA274,2025-09-06,2025,9,Santa Teresa,NEW MEXICO,United States,31.880444,,DNA,DONA ANA COUNTY INTL JETPORT,PIPER,PA-23-160,PIPER,PA-23-160,PIPER PA-23-160,AIR,N4085P,23-1563,False,2.0,,091,,PERS,,Substantial,3,Serious,0,1,0,1,VMC,,False,,In work,,,,,   ,False,False,False,False,False,False,False,False,False,False,17.00,1321,,2026-04-03 04:05:44.570293+00:00
189,200375,WPR25LA187,2025-06-19,2025,6,Kayenta,ARIZONA,United States,36.718658,,0V7,Kayenta,FLIGHT DESIGN GMBH,CTLS,FLIGHT DESIGN GMBH,CTLS,FLIGHT DESIGN GMBH CTLS,AIR,N454CT,F-08-08-23,False,1.0,REC,091,,PERS,AMPLE AVIATION LLC,Substantial,3,Minor,0,0,1,1,VMC,,False,DirectorBrief,Completed,,,"The pilots’ failure to maintain airplane control during takeoff in gusting crosswind conditions, which resulted in a runway excursion.","Environmental issues - Conditions/weather/phenomena - Wind - Gusts - Ability to respond/compensate, Personnel issues - Task performance - Use of equip/info - Aircraft control - Pilot, Personnel issues - Task performance - Use of equip/info - Aircraft control - Copilot, Aircraft - Aircraft oper/perf/capability - Performance/control parameters - Lateral/bank control - Not attained/maintained","  The pilots’ failure to maintain airplane control during takeoff in gusting crosswind conditions, which resulted in a runway excursion. Environmental issues - Conditions/weather/phenomena - Wind - Gusts - Ability to respond/compensate, Personnel issues - Task performance - Use of equip/info - Aircraft control - Pilot, Personnel issues - Task performance - Use of equip/info - Aircraft control - Copilot, Aircraft - Aircraft oper/perf/capability - Performance/control parameters - Lateral/bank control - Not attained/maintained",False,False,False,False,False,True,True,False,False,False,13.00,1823,,2026-04-03 04:05:44.570293+00:00
190,200377,CEN25LA218,2025-06-19,2025,6,Huron,SOUTH DAKOTA,United States,44.336183,,,,PIPER,PA-36-375,PIPER,PA-36-375,PIPER PA-36-375,AIR,N6174A,36-8102016,False,1.0,REC,137,,AAPL,DAKOTA AIR SPRAY LLC,Substantial,3,None,0,0,0,0,VMC,,False,DirectorBrief,Completed,,,"The pilot’s exceedance of the airplane’s critical angle of attack during a low-level aerial application, which resulted in an aerodynamic stall and loss of airplane control at too low of an altitude to recover.","Aircraft - Aircraft oper/perf/capability - Performance/control parameters - Airspeed - Not attained/maintained, Aircraft - Aircraft oper/perf/capability - Performance/control parameters - Angle of attack - Not attained/maintained, Personnel issues - Action/decision - Info processing/decision - Identification/recognition - Pilot, Personnel issues - Task performance - Use of equip/info - Aircraft control - Pilot","  The pilot’s exceedance of the airplane’s critical angle of attack during a low-level aerial application, which resulted in an aerodynamic stall and loss of airplane control at too low of an altitude to recover. Aircraft - Aircraft oper/perf/capability - Performance/control parameters - Airspeed - Not attained/maintained, Aircraft - Aircraft oper/perf/capability - Performance/control parameters - Angle of attack - Not attained/maintained, Personnel issues - Action/decision - Info processing/decision - Identification/recognition - Pilot, Personnel issues - Task performance - Use of equip/info - Aircraft control - Pilot",False,False,False,False,False,False,False,False,False,False,9.00,1825,,2026-04-03 04:05:44.570293+00:00
191,200378,CEN25LA219,2025-06-22,2025,6,Charleston,MISSOURI,United States,36.849300,,CHQ,MISSISSIPPI COUNTY,AIR TRACTOR INC,AT-502B,AIR TRACTOR INC,AT-502B,AIR TRACTOR INC AT-502B,AIR,N114WL,502B-2960,False,1.0,TP,137,,AAPL,THOMPSON FLYING SERVICE LLC,Substantial,3,Minor,0,0,1,1,VMC,,False,DirectorBrief,Completed,,,"The pilot’s loss of control during the spray pass, which resulted in impact with vegetation and terrain.",Personnel issues - Task performance - Use of equip/info - Aircraft control - Pilot,"  The pilot’s loss of control during the spray pass, which resulted in impact with vegetation and terrain. Personnel issues - Task performance - Use of equip/info - Aircraft control - Pilot",False,False,True,False,False,False,False,False,False,False,13.00,1809,,2026-04-03 04:05:44.570293+00:00
192,200379,DCA25LA241,2025-06-18,2025,6,Barlow Bend,ALABAMA,United States,31.448000,,,,BOEING,737-8H4,BOEING,737-8H4,BOEING 737-8H4,AIR,N8685B,36723,False,2.0,TF,121,SCHD,,SOUTHWEST AIRLINES CO,None,1,Serious,0,1,10,11,UNKNOWN,,False,DirectorBrief,Completed,,,"The airplane’s encounter with unanticipated turbulence during descent, resulting in a serious injury to a flight attendant.","Environmental issues - Conditions/weather/phenomena - Turbulence - (general) - Awareness of condition, Environmental issues - Conditions/weather/phenomena - Turbulence - (general) - Effect on personnel","  The airplane’s encounter with unanticipated turbulence during descent, resulting in a serious injury to a flight attendant. Environmental issues - Conditions/weather/phenomena - Turbulence - (general) - Awareness of condition, Environmental issues - Conditions/weather/phenomena - Turbulence - (general) - Effect on personnel",False,False,False,False,False,False,False,False,False,False,11.00,1828,,2026-04-03 04:05:44.570293+00:00
193,200380,ERA25LA235,2025-06-23,2025,6,Pace,FLORIDA,United States,30.725631,,16FL,J-22 RANCH,CESSNA,R182,CESSNA,R182,CESSNA R182,AIR,N262AL,R18201836,False,1.0,,091,,PUBU,DALE COUNTY SHERIFFS OFFICE,Substantial,3,None,0,0,0,0,,,False,,In work,,,,,   ,False,False,False,False,False,False,False,False,False,False,9.00,1808,,2026-04-03 04:05:44.570293+00:00
194,200381,ERA25LA236,2025-06-20,2025,6,Dunavant,VIRGINIA,United States,38.000000,,EZF,SHANNON,Sting Sport,TL-2000,STING SPORT,TL-2000,STING SPORT TL-2000,AIR,N878N,TLUSA130,True,1.0,REC,091,,PERS,,Substantial,3,None,0,0,0,0,VMC,,False,DirectorBrief,Completed,,,The inflight failure of the propeller due to its exceedance of the manufacturer’s overhaul requirement.,"Aircraft - Aircraft propeller/rotor - Propeller system - Propeller blade section - Failure, Aircraft - Aircraft propeller/rotor - Propeller system - Propeller hub section - Not serviced/maintained","  The inflight failure of the propeller due to its exceedance of the manufacturer’s overhaul requirement. Aircraft - Aircraft propeller/rotor - Propeller system - Propeller blade section - Failure, Aircraft - Aircraft propeller/rotor - Propeller system - Propeller hub section - Not serviced/maintained",False,False,False,False,False,False,False,False,False,False,9.00,1818,,2026-04-03 04:05:44.570293+00:00
195,200382,ERA25LA237,2025-06-23,2025,6,Swanzey,NEW HAMPSHIRE,United States,42.906500,,EEN,,MARK C TIMNEY,GT-VX2,MARK C TIMNEY,GT-VX2,MARK C TIMNEY GT-VX2,HELI,N62XF,VX2-008,False,1.0,,091,,PERS,,Substantial,3,Minor,0,0,1,1,VMC,,False,,In work,,,,,   ,False,False,False,False,False,False,False,False,False,False,13.00,1807,,2026-04-03 04:05:44.570293+00:00
196,200384,WPR25LA188,2025-06-23,2025,6,Morgan Hill,CALIFORNIA,United States,37.157000,,,,FILBY GERRY,RV-9,FILBY GERRY,RV-9,FILBY GERRY RV-9,AIR,N696WG,90842,True,1.0,,091,,PERS,,Substantial,3,Minor,0,0,1,1,VMC,,False,,In work,,,,,   ,False,False,False,False,False,False,False,False,False,False,13.00,1805,,2026-04-03 04:05:44.570293+00:00
197,200385,ERA25LA238,2025-06-24,2025,6,Fayetteville,TENNESSEE,United States,35.054006,,FYM,FAYETTEVILLE MUNI,CESSNA,310,CESSNA,310,CESSNA 310,AIR,N5045Q,310N-0145,False,2.0,,091,,POSI,,Substantial,3,None,0,0,0,0,VMC,,False,,In work,,,,,   ,False,False,False,False,False,False,False,False,False,False,9.00,1796,,2026-04-03 04:05:44.570293+00:00
318,200551,WPR25LA212,2025-07-13,2025,7,San Diego,CALIFORNIA,United States,32.816780,,,,CESSNA,T240,CESSNA,T240,CESSNA T240,AIR,N636CS,T24002046,False,1.0,,091,,PERS,,Unknown,0,Fatal,1,0,0,1,VMC,,False,,In work,,,,,   ,False,False,False,False,False,False,False,False,False,False,17.00,1479,,2026-04-03 04:05:44.570293+00:00
200,200390,ERA25LA240,2025-06-25,2025,6,Hawesville,KENTUCKY,United States,37.764207,,OWB,OWENSBORO/DAVIESS COUNTY RGNL,ROBINSON HELICOPTER COMPANY,R44 II,ROBINSON HELICOPTER COMPANY,R44 II,ROBINSON HELICOPTER COMPANY R44,HELI,N144WK,10639,False,1.0,REC,137,,AAPL,WESTERN KENTUCKY LEASING LLC,Substantial,3,Serious,0,1,0,1,VMC,,False,DirectorBrief,Completed,,,The pilot’s failure to maintain clearance from power lines during low-level agricultural spray operations.,"Personnel issues - Psychological - Attention/monitoring - Monitoring environment - Pilot, Environmental issues - Physical environment - Object/animal/substance - Wire - Response/compensation","  The pilot’s failure to maintain clearance from power lines during low-level agricultural spray operations. Personnel issues - Psychological - Attention/monitoring - Monitoring environment - Pilot, Environmental issues - Physical environment - Object/animal/substance - Wire - Response/compensation",False,False,False,False,False,True,False,False,False,False,17.00,1790,,2026-04-03 04:05:44.570293+00:00
201,200391,CEN25LA220,2025-06-24,2025,6,Ashland,WISCONSIN,United States,46.548528,,ASX,JOHN F KENNEDY MEML,PIPER,PA-24-260,PIPER,PA-24-260,PIPER PA-24-260,AIR,N8817P,24-4273,False,1.0,REC,091,,PERS,,Substantial,3,None,0,0,0,0,VMC,,False,DirectorBrief,Completed,,,The pilot’s failure to extend the landing gear before landing and his failure to conduct the before landing checklist.,"Personnel issues - Action/decision - Action - Forgotten action/omission - Pilot, Aircraft - Aircraft systems - Landing gear system - Gear extension and retract sys - Not used/operated, Personnel issues - Task performance - Use of equip/info - Use of equip/system - Pilot","  The pilot’s failure to extend the landing gear before landing and his failure to conduct the before landing checklist. Personnel issues - Action/decision - Action - Forgotten action/omission - Pilot, Aircraft - Aircraft systems - Landing gear system - Gear extension and retract sys - Not used/operated, Personnel issues - Task performance - Use of equip/info - Use of equip/system - Pilot",False,False,False,False,True,True,False,False,False,False,9.00,1798,,2026-04-03 04:05:44.570293+00:00
202,200392,ERA25LA241,2025-06-26,2025,6,Burlington,VERMONT,United States,44.000000,,BTV,PATRICK LEAHY BURLINGTON INTL,BOEING,A75N1(PT17),BOEING,A75N1(PT17),BOEING A75N1(PT17),AIR,N17N,75-3667,False,1.0,REC,091,,PERS,,Substantial,3,None,0,0,0,0,VMC,,False,DirectorBrief,Completed,,,The pilot’s failure to maintain control of the airplane on landing.,"Personnel issues - Task performance - Use of equip/info - Aircraft control - Pilot, Aircraft - Aircraft oper/perf/capability - Performance/control parameters - Directional control - Not attained/maintained","  The pilot’s failure to maintain control of the airplane on landing. Personnel issues - Task performance - Use of equip/info - Aircraft control - Pilot, Aircraft - Aircraft oper/perf/capability - Performance/control parameters - Directional control - Not attained/maintained",False,False,False,False,False,True,False,False,False,False,9.00,1783,,2026-04-03 04:05:44.570293+00:00
203,200393,ERA25LA242,2025-06-26,2025,6,Nahunta,GEORGIA,United States,31.206069,,4J1,BRANTLEY COUNTY,CESSNA,182Q,CESSNA,182Q,CESSNA 182Q,AIR,N4953N,18267478,False,1.0,,091,,PERS,,Substantial,3,None,0,0,0,0,VMC,,False,,In work,,,,,   ,False,False,False,False,False,False,False,False,False,False,9.00,1786,,2026-04-03 04:05:44.570293+00:00
218,200412,CEN25LA225,2025-06-26,2025,6,Temple,TEXAS,United States,31.165145,,TPL,Draughon-Miller Central Texas Regional Airport,TECNAM,P2010,TECNAM,P2010,TECNAM P2010,AIR,N258CM,118/US,False,1.0,,091,,INST,KACHEMAK BAY FLYING SERVICE INC,Substantial,3,None,0,0,0,0,VMC,,False,,In work,,,,,   ,False,False,False,False,False,False,False,False,False,False,9.00,1785,,2026-04-03 04:05:44.570293+00:00
239,200443,GAA25WA200,2025-06-11,2025,6,Venn,,Australia,-14.633333,,,,ROBINSON,R44,ROBINSON,R44,ROBINSON R44,HELI,VH-OOE,,False,,,000,,,,Substantial,3,None,0,0,0,0,,,False,,N/A,,,,,   ,False,False,False,False,False,False,False,False,False,False,9.00,1865,,2026-04-03 04:05:44.570293+00:00
204,200394,ERA25LA243,2025-06-26,2025,6,Mount Gilead,OHIO,United States,40.522638,,4I9,Morrow County Airport,CESSNA,T188C,CESSNA,T188C,CESSNA T188C,AIR,N3619J,T18803565T,False,1.0,REC,137,,AAPL,,Substantial,3,None,0,0,0,0,VMC,,False,DirectorBrief,Completed,,,"The pilot’s failure to maintain adequate airspeed while in a turn during initial climb and the exceedance of the airplane’s critical angle of attack, which resulted in an aerodynamic stall at a low altitude.","Aircraft - Aircraft oper/perf/capability - Performance/control parameters - Angle of attack - Capability exceeded, Aircraft - Aircraft oper/perf/capability - Performance/control parameters - Airspeed - Not attained/maintained, Personnel issues - Task performance - Use of equip/info - Aircraft control - Pilot, Environmental issues - Conditions/weather/phenomena - Wind - Tailwind - Response/compensation","  The pilot’s failure to maintain adequate airspeed while in a turn during initial climb and the exceedance of the airplane’s critical angle of attack, which resulted in an aerodynamic stall at a low altitude. Aircraft - Aircraft oper/perf/capability - Performance/control parameters - Angle of attack - Capability exceeded, Aircraft - Aircraft oper/perf/capability - Performance/control parameters - Airspeed - Not attained/maintained, Personnel issues - Task performance - Use of equip/info - Aircraft control - Pilot, Environmental issues - Conditions/weather/phenomena - Wind - Tailwind - Response/compensation",False,False,False,False,False,True,False,False,False,False,9.00,1787,,2026-04-03 04:05:44.570293+00:00
205,200396,WPR25LA189,2025-06-25,2025,6,San Luis,ARIZONA,United States,32.516306,,44A,Rollie Airfield,AMERICAN EUROCOPTER CORP,AS350B3,AMERICAN EUROCOPTER CORP,AS350B3,AMERICAN EUROCOPTER CORP AS350B3,HELI,N3951A,4993,False,1.0,TS,000,,INST,US DEPARTMENT OF HOMELAND SECURITY,Substantial,3,None,0,0,0,0,VMC,,False,DirectorBrief,Completed,,,"The pilot receiving instruction’s failure to properly recover the helicopter during an autorotative landing and the instructor pilot’s failure to intervene, which resulted in a hard landing.","Personnel issues - Action/decision - Info processing/decision - Identification/recognition - Instructor/check pilot, Personnel issues - Task performance - Use of equip/info - Use of equip/system - Student/instructed pilot, Environmental issues - Physical environment - Runway/land/takeoff/taxi surface - (general) - Effect on equipment, Aircraft - Aircraft oper/perf/capability - Performance/control parameters - Descent rate - Not attained/maintained, Personnel issues - Task performance - Use of equip/info - Aircraft control - Instructor/check pilot, Personnel issues - Task performance - Use of equip/info - Aircraft control - Student/instructed pilot","  The pilot receiving instruction’s failure to properly recover the helicopter during an autorotative landing and the instructor pilot’s failure to intervene, which resulted in a hard landing. Personnel issues - Action/decision - Info processing/decision - Identification/recognition - Instructor/check pilot, Personnel issues - Task performance - Use of equip/info - Use of equip/system - Student/instructed pilot, Environmental issues - Physical environment - Runway/land/takeoff/taxi surface - (general) - Effect on equipment, Aircraft - Aircraft oper/perf/capability - Performance/control parameters - Descent rate - Not attained/maintained, Personnel issues - Task performance - Use of equip/info - Aircraft control - Instructor/check pilot, Personnel issues - Task performance - Use of equip/info - Aircraft control - Student/instructed pilot",False,False,False,False,False,True,False,False,False,False,9.00,1792,,2026-04-03 04:05:44.570293+00:00
206,200397,WPR25FA190,2025-06-25,2025,6,Meeker,COLORADO,United States,40.088235,,,,MD HELICOPTERS INC,369E,MD HELICOPTERS INC,369E,MD HELICOPTERS INC 369E,HELI,N411WJ,0620E,False,1.0,,091,,PERS,,Substantial,3,Fatal,1,0,0,1,VMC,,False,,In work,,,,,   ,False,False,False,False,False,False,False,False,False,False,26.00,1791,,2026-04-03 04:05:44.570293+00:00
207,200398,GAA25WA194,2025-06-18,2025,6,Salvador,OTHER FOREIGN,Brazil,-12.908314,,SBSV,Salvador–Deputado Luís Eduardo Magalhães International,CESSNA,402,CESSNA,402,CESSNA 402,AIR,PT-LKC,402B-0850,False,2.0,REC,000,,,,Unknown,0,None,0,0,0,0,,,False,,N/A,,,,,   ,False,False,False,False,False,False,False,False,False,False,0.00,1829,,2026-04-03 04:05:44.570293+00:00
319,200552,DCA25LA266,2025-07-12,2025,7,Denver,COLORADO,United States,,,,,AIRBUS,A320-251N,AIRBUS,A320-251N,AIRBUS A320-251N,,N384FR,,False,,,121,SCHD,,Frontier Airlines,,0,None,0,0,0,0,VMC,,False,,In work,,,,,   ,False,False,False,False,False,False,False,False,False,False,0.00,1490,,2026-04-03 04:05:44.570293+00:00
208,200399,CEN25LA221,2025-06-24,2025,6,Pierre,SOUTH DAKOTA,United States,44.427415,,,,AIR TRACTOR INC,AT-402B,AIR TRACTOR INC,AT-402B,AIR TRACTOR INC AT-402B,AIR,N107ML,402B-1250,False,1.0,TP,091,,AAPL,MIke Ogan Farms,Substantial,3,Serious,0,1,0,1,VMC,,False,DirectorBrief,Completed,,,The pilot’s failure to maintain clearance with the power lines while maneuvering that resulted in an in-flight collision with the power lines and impact with terrain.,"Aircraft - Aircraft oper/perf/capability - Performance/control parameters - Altitude - Not attained/maintained, Personnel issues - Psychological - Attention/monitoring - Monitoring environment - Pilot","  The pilot’s failure to maintain clearance with the power lines while maneuvering that resulted in an in-flight collision with the power lines and impact with terrain. Aircraft - Aircraft oper/perf/capability - Performance/control parameters - Altitude - Not attained/maintained, Personnel issues - Psychological - Attention/monitoring - Monitoring environment - Pilot",False,False,False,False,False,True,False,False,False,False,17.00,1800,,2026-04-03 04:05:44.570293+00:00
209,200400,CEN25LA222,2025-06-26,2025,6,Sweetwater,TEXAS,United States,32.467361,,SWW,Avenger Field,PIPER,PA-22-135,PIPER,PA-22-135,PIPER PA-22-135,AIR,N2300A,22-687,False,1.0,REC,091,,PERS,,Substantial,3,None,0,0,0,0,VMC,,False,DirectorBrief,Completed,,,The pilot’s failure to maintain directional control while landing with a crosswind.,"Personnel issues - Task performance - Use of equip/info - Aircraft control - Pilot, Aircraft - Aircraft oper/perf/capability - Performance/control parameters - Directional control - Not attained/maintained, Environmental issues - Conditions/weather/phenomena - Wind - Crosswind - Effect on equipment","  The pilot’s failure to maintain directional control while landing with a crosswind. Personnel issues - Task performance - Use of equip/info - Aircraft control - Pilot, Aircraft - Aircraft oper/perf/capability - Performance/control parameters - Directional control - Not attained/maintained, Environmental issues - Conditions/weather/phenomena - Wind - Crosswind - Effect on equipment",False,False,False,False,False,True,False,False,False,False,9.00,1784,,2026-04-03 04:05:44.570293+00:00
210,200401,CEN25LA223,2025-06-25,2025,6,Unionville,MISSOURI,United States,40.540222,,K43,UNIONVILLE MUNI,CIRRUS DESIGN CORP,SR22,CIRRUS DESIGN CORP,SR22,CIRRUS DESIGN CORP SR22,AIR,N670P,1166,False,1.0,REC,091,,PERS,,Destroyed,4,Minor,0,0,1,1,VMC,,False,DirectorBrief,Completed,,,The pilot’s failure to maintain airplane control during a go-around.,"Personnel issues - Task performance - Use of equip/info - Aircraft control - Pilot, Aircraft - Aircraft oper/perf/capability - Performance/control parameters - (general) - Not attained/maintained","  The pilot’s failure to maintain airplane control during a go-around. Personnel issues - Task performance - Use of equip/info - Aircraft control - Pilot, Aircraft - Aircraft oper/perf/capability - Performance/control parameters - (general) - Not attained/maintained",False,False,False,False,False,True,False,False,False,False,16.00,1788,,2026-04-03 04:05:44.570293+00:00
211,200402,ENG25WA040,2025-06-27,2025,6,Karachi,OTHER FOREIGN,Pakistan,24.906144,,,,BOEING,777,BOEING,777,BOEING 777,AIR,HZ-AK17,41054,False,,,000,,,Saudi Arabian Airlines,None,1,,0,0,0,0,,,False,,N/A,,,,,   ,False,False,False,False,False,False,False,False,False,False,3.00,1781,,2026-04-03 04:05:44.570293+00:00
212,200404,ERA25LA244,2025-06-24,2025,6,Calera,ALABAMA,United States,33.177555,,EET,SHELBY COUNTY,CESSNA,177B,CESSNA,177B,CESSNA 177B,AIR,N34655,17701925,False,1.0,REC,091,,PERS,"Take Flight Holdings, LLC",Substantial,3,None,0,0,0,0,VMC,,False,DirectorBrief,Completed,,,A loss of control during landing.,Aircraft - Aircraft oper/perf/capability - Performance/control parameters - Directional control - Not attained/maintained,  A loss of control during landing. Aircraft - Aircraft oper/perf/capability - Performance/control parameters - Directional control - Not attained/maintained,False,False,True,False,False,False,False,False,False,False,9.00,1797,,2026-04-03 04:05:44.570293+00:00
213,200405,ERA25LA245,2025-06-27,2025,6,Kelleys Island,OHIO,United States,41.603700,,89D,KELLEYS ISLAND LAND FLD,CESSNA,177,CESSNA,177,CESSNA 177,AIR,N30743,17701437,False,1.0,REC,091,,PERS,,Substantial,3,Minor,0,0,2,2,VMC,,False,DirectorBrief,Completed,,,The pilot’s failure to maintain control of the airplane while taking off in gusting crosswind conditions.,"Personnel issues - Task performance - Use of equip/info - Aircraft control - Pilot, Environmental issues - Conditions/weather/phenomena - Wind - Crosswind - Response/compensation","  The pilot’s failure to maintain control of the airplane while taking off in gusting crosswind conditions. Personnel issues - Task performance - Use of equip/info - Aircraft control - Pilot, Environmental issues - Conditions/weather/phenomena - Wind - Crosswind - Response/compensation",False,False,False,False,False,True,False,False,False,False,13.00,1779,,2026-04-03 04:05:44.570293+00:00
214,200406,CEN25FA224,2025-06-28,2025,6,Capron,ILLINOIS,United States,42.442650,,,,VANS,RV-10,VANS,RV-10,VANS RV-10,AIR,N847CS,40325,True,1.0,,091,,INST,,Substantial,3,Fatal,2,0,0,2,VMC,,False,,In work,,,,,   ,False,False,False,False,False,False,False,False,False,False,31.00,1773,,2026-04-03 04:05:44.570293+00:00
215,200407,ERA25FA246,2025-06-29,2025,6,Warren,OHIO,United States,41.269378,,YNG,Youngstown/Warren Regional Airport,CESSNA,441,CESSNA,441,CESSNA 441,AIR,N441LS,441-0342,False,2.0,,091,,PERS,MEANDER AIR LLC,Substantial,3,Fatal,6,0,0,6,VMC,,False,,In work,,,,,   ,False,False,False,False,False,False,False,False,False,False,51.00,1764,,2026-04-03 04:05:44.570293+00:00
216,200409,ERA25FA248,2025-06-29,2025,6,Zeeland,MICHIGAN,United States,42.817542,,Z98,OTTAWA EXEC,ROBERT FIDLER,LANCAIR 320/360,ROBERT FIDLER,LANCAIR 320/360,ROBERT FIDLER LANCAIR,AIR,N360RF,996-320-836,True,1.0,,091,,PERS,,Destroyed,4,Fatal,1,0,0,1,VMC,,False,,In work,,,,,   ,False,False,False,False,False,False,False,False,False,False,29.00,1761,,2026-04-03 04:05:44.570293+00:00
217,200411,ANC25LA056,2025-06-28,2025,6,Manokotak,ALASKA,United States,58.814722,,NONE,Beach,CESSNA,172H,CESSNA,172H,CESSNA 172H,AIR,N8085L,17256285,False,1.0,REC,091,,PERS,,Substantial,3,None,0,0,0,0,VMC,,False,DirectorBrief,Completed,,,"The pilot’s decision to land on an unsuitable landing surface with a tailwind, which resulted in a nose over. Contributing was the pilot’s failure to recognize the wind direction, resulting in a tailwind landing.","Personnel issues - Action/decision - Info processing/decision - Identification/recognition - Pilot, Personnel issues - Action/decision - Info processing/decision - Decision making/judgment - Pilot, Environmental issues - Conditions/weather/phenomena - Wind - Tailwind - Effect on operation, Environmental issues - Physical environment - Runway/land/takeoff/taxi surface - Soft surface - Effect on operation","  The pilot’s decision to land on an unsuitable landing surface with a tailwind, which resulted in a nose over. Contributing was the pilot’s failure to recognize the wind direction, resulting in a tailwind landing. Personnel issues - Action/decision - Info processing/decision - Identification/recognition - Pilot, Personnel issues - Action/decision - Info processing/decision - Decision making/judgment - Pilot, Environmental issues - Conditions/weather/phenomena - Wind - Tailwind - Effect on operation, Environmental issues - Physical environment - Runway/land/takeoff/taxi surface - Soft surface - Effect on operation",False,False,False,False,False,True,False,False,False,False,9.00,1765,,2026-04-03 04:05:44.570293+00:00
219,200414,ERA25LA250,2025-06-29,2025,6,Mount Dora,FLORIDA,United States,28.844474,,X55,MID-FLORIDA,BEECH,95-B55 (T42A),BEECH,95-B55 (T42A),BEECH 95-B55,AIR,N9420Y,TC-582,False,2.0,,091,,PERS,,Substantial,3,Serious,0,1,1,2,VMC,,False,,In work,,,,,   ,False,False,False,False,False,False,False,False,False,False,17.00,1760,,2026-04-03 04:05:44.570293+00:00
221,200417,GAA25WA196,2025-06-28,2025,6,Remomeix,OTHER FOREIGN,France,48.268028,,LFGY,,CIRRUS DESIGN CORP,SR22,CIRRUS DESIGN CORP,SR22,CIRRUS DESIGN CORP SR22,AIR,N675SR,2776,False,1.0,REC,000,,PERS,,Destroyed,4,,0,0,0,0,,,False,,N/A,,,,,   ,False,False,False,False,False,False,False,False,False,False,12.00,1766,,2026-04-03 04:05:44.570293+00:00
320,200553,WPR25FA213,2025-07-15,2025,7,Quinault,WASHINGTON,United States,47.581476,,,,SCOTT MACWILLIAM,SR3500 MOOSE,SCOTT MACWILLIAM,SR3500 MOOSE,SCOTT MACWILLIAM SR3500,AIR,N80TM,259SR,False,1.0,,091,,PERS,,Substantial,3,Fatal,1,1,1,3,,,False,,In work,,,,,   ,False,False,False,False,False,False,False,False,False,False,26.00,1467,,2026-04-03 04:05:44.570293+00:00
249,200456,ERA25LA255,2025-07-02,2025,7,Madisonville,KENTUCKY,United States,37.353636,,2I0,Madisonville regional Airport,SCHWEIZER,269C,SCHWEIZER,269C,SCHWEIZER 269C,HELI,N21385,0356,False,1.0,REC,091,,INST,Madisonville Community College,Substantial,3,Minor,0,0,1,1,VMC,,False,DirectorBrief,Completed,,,"The pilot’s failure to take the appropriate corrective action for ground resonance, which resulted in a loss of helicopter control.","Personnel issues - Task performance - Use of equip/info - Aircraft control - Student/instructed pilot, Aircraft - Aircraft oper/perf/capability - Performance/control parameters - (general) - Not attained/maintained","  The pilot’s failure to take the appropriate corrective action for ground resonance, which resulted in a loss of helicopter control. Personnel issues - Task performance - Use of equip/info - Aircraft control - Student/instructed pilot, Aircraft - Aircraft oper/perf/capability - Performance/control parameters - (general) - Not attained/maintained",False,False,False,False,False,True,False,False,False,False,13.00,1539,,2026-04-03 04:05:44.570293+00:00
222,200420,ANC25LA058,2025-06-25,2025,6,Alexander Creek,ALASKA,United States,61.421067,,None,Roy's Strip,STINSON,108-8,STINSON,108-8,STINSON 108-8,AIR,N97438,108-438,False,1.0,REC,091,,PERS,,Substantial,3,None,0,0,0,0,VMC,,False,DirectorBrief,Completed,,,The pilot’s failure to maintain airplane control during final approach. Contributing to the accident was the airplane’s encounter with a downdraft that led to a rapid loss of altitude.,"Personnel issues - Task performance - Use of equip/info - Aircraft control - Pilot, Environmental issues - Conditions/weather/phenomena - Wind - Downdraft - Effect on operation, Aircraft - Aircraft oper/perf/capability - Performance/control parameters - Angle of attack - Attain/maintain not possible, Aircraft - Aircraft oper/perf/capability - Performance/control parameters - Descent rate - Attain/maintain not possible","  The pilot’s failure to maintain airplane control during final approach. Contributing to the accident was the airplane’s encounter with a downdraft that led to a rapid loss of altitude. Personnel issues - Task performance - Use of equip/info - Aircraft control - Pilot, Environmental issues - Conditions/weather/phenomena - Wind - Downdraft - Effect on operation, Aircraft - Aircraft oper/perf/capability - Performance/control parameters - Angle of attack - Attain/maintain not possible, Aircraft - Aircraft oper/perf/capability - Performance/control parameters - Descent rate - Attain/maintain not possible",False,False,False,False,False,True,False,False,False,False,9.00,1789,,2026-04-03 04:05:44.570293+00:00
223,200421,CEN25LA227,2025-06-21,2025,6,Midlothian,TEXAS,United States,32.458293,,JWY,Mid-Way Regional Airport,BURKHART GROB,G-103A TWIN II ACRO,BURKHART GROB,G-103A TWIN II ACRO,BURKHART GROB G-103A,GLI,N852BG,34014-K-247,False,0.0,,091,,PERS,,Substantial,3,None,0,0,0,0,VMC,,False,DirectorBrief,Completed,,,"The student pilot’s improper landing flare, which resulted in a hard landing.","Aircraft - Aircraft oper/perf/capability - Performance/control parameters - Landing flare - Not attained/maintained, Personnel issues - Task performance - Use of equip/info - Aircraft control - Student/instructed pilot","  The student pilot’s improper landing flare, which resulted in a hard landing. Aircraft - Aircraft oper/perf/capability - Performance/control parameters - Landing flare - Not attained/maintained, Personnel issues - Task performance - Use of equip/info - Aircraft control - Student/instructed pilot",False,False,False,False,False,True,False,False,False,False,9.00,1815,,2026-04-03 04:05:44.570293+00:00
224,200423,ANC25LA059,2025-06-24,2025,6,Denali Park,ALASKA,United States,63.223380,,NONE,Backcountry Airstrip,CESSNA,170B,CESSNA,170B,CESSNA 170B,AIR,N2655D,20807,False,1.0,REC,091,,PERS,,Substantial,3,None,0,0,0,0,VMC,,False,DirectorBrief,Completed,,,The failure of the left main landing gear spring due to a fatigue fracture during landing on uneven terrain.,"Aircraft - Aircraft systems - Landing gear system - Main landing gear - Failure, Aircraft - Aircraft systems - Landing gear system - Main landing gear - Fatigue/wear/corrosion, Personnel issues - Task performance - Maintenance - Scheduled/routine maintenance - Maintenance personnel, Personnel issues - Task performance - Use of equip/info - Aircraft control - Pilot, Personnel issues - Action/decision - Info processing/decision - Decision making/judgment - Pilot","  The failure of the left main landing gear spring due to a fatigue fracture during landing on uneven terrain. Aircraft - Aircraft systems - Landing gear system - Main landing gear - Failure, Aircraft - Aircraft systems - Landing gear system - Main landing gear - Fatigue/wear/corrosion, Personnel issues - Task performance - Maintenance - Scheduled/routine maintenance - Maintenance personnel, Personnel issues - Task performance - Use of equip/info - Aircraft control - Pilot, Personnel issues - Action/decision - Info processing/decision - Decision making/judgment - Pilot",False,False,False,False,True,False,False,False,True,False,9.00,1794,,2026-04-03 04:05:44.570293+00:00
225,200425,WPR25LA192,2025-06-27,2025,6,Santa Barbara,CALIFORNIA,United States,34.426192,,SBA,SANTA BARBARA MUNI,ALEXANDER SCHLEICHER GMBH & CO,ASH 30 MI,ALEXANDER SCHLEICHER GMBH & CO,ASH 30 MI,ALEXANDER SCHLEICHER GMBH & CO ASH,GLI,N307BE,30007,False,1.0,,091,,PERS,,Substantial,3,None,0,0,0,0,,,False,,In work,,,,,   ,False,False,False,False,False,False,False,False,False,False,9.00,1778,,2026-04-03 04:05:44.570293+00:00
226,200426,WPR25LA193,2025-06-29,2025,6,Nephi,UTAH,United States,39.736772,,U14,NEPHI MUNI,CESSNA,182F,CESSNA,182F,CESSNA 182F,AIR,N3608U,18255008,False,1.0,REC,091,,GLDT,,Substantial,3,None,0,0,0,0,VMC,,False,DirectorBrief,Completed,,,A failure of the nose wheel steering shaft and subsequent rotation of the nosewheel which resulted in the collapse of the nose landing gear during landing.,Aircraft - Aircraft systems - Landing gear system - Landing gear steering system - Failure,  A failure of the nose wheel steering shaft and subsequent rotation of the nosewheel which resulted in the collapse of the nose landing gear during landing. Aircraft - Aircraft systems - Landing gear system - Landing gear steering system - Failure,False,False,False,False,True,False,False,False,False,False,9.00,1759,,2026-04-03 04:05:44.570293+00:00
227,200427,WPR25LA194,2025-06-29,2025,6,Helena,MONTANA,United States,46.605780,,HLN,Helena Regional Airport,BELLANCA,7GCBC,BELLANCA,7GCBC,BELLANCA 7GCBC,AIR,N50476,1137-79,False,1.0,,091,,PERS,SLEEPING GIANT FLYING CLUB,Substantial,3,None,0,0,0,0,,,False,,In work,,,,,   ,False,False,False,False,False,False,False,False,False,False,9.00,1756,,2026-04-03 04:05:44.570293+00:00
228,200428,WPR25LA195,2025-06-28,2025,6,Tracy,CALIFORNIA,United States,37.688895,,TCY,TRACY MUNI,CESSNA,150F,CESSNA,150F,CESSNA 150F,AIR,N6744F,15063344,False,1.0,,091,,PERS,REGISTRATION PENDING,Substantial,3,None,0,0,0,0,VMC,,False,,In work,,,,,   ,False,False,False,False,False,False,False,False,False,False,9.00,1767,,2026-04-03 04:05:44.570293+00:00
229,200432,CEN25LA228,2025-06-30,2025,6,Ben Bolt,TEXAS,United States,27.548848,,IKG,KLEBERG COUNTY,MOONEY,M20M,MOONEY,M20M,MOONEY M20M,AIR,N5287S,27-0244,False,1.0,REC,091,,PERS,,Substantial,3,Minor,0,0,1,1,VMC,,False,DirectorBrief,Completed,,,The pilot’s failure to maintain directional control while landing with a crosswind.,"Aircraft - Aircraft oper/perf/capability - Performance/control parameters - Directional control - Not attained/maintained, Personnel issues - Task performance - Use of equip/info - Aircraft control - Pilot, Environmental issues - Conditions/weather/phenomena - Wind - Crosswind - Effect on operation","  The pilot’s failure to maintain directional control while landing with a crosswind. Aircraft - Aircraft oper/perf/capability - Performance/control parameters - Directional control - Not attained/maintained, Personnel issues - Task performance - Use of equip/info - Aircraft control - Pilot, Environmental issues - Conditions/weather/phenomena - Wind - Crosswind - Effect on operation",False,False,False,False,False,True,False,False,False,False,13.00,1754,,2026-04-03 04:05:44.570293+00:00
231,200435,DCA25WA247,2025-06-18,2025,6,Brisbane,,Australia,,,,,BOEING,737,BOEING,737,BOEING 737,,VH-VZG,,False,,,000,,,,,0,,0,0,0,0,,,False,,N/A,,,,,   ,False,False,False,False,False,False,False,False,False,False,0.00,1835,,2026-04-03 04:05:44.570293+00:00
232,200436,CEN25LA229,2025-06-30,2025,6,Guthrie,OKLAHOMA,United States,35.793472,,PVT,PVT,RANS,S-14,RANS,S-14,RANS S-14,AIR,N981CS,A122184,False,1.0,,091,,PERS,,Substantial,3,Fatal,1,0,0,1,VMC,,False,,In work,,,,,   ,False,False,False,False,False,False,False,False,False,False,26.00,1748,,2026-04-03 04:05:44.570293+00:00
321,200554,ENG25WA044,2025-06-27,2025,6,Kinshasa,,Congo,,,,,BOEING,737,BOEING,737,BOEING 737,AIR,ET-AXI,,False,,,000,,,Asky Airlines,Unknown,0,,0,0,0,0,,,False,,N/A,,,,,   ,False,False,False,False,False,False,False,False,False,False,0.00,1782,,2026-04-03 04:05:44.570293+00:00
404,200656,WPR25LA228,2025-07-22,2025,7,Astoria,OREGON,United States,46.157909,,AST,ASTORIA RGNL,BEECH,V35,BEECH,V35,BEECH V35,AIR,N3785Q,D-8413,False,1.0,,091,,PERS,GO FLY MISSOULA LLC,Substantial,3,None,0,0,0,0,VMC,,False,,In work,,,,,   ,False,False,False,False,False,False,False,False,False,False,9.00,1415,,2026-04-03 04:05:44.570293+00:00
803,201774,WPR26LA001,2025-10-01,2025,10,Tolleson,ARIZONA,United States,33.459128,,,,AMAZON.COM SERVICES LLC,MK30,AMAZON.COM SERVICES LLC,MK30,AMAZON.COM SERVICES LLC MK30,HELI,N579PA,178650101K,False,6.0,,135,NSCH,OWRK,AMAZON.COM SERVICES LLC,Substantial,3,,0,0,0,0,VMC,,False,,In work,,,,,   ,False,False,False,False,False,False,False,False,False,False,9.00,977,,2026-04-03 04:05:44.570293+00:00
233,200437,ERA25LA251,2025-06-27,2025,6,Elberta,ALABAMA,United States,30.441864,,PVT,Non-Airport Farmland,PIPER,PA-22-135,PIPER,PA-22-135,PIPER PA-22-135,AIR,N3228B,22-2057,False,1.0,REC,091,,PERS,ELDORADO AIRCRAFT LLC,Substantial,3,Minor,0,0,1,1,VMC,,False,DirectorBrief,Completed,,,"Pilot’s decision to take off from a wet and unmaintained field that was unsuitable for airplane operations, resulting in a loss of control and subsequent nose over. Contributing was the pilot’s self-induced pressure to complete the flight.","Personnel issues - Psychological - Personality/attitude - Motivation/respond to pressure - Pilot, Personnel issues - Action/decision - Info processing/decision - Decision making/judgment - Pilot, Environmental issues - Operating environment - Airport facilities/design - Runway/landing area condition - Decision related to condition, Environmental issues - Physical environment - Runway/land/takeoff/taxi surface - Soft surface - Decision related to condition, Environmental issues - Physical environment - Runway/land/takeoff/taxi surface - Wet surface - Decision related to condition","  Pilot’s decision to take off from a wet and unmaintained field that was unsuitable for airplane operations, resulting in a loss of control and subsequent nose over. Contributing was the pilot’s self-induced pressure to complete the flight. Personnel issues - Psychological - Personality/attitude - Motivation/respond to pressure - Pilot, Personnel issues - Action/decision - Info processing/decision - Decision making/judgment - Pilot, Environmental issues - Operating environment - Airport facilities/design - Runway/landing area condition - Decision related to condition, Environmental issues - Physical environment - Runway/land/takeoff/taxi surface - Soft surface - Decision related to condition, Environmental issues - Physical environment - Runway/land/takeoff/taxi surface - Wet surface - Decision related to condition",False,False,True,False,False,False,False,False,False,False,13.00,1780,,2026-04-03 04:05:44.570293+00:00
234,200438,GAA25WA197,2025-06-05,2025,6,Meekatharra,,Australia,-26.632071,,,,PIPER,PA31,PIPER,PA31,PIPER PA31,AIR,VH-PGO,31-7852109,False,,,000,,,,None,1,None,0,0,0,0,,,False,,N/A,,,,,   ,False,False,False,False,False,False,False,False,False,False,3.00,1895,,2026-04-03 04:05:44.570293+00:00
235,200439,WPR25LA196,2025-06-24,2025,6,Pendleton,OREGON,United States,45.672100,,PDT,Eastern Oregon Regional At Pendelton,MAULE,M-4-220C,MAULE,M-4-220C,MAULE M-4-220C,AIR,N2051U,2046C,False,1.0,REC,091,,PERS,,Substantial,3,None,0,0,0,0,VMC,,False,DirectorBrief,Completed,,,"The pilot’s failure to maintain directional control during landing, in gusting crosswind conditions.","Aircraft - Aircraft oper/perf/capability - Performance/control parameters - Directional control - Not attained/maintained, Personnel issues - Task performance - Use of equip/info - Aircraft control - Pilot, Environmental issues - Conditions/weather/phenomena - Wind - Crosswind - Effect on operation","  The pilot’s failure to maintain directional control during landing, in gusting crosswind conditions. Aircraft - Aircraft oper/perf/capability - Performance/control parameters - Directional control - Not attained/maintained, Personnel issues - Task performance - Use of equip/info - Aircraft control - Pilot, Environmental issues - Conditions/weather/phenomena - Wind - Crosswind - Effect on operation",False,False,False,False,False,True,False,False,False,False,9.00,1795,,2026-04-03 04:05:44.570293+00:00
236,200440,ANC25LA060,2025-06-30,2025,6,Chinitna Bay,ALASKA,United States,59.879456,,,,PIPER,PA-22-150,PIPER,PA-22-150,PIPER PA-22-150,AIR,N3609Z,22-7497,False,1.0,,091,,PERS,,Substantial,3,None,0,0,0,0,VMC,,False,,In work,,,,,   ,False,False,False,False,False,False,False,False,False,False,9.00,1750,,2026-04-03 04:05:44.570293+00:00
237,200441,GAA25WA198,2025-06-16,2025,6,Mount Surprise,,Australia,,,,,CESSNA,182,CESSNA,182,CESSNA 182,AIR,VH-TSS,,False,,,000,,,,Substantial,3,None,0,0,0,0,,,False,,N/A,,,,,   ,False,False,False,False,False,False,False,False,False,False,9.00,1839,,2026-04-03 04:05:44.570293+00:00
240,200444,GAA25WA201,2025-06-24,2025,6,Bhubaneswar,,India,,,,,Augusta,AW119,AUGUSTA,AW119,AUGUSTA AW119,HELI,VT-CLR,,False,,,000,,,Kestrel Aviation Pvt. Ltd.,Unknown,0,,0,0,0,0,,,False,,N/A,,,,,   ,False,False,False,False,False,False,False,False,False,False,0.00,1802,,2026-04-03 04:05:44.570293+00:00
241,200445,ERA25LA252,2025-06-29,2025,6,Pelzer,SOUTH CAROLINA,United States,34.604001,,SC82,Oakhill Airpark,CESSNA,150,CESSNA,150,CESSNA 150,AIR,N150TP,15060535,False,1.0,REC,091,,PERS,,Substantial,3,Minor,0,0,1,1,VMC,,False,DirectorBrief,Completed,,,"The pilot’s failure to maintain proper airspeed while landing on a short, down-sloping turf runway, which resulted in a noseover.","Personnel issues - Task performance - Use of equip/info - Aircraft control - Pilot, Aircraft - Aircraft oper/perf/capability - Performance/control parameters - Airspeed - Not attained/maintained","  The pilot’s failure to maintain proper airspeed while landing on a short, down-sloping turf runway, which resulted in a noseover. Personnel issues - Task performance - Use of equip/info - Aircraft control - Pilot, Aircraft - Aircraft oper/perf/capability - Performance/control parameters - Airspeed - Not attained/maintained",False,False,False,False,False,True,False,False,False,False,13.00,1763,,2026-04-03 04:05:44.570293+00:00
242,200447,CEN25LA230,2025-06-28,2025,6,Wichita,KANSAS,United States,37.660884,,ICT,WICHITA DWIGHT D EISENHOWER NTL,CESSNA,172,CESSNA,172,CESSNA 172,AIR,N1591V,17263685,False,1.0,REC,091,,INST,AVIATION ACADEMY LLC,Substantial,3,None,0,0,0,0,VMC,,False,DirectorBrief,Completed,,,The student pilot’s failure to maintain directional control during the takeoff that resulted in a runway excursion.,"Personnel issues - Task performance - Use of equip/info - Aircraft control - Student/instructed pilot, Aircraft - Aircraft oper/perf/capability - Performance/control parameters - Directional control - Not attained/maintained","  The student pilot’s failure to maintain directional control during the takeoff that resulted in a runway excursion. Personnel issues - Task performance - Use of equip/info - Aircraft control - Student/instructed pilot, Aircraft - Aircraft oper/perf/capability - Performance/control parameters - Directional control - Not attained/maintained",False,False,False,False,False,True,True,False,False,False,9.00,1769,,2026-04-03 04:05:44.570293+00:00
243,200448,CEN25LA231,2025-07-01,2025,7,Lockport,LOUISIANA,United States,29.591570,,,,GRUMMAN ACFT ENG COR-SCHWEIZER,G-164B,GRUMMAN ACFT ENG COR-SCHWEIZER,G-164B,GRUMMAN ACFT ENG COR-SCHWEIZER G-164B,AIR,N8834H,1B,False,1.0,,137,,AAPL,AG AIR LLC,Substantial,3,None,0,0,0,0,VMC,,False,,In work,,,,,   ,False,False,False,False,False,False,False,False,False,False,9.00,1548,,2026-04-03 04:05:44.570293+00:00
244,200449,CEN25LA232,2025-07-01,2025,7,Edgerton,MISSOURI,United States,39.441680,,,,BELL,206B,BELL,206B,BELL 206B,HELI,N16726,2122,False,1.0,,137,,AAPL,Aeroag,Substantial,3,None,0,0,0,0,VMC,,False,,In work,,,,,   ,False,False,False,False,False,False,False,False,False,False,9.00,1549,,2026-04-03 04:05:44.570293+00:00
245,200450,ENG25WA041,2025-06-09,2025,6,Pudahuel,OTHER FOREIGN,Chile,-33.390572,,SCEL,Arturo Merino Benítez International Airport,AIRBUS,A320,AIRBUS,A320,AIRBUS A320,AIR,PR-MAG,1832,False,,TF,000,SCHD,,LATAM Brasil,None,1,None,0,0,0,0,,,False,,N/A,,,,,   ,False,False,False,False,False,False,False,False,False,False,3.00,1871,,2026-04-03 04:05:44.570293+00:00
246,200451,ERA25FA253,2025-07-02,2025,7,Gallatin,TENNESSEE,United States,36.408895,,,,ERCOUPE,415,ERCOUPE,415,ERCOUPE 415,AIR,N93985,1308,False,1.0,,091,,POSI,,Substantial,3,Fatal,1,0,0,1,VMC,,False,,In work,,,,,   ,False,False,False,False,False,False,False,False,False,False,26.00,1542,,2026-04-03 04:05:44.570293+00:00
247,200452,WPR25FA197,2025-07-02,2025,7,Mount Vernon,WASHINGTON,United States,48.409995,,,,EVOLUTION AIRCRAFT INC,REVOLT,EVOLUTION AIRCRAFT INC,REVOLT,EVOLUTION AIRCRAFT INC REVOLT,WSFT,N774RS,001031,False,1.0,,091,,PERS,EVOLUTION AIRCRAFT INC,Substantial,3,Fatal,1,0,0,1,VMC,,False,,In work,,,,,   ,False,False,False,False,False,False,False,False,False,False,26.00,1541,,2026-04-03 04:05:44.570293+00:00
248,200453,ERA25LA254,2025-07-02,2025,7,Monroe,NEW JERSEY,United States,39.700000,,17N,Cross Keys Airport,CESSNA,208,CESSNA,208,CESSNA 208,AIR,N716MM,208B0746,False,1.0,,091,,SKYD,ARNE AVIATION LLC,Substantial,3,Serious,0,12,3,15,VMC,,False,,In work,,,,,   ,False,False,False,False,False,False,False,False,False,False,17.00,1540,,2026-04-03 04:05:44.570293+00:00
251,200458,ERA25LA257,2025-07-03,2025,7,Greenville,KENTUCKY,United States,37.228983,,M21,MUHLENBERG COUNTY,YATES TOM W,Kitfox III,YATES TOM W,Kitfox III,YATES TOM W KITFOX,AIR,N11TY,001 TY,True,1.0,REC,091,,PERS,,Substantial,3,None,0,0,0,0,VMC,,False,DirectorBrief,Completed,,,The pilot’s loss of control during takeoff.,"Aircraft - Aircraft oper/perf/capability - Performance/control parameters - Directional control - Not attained/maintained, Personnel issues - Task performance - Use of equip/info - Aircraft control - Pilot","  The pilot’s loss of control during takeoff. Aircraft - Aircraft oper/perf/capability - Performance/control parameters - Directional control - Not attained/maintained, Personnel issues - Task performance - Use of equip/info - Aircraft control - Pilot",False,False,True,False,False,False,False,False,False,False,9.00,1533,,2026-04-03 04:05:44.570293+00:00
252,200460,ANC25LA062,2025-07-01,2025,7,Wasilla,ALASKA,United States,61.394728,,Z40,Goose Bay Airport,CHAMPION,7ECA,CHAMPION,7ECA,CHAMPION 7ECA,AIR,N5169X,676,False,1.0,REC,091,,INST,JIN JIN AVIATION LLC,Substantial,3,None,0,0,0,0,VMC,,False,DirectorBrief,Completed,,,"The pilot’s excessive use of brakes during landing roll, which resulted in a nose-over.","Aircraft - Aircraft systems - Landing gear system - Landing gear brakes system - Incorrect use/operation, Aircraft - Aircraft oper/perf/capability - Performance/control parameters - Surface speed/braking - Incorrect use/operation, Personnel issues - Task performance - Use of equip/info - Use of equip/system - Pilot","  The pilot’s excessive use of brakes during landing roll, which resulted in a nose-over. Aircraft - Aircraft systems - Landing gear system - Landing gear brakes system - Incorrect use/operation, Aircraft - Aircraft oper/perf/capability - Performance/control parameters - Surface speed/braking - Incorrect use/operation, Personnel issues - Task performance - Use of equip/info - Use of equip/system - Pilot",False,False,False,False,True,False,False,False,False,False,9.00,1546,,2026-04-03 04:05:44.570293+00:00
253,200461,ANC25LA063,2025-07-03,2025,7,Kona,HAWAII,United States,19.771167,,,,CESSNA,182G,CESSNA,182G,CESSNA 182G,AIR,N3261S,18255761,False,1.0,,091,,POSI,BIG ISLAND GRAVITY LLC,Substantial,3,Minor,0,0,1,1,,,False,,In work,,,,,   ,False,False,False,False,False,False,False,False,False,False,13.00,1538,,2026-04-03 04:05:44.570293+00:00
254,200463,ANC25LA064,2025-06-29,2025,6,Palmer,ALASKA,United States,61.441667,,,,ROBINSON HELICOPTER COMPANY,R44 II,ROBINSON HELICOPTER COMPANY,R44 II,ROBINSON HELICOPTER COMPANY R44,HELI,N531AT,14025,False,1.0,REC,135,NSCH,BUS,Elevate Aviation LLC,Substantial,3,None,0,0,0,0,VMC,,False,DirectorBrief,Completed,,,"The pilot’s diverted attention during takeoff in flat light conditions, which resulted in a loss of visual reference with terrain.","Personnel issues - Psychological - Attention/monitoring - Monitoring environment - Pilot, Personnel issues - Task performance - Workload management - (general) - Pilot, Environmental issues - Physical environment - Terrain - High elevation - Effect on operation, Environmental issues - Conditions/weather/phenomena - Light condition - Flat light - Effect on personnel, Personnel issues - Psychological - Perception/orientation/illusion - Situational awareness - Pilot, Personnel issues - Action/decision - Info processing/decision - Decision making/judgment - Pilot, Personnel issues - Experience/knowledge - Training - Training with equipment - Pilot, Personnel issues - Psychological - Personality/attitude - Confidence/reliance on equip - Pilot","  The pilot’s diverted attention during takeoff in flat light conditions, which resulted in a loss of visual reference with terrain. Personnel issues - Psychological - Attention/monitoring - Monitoring environment - Pilot, Personnel issues - Task performance - Workload management - (general) - Pilot, Environmental issues - Physical environment - Terrain - High elevation - Effect on operation, Environmental issues - Conditions/weather/phenomena - Light condition - Flat light - Effect on personnel, Personnel issues - Psychological - Perception/orientation/illusion - Situational awareness - Pilot, Personnel issues - Action/decision - Info processing/decision - Decision making/judgment - Pilot, Personnel issues - Experience/knowledge - Training - Training with equipment - Pilot, Personnel issues - Psychological - Personality/attitude - Confidence/reliance on equip - Pilot",False,False,False,False,False,False,False,False,False,False,9.00,1757,,2026-04-03 04:05:44.570293+00:00
255,200464,ANC25LA065,2025-07-05,2025,7,King Salmon,ALASKA,United States,58.550313,,,,CESSNA,180J,CESSNA,180J,CESSNA 180J,AIR,N52009,18052438,False,1.0,,091,,PERS,,Substantial,3,Serious,0,3,1,4,VMC,,False,,In work,,,,,   ,False,False,False,False,False,False,False,False,False,False,17.00,1523,,2026-04-03 04:05:44.570293+00:00
256,200465,ERA25LA259,2025-07-04,2025,7,Towanda,PENNSYLVANIA,United States,41.000000,,,,ROBBINS C/ROBBINS J,ROTORWAY EXEC 162F,ROBBINS C/ROBBINS J,ROTORWAY EXEC 162F,ROBBINS C/ROBBINS J ROTORWAY,HELI,N31XR,6771,True,1.0,REC,091,,PERS,,Destroyed,4,None,0,0,0,0,VMC,,False,DirectorBrief,Completed,,,An in-flight fire for reasons that could not be determined due to the extent of fire damage.,Not determined - Not determined - (general) - (general) - Unknown/Not determined,  An in-flight fire for reasons that could not be determined due to the extent of fire damage. Not determined - Not determined - (general) - (general) - Unknown/Not determined,False,False,False,False,False,False,False,False,False,False,12.00,1528,,2026-04-03 04:05:44.570293+00:00
345,200587,WPR25LA217,2025-07-17,2025,7,First Mesa,ARIZONA,United States,35.822005,,,,CESSNA,TR182,CESSNA,TR182,CESSNA TR182,AIR,N182KC,R18201139,False,1.0,,091,,PERS,,Substantial,3,Minor,0,0,1,1,VMC,,False,,In work,,,,,   ,False,False,False,False,False,False,False,False,False,False,13.00,1456,,2026-04-03 04:05:44.570293+00:00
257,200467,CEN25LA233,2025-06-30,2025,6,Slaughter,LOUISIANA,United States,30.727101,,LS77,Magnolia Airpark,ICP SRL,SAVANNAH S,ICP SRL,SAVANNAH S,ICP SRL SAVANNAH,AIR,N5000S,11-10-54-0124,False,1.0,,091,,PERS,,Substantial,3,None,0,0,0,0,VMC,,False,,In work,,,,,   ,False,False,False,False,False,False,False,False,False,False,9.00,1749,,2026-04-03 04:05:44.570293+00:00
265,200475,CEN25LA237,2025-07-04,2025,7,Pecos,TEXAS,United States,31.382389,,PEQ,Pecos Municipal Airport,ROBINSON HELICOPTER COMPANY,R44 II,ROBINSON HELICOPTER COMPANY,R44 II,ROBINSON HELICOPTER COMPANY R44,HELI,N992TP,14089,False,1.0,REC,091,,PERS,,Substantial,3,Serious,0,1,0,1,VMC,,False,DirectorBrief,Completed,,,The pilot’s failure to maintain aircraft control during gusty wind conditions.,"Aircraft - Aircraft oper/perf/capability - Performance/control parameters - (general) - Not attained/maintained, Personnel issues - Action/decision - Info processing/decision - Decision making/judgment - Pilot, Personnel issues - Task performance - Use of equip/info - Aircraft control - Pilot","  The pilot’s failure to maintain aircraft control during gusty wind conditions. Aircraft - Aircraft oper/perf/capability - Performance/control parameters - (general) - Not attained/maintained, Personnel issues - Action/decision - Info processing/decision - Decision making/judgment - Pilot, Personnel issues - Task performance - Use of equip/info - Aircraft control - Pilot",False,False,False,False,False,True,False,False,False,False,17.00,1530,,2026-04-03 04:05:44.570293+00:00
266,200476,CEN25LA238,2025-07-05,2025,7,Joliet,ILLINOIS,United States,41.517884,,JOT,JOLIET RGNL,FLIGHT DESIGN GMBH,CTSW,FLIGHT DESIGN GMBH,CTSW,FLIGHT DESIGN GMBH CTSW,AIR,N646MA,05-11-07,False,1.0,REC,091,,PERS,,Substantial,3,None,0,0,0,0,VMC,,False,DirectorBrief,Completed,,,The pilot’s failure to maintain directional control during the crosswind landing.,"Personnel issues - Task performance - Use of equip/info - Aircraft control - Pilot, Aircraft - Aircraft oper/perf/capability - Performance/control parameters - Directional control - Not attained/maintained, Environmental issues - Conditions/weather/phenomena - Wind - Crosswind - Contributed to outcome","  The pilot’s failure to maintain directional control during the crosswind landing. Personnel issues - Task performance - Use of equip/info - Aircraft control - Pilot, Aircraft - Aircraft oper/perf/capability - Performance/control parameters - Directional control - Not attained/maintained, Environmental issues - Conditions/weather/phenomena - Wind - Crosswind - Contributed to outcome",False,False,False,False,False,True,False,False,False,False,9.00,1522,,2026-04-03 04:05:44.570293+00:00
294,200514,WPR25LA207,2025-07-04,2025,7,Belen,NEW MEXICO,United States,34.645862,,BRG,Belen Regional Airport,CESSNA,182B,CESSNA,182B,CESSNA 182B,AIR,N7166E,52166,False,1.0,,091,,PERS,,Substantial,3,None,0,0,0,0,VMC,,False,,In work,,,,,   ,False,False,False,False,False,False,False,False,False,False,9.00,1531,,2026-04-03 04:05:44.570293+00:00
258,200468,WPR25LA198,2025-06-28,2025,6,Coolin,IDAHO,United States,48.725018,,D28,TANGLEFOOT,REPUBLIC,RC-3,REPUBLIC,RC-3,REPUBLIC RC-3,AIR,N6759K,1047,False,1.0,REC,091,,PERS,,Substantial,3,None,0,0,0,0,VMC,,False,DirectorBrief,Completed,,,The pilot’s failure to maintain control of the airplane and exceedance of the critical angle of attack during takeoff in windy conditions which resulted in a subsequent hard landing.,"Environmental issues - Conditions/weather/phenomena - Wind - Windshear - Effect on operation, Aircraft - Aircraft oper/perf/capability - Performance/control parameters - Lateral/bank control - Attain/maintain not possible, Personnel issues - Task performance - Use of equip/info - Use of equip/system - Pilot, Aircraft - Aircraft oper/perf/capability - Performance/control parameters - Angle of attack - Not attained/maintained","  The pilot’s failure to maintain control of the airplane and exceedance of the critical angle of attack during takeoff in windy conditions which resulted in a subsequent hard landing. Environmental issues - Conditions/weather/phenomena - Wind - Windshear - Effect on operation, Aircraft - Aircraft oper/perf/capability - Performance/control parameters - Lateral/bank control - Attain/maintain not possible, Personnel issues - Task performance - Use of equip/info - Use of equip/system - Pilot, Aircraft - Aircraft oper/perf/capability - Performance/control parameters - Angle of attack - Not attained/maintained",False,False,False,False,False,True,False,False,False,False,9.00,1768,,2026-04-03 04:05:44.570293+00:00
259,200469,GAA25WA205,2025-07-05,2025,7,Wald Im Pinzgau,,Austria,47.246111,,,,AVIONS ROBIN,DR400,AVIONS ROBIN,DR400,AVIONS ROBIN DR400,AIR,D-EHGD,,False,1.0,REC,000,,,Ikarus Luftsportclub Schleißheim e.V.,Destroyed,4,Fatal,4,0,0,4,,,False,,N/A,,,,,   ,False,False,False,False,False,False,False,False,False,False,44.00,1524,,2026-04-03 04:05:44.570293+00:00
260,200470,WPR25LA199,2025-06-30,2025,6,Tukwila,WASHINGTON,United States,47.526623,,BFI,Boeing Field/King County International Airport,ROBINSON HELICOPTER CO,R66,ROBINSON HELICOPTER CO,R66,ROBINSON HELICOPTER CO R66,HELI,N23UP,0270,False,1.0,TS,091,,PERS,SEATTLE AIR TAXI LLC,Substantial,3,None,0,0,0,0,VMC,,False,DirectorBrief,Completed,,,"The pilot’s failure to maintain yaw control during a takeoff to a hover in a gusting crosswind, which resulted in a loss of directional control and a subsequent hard landing.","Personnel issues - Task performance - Use of equip/info - Aircraft control - Pilot, Aircraft - Aircraft oper/perf/capability - Performance/control parameters - Directional control - Not attained/maintained, Environmental issues - Conditions/weather/phenomena - Wind - Tailwind - Effect on operation","  The pilot’s failure to maintain yaw control during a takeoff to a hover in a gusting crosswind, which resulted in a loss of directional control and a subsequent hard landing. Personnel issues - Task performance - Use of equip/info - Aircraft control - Pilot, Aircraft - Aircraft oper/perf/capability - Performance/control parameters - Directional control - Not attained/maintained, Environmental issues - Conditions/weather/phenomena - Wind - Tailwind - Effect on operation",False,False,False,False,False,True,False,False,False,False,9.00,1751,,2026-04-03 04:05:44.570293+00:00
261,200471,WPR25LA200,2025-06-30,2025,6,Harrison,MONTANA,United States,45.701310,,,,FAUST,3,FAUST,3,FAUST 3,AIR,N5901V,301,False,1.0,,091,,PERS,,Substantial,3,None,0,0,0,0,VMC,,False,,In work,,,,,   ,False,False,False,False,False,False,False,False,False,False,9.00,1752,,2026-04-03 04:05:44.570293+00:00
262,200472,CEN25LA235,2025-07-02,2025,7,Brush,COLORADO,United States,40.264409,,7V5,BRUSH MUNI,PIPER,PA12,PIPER,PA12,PIPER PA12,AIR,N7635H,12-510,False,1.0,REC,091,,PERS,,Substantial,3,None,0,0,0,0,VMC,,False,DirectorBrief,Completed,,,The pilot’s failure to maintain directional control while performing a touch and go landing.,"Environmental issues - Conditions/weather/phenomena - Wind - Sudden wind shift - Effect on operation, Aircraft - Aircraft oper/perf/capability - Performance/control parameters - Directional control - Not attained/maintained, Personnel issues - Task performance - Use of equip/info - Aircraft control - Pilot","  The pilot’s failure to maintain directional control while performing a touch and go landing. Environmental issues - Conditions/weather/phenomena - Wind - Sudden wind shift - Effect on operation, Aircraft - Aircraft oper/perf/capability - Performance/control parameters - Directional control - Not attained/maintained, Personnel issues - Task performance - Use of equip/info - Aircraft control - Pilot",False,False,False,False,False,True,False,False,False,False,9.00,1543,,2026-04-03 04:05:44.570293+00:00
263,200473,CEN25LA236,2025-07-03,2025,7,Meeker,COLORADO,United States,40.053106,,KEEO,Meeker Airport,PIPER,PA-18-150,PIPER,PA-18-150,PIPER PA-18-150,AIR,N66898,18-7509091,False,1.0,REC,091,,INST,,Substantial,3,None,0,0,0,0,VMC,,False,DirectorBrief,Completed,,,The student pilot’s failure to maintain directional control during landing. Contributing to the accident was the flight instructor’s delayed remedial action.,"Aircraft - Aircraft oper/perf/capability - Performance/control parameters - Directional control - Not attained/maintained, Personnel issues - Action/decision - Action - Delayed action - Instructor/check pilot, Personnel issues - Task performance - Use of equip/info - Aircraft control - Student/instructed pilot","  The student pilot’s failure to maintain directional control during landing. Contributing to the accident was the flight instructor’s delayed remedial action. Aircraft - Aircraft oper/perf/capability - Performance/control parameters - Directional control - Not attained/maintained, Personnel issues - Action/decision - Action - Delayed action - Instructor/check pilot, Personnel issues - Task performance - Use of equip/info - Aircraft control - Student/instructed pilot",False,False,False,False,False,True,False,False,False,False,9.00,1537,,2026-04-03 04:05:44.570293+00:00
264,200474,WPR25LA201,2025-06-30,2025,6,Alpine,WYOMING,United States,43.196042,,46U,ALPINE,LANCAIR,IV,LANCAIR,IV,LANCAIR IV,AIR,N124GH,LIV-115,True,1.0,REC,091,,PERS,,Substantial,3,Minor,0,0,1,1,VMC,,False,DirectorBrief,Completed,,,The pilot’s loss of visual reference during the landing approach which resulted in a collision with water.,"Personnel issues - Psychological - Perception/orientation/illusion - Visual illusion/disorientation - Pilot, Personnel issues - Psychological - Attention/monitoring - Monitoring environment - Pilot, Aircraft - Aircraft oper/perf/capability - Performance/control parameters - Altitude - Not attained/maintained, Environmental issues - Physical environment - Runway/land/takeoff/taxi surface - (general) - Response/compensation","  The pilot’s loss of visual reference during the landing approach which resulted in a collision with water. Personnel issues - Psychological - Perception/orientation/illusion - Visual illusion/disorientation - Pilot, Personnel issues - Psychological - Attention/monitoring - Monitoring environment - Pilot, Aircraft - Aircraft oper/perf/capability - Performance/control parameters - Altitude - Not attained/maintained, Environmental issues - Physical environment - Runway/land/takeoff/taxi surface - (general) - Response/compensation",False,False,False,False,False,False,False,False,False,False,13.00,1753,,2026-04-03 04:05:44.570293+00:00
688,201002,DCA25WA324,2025-09-12,2025,9,Osaka,,Japan,,,RJBB,Kansai International Airport,BOEING,737-824,BOEING,737-824,BOEING 737-824,AIR,N39297,34003,False,2.0,TF,121,SCHD,,United Airlines,None,1,Minor,0,0,2,2,,,False,,N/A,,,,,   ,False,False,False,False,False,False,False,False,False,False,7.00,1291,,2026-04-03 04:05:44.570293+00:00
322,200555,ERA25LA268,2025-07-11,2025,7,Elysburg,PENNSYLVANIA,United States,40.837449,,N79,NORTHUMBERLAND COUNTY,PIPER,PA46,PIPER,PA46,PIPER PA46,AIR,N962WF,4636203,False,1.0,REC,091,,PERS,PAD AVIATION LLC,Substantial,3,None,0,0,0,0,VMC,,False,DirectorBrief,Completed,,,Failure of the engine mount which resulted in a collapse of the nose landing gear.,Aircraft - Aircraft systems - Landing gear system - Nose/tail gear attach section - Failure,  Failure of the engine mount which resulted in a collapse of the nose landing gear. Aircraft - Aircraft systems - Landing gear system - Nose/tail gear attach section - Failure,False,False,False,False,True,False,False,False,False,False,9.00,1495,,2026-04-03 04:05:44.570293+00:00
295,200515,ANC25LA072,2025-07-11,2025,7,Dillingham,ALASKA,United States,59.055333,,AA15,Shannons Pond,PIPER,PA-18-150,PIPER,PA-18-150,PIPER PA-18-150,AIR,N82109,18-7809130,False,1.0,REC,091,,PERS,,Substantial,3,None,0,0,0,0,VMC,,False,DirectorBrief,Completed,,,"The pilot’s failure to maintain direction control during takeoff roll which resulted in a ground loop, and subsequent runway excursion.","Aircraft - Aircraft oper/perf/capability - Performance/control parameters - Directional control - Not attained/maintained, Personnel issues - Task performance - Use of equip/info - Aircraft control - Pilot","  The pilot’s failure to maintain direction control during takeoff roll which resulted in a ground loop, and subsequent runway excursion. Aircraft - Aircraft oper/perf/capability - Performance/control parameters - Directional control - Not attained/maintained, Personnel issues - Task performance - Use of equip/info - Aircraft control - Pilot",False,False,False,False,False,True,True,False,False,False,9.00,1494,,2026-04-03 04:05:44.570293+00:00
267,200477,CEN25LA239,2025-07-05,2025,7,Newaygo,MICHIGAN,United States,43.421570,,,,LUSCOMBE,8A,LUSCOMBE,8A,LUSCOMBE 8A,AIR,N71790,3217,False,1.0,REC,091,,PERS,,Substantial,3,None,0,0,0,0,VMC,,False,DirectorBrief,Completed,,,The pilot’s inadequate fuel planning and his failure to adequately monitor the fuel level during the flight which resulted in a total loss of engine power due to fuel exhaustion.,"Aircraft - Fluids/misc hardware - Fluids - Fuel - Fluid level, Personnel issues - Task performance - Planning/preparation - Fuel planning - Pilot, Personnel issues - Action/decision - Info processing/decision - Identification/recognition - Pilot, Personnel issues - Psychological - Attention/monitoring - Monitoring equip/instruments - Pilot","  The pilot’s inadequate fuel planning and his failure to adequately monitor the fuel level during the flight which resulted in a total loss of engine power due to fuel exhaustion. Aircraft - Fluids/misc hardware - Fluids - Fuel - Fluid level, Personnel issues - Task performance - Planning/preparation - Fuel planning - Pilot, Personnel issues - Action/decision - Info processing/decision - Identification/recognition - Pilot, Personnel issues - Psychological - Attention/monitoring - Monitoring equip/instruments - Pilot",False,True,False,False,False,True,False,False,False,False,9.00,1525,,2026-04-03 04:05:44.570293+00:00
268,200478,ANC25LA066,2025-06-28,2025,6,Chenega,ALASKA,United States,60.050046,,,,PIPER,PA-18-135,PIPER,PA-18-135,PIPER PA-18-135,AIR,N55PT,18-2675,False,1.0,REC,091,,PERS,,Substantial,3,None,0,0,0,0,VMC,,False,DirectorBrief,Completed,,,The pilot’s failure to maintain directional control during landing in gusting and variable wind conditions.,"Environmental issues - Conditions/weather/phenomena - Wind - Variable wind - Effect on operation, Environmental issues - Conditions/weather/phenomena - Wind - Gusts - Effect on operation, Environmental issues - Conditions/weather/phenomena - Wind - Crosswind - Effect on operation, Aircraft - Aircraft oper/perf/capability - Performance/control parameters - Directional control - Not attained/maintained, Personnel issues - Task performance - Use of equip/info - Aircraft control - Pilot","  The pilot’s failure to maintain directional control during landing in gusting and variable wind conditions. Environmental issues - Conditions/weather/phenomena - Wind - Variable wind - Effect on operation, Environmental issues - Conditions/weather/phenomena - Wind - Gusts - Effect on operation, Environmental issues - Conditions/weather/phenomena - Wind - Crosswind - Effect on operation, Aircraft - Aircraft oper/perf/capability - Performance/control parameters - Directional control - Not attained/maintained, Personnel issues - Task performance - Use of equip/info - Aircraft control - Pilot",False,False,False,False,False,True,False,False,False,False,9.00,1770,,2026-04-03 04:05:44.570293+00:00
269,200479,CEN25LA240,2025-07-07,2025,7,La Garita,COLORADO,United States,37.841753,,,,CUB CRAFTERS,CCK-1865,CUB CRAFTERS,CCK-1865,CUB CRAFTERS CCK-1865,AIR,N952SA,CCK-1865-1088,True,1.0,REC,091,,PERS,,Substantial,3,None,0,0,0,0,VMC,,False,DirectorBrief,Completed,,,The pilot’s failure to maintain clearance from terrain while maneuvering at low altitude in mountainous terrain. Contributing was the pilot’s inadequate preflight planning and aeronautical decision making.,"Aircraft - Aircraft oper/perf/capability - Performance/control parameters - Climb rate - Not attained/maintained, Personnel issues - Action/decision - Info processing/decision - Decision making/judgment - Pilot, Environmental issues - Conditions/weather/phenomena - Temp/humidity/pressure - High density altitude - Effect on operation, Environmental issues - Physical environment - Terrain - Mountainous/hilly terrain - Effect on operation","  The pilot’s failure to maintain clearance from terrain while maneuvering at low altitude in mountainous terrain. Contributing was the pilot’s inadequate preflight planning and aeronautical decision making. Aircraft - Aircraft oper/perf/capability - Performance/control parameters - Climb rate - Not attained/maintained, Personnel issues - Action/decision - Info processing/decision - Decision making/judgment - Pilot, Environmental issues - Conditions/weather/phenomena - Temp/humidity/pressure - High density altitude - Effect on operation, Environmental issues - Physical environment - Terrain - Mountainous/hilly terrain - Effect on operation",False,False,False,False,False,True,False,False,False,False,9.00,1515,,2026-04-03 04:05:44.570293+00:00
270,200480,GAA25WA202,2025-07-06,2025,7,Condor,OTHER FOREIGN,Canada,52.298381,,CTS6,,BELL,206,BELL,206,BELL 206,HELI,C-GKVX,,False,1.0,,000,,BUS,,Substantial,3,Fatal,1,1,0,2,,,False,,N/A,,,,,   ,False,False,False,False,False,False,False,False,False,False,26.00,1516,,2026-04-03 04:05:44.570293+00:00
271,200482,ERA25FA260,2025-07-07,2025,7,Sanford,NORTH CAROLINA,United States,35.507011,,,,CIRRUS DESIGN CORP,SR22T,CIRRUS DESIGN CORP,SR22T,CIRRUS DESIGN CORP SR22T,AIR,N5656M,0341,False,1.0,,091,,PERS,,Substantial,3,Fatal,4,0,0,4,VMC,,False,,In work,,,,,   ,False,False,False,False,False,False,False,False,False,False,41.00,1514,,2026-04-03 04:05:44.570293+00:00
272,200483,ANC25LA067,2025-07-03,2025,7,Fairbanks,ALASKA,United States,64.837559,,FBK,Ladd Army Airfield,ROCKWELL INTERNATIONAL,690B,ROCKWELL INTERNATIONAL,690B,ROCKWELL INTERNATIONAL 690B,AIR,N690AX,11384,False,2.0,TP,135,NSCH,PERS,CLEARWATER AIR INC,Substantial,3,None,0,0,0,0,VMC,,False,DirectorBrief,Completed,,,The pilot’s failure to maintain control during takeoff resulting in a gear-up landing on the runway. Contributing to the accident was the pilot’s momentary distraction from within the airplane.,"Personnel issues - Action/decision - Info processing/decision - Decision making/judgment - Pilot, Personnel issues - Task performance - Use of equip/info - Aircraft control - Pilot, Personnel issues - Psychological - Attention/monitoring - Task monitoring/vigilance - Pilot, Personnel issues - Psychological - Perception/orientation/illusion - Situational awareness - Pilot, Aircraft - Aircraft oper/perf/capability - Performance/control parameters - Altitude - Not attained/maintained","  The pilot’s failure to maintain control during takeoff resulting in a gear-up landing on the runway. Contributing to the accident was the pilot’s momentary distraction from within the airplane. Personnel issues - Action/decision - Info processing/decision - Decision making/judgment - Pilot, Personnel issues - Task performance - Use of equip/info - Aircraft control - Pilot, Personnel issues - Psychological - Attention/monitoring - Task monitoring/vigilance - Pilot, Personnel issues - Psychological - Perception/orientation/illusion - Situational awareness - Pilot, Aircraft - Aircraft oper/perf/capability - Performance/control parameters - Altitude - Not attained/maintained",False,False,False,False,False,True,False,False,False,False,9.00,1534,,2026-04-03 04:05:44.570293+00:00
296,200516,CEN25FA247,2025-07-12,2025,7,Pawnee National Grassland,COLORADO,United States,40.738540,,,,ZENITH,CH601,ZENITH,CH601,ZENITH CH601,AIR,N314LB,95007,True,1.0,,091,,PERS,,Destroyed,4,Fatal,1,0,0,1,VMC,,False,,In work,,,,,   ,False,False,False,False,False,False,False,False,False,False,29.00,1489,,2026-04-03 04:05:44.570293+00:00
283,200498,CEN25LA244,2025-07-08,2025,7,Lambertville,MICHIGAN,United States,41.735875,,DUH,Toledo Suburban Airport,CESSNA AIRCRAFT CO,LC41-550FG,CESSNA AIRCRAFT CO,LC41-550FG,CESSNA AIRCRAFT CO LC41-550FG,AIR,N1229V,411110,False,1.0,REC,091,,PERS,,Substantial,3,Minor,0,0,1,1,VMC,,False,DirectorBrief,Completed,,,"The pilot’s failure to land at the manufacturer’s recommended approach speed, which resulted in a runway excursion, and impact with trees.","Aircraft - Aircraft oper/perf/capability - Performance/control parameters - Airspeed - Not attained/maintained, Personnel issues - Task performance - Use of equip/info - (general) - Pilot","  The pilot’s failure to land at the manufacturer’s recommended approach speed, which resulted in a runway excursion, and impact with trees. Aircraft - Aircraft oper/perf/capability - Performance/control parameters - Airspeed - Not attained/maintained, Personnel issues - Task performance - Use of equip/info - (general) - Pilot",False,False,False,False,False,True,True,False,False,False,13.00,1508,,2026-04-03 04:05:44.570293+00:00
273,200485,WPR25LA202,2025-07-03,2025,7,Henderson,NEVADA,United States,35.972576,,HND,HENDERSON EXEC,MOONEY AIRCRAFT CORP.,M20K,MOONEY AIRCRAFT CORP.,M20K,MOONEY AIRCRAFT CORP. M20K,AIR,N66JG,25-0866,False,1.0,REC,091,,PERS,CASSITY SCOTT,Substantial,3,None,0,0,0,0,VMC,,False,DirectorBrief,Completed,,,"The pilot’s failure to maintain directional control during a go-around, resulting in a collision with a runway sign.","Aircraft - Aircraft oper/perf/capability - Performance/control parameters - Descent/approach/glide path - Not attained/maintained, Aircraft - Aircraft oper/perf/capability - Performance/control parameters - Landing flare - Not attained/maintained, Personnel issues - Task performance - Use of equip/info - Aircraft control - Pilot, Aircraft - Aircraft oper/perf/capability - Performance/control parameters - Directional control - Not attained/maintained, Environmental issues - Physical environment - Object/animal/substance - Sign/marker - Effect on equipment","  The pilot’s failure to maintain directional control during a go-around, resulting in a collision with a runway sign. Aircraft - Aircraft oper/perf/capability - Performance/control parameters - Descent/approach/glide path - Not attained/maintained, Aircraft - Aircraft oper/perf/capability - Performance/control parameters - Landing flare - Not attained/maintained, Personnel issues - Task performance - Use of equip/info - Aircraft control - Pilot, Aircraft - Aircraft oper/perf/capability - Performance/control parameters - Directional control - Not attained/maintained, Environmental issues - Physical environment - Object/animal/substance - Sign/marker - Effect on equipment",False,False,False,False,False,True,False,False,False,False,9.00,1536,,2026-04-03 04:05:44.570293+00:00
274,200486,WPR25LA203,2025-07-06,2025,7,Park City,UTAH,United States,40.580000,,NA,,ROBINSON HELICOPTER,R44,ROBINSON HELICOPTER,R44,ROBINSON HELICOPTER R44,HELI,N715SG,1261,False,1.0,REC,091,,PERS,,Substantial,3,None,0,0,0,0,VMC,,False,DirectorBrief,Completed,,,"The pilot’s failure to maintain rotor rpm during an approach to landing in a mountainous area, which resulted in a collision with terrain.","Personnel issues - Task performance - Use of equip/info - Aircraft control - Pilot, Aircraft - Aircraft propeller/rotor - Main rotor system - Main rotor blade system - Capability exceeded","  The pilot’s failure to maintain rotor rpm during an approach to landing in a mountainous area, which resulted in a collision with terrain. Personnel issues - Task performance - Use of equip/info - Aircraft control - Pilot, Aircraft - Aircraft propeller/rotor - Main rotor system - Main rotor blade system - Capability exceeded",False,False,False,False,False,True,False,False,False,False,9.00,1519,,2026-04-03 04:05:44.570293+00:00
275,200487,WPR25LA204,2025-07-08,2025,7,Coolin,IDAHO,United States,48.524026,,66S,CAVANAUGH BAY,BEECH,A36,BEECH,A36,BEECH A36,AIR,N41VH,E-2832,False,1.0,,091,,PERS,,Substantial,3,Minor,0,0,2,2,VMC,,False,,In work,,,,,   ,False,False,False,False,False,False,False,False,False,False,13.00,1510,,2026-04-03 04:05:44.570293+00:00
276,200488,DCA25LA251,2025-07-02,2025,7,Las Vegas,NEVADA,United States,36.073611,,LAS,Harry Reid International Airport,BOEING,737-924ER,BOEING,737-924ER,BOEING 737-924ER,AIR,N66831,44562,False,2.0,,121,SCHD,,UNITED AIRLINES INC,Substantial,3,None,0,0,0,0,VMC,,False,,In work,,,,,   ,False,False,False,False,False,False,False,False,False,False,9.00,1545,,2026-04-03 04:05:44.570293+00:00
277,200489,ANC25LA068,2025-07-06,2025,7,Kokhanok,ALASKA,United States,59.437600,,NONE,,DEHAVILLAND,BEAVER DHC-2 MK.1,DEHAVILLAND,BEAVER DHC-2 MK.1,DEHAVILLAND BEAVER,AIR,N67251,251,False,1.0,REC,091,,BUS,No See Um Lodge,Substantial,3,None,0,0,0,0,VMC,,False,DirectorBrief,Completed,,,The pilot’s failure to attain a proper touchdown point during landing which resulted in a hard landing.,"Aircraft - Aircraft oper/perf/capability - Performance/control parameters - Landing flare - Not attained/maintained, Personnel issues - Action/decision - Info processing/decision - Decision making/judgment - Pilot","  The pilot’s failure to attain a proper touchdown point during landing which resulted in a hard landing. Aircraft - Aircraft oper/perf/capability - Performance/control parameters - Landing flare - Not attained/maintained, Personnel issues - Action/decision - Info processing/decision - Decision making/judgment - Pilot",False,False,False,False,False,True,False,False,False,False,9.00,1521,,2026-04-03 04:05:44.570293+00:00
278,200490,WPR25FA205,2025-07-06,2025,7,Eagle Nest,NEW MEXICO,United States,36.490960,,,,BEECH,F35,BEECH,F35,BEECH F35,AIR,N5009B,D-4269,False,1.0,,091,,PERS,,Destroyed,4,Fatal,1,0,0,1,VMC,,False,,In work,,,,,   ,False,False,False,False,False,False,False,False,False,False,29.00,1518,,2026-04-03 04:05:44.570293+00:00
279,200491,ENG25WA042,2025-06-04,2025,6,Katunayake,OTHER FOREIGN,Sri Lanka,,,,,AIRBUS,A320,AIRBUS,A320,AIRBUS A320,AIR,4R-ABM,4694,False,,,000,,,SriLankan Airlines Ltd,None,1,None,0,0,0,0,,,False,,N/A,,,,,   ,False,False,False,False,False,False,False,False,False,False,3.00,1898,,2026-04-03 04:05:44.570293+00:00
280,200493,CEN25LA241,2025-07-08,2025,7,Jenison,MICHIGAN,United States,42.936612,,08C,Riverview,CESSNA,177,CESSNA,177,CESSNA 177,AIR,N29342,17700825,False,1.0,REC,091,,PERS,,Substantial,3,Minor,0,0,2,2,VMC,,False,DirectorBrief,Completed,,,The pilot’s failure to maintain airplane control and clearance from trees during takeoff.,"Aircraft - Aircraft oper/perf/capability - Performance/control parameters - Pitch control - Incorrect use/operation, Personnel issues - Task performance - Use of equip/info - Aircraft control - Pilot, Aircraft - Aircraft oper/perf/capability - Performance/control parameters - Altitude - Not attained/maintained","  The pilot’s failure to maintain airplane control and clearance from trees during takeoff. Aircraft - Aircraft oper/perf/capability - Performance/control parameters - Pitch control - Incorrect use/operation, Personnel issues - Task performance - Use of equip/info - Aircraft control - Pilot, Aircraft - Aircraft oper/perf/capability - Performance/control parameters - Altitude - Not attained/maintained",False,False,False,False,False,True,False,False,False,False,13.00,1511,,2026-04-03 04:05:44.570293+00:00
281,200494,CEN25LA242,2025-07-07,2025,7,Ingram,TEXAS,United States,30.077400,,,,SIKORSKY,UH60,SIKORSKY,UH60,SIKORSKY UH60,HELI,UNREG,,False,2.0,,000,,PUBU,National Guard,Minor,2,None,0,0,0,0,VMC,,False,,In work,,,,,   ,False,False,False,False,False,False,False,False,False,False,6.00,1512,,2026-04-03 04:05:44.570293+00:00
298,200519,CEN25LA249,2025-07-13,2025,7,Howard,WISCONSIN,United States,44.581986,,08WI,Faikel Airfield,PIPER,J3C-65,PIPER,J3C-65,PIPER J3C-65,AIR,N88220,15837,False,1.0,REC,091,,PERS,,Substantial,3,None,0,0,0,0,VMC,,False,DirectorBrief,Completed,,,The pilot’s failure to maintain control of the airplane while on approach to land.,"Aircraft - Aircraft oper/perf/capability - Performance/control parameters - Descent/approach/glide path - Not attained/maintained, Personnel issues - Task performance - Use of equip/info - Aircraft control - Pilot","  The pilot’s failure to maintain control of the airplane while on approach to land. Aircraft - Aircraft oper/perf/capability - Performance/control parameters - Descent/approach/glide path - Not attained/maintained, Personnel issues - Task performance - Use of equip/info - Aircraft control - Pilot",False,False,False,False,False,True,False,False,False,False,9.00,1482,,2026-04-03 04:05:44.570293+00:00
282,200495,CEN25LA243,2025-07-08,2025,7,Seguin,TEXAS,United States,29.495662,,1TE4,Zuehl,STINSON,108,STINSON,108,STINSON 108,AIR,N97577,108-577,False,1.0,REC,091,,PERS,,None,1,Serious,0,1,0,1,VMC,,False,DirectorBrief,Completed,,,The pilot’s failure to turn off the magneto switch before repositioning the propeller by hand which resulted in an inadvertent engine start.,"Aircraft - Aircraft power plant - Ignition system - Magneto/distributor - Incorrect use/operation, Personnel issues - Task performance - Use of equip/info - Use of equip/system - Pilot, Aircraft - Aircraft power plant - Engine (reciprocating) - (general) - Unintentional use/operation","  The pilot’s failure to turn off the magneto switch before repositioning the propeller by hand which resulted in an inadvertent engine start. Aircraft - Aircraft power plant - Ignition system - Magneto/distributor - Incorrect use/operation, Personnel issues - Task performance - Use of equip/info - Use of equip/system - Pilot, Aircraft - Aircraft power plant - Engine (reciprocating) - (general) - Unintentional use/operation",False,False,False,False,False,True,False,False,False,False,11.00,1509,,2026-04-03 04:05:44.570293+00:00
346,200588,WPR25LA218,2025-07-17,2025,7,Round Rock,ARIZONA,United States,36.480000,,,,CESSNA,425,CESSNA,425,CESSNA 425,AIR,N425D,425-0121,False,2.0,,091,,INST,,Substantial,3,None,0,0,0,0,VMC,,False,,In work,,,,,   ,False,False,False,False,False,False,False,False,False,False,9.00,1455,,2026-04-03 04:05:44.570293+00:00
297,200517,CEN25FA248,2025-07-12,2025,7,Hot Springs,SOUTH DAKOTA,United States,43.375250,,,,PIPER,PA-25,PIPER,PA-25,PIPER PA-25,AIR,N8186K,25163,False,1.0,,091,,GLDT,,Substantial,3,Fatal,1,0,0,1,VMC,,False,,In work,,,,,   ,False,False,False,False,False,False,False,False,False,False,26.00,1488,,2026-04-03 04:05:44.570293+00:00
422,200675,DCA25WA277,2025-07-28,2025,7,Mexico City,OTHER FOREIGN,Mexico,19.436111,,,,BOEING,737,BOEING,737,BOEING 737,AIR,XA-PPP,39018,False,2.0,,000,SCHD,,Aeromexico,None,1,None,0,0,0,0,,,False,,N/A,,,,,   ,False,False,False,False,False,False,False,False,False,False,3.00,1377,,2026-04-03 04:05:44.570293+00:00
285,200502,ANC25LA070,2025-07-09,2025,7,Homer,ALASKA,United States,59.648100,,HOM,Homer Airport,CESSNA,170B,CESSNA,170B,CESSNA 170B,AIR,N2694D,20846,False,1.0,REC,091,,PERS,,Substantial,3,None,0,0,0,0,VMC,,False,DirectorBrief,Completed,,,"The pilot’s failure to maintain directional control during landing, which resulted in a ground loop.","Aircraft - Aircraft oper/perf/capability - Performance/control parameters - Directional control - Not attained/maintained, Personnel issues - Task performance - Use of equip/info - Aircraft control - Pilot","  The pilot’s failure to maintain directional control during landing, which resulted in a ground loop. Aircraft - Aircraft oper/perf/capability - Performance/control parameters - Directional control - Not attained/maintained, Personnel issues - Task performance - Use of equip/info - Aircraft control - Pilot",False,False,False,False,False,True,False,False,False,False,9.00,1505,,2026-04-03 04:05:44.570293+00:00
286,200503,ERA25LA261,2025-07-09,2025,7,Century,FLORIDA,United States,30.000000,,N/A,,CESSNA,172H,CESSNA,172H,CESSNA 172H,AIR,N3254C,17256156,False,1.0,,091,,PERS,,Substantial,3,None,0,0,0,0,VMC,,False,,In work,,,,,   ,False,False,False,False,False,False,False,False,False,False,9.00,1503,,2026-04-03 04:05:44.570293+00:00
287,200504,CEN25LA245,2025-07-09,2025,7,Greeley,COLORADO,United States,40.429000,,GXY,GREELEY-WELD COUNTY,FAIRCHILD,24R,FAIRCHILD,24R,FAIRCHILD 24R,AIR,N81210,R46-111,False,1.0,REC,091,,PERS,,Substantial,3,None,0,0,0,0,VMC,,False,DirectorBrief,Completed,,,The pilot’s inability to maintain directional control during landing due to excessive wear in the tailwheel steering assembly.,"Aircraft - Aircraft systems - Landing gear system - Landing gear steering system - Fatigue/wear/corrosion, Personnel issues - Task performance - Use of equip/info - Aircraft control - Pilot, Aircraft - Aircraft oper/perf/capability - Performance/control parameters - Directional control - Attain/maintain not possible","  The pilot’s inability to maintain directional control during landing due to excessive wear in the tailwheel steering assembly. Aircraft - Aircraft systems - Landing gear system - Landing gear steering system - Fatigue/wear/corrosion, Personnel issues - Task performance - Use of equip/info - Aircraft control - Pilot, Aircraft - Aircraft oper/perf/capability - Performance/control parameters - Directional control - Attain/maintain not possible",False,False,False,False,True,False,False,False,True,False,9.00,1504,,2026-04-03 04:05:44.570293+00:00
288,200505,ERA25LA262,2025-06-23,2025,6,East Hampton,NEW YORK,United States,40.959654,,JPX,EAST HAMPTON TOWN,RAYTHEON AIRCRAFT COMPANY,G58,RAYTHEON AIRCRAFT COMPANY,G58,RAYTHEON AIRCRAFT COMPANY G58,AIR,N215MB,TH-2133,False,2.0,,091,,POSI,"Doupe Services, LLC",Substantial,3,None,0,0,0,0,VMC,,False,,In work,,,,,   ,False,False,False,False,False,False,False,False,False,False,9.00,1803,,2026-04-03 04:05:44.570293+00:00
289,200507,CEN25LA246,2025-07-06,2025,7,Lake Elmo,MINNESOTA,United States,44.994399,,21D,LAKE ELMO,THORP,T18,THORP,T18,THORP T18,AIR,N18CH,CH374,True,1.0,REC,091,,PERS,,Substantial,3,None,0,0,0,0,VMC,,False,DirectorBrief,Completed,,,"The pilot’s failure to maintain obstacle clearance during the go-around, that resulted in the tailwheel impacting a taxiway sign, a subsequent loss of control due to the damaged tailwheel, and a runway excursion during the landing.","Personnel issues - Task performance - Use of equip/info - Aircraft control - Pilot, Aircraft - Aircraft oper/perf/capability - Performance/control parameters - Directional control - Attain/maintain not possible, Aircraft - Aircraft systems - Landing gear system - Nose/tail landing gear - Damaged/degraded, Aircraft - Aircraft oper/perf/capability - Performance/control parameters - Altitude - Not attained/maintained","  The pilot’s failure to maintain obstacle clearance during the go-around, that resulted in the tailwheel impacting a taxiway sign, a subsequent loss of control due to the damaged tailwheel, and a runway excursion during the landing. Personnel issues - Task performance - Use of equip/info - Aircraft control - Pilot, Aircraft - Aircraft oper/perf/capability - Performance/control parameters - Directional control - Attain/maintain not possible, Aircraft - Aircraft systems - Landing gear system - Nose/tail landing gear - Damaged/degraded, Aircraft - Aircraft oper/perf/capability - Performance/control parameters - Altitude - Not attained/maintained",False,False,True,False,True,True,True,False,False,False,9.00,1520,,2026-04-03 04:05:44.570293+00:00
290,200508,ANC25LA071,2025-06-09,2025,6,Willow,ALASKA,United States,61.755474,,UUO,WILLOW,PIPER,PA-18-150,PIPER,PA-18-150,PIPER PA-18-150,AIR,N3994Z,18-7943,False,1.0,,091,,INST,Blue River Aviation,Substantial,3,None,0,0,0,0,,,False,,In work,,,,,   ,False,False,False,False,False,False,False,False,False,False,9.00,1872,,2026-04-03 04:05:44.570293+00:00
291,200509,WPR25LA206,2025-07-07,2025,7,Page,ARIZONA,United States,36.926069,,PGA,PAGE MUNI,PIPER,PA-22-160,PIPER,PA-22-160,PIPER PA-22-160,AIR,N9019D,22-6154,False,1.0,REC,091,,PERS,,Substantial,3,None,0,0,0,0,VMC,,False,DirectorBrief,Completed,,,The pilot's failure to maintain directional control during the landing roll with a quartering tailwind.,"Personnel issues - Task performance - Use of equip/info - Aircraft control - Pilot, Aircraft - Aircraft oper/perf/capability - Performance/control parameters - Directional control - Not attained/maintained, Environmental issues - Conditions/weather/phenomena - Wind - Tailwind - Effect on operation","  The pilot's failure to maintain directional control during the landing roll with a quartering tailwind. Personnel issues - Task performance - Use of equip/info - Aircraft control - Pilot, Aircraft - Aircraft oper/perf/capability - Performance/control parameters - Directional control - Not attained/maintained, Environmental issues - Conditions/weather/phenomena - Wind - Tailwind - Effect on operation",False,False,False,False,False,True,False,False,False,False,9.00,1513,,2026-04-03 04:05:44.570293+00:00
292,200510,GAA25WA206,2025-07-01,2025,7,Cairo,,Egypt,,,,Cairo Airport,LEARJET,45,LEARJET,45,LEARJET 45,AIR,5N-BLW,,False,,,000,,,,Minor,2,None,0,0,0,0,,,False,,N/A,,,,,   ,False,False,False,False,False,False,False,False,False,False,6.00,1551,,2026-04-03 04:05:44.570293+00:00
293,200511,GAA25WA207,2025-07-01,2025,7,Porto Dos Gaúchos,OTHER FOREIGN,Brazil,,,ZZZZ,,AIR TRACTOR,AT502,AIR TRACTOR,AT502,AIR TRACTOR AT502,AIR,PP-LTO,502B-3399,False,,,000,,,,None,1,Fatal,1,0,2,0,,,False,,N/A,,,,,   ,False,False,False,False,False,False,False,False,False,False,20.00,1550,,2026-04-03 04:05:44.570293+00:00
299,200520,ANC25LA073,2025-07-10,2025,7,Palmer,ALASKA,United States,61.410000,,NONE,River Bed,PIPER,PA-18-135,PIPER,PA-18-135,PIPER PA-18-135,AIR,N27293,18-3367,False,1.0,REC,091,,PERS,,Substantial,3,None,0,0,0,0,VMC,,False,DirectorBrief,Completed,,,"The pilot’s excessive braking during the landing roll, resulting in a nose over. Contributing to the accident was the pilot’s decision to continue the landing after determining the landing area was unsuitable.","Personnel issues - Action/decision - Info processing/decision - Decision making/judgment - Pilot, Personnel issues - Task performance - Use of equip/info - Aircraft control - Pilot, Aircraft - Aircraft oper/perf/capability - Performance/control parameters - Surface speed/braking - Incorrect use/operation, Environmental issues - Physical environment - Terrain - Rough terrain - Contributed to outcome","  The pilot’s excessive braking during the landing roll, resulting in a nose over. Contributing to the accident was the pilot’s decision to continue the landing after determining the landing area was unsuitable. Personnel issues - Action/decision - Info processing/decision - Decision making/judgment - Pilot, Personnel issues - Task performance - Use of equip/info - Aircraft control - Pilot, Aircraft - Aircraft oper/perf/capability - Performance/control parameters - Surface speed/braking - Incorrect use/operation, Environmental issues - Physical environment - Terrain - Rough terrain - Contributed to outcome",False,False,False,False,False,False,False,False,False,False,9.00,1501,,2026-04-03 04:05:44.570293+00:00
300,200521,WPR25FA208,2025-07-13,2025,7,Needles,CALIFORNIA,United States,34.761397,,EED,NEEDLES,PIPER,PA-28-180,PIPER,PA-28-180,PIPER PA-28-180,AIR,N8375W,28-2575,False,1.0,,091,,PERS,,Substantial,3,Fatal,2,0,0,2,VMC,,False,,In work,,,,,   ,False,False,False,False,False,False,False,False,False,False,31.00,1477,,2026-04-03 04:05:44.570293+00:00
301,200522,ERA25LA263,2025-07-10,2025,7,Fort Lauderdale,FLORIDA,United States,26.198196,,FXE,Fort Lauderdale Executive,PIPER,PA34,PIPER,PA34,PIPER PA34,AIR,N1293T,34-7250283,False,2.0,REC,091,,INST,ATA Flight School,Substantial,3,None,0,0,0,0,VMC,,False,DirectorBrief,Completed,,,"The flight instructor’s inadequate supervision and delayed remedial actions during the landing approach, which resulted in the airplane contacting the runway with the landing gear retracted.","Aircraft - Aircraft systems - Landing gear system - Gear extension and retract sys - Not used/operated, Personnel issues - Action/decision - Action - Forgotten action/omission - Instructor/check pilot, Personnel issues - Action/decision - Action - Delayed action - Instructor/check pilot, Personnel issues - Psychological - Attention/monitoring - Monitoring other person - Instructor/check pilot","  The flight instructor’s inadequate supervision and delayed remedial actions during the landing approach, which resulted in the airplane contacting the runway with the landing gear retracted. Aircraft - Aircraft systems - Landing gear system - Gear extension and retract sys - Not used/operated, Personnel issues - Action/decision - Action - Forgotten action/omission - Instructor/check pilot, Personnel issues - Action/decision - Action - Delayed action - Instructor/check pilot, Personnel issues - Psychological - Attention/monitoring - Monitoring other person - Instructor/check pilot",False,False,False,False,True,True,False,False,False,False,9.00,1502,,2026-04-03 04:05:44.570293+00:00
302,200523,ERA25LA264,2025-07-11,2025,7,St. Augustine,FLORIDA,United States,29.953757,,SGJ,NORTHEAST FLORIDA RGNL,CESSNA,150,CESSNA,150,CESSNA 150,AIR,N8503G,15062603,False,1.0,REC,091,,PERS,,Substantial,3,None,0,0,0,0,VMC,,False,DirectorBrief,Completed,,,"The pilot’s inadequate fuel planning, which resulted in a total loss of engine power due to fuel exhaustion.","Personnel issues - Task performance - Planning/preparation - Fuel planning - Pilot, Aircraft - Fluids/misc hardware - Fluids - Fuel - Fluid management","  The pilot’s inadequate fuel planning, which resulted in a total loss of engine power due to fuel exhaustion. Personnel issues - Task performance - Planning/preparation - Fuel planning - Pilot, Aircraft - Fluids/misc hardware - Fluids - Fuel - Fluid management",False,True,False,False,False,True,False,False,False,False,9.00,1493,,2026-04-03 04:05:44.570293+00:00
303,200524,ERA25LA265,2025-07-13,2025,7,Charlestown,NEW HAMPSHIRE,United States,43.327417,,PVT,Morningside Flight Park,MOYES LITEFLITE PTY LTD,C DRAGONFLY,MOYES LITEFLITE PTY LTD,C DRAGONFLY,MOYES LITEFLITE PTY LTD C,AIR,N4010E,C-85,False,1.0,,091,,GLDT,Kitty Hawk Flight School LLC,Substantial,3,Serious,0,1,0,1,VMC,,False,,In work,,,,,   ,False,False,False,False,False,False,False,False,False,False,17.00,1478,,2026-04-03 04:05:44.570293+00:00
304,200525,ERA25LA266,2025-07-14,2025,7,Pembroke Pines,FLORIDA,United States,25.983333,,HWO,North Perry Airport,CESSNA,T337G,CESSNA,T337G,CESSNA T337G,AIR,N289,P3370233,False,2.0,REC,091,,PERS,,Substantial,3,Minor,0,0,3,3,VMC,,False,DirectorBrief,Completed,,,"The pilot’s inadequate preflight fuel planning, which resulted in fuel exhaustion and a subsequent total loss of engine power to one of the airplane’s two engines. Contributing to the outcome was the pilot’s loading of the airplane beyond its maximum gross weight.","Personnel issues - Task performance - Planning/preparation - Fuel planning - Pilot, Personnel issues - Task performance - Planning/preparation - Weight/balance calculations - Pilot","  The pilot’s inadequate preflight fuel planning, which resulted in fuel exhaustion and a subsequent total loss of engine power to one of the airplane’s two engines. Contributing to the outcome was the pilot’s loading of the airplane beyond its maximum gross weight. Personnel issues - Task performance - Planning/preparation - Fuel planning - Pilot, Personnel issues - Task performance - Planning/preparation - Weight/balance calculations - Pilot",False,True,False,False,False,True,False,False,False,False,13.00,1473,,2026-04-03 04:05:44.570293+00:00
305,200526,GAA25WA208,2025-07-13,2025,7,Southend-On-Sea,OTHER FOREIGN,United Kingdom,51.570278,,EGMC,London Southend Airport,BEECH,B200,BEECH,B200,BEECH B200,AIR,PH-ZAZ,BB-1478,False,2.0,TP,000,NSCH,,Zeusch Aviation,Destroyed,4,Fatal,4,0,0,4,VMC,,False,,N/A,,,,,   ,False,False,False,False,False,False,False,False,False,False,44.00,1480,,2026-04-03 04:05:44.570293+00:00
306,200527,GAA25WA209,2025-06-28,2025,6,Ploski,OTHER FOREIGN,Bulgaria,,,,,CIRRUS DESIGN CORP,SR22,CIRRUS DESIGN CORP,SR22,CIRRUS DESIGN CORP SR22,AIR,N67DP,2933,False,1.0,,091,,,CIRRUS SR22 2933 INC TRUSTEE,Substantial,3,,0,0,0,0,,,False,,N/A,,,,,   ,False,False,False,False,False,False,False,False,False,False,9.00,1774,,2026-04-03 04:05:44.570293+00:00
637,200941,DCA25WA317,2025-08-28,2025,8,Aktion,,Greece,,,,,BOEING,737,BOEING,737,BOEING 737,,OK-TVW,,False,,,129,SCHD,,Smartwings,,0,None,0,0,0,0,,,False,,N/A,,,,,   ,False,False,False,False,False,False,False,False,False,False,0.00,1570,116.0,2026-04-03 04:05:44.570293+00:00
323,200556,ERA25LA269,2025-07-16,2025,7,Sylacauga,ALABAMA,United States,33.172880,,SCD,MERKEL FLD SYLACAUGA MUNI,BEECH,K35,BEECH,K35,BEECH K35,AIR,N5353E,D-5856,False,1.0,,091,,BUS,,Substantial,3,Serious,0,1,0,1,VMC,,False,,In work,,,,,   ,False,False,False,False,False,False,False,False,False,False,17.00,1463,,2026-04-03 04:05:44.570293+00:00
325,200558,ERA25LA270,2025-07-17,2025,7,Sunset,SOUTH CAROLINA,United States,34.898611,,,,PIPER,PA46,PIPER,PA46,PIPER PA46,AIR,N460WW,46-8608022,False,1.0,,091,,POSI,Christopher Higgins,Substantial,3,None,0,0,0,0,VMC,,False,,In work,,,,,   ,False,False,False,False,False,False,False,False,False,False,9.00,1458,,2026-04-03 04:05:44.570293+00:00
344,200586,WPR25LA216,2025-07-20,2025,7,Concrete,WASHINGTON,United States,48.520374,,N/A,,CESSNA,172,CESSNA,172,CESSNA 172,AIR,N6964A,29064,False,1.0,REC,091,,PERS,Daniel P Gore,Substantial,3,Minor,0,0,1,1,VMC,,False,DirectorBrief,Completed,,,"The pilot’s failure to maintain clearance from powerlines, which resulted in a wire strike.","Personnel issues - Psychological - Attention/monitoring - Monitoring environment - Pilot, Environmental issues - Physical environment - Object/animal/substance - Wire - Effect on equipment","  The pilot’s failure to maintain clearance from powerlines, which resulted in a wire strike. Personnel issues - Psychological - Attention/monitoring - Monitoring environment - Pilot, Environmental issues - Physical environment - Object/animal/substance - Wire - Effect on equipment",False,False,False,False,False,True,False,False,False,False,13.00,1440,,2026-04-03 04:05:44.570293+00:00
308,200534,CEN25LA251,2025-07-13,2025,7,Mancos,COLORADO,United States,37.350000,,,Private,SCOTT VINCIN,JUST ACFT HIGHLANDER,SCOTT VINCIN,JUST ACFT HIGHLANDER,SCOTT VINCIN JUST,AIR,N970SV,JA720-04-24,True,1.0,REC,091,,PERS,,Substantial,3,Minor,0,0,2,2,VMC,,False,DirectorBrief,Completed,,,"The airplane’s reduced climb performance during takeoff in mountainous terrain, which resulted in the airplane’s inability to climb and impact with terrain.","Environmental issues - Conditions/weather/phenomena - Wind - Downdraft - Contributed to outcome, Aircraft - Aircraft oper/perf/capability - Performance/control parameters - Altitude - Attain/maintain not possible, Environmental issues - Conditions/weather/phenomena - Temp/humidity/pressure - Temperature inversion - Contributed to outcome, Aircraft - Aircraft oper/perf/capability - Performance/control parameters - Climb rate - Attain/maintain not possible","  The airplane’s reduced climb performance during takeoff in mountainous terrain, which resulted in the airplane’s inability to climb and impact with terrain. Environmental issues - Conditions/weather/phenomena - Wind - Downdraft - Contributed to outcome, Aircraft - Aircraft oper/perf/capability - Performance/control parameters - Altitude - Attain/maintain not possible, Environmental issues - Conditions/weather/phenomena - Temp/humidity/pressure - Temperature inversion - Contributed to outcome, Aircraft - Aircraft oper/perf/capability - Performance/control parameters - Climb rate - Attain/maintain not possible",False,False,False,False,False,False,False,False,False,False,13.00,1483,,2026-04-03 04:05:44.570293+00:00
309,200536,ANC25LA074,2025-07-11,2025,7,Nelson Lagoon,ALASKA,United States,55.903279,,NONE,Remote Beach,DEHAVILLAND,BEAVER DHC-2 MK.1,DEHAVILLAND,BEAVER DHC-2 MK.1,DEHAVILLAND BEAVER,AIR,N109KS,1295,False,1.0,REC,091,,BUS,RS SPECIALTIES LLC,Substantial,3,None,0,0,0,0,VMC,,False,DirectorBrief,Completed,,,The pilot’s failure to maintain clearance from a creek bank while maneuvering to land.,"Personnel issues - Psychological - Attention/monitoring - Monitoring environment - Pilot, Environmental issues - Physical environment - Terrain - Sloped/uneven terrain - Response/compensation","  The pilot’s failure to maintain clearance from a creek bank while maneuvering to land. Personnel issues - Psychological - Attention/monitoring - Monitoring environment - Pilot, Environmental issues - Physical environment - Terrain - Sloped/uneven terrain - Response/compensation",False,False,False,False,False,True,False,False,False,False,9.00,1498,,2026-04-03 04:05:44.570293+00:00
310,200537,ANC25LA075,2025-07-10,2025,7,Palmer,ALASKA,United States,61.410000,,NONE,Landing Strip,PIPER,PA-18-150,PIPER,PA-18-150,PIPER PA-18-150,AIR,N8979D,18-7509053,False,1.0,REC,091,,PERS,,Substantial,3,None,0,0,0,0,VMC,,False,DirectorBrief,Completed,,,"The pilot's excessive braking during the landing roll, resulting in a nose over.","Personnel issues - Task performance - Use of equip/info - Aircraft control - Pilot, Aircraft - Aircraft oper/perf/capability - Performance/control parameters - Directional control - Not attained/maintained, Personnel issues - Action/decision - Info processing/decision - Decision making/judgment - Pilot, Aircraft - Aircraft oper/perf/capability - Performance/control parameters - Surface speed/braking - Incorrect use/operation, Environmental issues - Physical environment - Terrain - Rough terrain - Contributed to outcome","  The pilot's excessive braking during the landing roll, resulting in a nose over. Personnel issues - Task performance - Use of equip/info - Aircraft control - Pilot, Aircraft - Aircraft oper/perf/capability - Performance/control parameters - Directional control - Not attained/maintained, Personnel issues - Action/decision - Info processing/decision - Decision making/judgment - Pilot, Aircraft - Aircraft oper/perf/capability - Performance/control parameters - Surface speed/braking - Incorrect use/operation, Environmental issues - Physical environment - Terrain - Rough terrain - Contributed to outcome",False,False,False,False,False,False,False,False,False,False,9.00,1499,,2026-04-03 04:05:44.570293+00:00
311,200538,ERA25LA267,2025-07-09,2025,7,Inlet,NEW YORK,United States,43.742452,,N/A,,ROBINSON HELICOPTER COMPANY,R44 II,ROBINSON HELICOPTER COMPANY,R44 II,ROBINSON HELICOPTER COMPANY R44,HELI,N67RW,12526,False,1.0,REC,091,,PERS,,Substantial,3,None,0,0,0,0,VMC,,False,DirectorBrief,Completed,,,The pilot’s failure to maintain control of the helicopter during the landing.,"Aircraft - Aircraft oper/perf/capability - Performance/control parameters - Landing flare - Not attained/maintained, Personnel issues - Task performance - Use of equip/info - Aircraft control - Pilot","  The pilot’s failure to maintain control of the helicopter during the landing. Aircraft - Aircraft oper/perf/capability - Performance/control parameters - Landing flare - Not attained/maintained, Personnel issues - Task performance - Use of equip/info - Aircraft control - Pilot",False,False,False,False,False,True,False,False,False,False,9.00,1506,,2026-04-03 04:05:44.570293+00:00
312,200541,CEN25LA252,2025-07-12,2025,7,Cedarcreek,MISSOURI,United States,36.578953,,,Private,BEECH,35,BEECH,35,BEECH 35,AIR,N3181V,D-616,False,1.0,REC,091,,PERS,,Substantial,3,Serious,0,2,0,2,VMC,,False,DirectorBrief,Completed,,,"The student pilot’s failure to attain a proper airspeed and climb attitude during takeoff, which led to the airplane exceeding its critical angle of attack and experiencing an aerodynamic stall. Contributing to the accident were the student pilot’s lack of experience and poor judgement.","Personnel issues - Task performance - Use of equip/info - Aircraft control - Student/instructed pilot, Aircraft - Aircraft oper/perf/capability - Performance/control parameters - Airspeed - Not attained/maintained, Aircraft - Aircraft oper/perf/capability - Performance/control parameters - Angle of attack - Not attained/maintained, Personnel issues - Experience/knowledge - Experience/qualifications - (general) - Student/instructed pilot, Personnel issues - Action/decision - Info processing/decision - Decision making/judgment - Student/instructed pilot","  The student pilot’s failure to attain a proper airspeed and climb attitude during takeoff, which led to the airplane exceeding its critical angle of attack and experiencing an aerodynamic stall. Contributing to the accident were the student pilot’s lack of experience and poor judgement. Personnel issues - Task performance - Use of equip/info - Aircraft control - Student/instructed pilot, Aircraft - Aircraft oper/perf/capability - Performance/control parameters - Airspeed - Not attained/maintained, Aircraft - Aircraft oper/perf/capability - Performance/control parameters - Angle of attack - Not attained/maintained, Personnel issues - Experience/knowledge - Experience/qualifications - (general) - Student/instructed pilot, Personnel issues - Action/decision - Info processing/decision - Decision making/judgment - Student/instructed pilot",False,False,False,False,False,True,False,False,False,False,17.00,1487,,2026-04-03 04:05:44.570293+00:00
313,200542,WPR25LA209,2025-07-11,2025,7,Colorado City,ARIZONA,United States,36.919020,,,,PIPISTREL,ALPHA TRAINER,PIPISTREL,ALPHA TRAINER,PIPISTREL ALPHA,AIR,N209ZM,5380,False,1.0,REC,091,,PERS,,Substantial,3,None,0,0,0,0,VMC,,False,DirectorBrief,Completed,,,"The pilot’s exceedance of the airplane’s never-exceed speed (VNE) during maneuvering, which resulted in the in-flight separation of the left flaperon.","Aircraft - Aircraft oper/perf/capability - Performance/control parameters - Airspeed - Capability exceeded, Personnel issues - Task performance - Use of equip/info - Aircraft control - Pilot, Aircraft - Aircraft structures - Wing structure - Ailerons - Damaged/degraded","  The pilot’s exceedance of the airplane’s never-exceed speed (VNE) during maneuvering, which resulted in the in-flight separation of the left flaperon. Aircraft - Aircraft oper/perf/capability - Performance/control parameters - Airspeed - Capability exceeded, Personnel issues - Task performance - Use of equip/info - Aircraft control - Pilot, Aircraft - Aircraft structures - Wing structure - Ailerons - Damaged/degraded",False,False,False,False,False,False,False,False,False,False,9.00,1496,,2026-04-03 04:05:44.570293+00:00
326,200559,CEN25LA253,2025-07-15,2025,7,Melbourne,ARKANSAS,United States,36.074923,,42A,MELBOURNE MUNI/JOHN E MILLER FLD,PIPER,PA-44-180,PIPER,PA-44-180,PIPER PA-44-180,AIR,N935ER,4496195,False,2.0,REC,091,,INST,Ozarka College,Substantial,3,None,0,0,0,0,VMC,,False,DirectorBrief,Completed,,,The flight crew’s failure to use the airplane pre-landing checklist and failure to extend the airplane’s landing gear before landing.,"Personnel issues - Task performance - Use of equip/info - Use of checklist - Flight crew, Aircraft - Aircraft systems - Landing gear system - Gear extension and retract sys - Not used/operated","  The flight crew’s failure to use the airplane pre-landing checklist and failure to extend the airplane’s landing gear before landing. Personnel issues - Task performance - Use of equip/info - Use of checklist - Flight crew, Aircraft - Aircraft systems - Landing gear system - Gear extension and retract sys - Not used/operated",False,False,False,False,True,True,False,False,False,False,9.00,1466,,2026-04-03 04:05:44.570293+00:00
327,200560,OPS25LA048,2025-07-15,2025,7,Monterey,CALIFORNIA,United States,36.588274,,MRY,MONTEREY RGNL,EMBRAER,ERJ 170-200 LR,EMBRAER,ERJ 170-200 LR,EMBRAER ERJ,AIR,N185SY,17000600,False,2.0,,121,SCHD,,SKYWEST AIRLINES INC,None,1,None,0,0,0,0,IMC,,False,,In work,,,,,   ,False,False,False,False,False,False,False,False,False,False,3.00,1472,,2026-04-03 04:05:44.570293+00:00
328,200561,CEN25LA254,2025-07-15,2025,7,Russellville,INDIANA,United States,39.855044,,II68,Durham Airport,Schweizer Aircraft Corp,G-164B,SCHWEIZER AIRCRAFT CORP,G-164B,SCHWEIZER AIRCRAFT CORP G-164B,AIR,N7501A,803B,False,1.0,TP,137,,AAPL,"BI-State Air, Inc",Substantial,3,None,0,0,0,0,VMC,,False,DirectorBrief,Completed,,,"The pilot’s failure to establish and maintain the airstrip centerline during takeoff, which resulted in the airplane’s right wingtips contacting the corn that bordered the airstrip.","Aircraft - Aircraft oper/perf/capability - Performance/control parameters - Directional control - Not attained/maintained, Personnel issues - Task performance - Use of equip/info - Aircraft control - Pilot","  The pilot’s failure to establish and maintain the airstrip centerline during takeoff, which resulted in the airplane’s right wingtips contacting the corn that bordered the airstrip. Aircraft - Aircraft oper/perf/capability - Performance/control parameters - Directional control - Not attained/maintained, Personnel issues - Task performance - Use of equip/info - Aircraft control - Pilot",False,False,False,False,False,True,False,False,False,False,9.00,1465,,2026-04-03 04:05:44.570293+00:00
329,200563,CEN25LA256,2025-07-16,2025,7,Greencastle,INDIANA,United States,39.633528,,KGPC,Putnam County,FARRINGTON,TWINSTAR,FARRINGTON,TWINSTAR,FARRINGTON TWINSTAR,GYRO,N45CL,004,True,1.0,REC,091,,FLTS,,Substantial,3,Minor,0,0,1,1,VMC,,False,DirectorBrief,Completed,,,The pilot’s failure to maintain pitch control during takeoff. Contributing to the accident was the pilot’s inexperience in the accident gyroplane.,"Personnel issues - Experience/knowledge - Experience/qualifications - Total experience w/ equipment - Pilot, Personnel issues - Task performance - Use of equip/info - Aircraft control - Pilot, Aircraft - Aircraft oper/perf/capability - Performance/control parameters - Pitch control - Not attained/maintained","  The pilot’s failure to maintain pitch control during takeoff. Contributing to the accident was the pilot’s inexperience in the accident gyroplane. Personnel issues - Experience/knowledge - Experience/qualifications - Total experience w/ equipment - Pilot, Personnel issues - Task performance - Use of equip/info - Aircraft control - Pilot, Aircraft - Aircraft oper/perf/capability - Performance/control parameters - Pitch control - Not attained/maintained",False,False,False,False,False,True,False,False,False,False,13.00,1464,,2026-04-03 04:05:44.570293+00:00
365,200611,CEN25LA278,2025-07-21,2025,7,Oshkosh,WISCONSIN,United States,43.991080,,OSH,WITTMAN RGNL,RAVIN,500,RAVIN,500,RAVIN 500,AIR,C-GPDZ,,True,1.0,,091,,PERS,,Substantial,3,None,0,0,0,0,VMC,,False,,In work,,,,,   ,False,False,False,False,False,False,False,False,False,False,9.00,1425,,2026-04-03 04:05:44.570293+00:00
330,200564,CEN25LA257,2025-07-17,2025,7,New Richmond,WISCONSIN,United States,45.139636,,RNH,NEW RICHMOND RGNL,Van's Aircraft,RV-6,VAN'S AIRCRAFT,RV-6,VAN'S AIRCRAFT RV-6,AIR,N69NB,21084,True,1.0,REC,091,,PERS,,Substantial,3,Minor,0,0,1,1,VMC,,False,DirectorBrief,Completed,,,The pilot’s failure to maintain proper airspeed and altitude during the approach which resulted in a runway overshoot and subsequent landing in a lake. Contributing to the accident was the pilot’s delayed remedial action to abort the landing.,"Personnel issues - Task performance - Use of equip/info - Aircraft control - Pilot, Aircraft - Aircraft oper/perf/capability - Performance/control parameters - Airspeed - Not attained/maintained, Aircraft - Aircraft oper/perf/capability - Performance/control parameters - Configuration - Not attained/maintained, Aircraft - Aircraft oper/perf/capability - Performance/control parameters - Descent/approach/glide path - Not attained/maintained, Personnel issues - Action/decision - Action - Delayed action - Pilot","  The pilot’s failure to maintain proper airspeed and altitude during the approach which resulted in a runway overshoot and subsequent landing in a lake. Contributing to the accident was the pilot’s delayed remedial action to abort the landing. Personnel issues - Task performance - Use of equip/info - Aircraft control - Pilot, Aircraft - Aircraft oper/perf/capability - Performance/control parameters - Airspeed - Not attained/maintained, Aircraft - Aircraft oper/perf/capability - Performance/control parameters - Configuration - Not attained/maintained, Aircraft - Aircraft oper/perf/capability - Performance/control parameters - Descent/approach/glide path - Not attained/maintained, Personnel issues - Action/decision - Action - Delayed action - Pilot",False,False,False,False,False,True,False,False,False,False,13.00,1461,,2026-04-03 04:05:44.570293+00:00
401,200652,ERA25LA279,2025-07-25,2025,7,Windham,CONNECTICUT,United States,41.738924,,IJD,Windham Airport,BEECH,A23-24,BEECH,A23-24,BEECH A23-24,AIR,N469JS,MA-23,False,1.0,REC,091,,PERS,,Substantial,3,None,0,0,0,0,VMC,,False,DirectorBrief,Completed,,,"The pilot’s inadequate preflight planning, which resulted in a rejected takeoff and subsequent runway excursion.",Personnel issues - Action/decision - Info processing/decision - Decision making/judgment - Pilot,"  The pilot’s inadequate preflight planning, which resulted in a rejected takeoff and subsequent runway excursion. Personnel issues - Action/decision - Info processing/decision - Decision making/judgment - Pilot",False,False,False,False,False,True,True,False,False,False,9.00,1398,,2026-04-03 04:05:44.570293+00:00
331,200565,CEN25LA258,2025-07-17,2025,7,Blaine,MINNESOTA,United States,45.144889,,ANE,Anoka County/Blaine (Janes FLD) Airport,ZENITH,STOL CH701,ZENITH,STOL CH701,ZENITH STOL,AIR,N237FC,7-5255,True,1.0,REC,091,,FLTS,,Substantial,3,None,0,0,0,0,VMC,,False,DirectorBrief,Completed,,,The pilot’s failure to maintain directional control while landing with a crosswind.,"Personnel issues - Task performance - Use of equip/info - Aircraft control - Pilot, Aircraft - Aircraft oper/perf/capability - Performance/control parameters - Directional control - Not attained/maintained, Environmental issues - Conditions/weather/phenomena - Wind - Crosswind - Effect on operation","  The pilot’s failure to maintain directional control while landing with a crosswind. Personnel issues - Task performance - Use of equip/info - Aircraft control - Pilot, Aircraft - Aircraft oper/perf/capability - Performance/control parameters - Directional control - Not attained/maintained, Environmental issues - Conditions/weather/phenomena - Wind - Crosswind - Effect on operation",False,False,False,False,False,True,False,False,False,False,9.00,1460,,2026-04-03 04:05:44.570293+00:00
332,200566,GAA25WA212,2025-07-15,2025,7,Galapagos Islands,PACIFIC OCEAN,Panama,,,,,HUGHES,369,HUGHES,369,HUGHES 369,HELI,HP-1983PA,,False,,,000,,,,Unknown,0,,0,0,0,0,,,False,,N/A,,,,,   ,False,False,False,False,False,False,False,False,False,False,0.00,1469,,2026-04-03 04:05:44.570293+00:00
333,200567,ERA25LA271,2025-07-18,2025,7,Bowling Green,KENTUCKY,United States,36.958285,,BWG,BOWLING GREEN-WARREN COUNTY RGNL,ROHRER DOUGLAS D,VANS RV-14A,ROHRER DOUGLAS D,VANS RV-14A,ROHRER DOUGLAS D VANS,AIR,N288EE,140972,True,1.0,REC,091,,PERS,,Substantial,3,None,0,0,0,0,VMC,,False,DirectorBrief,Completed,,,"The pilot’s failure to attain an appropriate touchdown point during landing, which resulted in a runway overrun and collision with a fence.","Personnel issues - Action/decision - Info processing/decision - Decision making/judgment - Pilot, Aircraft - Aircraft oper/perf/capability - Performance/control parameters - Descent/approach/glide path - Not attained/maintained","  The pilot’s failure to attain an appropriate touchdown point during landing, which resulted in a runway overrun and collision with a fence. Personnel issues - Action/decision - Info processing/decision - Decision making/judgment - Pilot, Aircraft - Aircraft oper/perf/capability - Performance/control parameters - Descent/approach/glide path - Not attained/maintained",False,False,False,False,False,True,True,False,False,False,9.00,1453,,2026-04-03 04:05:44.570293+00:00
334,200571,WPR25FA214,2025-07-18,2025,7,West Yellowstone,MONTANA,United States,44.597454,,WYS,,PIPER,PA-28-180,PIPER,PA-28-180,PIPER PA-28-180,AIR,N7186W,28-997,False,1.0,,091,,PERS,,Substantial,3,Fatal,3,0,0,3,VMC,,False,,In work,,,,,   ,False,False,False,False,False,False,False,False,False,False,36.00,1454,,2026-04-03 04:05:44.570293+00:00
335,200574,DCA25LA267,2025-07-18,2025,7,North Charleston,SOUTH CAROLINA,United States,32.891700,,,,"BOEING, AIRBUS CANADA LP","787, BD-500-1A11","BOEING, AIRBUS CANADA LP","787, BD-500-1A11","BOEING, AIRBUS CANADA LP 787,","AIR, AIR","JA986A, N247BZ",55341,,2.0,,129,"NSCH, SCHD",,"ANA, Breeze Airways","Minor, Substantial",0,Minor,0,0,2,2,,,False,,In work,,,,,   ,False,False,False,False,False,False,False,False,False,False,4.00,1448,,2026-04-03 04:05:44.570293+00:00
336,200575,CEN25LA259,2025-07-18,2025,7,Oshkosh,WISCONSIN,United States,43.977081,,OSH,Wittman Regional Airport,PIPER,PA-20,PIPER,PA-20,PIPER PA-20,AIR,N7369K,20-278,False,1.0,REC,091,,PERS,,Substantial,3,None,0,0,0,0,VMC,,False,DirectorBrief,Completed,,,The pilot’s aggressive brake application which resulted in a loss of directional control and a ground loop.,"Aircraft - Aircraft oper/perf/capability - Performance/control parameters - Directional control - Not attained/maintained, Personnel issues - Task performance - Use of equip/info - Aircraft control - Pilot","  The pilot’s aggressive brake application which resulted in a loss of directional control and a ground loop. Aircraft - Aircraft oper/perf/capability - Performance/control parameters - Directional control - Not attained/maintained, Personnel issues - Task performance - Use of equip/info - Aircraft control - Pilot",False,False,False,False,False,False,False,False,False,False,9.00,1451,,2026-04-03 04:05:44.570293+00:00
337,200576,CEN25LA260,2025-07-19,2025,7,Lansing,MICHIGAN,United States,42.778647,,LAN,Capital Region International Airport,CESSNA,A185F,CESSNA,A185F,CESSNA A185F,AIR,N888DK,18504385,False,1.0,REC,091,,PERS,,Substantial,3,None,0,0,0,0,VMC,,False,DirectorBrief,Completed,,,The pilot’s improper landing flare and subsequent failure to maintain directional control during the landing in a crosswind condition.,"Personnel issues - Task performance - Use of equip/info - Aircraft control - Pilot, Aircraft - Aircraft oper/perf/capability - Performance/control parameters - Landing flare - Attain/maintain not possible, Environmental issues - Conditions/weather/phenomena - Wind - Crosswind - Response/compensation","  The pilot’s improper landing flare and subsequent failure to maintain directional control during the landing in a crosswind condition. Personnel issues - Task performance - Use of equip/info - Aircraft control - Pilot, Aircraft - Aircraft oper/perf/capability - Performance/control parameters - Landing flare - Attain/maintain not possible, Environmental issues - Conditions/weather/phenomena - Wind - Crosswind - Response/compensation",False,False,False,False,False,True,False,False,False,False,9.00,1446,,2026-04-03 04:05:44.570293+00:00
338,200577,CEN25FA261,2025-07-19,2025,7,Meadow Grove,NEBRASKA,United States,42.114167,,,,KOLB,FIRESTAR,KOLB,FIRESTAR,KOLB FIRESTAR,AIR,N55161,F.S. 07-2-00083,False,1.0,,091,,PERS,,Destroyed,4,Fatal,1,0,0,1,VMC,,False,,In work,,,,,   ,False,False,False,False,False,False,False,False,False,False,29.00,1442,,2026-04-03 04:05:44.570293+00:00
339,200578,ERA25FA272,2025-07-20,2025,7,Lititz,PENNSYLVANIA,United States,40.128371,,LNS,LANCASTER,PIPER,PA46-500TP,PIPER,PA46-500TP,PIPER PA46-500TP,AIR,N819MA,4697569,False,1.0,,091,,PERS,,Substantial,3,Fatal,1,0,0,1,IMC,,False,,In work,,,,,   ,False,False,False,False,False,False,False,False,False,False,26.00,1441,,2026-04-03 04:05:44.570293+00:00
340,200580,CEN25LA262,2025-06-27,2025,6,Champaign/Urbana,ILLINOIS,United States,40.038561,,CMI,University of Illinois/Willard Airport,CIRRUS DESIGN CORP,SR22T,CIRRUS DESIGN CORP,SR22T,CIRRUS DESIGN CORP SR22T,AIR,N320EB,10744,False,1.0,REC,091,,EXEC,CIRRUS DESIGN CORP,Substantial,3,None,0,0,0,0,VMC,,False,DirectorBrief,Completed,,,The ground vehicle operator’s failure to maintain clearance from the airplane.,"Personnel issues - Task performance - Use of equip/info - (general) - Ground crew, Personnel issues - Psychological - Attention/monitoring - Monitoring environment - Ground crew","  The ground vehicle operator’s failure to maintain clearance from the airplane. Personnel issues - Task performance - Use of equip/info - (general) - Ground crew, Personnel issues - Psychological - Attention/monitoring - Monitoring environment - Ground crew",False,False,False,False,False,True,False,False,False,False,9.00,1777,,2026-04-03 04:05:44.570293+00:00
341,200582,ERA25LA273,2025-06-09,2025,6,New Port Richey,FLORIDA,United States,28.283083,,FA40,HIDDEN LAKE,MOONEY,M20R,MOONEY,M20R,MOONEY M20R,AIR,N9166Z,29-0035,False,1.0,,091,,PERS,DLH PILOT,Substantial,3,None,0,0,0,0,VMC,,False,,In work,,,,,   ,False,False,False,False,False,False,False,False,False,False,9.00,1873,,2026-04-03 04:05:44.570293+00:00
342,200584,CEN25LA264,2025-07-20,2025,7,Pipestone,MINNESOTA,United States,43.984720,,PQN,PIPESTONE MUNI,ALON,A2,ALON,A2,ALON A2,AIR,N6557Q,A-57,False,1.0,REC,091,,PERS,,Substantial,3,None,0,0,0,0,VMC,,False,DirectorBrief,Completed,,,"The failure of the left brake to release due to corrosion and pitting of the caliper piston and bore, which resulted in a runway excursion.",Aircraft - Aircraft systems - Landing gear system - Master cylinder/brake valve - Fatigue/wear/corrosion,"  The failure of the left brake to release due to corrosion and pitting of the caliper piston and bore, which resulted in a runway excursion. Aircraft - Aircraft systems - Landing gear system - Master cylinder/brake valve - Fatigue/wear/corrosion",False,False,False,False,True,False,True,False,True,False,9.00,1436,,2026-04-03 04:05:44.570293+00:00
640,200944,ERA25FA332,2025-09-04,2025,9,Fryeburg,MAINE,United States,44.006153,,IZG,EASTERN SLOPES RGNL,Czech Sport Aircraft,Sportcruiser,CZECH SPORT AIRCRAFT,Sportcruiser,CZECH SPORT AIRCRAFT SPORTCRUISER,AIR,N336SC,C0640,False,1.0,,091,,PERS,,Substantial,3,Fatal,1,0,0,1,VMC,,False,,In work,,,,,   ,False,False,False,False,False,False,False,False,False,False,26.00,1336,,2026-04-03 04:05:44.570293+00:00
343,200585,WPR25LA215,2025-07-15,2025,7,North Las Vegas,NEVADA,United States,36.210703,,VGT,NORTH LAS VEGAS,BEECH,95-B55 (T42A),BEECH,95-B55 (T42A),BEECH 95-B55,AIR,N945B,TC-1826,False,2.0,REC,091,,PERS,,Substantial,3,None,0,0,0,0,VMC,,False,DirectorBrief,Completed,,,The failure of the pilot to set the flaps to the proper configuration for takeoff.,"Aircraft - Aircraft oper/perf/capability - Performance/control parameters - Pitch control - Not attained/maintained, Personnel issues - Task performance - Use of equip/info - Aircraft control - Pilot","  The failure of the pilot to set the flaps to the proper configuration for takeoff. Aircraft - Aircraft oper/perf/capability - Performance/control parameters - Pitch control - Not attained/maintained, Personnel issues - Task performance - Use of equip/info - Aircraft control - Pilot",False,False,False,False,False,False,False,False,False,False,9.00,1468,,2026-04-03 04:05:44.570293+00:00
818,201790,CEN26LA009,2025-10-03,2025,10,Cottonville,IOWA,United States,42.226000,,DBQ,,CESSNA,182RG,CESSNA,182RG,CESSNA 182RG,AIR,N4609S,R18201355,False,1.0,,091,,PERS,,Substantial,3,None,0,0,0,0,VMC,,False,,In work,,,,,   ,False,False,False,False,False,False,False,False,False,False,9.00,963,,2026-04-03 04:05:44.570293+00:00
349,200591,CEN25LA266,2025-07-18,2025,7,Bloomington,ILLINOIS,United States,40.438300,,BMI,CENTRAL IL RGNL/BLOOMINGTON-NORMAL,BELL,B206-B,BELL,B206-B,BELL B206-B,HELI,N975TR,1235,False,1.0,TS,137,,AAPL,,Substantial,3,Minor,0,0,1,1,VMC,,False,DirectorBrief,Completed,,,The pilot’s failure to avoid power lines during an aerial application flight.,"Personnel issues - Action/decision - Info processing/decision - Identification/recognition - Pilot, Personnel issues - Action/decision - Info processing/decision - Decision making/judgment - Pilot, Environmental issues - Physical environment - Object/animal/substance - Wire - Awareness of condition","  The pilot’s failure to avoid power lines during an aerial application flight. Personnel issues - Action/decision - Info processing/decision - Identification/recognition - Pilot, Personnel issues - Action/decision - Info processing/decision - Decision making/judgment - Pilot, Environmental issues - Physical environment - Object/animal/substance - Wire - Awareness of condition",False,False,False,False,False,True,False,False,False,False,13.00,1452,,2026-04-03 04:05:44.570293+00:00
350,200592,ERA25LA274,2025-07-21,2025,7,Versailles,KENTUCKY,United States,38.045781,,,,CESSNA,TP206C,CESSNA,TP206C,CESSNA TP206C,AIR,N8670Z,P206-0470,False,1.0,REC,091,,PERS,,Substantial,3,None,0,0,0,0,IMC,,False,DirectorBrief,Completed,,,"The pilot’s mismanagement of the airplane’s available fuel supply, which resulted in fuel starvation and a subsequent total loss of engine power.","Personnel issues - Task performance - Use of equip/info - Use of equip/system - Pilot, Aircraft - Fluids/misc hardware - Fluids - Fuel - Fluid management","  The pilot’s mismanagement of the airplane’s available fuel supply, which resulted in fuel starvation and a subsequent total loss of engine power. Personnel issues - Task performance - Use of equip/info - Use of equip/system - Pilot, Aircraft - Fluids/misc hardware - Fluids - Fuel - Fluid management",False,True,False,False,False,False,False,False,False,False,9.00,1431,,2026-04-03 04:05:44.570293+00:00
351,200593,CEN25LA267,2025-07-15,2025,7,Wyoming,ILLINOIS,United States,41.014380,,PVT,Private,AIR TRACTOR INC,AT-402B,AIR TRACTOR INC,AT-402B,AIR TRACTOR INC AT-402B,AIR,N647RA,402B-1248,False,1.0,TP,137,,AAPL,Diversified Applications Inc.,Substantial,3,Minor,0,0,1,1,VMC,,False,DirectorBrief,Completed,,,The pilot’s failure to attain a positive climb rate due to airplane’s improper takeoff configuration.,"Aircraft - Aircraft oper/perf/capability - Performance/control parameters - Climb rate - Not attained/maintained, Environmental issues - Operating environment - Airport facilities/design - Runway/landing area length - Not specified, Aircraft - Aircraft systems - Flight control system - (general) - Not used/operated, Personnel issues - Action/decision - Action - Lack of action - Pilot","  The pilot’s failure to attain a positive climb rate due to airplane’s improper takeoff configuration. Aircraft - Aircraft oper/perf/capability - Performance/control parameters - Climb rate - Not attained/maintained, Environmental issues - Operating environment - Airport facilities/design - Runway/landing area length - Not specified, Aircraft - Aircraft systems - Flight control system - (general) - Not used/operated, Personnel issues - Action/decision - Action - Lack of action - Pilot",False,False,False,False,False,True,False,False,False,False,13.00,1470,,2026-04-03 04:05:44.570293+00:00
352,200594,OPS25LA052,2025-07-18,2025,7,Minot,NORTH DAKOTA,United States,48.225091,,MOT,MINOT INTL,"EMBRAER-EMPRESA BRASILEIRA DE, BOEING, PIPER","ERJ 170-200 LR, B-52, PA-28-151","EMBRAER-EMPRESA BRASILEIRA DE, BOEING, PIPER","ERJ 170-200 LR, B-52, PA-28-151","EMBRAER-EMPRESA BRASILEIRA DE, BOEING, PIPER ERJ","AIR, UNK, AIR","N604CZ, UNK, N41349","17000181, 28-7415179",,,,121,"SCHD, SCHD, SCHD","UNK, PERS","DELTA AIR LINES INC, Military, MINOT AERO CENTER","None, None, None",0,None,0,0,0,0,VMC,,False,,In work,,,,,   ,False,False,False,False,False,False,False,False,False,False,0.00,1449,,2026-04-03 04:05:44.570293+00:00
353,200595,CEN25LA268,2025-07-20,2025,7,Baraboo,WISCONSIN,United States,43.522026,,DLL,Baraboo/Wisconsin Dells,CESSNA,305A,CESSNA,305A,CESSNA 305A,AIR,N9623Q,22840,False,1.0,REC,091,,PERS,,Substantial,3,None,0,0,0,0,VMC,,False,DirectorBrief,Completed,,,The pilot’s failure to maintain directional control during landing.,"Personnel issues - Task performance - Use of equip/info - Aircraft control - Pilot, Aircraft - Aircraft oper/perf/capability - Performance/control parameters - Directional control - Not attained/maintained","  The pilot’s failure to maintain directional control during landing. Personnel issues - Task performance - Use of equip/info - Aircraft control - Pilot, Aircraft - Aircraft oper/perf/capability - Performance/control parameters - Directional control - Not attained/maintained",False,False,False,False,False,True,False,False,False,False,9.00,1434,,2026-04-03 04:05:44.570293+00:00
354,200596,ERA25LA275,2025-07-21,2025,7,San Juan,PUERTO RICO,United States,18.456778,,SIG,Fernando Luis Ribas Dominicci Airport,PIPER,PA28,PIPER,PA28,PIPER PA28,AIR,N4187U,2843201,False,1.0,REC,091,,INST,INTER AMERICAN UNIVERSITY OF PUERTO RICO,Substantial,3,None,0,0,0,0,VMC,,False,DirectorBrief,Completed,,,"The student pilot’s excessing pitch attitude during takeoff, which resulted in a loss of aircraft control and aerodynamic stall.","Personnel issues - Task performance - Use of equip/info - Aircraft control - Student/instructed pilot, Aircraft - Aircraft oper/perf/capability - Performance/control parameters - Pitch control - Not attained/maintained, Aircraft - Aircraft oper/perf/capability - Performance/control parameters - Angle of attack - Capability exceeded","  The student pilot’s excessing pitch attitude during takeoff, which resulted in a loss of aircraft control and aerodynamic stall. Personnel issues - Task performance - Use of equip/info - Aircraft control - Student/instructed pilot, Aircraft - Aircraft oper/perf/capability - Performance/control parameters - Pitch control - Not attained/maintained, Aircraft - Aircraft oper/perf/capability - Performance/control parameters - Angle of attack - Capability exceeded",False,False,True,False,False,False,False,False,False,False,9.00,1430,,2026-04-03 04:05:44.570293+00:00
355,200598,CEN25FA269,2025-07-21,2025,7,Granite Falls,MINNESOTA,United States,44.761331,,GDB,Granite Falls Municipal Airport,AERO VODOCHODY,L-39C,AERO VODOCHODY,L-39C,AERO VODOCHODY L-39C,AIR,N339L,530432,False,1.0,,091,,INST,L39 Aircraft LLC,Substantial,3,Fatal,1,1,0,2,VMC,,False,,In work,,,,,   ,False,False,False,False,False,False,False,False,False,False,26.00,1426,,2026-04-03 04:05:44.570293+00:00
651,200956,CEN25LA369,2025-09-07,2025,9,Sturgis,MICHIGAN,United States,41.813288,,IRS,Kirsch Municipal,ZODIAC,CH 650B,ZODIAC,CH 650B,ZODIAC CH,AIR,N22LZ,65-7560,True,1.0,REC,091,,FLTS,,Substantial,3,Minor,0,0,1,1,VMC,,False,DirectorBrief,Completed,,,The pilot’s failure to maintain control while landing.,"Personnel issues - Task performance - Use of equip/info - Aircraft control - Pilot, Environmental issues - Conditions/weather/phenomena - Wind - Gusts - Contributed to outcome","  The pilot’s failure to maintain control while landing. Personnel issues - Task performance - Use of equip/info - Aircraft control - Pilot, Environmental issues - Conditions/weather/phenomena - Wind - Gusts - Contributed to outcome",False,False,False,False,False,True,False,False,False,False,13.00,1319,,2026-04-03 04:05:44.570293+00:00
405,200657,WPR25LA229,2025-07-27,2025,7,Davenport,WASHINGTON,United States,47.652060,,68S,DAVENPORT,LAKE TAHOE PROPERTIES INC,CA 8,LAKE TAHOE PROPERTIES INC,CA 8,LAKE TAHOE PROPERTIES INC CA,AIR,N66LT,008233,True,1.0,TP,091,,PERS,,Substantial,3,None,0,0,0,0,VMC,,False,DirectorBrief,Completed,,,The pilot's failure to maintain directional control during the landing roll.,"Personnel issues - Task performance - Use of equip/info - Aircraft control - Pilot, Aircraft - Aircraft oper/perf/capability - Performance/control parameters - Directional control - Not attained/maintained","  The pilot's failure to maintain directional control during the landing roll. Personnel issues - Task performance - Use of equip/info - Aircraft control - Pilot, Aircraft - Aircraft oper/perf/capability - Performance/control parameters - Directional control - Not attained/maintained",False,False,False,False,False,True,False,False,False,False,9.00,1383,,2026-04-03 04:05:44.570293+00:00
357,200600,CEN25LA271,2025-07-19,2025,7,Kerrick,TEXAS,United States,36.508359,,5TE4,Perkins-Protho Cimarron Ranch Airport,PZL SWIDNIK,PW-5,PZL SWIDNIK,PW-5,PZL SWIDNIK PW-5,GLI,N4426Z,17.09.012,False,0.0,,091,,PERS,,Substantial,3,None,0,0,0,0,VMC,,False,DirectorBrief,Completed,,,The glider’s encounter with atmospheric conditions where the lift was not sufficient to maintain flight.,"Aircraft - Aircraft oper/perf/capability - Aircraft capability - Climb capability - Attain/maintain not possible, Environmental issues - Conditions/weather/phenomena - Temp/humidity/pressure - Thermal lifting - Effect on operation","  The glider’s encounter with atmospheric conditions where the lift was not sufficient to maintain flight. Aircraft - Aircraft oper/perf/capability - Aircraft capability - Climb capability - Attain/maintain not possible, Environmental issues - Conditions/weather/phenomena - Temp/humidity/pressure - Thermal lifting - Effect on operation",False,False,False,False,False,False,False,False,False,False,9.00,1443,,2026-04-03 04:05:44.570293+00:00
358,200603,CEN25FA273,2025-07-22,2025,7,Oregon,ILLINOIS,United States,42.038872,,,,CESSNA,T188C,CESSNA,T188C,CESSNA T188C,AIR,N2802J,T18803515T,False,1.0,,137,,AAPL,CENTRAL STATES AERIAL LLC,Substantial,3,Fatal,1,0,0,1,VMC,,False,,In work,,,,,   ,False,False,False,False,False,False,False,False,False,False,26.00,1423,,2026-04-03 04:05:44.570293+00:00
360,200605,CEN25LA274,2025-07-22,2025,7,Hastings,NEBRASKA,United States,40.568014,,,,AIR TRACTOR,AT502,AIR TRACTOR,AT502,AIR TRACTOR AT502,AIR,N502KB,502B-2748,False,1.0,TP,137,,AAPL,MEYERS AERIAL SERVICE LLC,Substantial,3,None,0,0,0,0,VMC,,False,DirectorBrief,Completed,,,The pilot’s failure to maintain clearance from powerlines while maneuvering at low altitude.,"Personnel issues - Psychological - Attention/monitoring - Monitoring environment - Pilot, Environmental issues - Physical environment - Object/animal/substance - Wire - Awareness of condition, Aircraft - Aircraft oper/perf/capability - Performance/control parameters - Altitude - Not attained/maintained, Personnel issues - Task performance - Use of equip/info - Aircraft control - Pilot","  The pilot’s failure to maintain clearance from powerlines while maneuvering at low altitude. Personnel issues - Psychological - Attention/monitoring - Monitoring environment - Pilot, Environmental issues - Physical environment - Object/animal/substance - Wire - Awareness of condition, Aircraft - Aircraft oper/perf/capability - Performance/control parameters - Altitude - Not attained/maintained, Personnel issues - Task performance - Use of equip/info - Aircraft control - Pilot",False,False,False,False,False,True,False,False,False,False,9.00,1421,,2026-04-03 04:05:44.570293+00:00
361,200607,GAA25WA215,2025-07-06,2025,7,Mallorca,,Spain,39.550000,,LEPA,Palma De Mallorca,CESSNA,650,CESSNA,650,CESSNA 650,AIR,CN-SRA,,False,2.0,,000,,,SARAHAIRWAYS,Minor,2,None,0,0,0,0,,,False,,N/A,,,,,   ,False,False,False,False,False,False,False,False,False,False,6.00,1517,,2026-04-03 04:05:44.570293+00:00
362,200608,ANC25LA076,2025-07-17,2025,7,Glennallen,ALASKA,United States,,,,,CESSNA,180H,CESSNA,180H,CESSNA 180H,,N91393,,False,,,,,,,,0,None,0,0,0,0,,,False,,In work,,,,,   ,False,False,False,False,False,False,False,False,False,False,0.00,1457,,2026-04-03 04:05:44.570293+00:00
363,200609,CEN25LA276,2025-07-22,2025,7,Centralia,MISSOURI,United States,39.211600,,,,"AIR TRACTOR, INC.",AT-402A,"AIR TRACTOR, INC.",AT-402A,"AIR TRACTOR, INC. AT-402A",AIR,N1534D,402A-0855,False,1.0,TP,137,,,EDGE AVIATION LLC,Substantial,3,Serious,0,1,0,1,VMC,,False,DirectorBrief,Completed,,,The pilot’s failure to maintain clearance from power lines during low-level maneuvering.,"Aircraft - Aircraft oper/perf/capability - Performance/control parameters - Altitude - Not attained/maintained, Personnel issues - Psychological - Attention/monitoring - Monitoring environment - Pilot","  The pilot’s failure to maintain clearance from power lines during low-level maneuvering. Aircraft - Aircraft oper/perf/capability - Performance/control parameters - Altitude - Not attained/maintained, Personnel issues - Psychological - Attention/monitoring - Monitoring environment - Pilot",False,False,False,False,False,True,False,False,False,False,17.00,1420,,2026-04-03 04:05:44.570293+00:00
364,200610,CEN25LA277,2025-07-22,2025,7,Maynard,IOWA,United States,42.759960,,,,ROBINSON HELICOPTER CO,R66,ROBINSON HELICOPTER CO,R66,ROBINSON HELICOPTER CO R66,HELI,N88911,0602,False,1.0,,137,,AAPL,MIDWEST AVIATION LLC,Substantial,3,None,0,0,0,0,VMC,,False,,In work,,,,,   ,False,False,False,False,False,False,False,False,False,False,9.00,1419,,2026-04-03 04:05:44.570293+00:00
366,200612,CEN25LA279,2025-07-22,2025,7,Oshkosh,WISCONSIN,United States,43.975447,,KOSH,Wittman,Dyke Delta,JD-2,DYKE DELTA,JD-2,DYKE DELTA JD-2,AIR,N71AW,1123,True,1.0,REC,091,,ASHO,,Substantial,3,None,0,0,0,0,VMC,,False,DirectorBrief,Completed,,,The pilot’s failure to maintain control of the airplane while landing with a tailwind.,"Aircraft - Aircraft oper/perf/capability - Performance/control parameters - Landing flare - Not attained/maintained, Personnel issues - Task performance - Use of equip/info - Aircraft control - Pilot","  The pilot’s failure to maintain control of the airplane while landing with a tailwind. Aircraft - Aircraft oper/perf/capability - Performance/control parameters - Landing flare - Not attained/maintained, Personnel issues - Task performance - Use of equip/info - Aircraft control - Pilot",False,False,False,False,False,True,False,False,False,False,9.00,1418,,2026-04-03 04:05:44.570293+00:00
367,200614,CEN25FA281,2025-07-23,2025,7,Thibodaux,LOUISIANA,United States,29.801294,,,,BELL HELICOPTER TEXTRON,206L-1,BELL HELICOPTER TEXTRON,206L-1,BELL HELICOPTER TEXTRON 206L-1,HELI,N2611,45417,False,1.0,,137,,AAPL,Joe Brigham Inc.,Destroyed,4,Fatal,1,0,0,1,VMC,,False,,In work,,,,,   ,False,False,False,False,False,False,False,False,False,False,29.00,1414,,2026-04-03 04:05:44.570293+00:00
368,200615,CEN25LA282,2025-07-21,2025,7,Crosby,TEXAS,United States,29.946490,,,,CESSNA,T210N,CESSNA,T210N,CESSNA T210N,AIR,N93HP,21064843,False,1.0,,091,,PERS,AXE CAPITOL INC,Substantial,3,None,0,0,0,0,VMC,,False,,In work,,,,,   ,False,False,False,False,False,False,False,False,False,False,9.00,1432,,2026-04-03 04:05:44.570293+00:00
369,200616,CEN25LA283,2025-07-23,2025,7,Hartsburg,ILLINOIS,United States,40.236700,,PVT,PVT,AIR TRACTOR INC,AT-301,AIR TRACTOR INC,AT-301,AIR TRACTOR INC AT-301,AIR,N2371V,301-0420,False,1.0,TP,137,,AAPL,T&M AIRCRAFT LLC,Substantial,3,None,0,0,0,0,VMC,,False,DirectorBrief,Completed,,,The pilot’s failure to maintain control of the airplane during takeoff with a tailwind from a wet turf airstrip.,"Aircraft - Aircraft oper/perf/capability - Performance/control parameters - Climb rate - Capability exceeded, Personnel issues - Action/decision - Info processing/decision - Decision making/judgment - Pilot, Environmental issues - Physical environment - Runway/land/takeoff/taxi surface - Soft surface - Effect on operation, Environmental issues - Conditions/weather/phenomena - Wind - Tailwind - Effect on operation","  The pilot’s failure to maintain control of the airplane during takeoff with a tailwind from a wet turf airstrip. Aircraft - Aircraft oper/perf/capability - Performance/control parameters - Climb rate - Capability exceeded, Personnel issues - Action/decision - Info processing/decision - Decision making/judgment - Pilot, Environmental issues - Physical environment - Runway/land/takeoff/taxi surface - Soft surface - Effect on operation, Environmental issues - Conditions/weather/phenomena - Wind - Tailwind - Effect on operation",False,False,False,False,False,True,False,False,False,False,9.00,1412,,2026-04-03 04:05:44.570293+00:00
642,200946,CEN25FA366,2025-09-05,2025,9,Englewood,COLORADO,United States,39.559572,,APA,CENTENNIAL,BEECH,P35,BEECH,P35,BEECH P35,AIR,N463T,D-7083,False,1.0,,091,,INST,Centennial Flyers,Destroyed,4,Fatal,2,0,0,2,VMC,,False,,In work,,,,,   ,False,False,False,False,False,False,False,False,False,False,34.00,1334,,2026-04-03 04:05:44.570293+00:00
643,200947,DCA25WA319,2025-09-03,2025,9,Munster,,Germany,,,EDDG,Münster Osnabrück Airport,BOEING,737,BOEING,737,BOEING 737,AIR,TC-MGC,,False,,,129,,,Mavi Gök Airlines,None,1,None,0,0,0,0,,,False,,N/A,,,,,   ,False,False,False,False,False,False,False,False,False,False,3.00,1339,,2026-04-03 04:05:44.570293+00:00
406,200658,WPR25LA230,2025-07-27,2025,7,Coeur D' Alene,IDAHO,United States,47.778872,,COE,Coeur d' Alene Airport -Pappy Boyington Field,BALLISODARE LLC,LANCAIR EVOLUTION,BALLISODARE LLC,LANCAIR EVOLUTION,BALLISODARE LLC LANCAIR,AIR,N505RF,EVO-0046,True,1.0,,091,,PERS,,Destroyed,4,Minor,0,0,3,3,VMC,,False,,In work,,,,,   ,False,False,False,False,False,False,False,False,False,False,16.00,1386,,2026-04-03 04:05:44.570293+00:00
370,200617,CEN25LA284,2025-07-23,2025,7,New Hudson,MICHIGAN,United States,42.514900,,Y47,Oakland Southwest Airport,PIPER,PA-28-140,PIPER,PA-28-140,PIPER PA-28-140,AIR,N1812J,28-24240,False,1.0,REC,091,,INST,ECHO AVIATION II LLC,Substantial,3,Minor,0,0,1,1,VMC,,False,DirectorBrief,Completed,,,The student pilot’s improper landing flare and the flight instructor’s delayed remedial action during landing that resulted in a loss of control and impact with terrain.,"Personnel issues - Action/decision - Action - Delayed action - Instructor/check pilot, Aircraft - Aircraft oper/perf/capability - Performance/control parameters - Landing flare - Not attained/maintained, Personnel issues - Task performance - Use of equip/info - Aircraft control - Instructor/check pilot","  The student pilot’s improper landing flare and the flight instructor’s delayed remedial action during landing that resulted in a loss of control and impact with terrain. Personnel issues - Action/decision - Action - Delayed action - Instructor/check pilot, Aircraft - Aircraft oper/perf/capability - Performance/control parameters - Landing flare - Not attained/maintained, Personnel issues - Task performance - Use of equip/info - Aircraft control - Instructor/check pilot",False,False,True,False,False,True,False,False,False,False,13.00,1410,,2026-04-03 04:05:44.570293+00:00
371,200619,DCA25LA268,2025-07-18,2025,7,Santa Barbara,CALIFORNIA,United States,34.426201,,KSBA,Santa Barbara Municipal Airport,AIRBUS INDUSTRIE,A319-131,AIRBUS INDUSTRIE,A319-131,AIRBUS INDUSTRIE A319-131,AIR,N822UA,0948,False,2.0,TF,121,SCHD,,UNITED AIRLINES INC,None,1,Serious,0,1,0,0,VMC,,False,DirectorBrief,Completed,,,The ramp worker’s premature entry into the jet blast hazard area of an operating engine due to his failure to maintain situational awareness and his misinterpretation of the marshaller’s hand signals.,Personnel issues - Action/decision - Action - Incorrect action performance - Ground crew,  The ramp worker’s premature entry into the jet blast hazard area of an operating engine due to his failure to maintain situational awareness and his misinterpretation of the marshaller’s hand signals. Personnel issues - Action/decision - Action - Incorrect action performance - Ground crew,True,False,False,False,False,True,False,False,False,False,11.00,1450,,2026-04-03 04:05:44.570293+00:00
372,200620,DCA25LA269,2025-07-21,2025,7,Jacksonville,GEORGIA,United States,30.770700,,,,EMBRAER-EMPRESA BRASILEIRA DE,ERJ 170-200 LR,EMBRAER-EMPRESA BRASILEIRA DE,ERJ 170-200 LR,EMBRAER-EMPRESA BRASILEIRA DE ERJ,AIR,N229JQ,17000219,False,2.0,TF,121,SCHD,,DELTA AIR LINES INC,None,1,Serious,0,1,0,1,IMC,,False,DirectorBrief,Completed,,,The airplane’s encounter with unanticipated moderate turbulence.,"Environmental issues - Conditions/weather/phenomena - Turbulence - Convective turbulence - Effect on operation, Environmental issues - Conditions/weather/phenomena - Turbulence - Convective turbulence - Awareness of condition","  The airplane’s encounter with unanticipated moderate turbulence. Environmental issues - Conditions/weather/phenomena - Turbulence - Convective turbulence - Effect on operation, Environmental issues - Conditions/weather/phenomena - Turbulence - Convective turbulence - Awareness of condition",False,False,False,False,False,False,False,False,False,False,11.00,1429,,2026-04-03 04:05:44.570293+00:00
373,200621,DCA25WA270,2025-07-04,2025,7,Buenos Aires,,Argentina,,,,,BOEING,737-800,BOEING,737-800,BOEING 737-800,AIR,LV-FUB,,False,,,000,SCHD,,Argentina Aerolineas Argentinas,None,1,,0,0,0,0,,,False,,N/A,,,,,   ,False,False,False,False,False,False,False,False,False,False,3.00,1532,,2026-04-03 04:05:44.570293+00:00
374,200622,ERA25LA276,2025-07-22,2025,7,Farmingdale,NEW YORK,United States,40.726737,,FRG,Republic Airport,HOWARD AIRCRAFT,DGA-15P,HOWARD AIRCRAFT,DGA-15P,HOWARD AIRCRAFT DGA-15P,AIR,N67722,560,False,1.0,REC,091,,PERS,,Substantial,3,None,0,0,0,0,VMC,,False,DirectorBrief,Completed,,,The pilot’s failure to maintain directional control of the airplane while landing in a crosswind.,"Aircraft - Aircraft oper/perf/capability - Performance/control parameters - Directional control - Not attained/maintained, Environmental issues - Conditions/weather/phenomena - Wind - Crosswind - Response/compensation","  The pilot’s failure to maintain directional control of the airplane while landing in a crosswind. Aircraft - Aircraft oper/perf/capability - Performance/control parameters - Directional control - Not attained/maintained, Environmental issues - Conditions/weather/phenomena - Wind - Crosswind - Response/compensation",False,False,False,False,False,True,False,False,False,False,9.00,1424,,2026-04-03 04:05:44.570293+00:00
375,200623,DCA25WA271,2025-07-21,2025,7,Hobart Aerodrome,,Australia,-42.704361,,,,BOEING,737-800,BOEING,737-800,BOEING 737-800,AIR,VH-YFY,,False,,,000,,,Virgin Australia,None,1,,0,0,0,0,,,False,,N/A,,,,,   ,False,False,False,False,False,False,False,False,False,False,3.00,1433,,2026-04-03 04:05:44.570293+00:00
376,200624,CEN25LA285,2025-07-23,2025,7,Walcott,IOWA,United States,41.676131,,,,AIR TRACTOR INC,AT-802A,AIR TRACTOR INC,AT-802A,AIR TRACTOR INC AT-802A,AIR,N802BF,802A-0116,False,1.0,TP,137,,AAPL,BLUE SKY MANAGEMENT LLC,Substantial,3,None,0,0,0,0,VMC,,False,DirectorBrief,Completed,,,The pilot’s failure to maintain clearance from the crops during an aerial application flight.,"Aircraft - Aircraft oper/perf/capability - Performance/control parameters - Altitude - Not attained/maintained, Personnel issues - Psychological - Attention/monitoring - Monitoring environment - Pilot","  The pilot’s failure to maintain clearance from the crops during an aerial application flight. Aircraft - Aircraft oper/perf/capability - Performance/control parameters - Altitude - Not attained/maintained, Personnel issues - Psychological - Attention/monitoring - Monitoring environment - Pilot",False,False,False,False,False,True,False,False,False,False,9.00,1408,,2026-04-03 04:05:44.570293+00:00
377,200625,WPR25LA221,2025-07-23,2025,7,Helena,MONTANA,United States,46.601451,,HLN,HELENA RGNL,BEECH,B35,BEECH,B35,BEECH B35,AIR,N5204C,D-2549,False,1.0,REC,091,,PERS,PEACE SIGN LLC,Substantial,3,Minor,0,0,1,1,VMC,,False,DirectorBrief,Completed,,,The pilot’s failure to properly configure the airplane during a go-around which resulted in the airplane exceeding its critical angle of attack and an aerodynamic stall at a low altitude.,"Personnel issues - Action/decision - Info processing/decision - Decision making/judgment - Pilot, Personnel issues - Task performance - Use of equip/info - Aircraft control - Pilot, Personnel issues - Action/decision - Action - Incorrect action selection - Pilot, Aircraft - Aircraft oper/perf/capability - Performance/control parameters - Airspeed - Not attained/maintained","  The pilot’s failure to properly configure the airplane during a go-around which resulted in the airplane exceeding its critical angle of attack and an aerodynamic stall at a low altitude. Personnel issues - Action/decision - Info processing/decision - Decision making/judgment - Pilot, Personnel issues - Task performance - Use of equip/info - Aircraft control - Pilot, Personnel issues - Action/decision - Action - Incorrect action selection - Pilot, Aircraft - Aircraft oper/perf/capability - Performance/control parameters - Airspeed - Not attained/maintained",False,False,False,False,False,True,False,False,False,False,13.00,1405,,2026-04-03 04:05:44.570293+00:00
402,200653,CEN25LA294,2025-07-27,2025,7,Stanwood,MICHIGAN,United States,43.577011,,0C5,CANADIAN LAKES,CIRRUS,SR22,CIRRUS,SR22,CIRRUS SR22,AIR,N627WT,9793,False,1.0,REC,091,,PERS,,Substantial,3,None,0,0,0,0,VMC,,False,DirectorBrief,Completed,,,The collision with a deer during takeoff.,"Environmental issues - Physical environment - Object/animal/substance - Animal(s)/bird(s) - Ability to respond/compensate, Environmental issues - Physical environment - Object/animal/substance - Animal(s)/bird(s) - Effect on equipment","  The collision with a deer during takeoff. Environmental issues - Physical environment - Object/animal/substance - Animal(s)/bird(s) - Ability to respond/compensate, Environmental issues - Physical environment - Object/animal/substance - Animal(s)/bird(s) - Effect on equipment",False,False,False,False,False,False,False,False,False,False,9.00,1380,,2026-04-03 04:05:44.570293+00:00
378,200626,CEN25LA286,2025-07-23,2025,7,Rushmore,MINNESOTA,United States,43.619400,,OTG,Worthington Municipal,WEATHERLY AVIATION CO INC,620B,WEATHERLY AVIATION CO INC,620B,WEATHERLY AVIATION CO INC 620B,AIR,N2032J,1583,False,1.0,REC,137,,AAPL,,Substantial,3,Minor,0,0,1,1,VMC,,False,DirectorBrief,Completed,,,The pilot’s failure to maintain clearance from a tree during low-level maneuvering.,"Personnel issues - Psychological - Attention/monitoring - Monitoring environment - Pilot, Aircraft - Aircraft oper/perf/capability - Performance/control parameters - Altitude - Not attained/maintained, Environmental issues - Physical environment - Object/animal/substance - Tree(s) - Response/compensation","  The pilot’s failure to maintain clearance from a tree during low-level maneuvering. Personnel issues - Psychological - Attention/monitoring - Monitoring environment - Pilot, Aircraft - Aircraft oper/perf/capability - Performance/control parameters - Altitude - Not attained/maintained, Environmental issues - Physical environment - Object/animal/substance - Tree(s) - Response/compensation",False,False,False,False,False,True,False,False,False,False,13.00,1407,,2026-04-03 04:05:44.570293+00:00
379,200627,DCA25LA272,2025-07-17,2025,7,Germantown,KENTUCKY,United States,38.672000,,,,BOMBARDIER INC,CL-600-2D24,BOMBARDIER INC,CL-600-2D24,BOMBARDIER INC CL-600-2D24,AIR,N330PQ,15330,False,2.0,TF,121,SCHD,,Endeavor Air,None,1,Serious,0,1,0,1,IMC,,False,DirectorBrief,Completed,,,An inadvertent encounter with severe turbulence during descent.,"Environmental issues - Conditions/weather/phenomena - Turbulence - Convective turbulence - Effect on personnel, Personnel issues - Experience/knowledge - Knowledge - Knowledge of meteorologic cond - Flight crew, Personnel issues - Experience/knowledge - Knowledge - Knowledge of meteorologic cond - Cabin crew, Personnel issues - Experience/knowledge - Knowledge - Knowledge of meteorologic cond - Passenger","  An inadvertent encounter with severe turbulence during descent. Environmental issues - Conditions/weather/phenomena - Turbulence - Convective turbulence - Effect on personnel, Personnel issues - Experience/knowledge - Knowledge - Knowledge of meteorologic cond - Flight crew, Personnel issues - Experience/knowledge - Knowledge - Knowledge of meteorologic cond - Cabin crew, Personnel issues - Experience/knowledge - Knowledge - Knowledge of meteorologic cond - Passenger",False,False,False,False,False,False,False,False,False,False,11.00,1459,,2026-04-03 04:05:44.570293+00:00
380,200628,ANC25LA077,2025-07-23,2025,7,Yakutat,ALASKA,United States,59.107760,,,,CESSNA,210-5,CESSNA,210-5,CESSNA 210-5,AIR,N8457Z,205-0457,False,1.0,,135,NSCH,BUS,Yakutat Air,Substantial,3,None,0,0,0,0,VMC,,False,,In work,,,,,   ,False,False,False,False,False,False,False,False,False,False,9.00,1406,,2026-04-03 04:05:44.570293+00:00
381,200629,OPS25LA054,2025-07-16,2025,7,Freeland,MICHIGAN,United States,43.537248,,MBS,MBS INTL,BOMBARDIER INC,CL-600-2D24,BOMBARDIER INC,CL-600-2D24,BOMBARDIER INC CL-600-2D24,AIR,N833SK,15456,False,2.0,,121,SCHD,,SKYWEST AIRLINES INC,None,1,None,0,0,0,0,VMC,,False,,In work,,,,,   ,False,False,False,False,False,False,False,False,False,False,3.00,1462,,2026-04-03 04:05:44.570293+00:00
382,200630,ANC25LA078,2025-07-24,2025,7,Gulkana,ALASKA,United States,62.142637,,GKN,Gulkana Airport,CESSNA,U206C,CESSNA,U206C,CESSNA U206C,AIR,N29110,U206-1080,False,1.0,REC,135,NSCH,BUS,COPPER VALLEY AIR SERVICE LLC,Substantial,3,None,0,0,0,0,VMC,,False,DirectorBrief,Completed,,,"The pilot’s inadequate fuel management, which resulted in a total loss of engine power due to fuel starvation.","Aircraft - Fluids/misc hardware - Fluids - Fuel - Fluid management, Personnel issues - Task performance - Use of equip/info - Use of equip/system - Pilot","  The pilot’s inadequate fuel management, which resulted in a total loss of engine power due to fuel starvation. Aircraft - Fluids/misc hardware - Fluids - Fuel - Fluid management, Personnel issues - Task performance - Use of equip/info - Use of equip/system - Pilot",False,True,False,False,False,True,False,False,False,False,9.00,1402,,2026-04-03 04:05:44.570293+00:00
383,200631,WPR25LA222,2025-07-14,2025,7,Hurricane,UTAH,United States,37.140215,,1L8,GENERAL DICK STOUT FLD,ROTORSPORT UK LTD,ROTORSPORT UK CAVALO,ROTORSPORT UK LTD,ROTORSPORT UK CAVALO,ROTORSPORT UK LTD ROTORSPORT,GYRO,N630JM,RSUK-V00453,False,1.0,,091,,INST,,Substantial,3,Minor,0,0,1,1,VMC,,False,,In work,,,,,   ,False,False,False,False,False,False,False,False,False,False,13.00,1476,,2026-04-03 04:05:44.570293+00:00
384,200633,ANC25FA079,2025-07-25,2025,7,Dillingham,ALASKA,United States,59.038560,,DLG,Dillingham Airport,PIPER,J3C-65,PIPER,J3C-65,PIPER J3C-65,AIR,N5050R,15301,False,1.0,,091,,PERS,,Substantial,3,Fatal,1,0,0,1,VMC,,False,,In work,,,,,   ,False,False,False,False,False,False,False,False,False,False,26.00,1399,,2026-04-03 04:05:44.570293+00:00
385,200634,CEN25LA287,2025-07-26,2025,7,New Holstein,WISCONSIN,United States,43.943422,,8D1,New Holstein Municipal Airport,AEROTEK,PITTS S-2A,AEROTEK,PITTS S-2A,AEROTEK PITTS,AIR,N83PS,2143,False,1.0,REC,091,,PERS,,Substantial,3,None,0,0,0,0,VMC,,False,DirectorBrief,Completed,,,The pilot’s loss of direction control during landing due to an unapproved tailwheel assembly and tail spring that resulted in a tailwheel shimmy and a subsequent ground loop.,"Aircraft - Aircraft systems - Landing gear system - Nose/tail landing gear - Malfunction, Aircraft - Aircraft oper/perf/capability - Performance/control parameters - Directional control - Attain/maintain not possible, Aircraft - Aircraft systems - Landing gear system - Nose/tail landing gear - Incorrect service/maintenance","  The pilot’s loss of direction control during landing due to an unapproved tailwheel assembly and tail spring that resulted in a tailwheel shimmy and a subsequent ground loop. Aircraft - Aircraft systems - Landing gear system - Nose/tail landing gear - Malfunction, Aircraft - Aircraft oper/perf/capability - Performance/control parameters - Directional control - Attain/maintain not possible, Aircraft - Aircraft systems - Landing gear system - Nose/tail landing gear - Incorrect service/maintenance",False,False,False,False,True,False,False,False,False,False,9.00,1394,,2026-04-03 04:05:44.570293+00:00
386,200635,WPR25FA223,2025-07-26,2025,7,West Glacier,MONTANA,United States,48.478384,,2MT1,RYAN FLD,GRUMMAN AMERICAN AVN. CORP.,AA-5,GRUMMAN AMERICAN AVN. CORP.,AA-5,GRUMMAN AMERICAN AVN. CORP. AA-5,AIR,N1342R,AA5-0742,False,1.0,,091,,PERS,,Substantial,3,Fatal,2,0,0,2,VMC,,False,,In work,,,,,   ,False,False,False,False,False,False,False,False,False,False,31.00,1395,,2026-04-03 04:05:44.570293+00:00
387,200636,CEN25LA288,2025-07-26,2025,7,Brookings,SOUTH DAKOTA,United States,44.310000,,BKX,Brookings Regional Airport,PIPER,PA-28RT-201T,PIPER,PA-28RT-201T,PIPER PA-28RT-201T,AIR,N8423H,28R-8131190,False,1.0,,091,,OWRK,TURBO ARROW LLC,Substantial,3,None,0,0,0,0,VMC,,False,,In work,,,,,   ,False,False,False,False,False,False,False,False,False,False,9.00,1390,,2026-04-03 04:05:44.570293+00:00
388,200637,WPR25FA224,2025-07-26,2025,7,Pacific Grove,CALIFORNIA,United States,36.627945,,MRY,MONTEREY RGNL,BEECH,95-B55 (T42A),BEECH,95-B55 (T42A),BEECH 95-B55,AIR,N8796R,TC-1807,False,2.0,,091,,PERS,SEA2SKY AVIATION LLC,Substantial,3,Fatal,3,0,0,3,IMC,,False,,In work,,,,,   ,False,False,False,False,False,False,False,False,False,False,36.00,1387,,2026-04-03 04:05:44.570293+00:00
389,200638,WPR25FA225,2025-07-27,2025,7,Nampa,IDAHO,United States,43.585227,,MAN,NAMPA MUNI,MOONEY,M20J,MOONEY,M20J,MOONEY M20J,AIR,N5764H,24-1477,False,1.0,,091,,PERS,SLEEPYTIME PLLC,Substantial,3,Fatal,3,0,0,3,VMC,,False,,In work,,,,,   ,False,False,False,False,False,False,False,False,False,False,36.00,1384,,2026-04-03 04:05:44.570293+00:00
390,200639,ENG25WA047,2025-07-19,2025,7,Lac Du Poisson Blanc,,Canada,,,,,VIKING AIRCRAFT,DHC-2 MK. I (Beaver),VIKING AIRCRAFT,DHC-2 MK. I (Beaver),VIKING AIRCRAFT DHC-2,AIR,C-FJAC,937,False,,,000,,,Air Tunilik Inc.,Substantial,3,None,0,0,0,0,,,False,,N/A,,,,,   ,False,False,False,False,False,False,False,False,False,False,9.00,1445,,2026-04-03 04:05:44.570293+00:00
391,200640,CEN25FA289,2025-07-28,2025,7,New Underwood,SOUTH DAKOTA,United States,44.091652,,,,PIPER,PA-22-150,PIPER,PA-22-150,PIPER PA-22-150,AIR,N9642D,22-6556,False,1.0,,091,,PERS,,Substantial,3,Fatal,1,1,0,2,VMC,,False,,In work,,,,,   ,False,False,False,False,False,False,False,False,False,False,26.00,1379,,2026-04-03 04:05:44.570293+00:00
392,200641,ERA25LA277,2025-07-24,2025,7,Hardinsburg,KENTUCKY,United States,37.786015,,I93,Breckinridge County Airport,MANGELS LEIGHTON,LANCAIR360,MANGELS LEIGHTON,LANCAIR360,MANGELS LEIGHTON LANCAIR360,AIR,N50LM,765,True,1.0,,091,,PERS,,Substantial,3,Minor,0,0,2,2,VMC,,False,,In work,,,,,   ,False,False,False,False,False,False,False,False,False,False,13.00,1404,,2026-04-03 04:05:44.570293+00:00
393,200642,CEN25LA290,2025-07-22,2025,7,Lansing,ILLINOIS,United States,41.531116,,IGO,Lansing,CESSNA,R182,CESSNA,R182,CESSNA R182,AIR,N737HN,R18200829,False,1.0,REC,091,,PERS,,Substantial,3,None,0,0,0,0,VMC,,False,DirectorBrief,Completed,,,The pilot's failure to extend the landing gear before landing due to his distraction of other traffic and failure to follow his landing procedures.,"Personnel issues - Action/decision - Action - Forgotten action/omission - Pilot, Personnel issues - Task performance - Use of equip/info - Use of equip/system - Pilot, Aircraft - Aircraft systems - Landing gear system - Gear extension and retract sys - Not used/operated, Personnel issues - Psychological - Attention/monitoring - Attention - Pilot, Personnel issues - Task performance - Use of equip/info - Use of policy/procedure - Pilot","  The pilot's failure to extend the landing gear before landing due to his distraction of other traffic and failure to follow his landing procedures. Personnel issues - Action/decision - Action - Forgotten action/omission - Pilot, Personnel issues - Task performance - Use of equip/info - Use of equip/system - Pilot, Aircraft - Aircraft systems - Landing gear system - Gear extension and retract sys - Not used/operated, Personnel issues - Psychological - Attention/monitoring - Attention - Pilot, Personnel issues - Task performance - Use of equip/info - Use of policy/procedure - Pilot",False,False,False,False,True,True,False,False,False,False,9.00,1417,,2026-04-03 04:05:44.570293+00:00
394,200644,GAA25WA217,2025-07-23,2025,7,Siviez,,Switzerland,,,,,KAMAN,K-Max,KAMAN,K-Max,KAMAN K-MAX,HELI,HB-ZAO,,False,,,000,,,,Substantial,3,None,0,0,0,0,,,False,,N/A,,,,,   ,False,False,False,False,False,False,False,False,False,False,9.00,1411,,2026-04-03 04:05:44.570293+00:00
395,200645,CEN25LA291,2025-07-27,2025,7,Wink,TEXAS,United States,31.748072,,INK,,MATESI EUGENE E,LANCAIR 320,MATESI EUGENE E,LANCAIR 320,MATESI EUGENE E LANCAIR,AIR,N70337,637,False,1.0,,091,,PERS,,Substantial,3,None,0,0,0,0,,,False,,In work,,,,,   ,False,False,False,False,False,False,False,False,False,False,9.00,1382,,2026-04-03 04:05:44.570293+00:00
396,200647,WPR25LA226,2025-07-26,2025,7,Tucson Estates,ARIZONA,United States,32.142211,,RYN,Ryan Field Airport,CESSNA,182L,CESSNA,182L,CESSNA 182L,AIR,N42725,18259165,False,1.0,REC,091,,PERS,,Destroyed,4,None,0,0,0,0,VMC,,False,DirectorBrief,Completed,,,"The pilot’s inability to stop the airplane on the runway during a rejected takeoff for undetermined reasons, which resulted in the airplane’s impact with a ditch.","Aircraft - Aircraft systems - Navigation system - Pitot/static system - Unknown/Not determined, Aircraft - Aircraft systems - Landing gear system - Landing gear brakes system - Unknown/Not determined, Personnel issues - Task performance - Use of equip/info - Aircraft control - Pilot, Environmental issues - Physical environment - Terrain - Sloped/uneven terrain - Contributed to outcome","  The pilot’s inability to stop the airplane on the runway during a rejected takeoff for undetermined reasons, which resulted in the airplane’s impact with a ditch. Aircraft - Aircraft systems - Navigation system - Pitot/static system - Unknown/Not determined, Aircraft - Aircraft systems - Landing gear system - Landing gear brakes system - Unknown/Not determined, Personnel issues - Task performance - Use of equip/info - Aircraft control - Pilot, Environmental issues - Physical environment - Terrain - Sloped/uneven terrain - Contributed to outcome",False,False,False,False,True,False,False,False,False,False,12.00,1389,,2026-04-03 04:05:44.570293+00:00
397,200648,WPR25LA227,2025-07-22,2025,7,Logan,UTAH,United States,41.790000,,LGU,Logan Cache Airport,HARTLINE J BON,HARTLINE KITFOX III,HARTLINE J BON,HARTLINE KITFOX III,HARTLINE J BON HARTLINE,AIR,N422K,1000,True,1.0,REC,091,,PERS,,Substantial,3,Minor,0,0,1,1,VMC,,False,DirectorBrief,Completed,,,The pilot’s failure to maintain airplane control during takeoff in variable wind and high density altitude conditions.,"Environmental issues - Conditions/weather/phenomena - Wind - Crosswind - Effect on operation, Personnel issues - Task performance - Use of equip/info - Use of equip/system - Pilot, Environmental issues - Conditions/weather/phenomena - Temp/humidity/pressure - High density altitude - Effect on operation, Personnel issues - Task performance - Planning/preparation - Weather planning - Pilot, Aircraft - Aircraft oper/perf/capability - Performance/control parameters - Lateral/bank control - Not attained/maintained","  The pilot’s failure to maintain airplane control during takeoff in variable wind and high density altitude conditions. Environmental issues - Conditions/weather/phenomena - Wind - Crosswind - Effect on operation, Personnel issues - Task performance - Use of equip/info - Use of equip/system - Pilot, Environmental issues - Conditions/weather/phenomena - Temp/humidity/pressure - High density altitude - Effect on operation, Personnel issues - Task performance - Planning/preparation - Weather planning - Pilot, Aircraft - Aircraft oper/perf/capability - Performance/control parameters - Lateral/bank control - Not attained/maintained",False,False,False,False,False,True,False,False,False,False,13.00,1416,,2026-04-03 04:05:44.570293+00:00
398,200649,CEN25LA292,2025-07-27,2025,7,North Bend,NEBRASKA,United States,41.459526,,,,BELL,206B,BELL,206B,BELL 206B,HELI,N432TV,3286,False,1.0,TS,137,,AAPL,SKY COPTERS INC,Substantial,3,None,0,0,0,0,VMC,,False,DirectorBrief,Completed,,,"The pilot’s failure to maintain clearance from wires while maneuvering at a low altitude, and the ground crew failure to inform the pilot that the support truck had been moved.","Environmental issues - Physical environment - Object/animal/substance - Wire - Awareness of condition, Aircraft - Aircraft oper/perf/capability - Performance/control parameters - Altitude - Not attained/maintained, Personnel issues - Psychological - Attention/monitoring - Monitoring environment - Pilot, Personnel issues - Action/decision - Action - Lack of action - Ground crew","  The pilot’s failure to maintain clearance from wires while maneuvering at a low altitude, and the ground crew failure to inform the pilot that the support truck had been moved. Environmental issues - Physical environment - Object/animal/substance - Wire - Awareness of condition, Aircraft - Aircraft oper/perf/capability - Performance/control parameters - Altitude - Not attained/maintained, Personnel issues - Psychological - Attention/monitoring - Monitoring environment - Pilot, Personnel issues - Action/decision - Action - Lack of action - Ground crew",False,False,False,False,False,True,False,False,False,False,9.00,1385,,2026-04-03 04:05:44.570293+00:00
399,200650,CEN25LA293,2025-07-26,2025,7,Appleton,WISCONSIN,United States,44.258214,,ATW,APPLETON INTL,PIPER,PA-31T3,PIPER,PA-31T3,PIPER PA-31T3,AIR,N401VA,31T-8275001,False,2.0,TP,135,NSCH,BUS,PRO AIRE CARGO & CONSULTING INC,Substantial,3,None,0,0,0,0,VMC,,False,DirectorBrief,Completed,,,"The pilot’s failure to maintain control of the airplane on the ground, which resulted in a collision with a parked airplane.","Aircraft - Aircraft systems - Landing gear system - Brake - Damaged/degraded, Aircraft - Aircraft systems - Landing gear system - Brake - Inadequate inspection, Aircraft - Aircraft oper/perf/capability - Performance/control parameters - Directional control - Not attained/maintained, Personnel issues - Task performance - Use of equip/info - Aircraft control - Pilot","  The pilot’s failure to maintain control of the airplane on the ground, which resulted in a collision with a parked airplane. Aircraft - Aircraft systems - Landing gear system - Brake - Damaged/degraded, Aircraft - Aircraft systems - Landing gear system - Brake - Inadequate inspection, Aircraft - Aircraft oper/perf/capability - Performance/control parameters - Directional control - Not attained/maintained, Personnel issues - Task performance - Use of equip/info - Aircraft control - Pilot",False,False,False,False,True,True,False,False,False,False,9.00,1396,,2026-04-03 04:05:44.570293+00:00
400,200651,ERA25LA278,2025-07-28,2025,7,Lake Worth Beach,FLORIDA,United States,26.599920,,LNA,PALM BEACH COUNTY PARK,ORLICAN S R O,M-8 EAGLE,ORLICAN S R O,M-8 EAGLE,ORLICAN S R O M-8,AIR,N974FL,2023009,False,1.0,,091,,FLTS,Valiair LC Trustee,Substantial,3,Minor,0,0,6,1,VMC,,False,,In work,,,,,   ,False,False,False,False,False,False,False,False,False,False,13.00,1375,,2026-04-03 04:05:44.570293+00:00
407,200659,DCA25WA273,2025-07-13,2025,7,Port Harcourt,OTHER FOREIGN,Nigeria,5.015278,,,,BOEING,737,BOEING,737,BOEING 737,AIR,5N-BQQ,27533,False,2.0,,000,SCHD,,,None,1,None,0,0,0,0,,,False,,N/A,,,,,   ,False,False,False,False,False,False,False,False,False,False,3.00,1484,,2026-04-03 04:05:44.570293+00:00
408,200660,GAA25WA219,2025-07-26,2025,7,Deer Lake,OTHER FOREIGN,Canada,49.209167,,CYDF,Deer Lake Regional Airport,PIPER,PA31,PIPER,PA31,PIPER PA31,AIR,C-GYYP,31-7812026,False,2.0,REC,000,,,,Substantial,3,Fatal,2,0,0,2,,,False,,N/A,,,,,   ,False,False,False,False,False,False,False,False,False,False,31.00,1388,,2026-04-03 04:05:44.570293+00:00
409,200661,ENG25WA049,2025-06-29,2025,6,Sokoto,OTHER FOREIGN,Nigeria,12.918177,,,,EMBRAER,EMB145,EMBRAER,EMB145,EMBRAER EMB145,AIR,5N-BZY,628,False,,TF,000,SCHD,,Africa World Airlines,None,1,,0,0,0,0,,,False,,N/A,,,,Aircraft - Aircraft power plant - Engine (turbine/turboprop) - Turbine section - Failure,   Aircraft - Aircraft power plant - Engine (turbine/turboprop) - Turbine section - Failure,False,False,False,False,False,False,False,False,False,False,3.00,1758,,2026-04-03 04:05:44.570293+00:00
410,200662,DCA25WA274,2025-07-27,2025,7,Mexico City,OTHER FOREIGN,Mexico,19.436111,,,,BOEING,737,BOEING,737,BOEING 737,AIR,XA-MLI,43727,False,2.0,,000,SCHD,,Aeromexico,None,1,None,0,0,0,0,,,False,,N/A,,,,,   ,False,False,False,False,False,False,False,False,False,False,3.00,1381,,2026-04-03 04:05:44.570293+00:00
411,200663,DCA25LA275,2025-07-26,2025,7,Denver,COLORADO,United States,39.861698,,DEN,Denver International Airport,BOEING,737-8,BOEING,737-8,BOEING 737-8,AIR,N306SW,44488,False,2.0,,121,SCHD,,"American Airlines, Inc.",Substantial,3,None,0,0,0,0,VMC,,False,,In work,,,,,   ,False,False,False,False,False,False,False,False,False,False,9.00,1392,,2026-04-03 04:05:44.570293+00:00
412,200664,CEN25LA295,2025-07-28,2025,7,Bolivar,MISSOURI,United States,37.599936,,M17,,CESSNA,182P,CESSNA,182P,CESSNA 182P,AIR,N8243M,18264572,False,1.0,,091,,PERS,,Destroyed,4,None,0,0,0,0,,,False,,In work,,,,,   ,False,False,False,False,False,False,False,False,False,False,12.00,1374,,2026-04-03 04:05:44.570293+00:00
413,200665,CEN25FA296,2025-07-30,2025,7,Greenwood,INDIANA,United States,39.617890,,HFY,INDY SOUTH GREENWOOD,HELMS RICHARD,LANCAIR IVP,HELMS RICHARD,LANCAIR IVP,HELMS RICHARD LANCAIR,AIR,N49BX,LIV-465,False,1.0,,091,,PERS,,Destroyed,4,Fatal,1,0,0,1,VMC,,False,,In work,,,,,   ,False,False,False,False,False,False,False,False,False,False,29.00,1371,,2026-04-03 04:05:44.570293+00:00
414,200666,WPR25LA231,2025-07-11,2025,7,Wahsatch,UTAH,United States,41.216190,,,,GARY WEAVER,CCK-1865,GARY WEAVER,CCK-1865,GARY WEAVER CCK-1865,AIR,N817GD,CCK-1865-0085,True,1.0,REC,091,,PERS,,Substantial,3,None,0,0,0,0,VMC,,False,DirectorBrief,Completed,,,The pilot’s inability to maintain directional control following a collision with a boulder during an off airport precautionary landing.,"Aircraft - Aircraft oper/perf/capability - Performance/control parameters - Directional control - Attain/maintain not possible, Environmental issues - Physical environment - Object/animal/substance - Debris/dirt/foreign object - Effect on operation, Personnel issues - Task performance - Use of equip/info - Use of equip/system - Pilot","  The pilot’s inability to maintain directional control following a collision with a boulder during an off airport precautionary landing. Aircraft - Aircraft oper/perf/capability - Performance/control parameters - Directional control - Attain/maintain not possible, Environmental issues - Physical environment - Object/animal/substance - Debris/dirt/foreign object - Effect on operation, Personnel issues - Task performance - Use of equip/info - Use of equip/system - Pilot",False,False,False,False,False,False,False,False,False,False,9.00,1497,,2026-04-03 04:05:44.570293+00:00
415,200667,GAA25WA220,2025-07-29,2025,7,Turks And Caicos Islands,OTHER FOREIGN,United Kingdom,,,MBPV,,CESSNA,210L,CESSNA,210L,CESSNA 210L,AIR,N1110S,21061119,False,1.0,REC,091,,,MOB AVIATION USA LLC,Substantial,3,,0,0,0,0,,,False,,N/A,,,,,   ,False,False,False,False,False,False,False,False,False,False,9.00,1373,,2026-04-03 04:05:44.570293+00:00
416,200668,CEN25LA297,2025-07-28,2025,7,Akron,IOWA,United States,42.845730,,,,AYRES CORPORATION,S2R,AYRES CORPORATION,S2R,AYRES CORPORATION S2R,AIR,N524SL,T34203DC,False,1.0,,137,,AAPL,CROP DUSTERS LLC,Substantial,3,Serious,0,1,0,1,VMC,,False,,In work,,,,,   ,False,False,False,False,False,False,False,False,False,False,17.00,1376,,2026-04-03 04:05:44.570293+00:00
417,200669,ERA25FA280,2025-07-30,2025,7,Block Island,RHODE ISLAND,United States,41.168792,,BID,Block Island State Airport,PIPER,PA-28-181,PIPER,PA-28-181,PIPER PA-28-181,AIR,N961DA,2843034,False,1.0,,091,,PERS,CONDAIR FLYERS INC,Substantial,3,Fatal,1,1,1,3,VMC,,False,,In work,,,,,   ,False,False,False,False,False,False,False,False,False,False,26.00,1369,,2026-04-03 04:05:44.570293+00:00
418,200670,ERA25LA281,2025-07-30,2025,7,Kissimmee,FLORIDA,United States,28.257645,,ISM,,CESSNA,172S,CESSNA,172S,CESSNA 172S,AIR,N121CW,172S8975,False,1.0,,091,,INST,AEROSTAR TRAINING SERVICES LLC,Substantial,3,None,0,0,0,0,VMC,,False,,In work,,,,,   ,False,False,False,False,False,False,False,False,False,False,9.00,1370,,2026-04-03 04:05:44.570293+00:00
419,200672,DCA25LA276,2025-07-30,2025,7,Creston,WYOMING,United States,41.901383,,,,AIRBUS,A330,AIRBUS,A330,AIRBUS A330,AIR,N422DZ,2031,False,2.0,,121,SCHD,,DELTA AIR LINES INC,Minor,2,Serious,0,2,5,7,,,False,,In work,,,,,   ,False,False,False,False,False,False,False,False,False,False,14.00,1367,,2026-04-03 04:05:44.570293+00:00
420,200673,ERA25LA282,2025-07-30,2025,7,Holley,NEW YORK,United States,43.298990,,PVT,NONE,PAUL DENNIS BERG,EXEC 162F,PAUL DENNIS BERG,EXEC 162F,PAUL DENNIS BERG EXEC,HELI,N843WB,6437,True,1.0,REC,091,,PERS,,Substantial,3,Minor,0,0,1,1,VMC,,False,DirectorBrief,Completed,,,"The pilot’s failure to maintain clearance with the ground while hovering, which resulted in a dynamic rollover.","Personnel issues - Psychological - Attention/monitoring - Monitoring environment - Pilot, Aircraft - Aircraft oper/perf/capability - Performance/control parameters - Altitude - Not attained/maintained","  The pilot’s failure to maintain clearance with the ground while hovering, which resulted in a dynamic rollover. Personnel issues - Psychological - Attention/monitoring - Monitoring environment - Pilot, Aircraft - Aircraft oper/perf/capability - Performance/control parameters - Altitude - Not attained/maintained",False,False,False,False,False,True,False,False,False,False,13.00,1368,,2026-04-03 04:05:44.570293+00:00
421,200674,CEN25LA298,2025-07-31,2025,7,Assumption,MINNESOTA,United States,44.687274,,,,BELL,47G,BELL,47G,BELL 47G,HELI,N102SH,7762,False,1.0,TS,137,,AAPL,Scott Churchill,Substantial,3,None,0,0,0,0,VMC,,False,DirectorBrief,Completed,,,"A total loss of engine power due to fuel starvation, which resulted from attitude-inducing unporting of the fuel.","Aircraft - Fluids/misc hardware - Fluids - Fuel - Fluid level, Aircraft - Aircraft systems - Fuel system - Fuel distribution - Design, Aircraft - Aircraft systems - Fuel system - Fuel distribution - Capability exceeded","  A total loss of engine power due to fuel starvation, which resulted from attitude-inducing unporting of the fuel. Aircraft - Fluids/misc hardware - Fluids - Fuel - Fluid level, Aircraft - Aircraft systems - Fuel system - Fuel distribution - Design, Aircraft - Aircraft systems - Fuel system - Fuel distribution - Capability exceeded",False,True,False,False,False,False,False,False,False,False,9.00,1364,,2026-04-03 04:05:44.570293+00:00
447,200705,WPR25LA237,2025-07-31,2025,7,Thermal,CALIFORNIA,United States,33.630469,,TRM,JACQUELINE COCHRAN RGNL,CESSNA,R182,CESSNA,R182,CESSNA R182,AIR,N2658C,R18200198,False,1.0,REC,091,,PERS,,Substantial,3,None,0,0,0,0,VMC,,False,DirectorBrief,Completed,,,The pilot's failure to extend the landing gear during landing. Contributing to the accident was the pilot’s failure to use a pre-landing checklist.,"Personnel issues - Action/decision - Action - Forgotten action/omission - Pilot, Personnel issues - Task performance - Use of equip/info - Use of checklist - Pilot, Personnel issues - Task performance - Use of equip/info - Use of equip/system - Pilot, Aircraft - Aircraft systems - Landing gear system - Gear extension and retract sys - Not used/operated","  The pilot's failure to extend the landing gear during landing. Contributing to the accident was the pilot’s failure to use a pre-landing checklist. Personnel issues - Action/decision - Action - Forgotten action/omission - Pilot, Personnel issues - Task performance - Use of equip/info - Use of checklist - Pilot, Personnel issues - Task performance - Use of equip/info - Use of equip/system - Pilot, Aircraft - Aircraft systems - Landing gear system - Gear extension and retract sys - Not used/operated",False,False,False,False,True,True,False,False,False,False,9.00,1363,,2026-04-03 04:05:44.570293+00:00
423,200676,CEN25LA299,2025-07-23,2025,7,Grenada,MISSISSIPPI,United States,33.839833,,GNF,Grenada Municipal Airport,PIPER,J5A,PIPER,J5A,PIPER J5A,AIR,N35025,5535,False,1.0,REC,091,,INST,,Substantial,3,None,0,0,0,0,VMC,,False,DirectorBrief,Completed,,,The flight instructor’s inadequate supervision of the flight and improper decision to continue with a takeoff after the airplane swerved off the runway. Contributing to the accident was the student pilot’s failure to maintain directional control of the tailwheel-equipped airplane.,"Aircraft - Aircraft oper/perf/capability - Performance/control parameters - Directional control - Not attained/maintained, Personnel issues - Task performance - Use of equip/info - Aircraft control - Student/instructed pilot, Personnel issues - Action/decision - Info processing/decision - Decision making/judgment - Instructor/check pilot, Environmental issues - Physical environment - Object/animal/substance - Fence/fence post - Contributed to outcome, Personnel issues - Action/decision - Action - Delayed action - Instructor/check pilot, Personnel issues - Psychological - Attention/monitoring - Monitoring other person - Instructor/check pilot","  The flight instructor’s inadequate supervision of the flight and improper decision to continue with a takeoff after the airplane swerved off the runway. Contributing to the accident was the student pilot’s failure to maintain directional control of the tailwheel-equipped airplane. Aircraft - Aircraft oper/perf/capability - Performance/control parameters - Directional control - Not attained/maintained, Personnel issues - Task performance - Use of equip/info - Aircraft control - Student/instructed pilot, Personnel issues - Action/decision - Info processing/decision - Decision making/judgment - Instructor/check pilot, Environmental issues - Physical environment - Object/animal/substance - Fence/fence post - Contributed to outcome, Personnel issues - Action/decision - Action - Delayed action - Instructor/check pilot, Personnel issues - Psychological - Attention/monitoring - Monitoring other person - Instructor/check pilot",False,False,False,False,False,True,True,False,False,False,9.00,1413,,2026-04-03 04:05:44.570293+00:00
424,200678,DCA25WA279,2025-07-24,2025,7,Cairns,OTHER FOREIGN,Australia,-16.885833,,,,EMBRAER,ERJ190,EMBRAER,ERJ190,EMBRAER ERJ190,AIR,VH-A2T,19000179,False,2.0,TF,000,SCHD,,Alliance Airlines,None,1,None,0,0,0,0,,,False,,N/A,,,,,   ,False,False,False,False,False,False,False,False,False,False,3.00,1401,,2026-04-03 04:05:44.570293+00:00
425,200679,ANC25LA080,2025-07-31,2025,7,Soldotna,ALASKA,United States,60.474917,,sxq,Soldotna Airport,CESSNA,150J,CESSNA,150J,CESSNA 150J,AIR,N60509,15070361,False,1.0,,091,,INST,,Substantial,3,Serious,0,1,1,2,VMC,,False,,In work,,,,,   ,False,False,False,False,False,False,False,False,False,False,17.00,1361,,2026-04-03 04:05:44.570293+00:00
427,200681,GAA25WA221,2025-07-31,2025,7,"Ottawa, Ontario",OTHER FOREIGN,Canada,,,CYOW,,GRUMMAN,AA5,GRUMMAN,AA5,GRUMMAN AA5,AIR,C-GUXN,,False,,,000,,,,Substantial,3,Fatal,1,0,0,1,,,False,,N/A,,,,,   ,False,False,False,False,False,False,False,False,False,False,26.00,1358,,2026-04-03 04:05:44.570293+00:00
428,200682,DCA25WA280,2025-06-02,2025,6,Singapore,,Singapore,1.359167,,WSSS,Changi Airport,BOEING,777,BOEING,777,BOEING 777,AIR,PH-BVO,,False,2.0,,000,SCHD,,KLM Royal Dutch Airlines,None,1,None,0,0,0,0,,,False,,N/A,,,,,   ,False,False,False,False,False,False,False,False,False,False,3.00,1907,,2026-04-03 04:05:44.570293+00:00
434,200688,WPR25LA234,2025-07-30,2025,7,Cashmere,WASHINGTON,United States,47.514000,,8S2,Cashmere-Dryden,CESSNA,182Q,CESSNA,182Q,CESSNA 182Q,AIR,N759NB,18266117,False,1.0,REC,091,,PERS,,Substantial,3,Serious,0,2,0,2,VMC,,False,DirectorBrief,Completed,,,"The pilot’s failure to maintain clearance from obstacles during an aborted landing, while flying in tailwind conditions. Contributing to the accident was the high density altitude weather condition.","Aircraft - Aircraft oper/perf/capability - Performance/control parameters - Climb rate - Not attained/maintained, Personnel issues - Action/decision - Action - Delayed action - Pilot, Personnel issues - Task performance - Use of equip/info - Aircraft control - Pilot, Environmental issues - Conditions/weather/phenomena - Temp/humidity/pressure - High density altitude - Effect on operation, Environmental issues - Conditions/weather/phenomena - Wind - Tailwind - Effect on operation","  The pilot’s failure to maintain clearance from obstacles during an aborted landing, while flying in tailwind conditions. Contributing to the accident was the high density altitude weather condition. Aircraft - Aircraft oper/perf/capability - Performance/control parameters - Climb rate - Not attained/maintained, Personnel issues - Action/decision - Action - Delayed action - Pilot, Personnel issues - Task performance - Use of equip/info - Aircraft control - Pilot, Environmental issues - Conditions/weather/phenomena - Temp/humidity/pressure - High density altitude - Effect on operation, Environmental issues - Conditions/weather/phenomena - Wind - Tailwind - Effect on operation",False,False,False,False,False,True,False,False,False,False,17.00,1366,,2026-04-03 04:05:44.570293+00:00
436,200690,GAA25WA223,2025-07-09,2025,7,Voglans,OTHER FOREIGN,France,45.621831,,LFLB,,ROBIN,DR400,ROBIN,DR400,ROBIN DR400,AIR,F-GTPL,2408,False,,REC,000,,,,Destroyed,4,Fatal,3,0,0,3,,,False,,N/A,,,,Not determined - Not determined - (general) - (general) - Other authority investigated,   Not determined - Not determined - (general) - (general) - Other authority investigated,False,False,False,False,False,False,False,False,False,False,39.00,1507,,2026-04-03 04:05:44.570293+00:00
438,200692,CEN25LA301,2025-07-24,2025,7,Kerrville,TEXAS,United States,30.037970,,N/A,N/A,CESSNA,U206G,CESSNA,U206G,CESSNA U206G,AIR,N756XY,U20604450,False,1.0,REC,091,,PERS,,Substantial,3,None,0,0,0,0,VMC,,False,DirectorBrief,Completed,,,The pilot’s failure to confirm the fuel quantity before flight which resulted in a loss of engine power due to fuel starvation.,"Aircraft - Fluids/misc hardware - Fluids - Fuel - Fluid level, Aircraft - Fluids/misc hardware - Fluids - Fuel - Inadequate inspection, Personnel issues - Task performance - Inspection - Preflight inspection - Pilot","  The pilot’s failure to confirm the fuel quantity before flight which resulted in a loss of engine power due to fuel starvation. Aircraft - Fluids/misc hardware - Fluids - Fuel - Fluid level, Aircraft - Fluids/misc hardware - Fluids - Fuel - Inadequate inspection, Personnel issues - Task performance - Inspection - Preflight inspection - Pilot",False,True,False,False,False,True,False,False,False,False,9.00,1400,,2026-04-03 04:05:44.570293+00:00
443,200699,GAA25WA225,2025-07-01,2025,7,Anthony Lagoon,,Australia,-17.803333,,,,ROBINSON,R22,ROBINSON,R22,ROBINSON R22,HELI,VH-HGE,,False,,,137,,,,Substantial,3,,0,0,0,0,,,False,,N/A,,,,,   ,False,False,False,False,False,False,False,False,False,False,9.00,1547,,2026-04-03 04:05:44.570293+00:00
444,200701,GAA25WA226,2025-06-30,2025,6,Cienaga,OTHER FOREIGN,Colombia,10.958611,,,,AIR TRACTOR,AT301,AIR TRACTOR,AT301,AIR TRACTOR AT301,AIR,HK4198,,False,,,000,,,FUMIGARAY S.A.S.,Substantial,3,Minor,0,0,1,1,,,False,,N/A,,,,,   ,False,False,False,False,False,False,False,False,False,False,13.00,1755,,2026-04-03 04:05:44.570293+00:00
445,200703,WPR25LA235,2025-07-31,2025,7,Kamiah,IDAHO,United States,46.298000,,PVT,Flying Elk,CESSNA,180J,CESSNA,180J,CESSNA 180J,AIR,N52175,18052538,False,1.0,REC,091,,PERS,,Substantial,3,None,0,0,0,0,VMC,,False,DirectorBrief,Completed,,,The pilot’s loss of airplane control following an encounter with a microburst during takeoff.,"Personnel issues - Task performance - Use of equip/info - Aircraft control - Pilot, Aircraft - Aircraft oper/perf/capability - Performance/control parameters - Directional control - Capability exceeded, Environmental issues - Conditions/weather/phenomena - Wind - Microburst - Effect on operation, Environmental issues - Conditions/weather/phenomena - Wind - Crosswind - Effect on operation","  The pilot’s loss of airplane control following an encounter with a microburst during takeoff. Personnel issues - Task performance - Use of equip/info - Aircraft control - Pilot, Aircraft - Aircraft oper/perf/capability - Performance/control parameters - Directional control - Capability exceeded, Environmental issues - Conditions/weather/phenomena - Wind - Microburst - Effect on operation, Environmental issues - Conditions/weather/phenomena - Wind - Crosswind - Effect on operation",False,False,False,False,False,False,False,False,False,False,9.00,1359,,2026-04-03 04:05:44.570293+00:00
644,200948,ERA25LA333,2025-09-03,2025,9,Bowling Green,OHIO,United States,41.393611,,1G0,WOOD COUNTY,PIPER,PA44,PIPER,PA44,PIPER PA44,AIR,N447BG,4496581,False,2.0,,091,,INST,BOWLING GREEN FLIGHT CENTER LLC,Substantial,3,Minor,0,0,2,2,VMC,,False,,In work,,,,,   ,False,False,False,False,False,False,False,False,False,False,13.00,1340,,2026-04-03 04:05:44.570293+00:00
448,200709,ERA25LA287,2025-07-24,2025,7,Franconia,NEW HAMPSHIRE,United States,44.174930,,,,GROB-WERKE,TWIN ASTIR,GROB-WERKE,TWIN ASTIR,GROB-WERKE TWIN,GLI,N103GV,3069,False,0.0,NONE,091,,PERS,,Substantial,3,None,0,0,0,0,VMC,,False,DirectorBrief,Completed,,,"The pilot’s failure to detect the inadvertent deployment of the spoilers, which resulted in a prolonged, excessive descent rate. Contributing to the accident was the pilot’s decision to conduct a downwind approach versus a straight in approach to the diversionary airport, which resulted in an off-airport landing.","Personnel issues - Action/decision - Info processing/decision - Identification/recognition - Pilot, Aircraft - Aircraft systems - Flight control system - Drag control system - Incorrect use/operation, Personnel issues - Action/decision - Info processing/decision - Decision making/judgment - Pilot","  The pilot’s failure to detect the inadvertent deployment of the spoilers, which resulted in a prolonged, excessive descent rate. Contributing to the accident was the pilot’s decision to conduct a downwind approach versus a straight in approach to the diversionary airport, which resulted in an off-airport landing. Personnel issues - Action/decision - Info processing/decision - Identification/recognition - Pilot, Aircraft - Aircraft systems - Flight control system - Drag control system - Incorrect use/operation, Personnel issues - Action/decision - Info processing/decision - Decision making/judgment - Pilot",False,False,False,False,False,True,False,False,False,False,9.00,1403,,2026-04-03 04:05:44.570293+00:00
452,200713,GAA25WA228,2025-07-31,2025,7,Marsh Harbor,OTHER FOREIGN,Bahamas,,,MYAM,,PIPER,PA32,PIPER,PA32,PIPER PA32,AIR,N68BT,32-7300030,False,1.0,,091,NSCH,PERS,KC Aviation LLC,Substantial,3,None,0,0,0,0,,,False,,N/A,,,,,   ,False,False,False,False,False,False,False,False,False,False,9.00,1362,,2026-04-03 04:05:44.570293+00:00
453,200714,GAA25WA229,2025-07-26,2025,7,Bragança Paulista,OTHER FOREIGN,Brazil,-23.005278,,SDVH,,CESSNA,150,CESSNA,150,CESSNA 150,AIR,PR-NIJ,15073046,False,1.0,,000,,OWRK,AVIASOM PUBLICIDADE AEREA LTDA.,Substantial,3,None,0,0,0,0,,,False,,N/A,,,,,   ,False,False,False,False,False,False,False,False,False,False,9.00,1393,,2026-04-03 04:05:44.570293+00:00
456,200717,WPR25LA241,2025-07-28,2025,7,Inhama,OREGON,United States,45.431933,,25U,MEMALOOSE USFS,CESSNA,182M,CESSNA,182M,CESSNA 182M,AIR,N91789,18259907,False,1.0,,091,,PERS,MYL High Flying Club,Substantial,3,None,0,0,0,0,VMC,,False,,In work,,,,,   ,False,False,False,False,False,False,False,False,False,False,9.00,1378,,2026-04-03 04:05:44.570293+00:00
457,200718,WPR25LA242,2025-07-31,2025,7,Moriarty,NEW MEXICO,United States,34.982029,,0E0,MORIARTY MUNI,CHAMPION,7FC,CHAMPION,7FC,CHAMPION 7FC,AIR,N50778,432,False,1.0,REC,091,,PERS,,Substantial,3,None,0,0,0,0,VMC,,False,DirectorBrief,Completed,,,"The pilot’s improper landing flare, which resulted in a hard landing.","Aircraft - Aircraft oper/perf/capability - Performance/control parameters - Landing flare - Not attained/maintained, Personnel issues - Task performance - Use of equip/info - Aircraft control - Pilot","  The pilot’s improper landing flare, which resulted in a hard landing. Aircraft - Aircraft oper/perf/capability - Performance/control parameters - Landing flare - Not attained/maintained, Personnel issues - Task performance - Use of equip/info - Aircraft control - Pilot",False,False,False,False,False,True,False,False,False,False,9.00,1365,,2026-04-03 04:05:44.570293+00:00
461,200723,GAA25WA231,2025-06-18,2025,6,Gloucestershire,OTHER FOREIGN,United Kingdom,,,,,PIPER,PA-28-181,PIPER,PA-28-181,PIPER PA-28-181,AIR,G-SARA,,False,,,129,,,,Minor,2,,0,0,0,0,,,False,,N/A,,,,,   ,False,False,False,False,False,False,False,False,False,False,6.00,1831,,2026-04-03 04:05:44.570293+00:00
475,200742,DCA25LA286,2025-07-14,2025,7,Boston,MASSACHUSETTS,United States,42.362944,,BOS,GENERAL EDWARD LAWRENCE LOGAN INTL,EMBRAER-EMPRESA BRASILEIRA DE,ERJ 170-200 LR,EMBRAER-EMPRESA BRASILEIRA DE,ERJ 170-200 LR,EMBRAER-EMPRESA BRASILEIRA DE ERJ,AIR,N224JQ,17000209,False,2.0,,121,SCHD,,Republic Airways,Substantial,3,,0,0,0,0,,,False,,In work,,,,,   ,False,False,False,False,False,False,False,False,False,False,9.00,1474,,2026-04-03 04:05:44.570293+00:00
480,200747,ERA25LA292,2025-07-23,2025,7,Burlington,VERMONT,United States,44.000000,,BTV,,ROCKWELL INTERNATIONAL,112,ROCKWELL INTERNATIONAL,112,ROCKWELL INTERNATIONAL 112,AIR,N112EF,309,False,1.0,,091,,PERS,,Substantial,3,None,0,0,0,0,,,False,,In work,,,,,   ,False,False,False,False,False,False,False,False,False,False,9.00,1409,,2026-04-03 04:05:44.570293+00:00
491,200759,CEN25LA315,2025-07-20,2025,7,Faith,SOUTH DAKOTA,United States,45.034940,,D07,Faith Municipal Airport,CESSNA,170B,CESSNA,170B,CESSNA 170B,AIR,N3443C,26486,False,1.0,REC,091,,PERS,,Substantial,3,None,0,0,0,0,VMC,,False,DirectorBrief,Completed,,,The pilot's failure to maintain directional control during the landing roll with crosswind.,"Aircraft - Aircraft oper/perf/capability - Performance/control parameters - Directional control - Not attained/maintained, Personnel issues - Task performance - Use of equip/info - Aircraft control - Pilot, Environmental issues - Conditions/weather/phenomena - Wind - Crosswind - Effect on operation","  The pilot's failure to maintain directional control during the landing roll with crosswind. Aircraft - Aircraft oper/perf/capability - Performance/control parameters - Directional control - Not attained/maintained, Personnel issues - Task performance - Use of equip/info - Aircraft control - Pilot, Environmental issues - Conditions/weather/phenomena - Wind - Crosswind - Effect on operation",False,False,False,False,False,True,False,False,False,False,9.00,1438,,2026-04-03 04:05:44.570293+00:00
513,200792,DCA25WA292,2025-07-21,2025,7,Ciudad De México,,Mexico,19.436300,,MMMX,Licenciado Benito Juarez International Airport,BOEING,737-832,BOEING,737-832,BOEING 737-832,AIR,N3766,30820,False,2.0,TF,121,SCHD,,DELTA AIR LINES INC,None,1,None,0,0,0,0,,,False,,N/A,,,,,   ,False,False,False,False,False,False,False,False,False,False,3.00,1428,,2026-04-03 04:05:44.570293+00:00
519,200798,DCA25WA296,2025-07-26,2025,7,Brisbane,,Australia,,,,Brisbane,BOEING,737,BOEING,737,BOEING 737,AIR,DQ-FAE,,False,2.0,,000,,,,Minor,2,,0,0,0,0,,,False,,N/A,,,,,   ,False,False,False,False,False,False,False,False,False,False,6.00,1397,,2026-04-03 04:05:44.570293+00:00
645,200949,CEN25FA367,2025-09-06,2025,9,Lakeville,MINNESOTA,United States,44.632500,,KLVN,Airlake Airport,ROBINSON HELICOPTER CO,R66,ROBINSON HELICOPTER CO,R66,ROBINSON HELICOPTER CO R66,HELI,N6633L,1211,False,1.0,,091,,PERS,,Destroyed,4,Fatal,2,0,0,2,VMC,,False,,In work,,,,,   ,False,False,False,False,False,False,False,False,False,False,34.00,1323,,2026-04-03 04:05:44.570293+00:00
646,200950,GAA25WA251,2025-09-05,2025,9,Norrtälje,OTHER FOREIGN,Sweden,59.736389,,ESSN,Norrtälje Airport,MOONEY,M20J,MOONEY,M20J,MOONEY M20J,AIR,SE-GXI,24-0844,False,1.0,,000,,PUBF,Frivilliga Flygkåren,Substantial,3,Fatal,2,0,0,2,,,False,,N/A,,,,,   ,False,False,False,False,False,False,False,False,False,False,31.00,1330,,2026-04-03 04:05:44.570293+00:00
648,200953,CEN25LA368,2025-09-06,2025,9,Brookings,SOUTH DAKOTA,United States,44.304528,,BKX,,BEECH,35-C33,BEECH,35-C33,BEECH 35-C33,AIR,N1310A,CD-1105,False,1.0,,091,,PERS,,Destroyed,4,Minor,0,0,3,3,VMC,,False,,In work,,,,,   ,False,False,False,False,False,False,False,False,False,False,16.00,1327,,2026-04-03 04:05:44.570293+00:00
537,200821,ANC25LA089,2025-07-14,2025,7,Egegik,ALASKA,United States,57.880000,,NONE,Remote Strip,PIPER,PA-12,PIPER,PA-12,PIPER PA-12,AIR,N2638M,12-981,False,1.0,REC,091,,PERS,,Substantial,3,None,0,0,0,0,VMC,,False,DirectorBrief,Completed,,,"The pilot’s excessive use of brakes during landing roll, which resulted in a nose-over.","Aircraft - Aircraft oper/perf/capability - Performance/control parameters - Surface speed/braking - Incorrect use/operation, Personnel issues - Task performance - Use of equip/info - Aircraft control - Pilot, Aircraft - Aircraft systems - Landing gear system - Landing gear brakes system - Incorrect use/operation","  The pilot’s excessive use of brakes during landing roll, which resulted in a nose-over. Aircraft - Aircraft oper/perf/capability - Performance/control parameters - Surface speed/braking - Incorrect use/operation, Personnel issues - Task performance - Use of equip/info - Aircraft control - Pilot, Aircraft - Aircraft systems - Landing gear system - Landing gear brakes system - Incorrect use/operation",False,False,False,False,True,False,False,False,False,False,9.00,1475,,2026-04-03 04:05:44.570293+00:00
539,200823,ERA25LA305,2025-04-15,2025,4,Mount Airy,MARYLAND,United States,39.340900,,MRB,,DASSAULT/SUD,FAN JET FALCON SER D,DASSAULT/SUD,FAN JET FALCON SER D,DASSAULT/SUD FAN,AIR,N229CK,229,False,2.0,,091,,POSI,KALITTA CHARTERS LLC,Substantial,3,None,0,0,0,0,VMC,,False,,In work,,,,,   ,False,False,False,False,False,False,False,False,False,False,9.00,693,,2026-04-03 04:05:44.570293+00:00
567,200855,DCA25WA302,2025-07-05,2025,7,North/East Sector Of Algiers Fir,,Algeria,,,,,"BOEING, BOEING","737, 777","BOEING, BOEING","737, 777","BOEING, BOEING 737,","AIR, AIR","7T-VKF, A7-BFL",,,,,121,SCHD,,"Air Algerie, Qatar Airways","None, None",0,,0,0,0,0,,,False,,N/A,,,,,   ,False,False,False,False,False,False,False,False,False,False,0.00,1527,,2026-04-03 04:05:44.570293+00:00
579,200868,GAA25WA244,2025-07-22,2025,7,Azzano Mella,OTHER FOREIGN,Italy,,,,,ProMecc Aerosapce,Freccia FG,PROMECC AEROSAPCE,Freccia FG,PROMECC AEROSAPCE FRECCIA,AIR,I-E607,,False,,,000,,,,Destroyed,4,Fatal,2,0,0,2,,,False,,N/A,,,,,   ,False,False,False,False,False,False,False,False,False,False,34.00,1422,,2026-04-03 04:05:44.570293+00:00
587,200877,ERA25LA319,2025-07-31,2025,7,Tampa,FLORIDA,United States,27.915444,,TPF,PETER O KNIGHT,WACO,UBF,WACO,UBF,WACO UBF,AIR,N1244G,3607,False,1.0,REC,091,,PERS,,Substantial,3,None,0,0,0,0,VMC,,False,DirectorBrief,Completed,,,"The pilot’s failure to maintain directional control during landing roll, which resulted in a runway excursion and collision with an object.","Personnel issues - Task performance - Use of equip/info - Aircraft control - Pilot, Aircraft - Aircraft oper/perf/capability - Performance/control parameters - Directional control - Not attained/maintained","  The pilot’s failure to maintain directional control during landing roll, which resulted in a runway excursion and collision with an object. Personnel issues - Task performance - Use of equip/info - Aircraft control - Pilot, Aircraft - Aircraft oper/perf/capability - Performance/control parameters - Directional control - Not attained/maintained",False,False,False,False,False,True,True,False,False,False,9.00,1360,,2026-04-03 04:05:44.570293+00:00
588,200878,DCA25WA304,2025-07-29,2025,7,Near Mar Holding Fix Within Algiers Tma,,Algeria,,,,,"BOEING, AIRBUS","737, A220N","BOEING, AIRBUS","737, A220N","BOEING, AIRBUS 737,","AIR, AIR","7T-VCE, TS-INM",,,,,121,,,"Air Algérie, Nouvelair","None, None",0,,0,0,0,0,,,False,,N/A,,,,,   ,False,False,False,False,False,False,False,False,False,False,0.00,1372,,2026-04-03 04:05:44.570293+00:00
591,200881,DCA25WA305,2025-06-18,2025,6,N/A,,Seychelles,57.850887,,,,"BOEING, SAAB","737, JAS 39 Gripen","BOEING, SAAB","737, JAS 39 Gripen","BOEING, SAAB 737,","AIR, AIR","not reported, UNREG",,,,,121,,,Norwegian Air,"None, None",0,Serious,0,1,0,1,,,False,,N/A,,,,,   ,False,False,False,False,False,False,False,False,False,False,8.00,1833,,2026-04-03 04:05:44.570293+00:00
604,200896,CEN25LA349,2025-06-13,2025,6,Westplains,COLORADO,United States,40.892100,,LVN,,CESSNA,650,CESSNA,650,CESSNA 650,AIR,N682RS,650-7001,False,2.0,,091,,UNK,AIRCRAFT RESOURCE CENTER INC,Substantial,3,,0,0,0,0,IMC,,False,,In work,,,,,   ,False,False,False,False,False,False,False,False,False,False,9.00,1851,,2026-04-03 04:05:44.570293+00:00
616,200910,ERA25LA327,2025-09-01,2025,9,Connerton,FLORIDA,United States,28.344700,,X05,PILOT COUNTRY,MARK STROUT,ZENAIR ZODIAC 601HDS,MARK STROUT,ZENAIR ZODIAC 601HDS,MARK STROUT ZENAIR,AIR,N680LM,6-3635,False,1.0,,091,,PERS,,Substantial,3,Minor,0,0,2,2,VMC,,False,,In work,,,,,   ,False,False,False,False,False,False,False,False,False,False,13.00,1353,,2026-04-03 04:05:44.570293+00:00
617,200911,ANC25FA098,2025-09-01,2025,9,Wolf,WYOMING,United States,44.730275,,,,PIPER,PA-28-180,PIPER,PA-28-180,PIPER PA-28-180,AIR,N8307W,28-2476,False,1.0,,091,,PERS,,Substantial,3,Fatal,1,2,1,4,VMC,,False,,In work,,,,,   ,False,False,False,False,False,False,False,False,False,False,26.00,1352,,2026-04-03 04:05:44.570293+00:00
624,200919,GAA25WA249,2025-09-01,2025,9,Cali,OTHER FOREIGN,Colombia,3.538056,,SKCL,Alfonso Bonilla Aragón Int. Airport,BELL,206,BELL,206,BELL 206,HELI,HK5198,51175,False,1.0,,000,,,DELTA HELICOPTEROS S.A.S.,Substantial,3,Serious,0,1,1,2,,,False,,N/A,,,,,   ,False,False,False,False,False,False,False,False,False,False,17.00,1351,,2026-04-03 04:05:44.570293+00:00
743,201068,ANC25LA109,2025-09-16,2025,9,Kotlik,ALASKA,United States,62.632400,,KSM,,PIPER,PA-12,PIPER,PA-12,PIPER PA-12,AIR,N3816M,12-2737,False,1.0,,091,,PERS,,Substantial,3,Minor,0,0,1,1,,,False,,In work,,,,,   ,False,False,False,False,False,False,False,False,False,False,13.00,1268,,2026-04-03 04:05:44.570293+00:00
633,200936,WPR25LA273,2025-09-02,2025,9,Portland,OREGON,United States,45.588709,,PDX,PORTLAND INTL,GULFSTREAM AEROSPACE,G-V,GULFSTREAM AEROSPACE,G-V,GULFSTREAM AEROSPACE G-V,AIR,N820MS,626,False,2.0,,091,,PERS,SPEEDERO LLC,Minor,2,None,0,0,0,0,VMC,,False,,In work,,,,,   ,False,False,False,False,False,False,False,False,False,False,6.00,1347,,2026-04-03 04:05:44.570293+00:00
634,200937,CEN25LA361,2025-09-02,2025,9,Caro,MICHIGAN,United States,43.458861,,CFS,TUSCOLA AREA,PIPER,PA-30,PIPER,PA-30,PIPER PA-30,AIR,N26RJ,30-1886,False,2.0,REC,091,,PERS,,Substantial,3,None,0,0,0,0,VMC,,False,DirectorBrief,Completed,,,The pilot’s failure to remove the tow bar before flight.,"Personnel issues - Task performance - Inspection - Preflight inspection - Pilot, Aircraft - Aircraft systems - Landing gear system - Nose/tail landing gear - Inadequate inspection","  The pilot’s failure to remove the tow bar before flight. Personnel issues - Task performance - Inspection - Preflight inspection - Pilot, Aircraft - Aircraft systems - Landing gear system - Nose/tail landing gear - Inadequate inspection",False,False,False,False,True,True,False,False,False,False,9.00,1346,,2026-04-03 04:05:44.570293+00:00
635,200938,CEN25LA362,2025-09-03,2025,9,New Braunfels,TEXAS,United States,29.708000,,BAZ,,CESSNA,414,CESSNA,414,CESSNA 414,AIR,N39HC,414-0469,False,2.0,REC,091,,PERS,,Substantial,3,None,0,0,0,0,VMC,,False,DirectorBrief,Completed,,,A in-flight collision with a bird during the descent for landing.,"Environmental issues - Physical environment - Object/animal/substance - Animal(s)/bird(s) - Ability to respond/compensate, Environmental issues - Physical environment - Object/animal/substance - Animal(s)/bird(s) - Effect on equipment","  A in-flight collision with a bird during the descent for landing. Environmental issues - Physical environment - Object/animal/substance - Animal(s)/bird(s) - Ability to respond/compensate, Environmental issues - Physical environment - Object/animal/substance - Animal(s)/bird(s) - Effect on equipment",False,False,False,False,False,False,False,False,False,False,9.00,1342,,2026-04-03 04:05:44.570293+00:00
638,200942,CEN25FA364,2025-09-04,2025,9,Cambridge,MINNESOTA,United States,45.567584,,CBG,CAMBRIDGE MUNI,BEECH,K35,BEECH,K35,BEECH K35,AIR,N6021E,D-5919,False,1.0,,091,,PERS,,Substantial,3,Fatal,1,0,0,1,VMC,,False,,In work,,,,,   ,False,False,False,False,False,False,False,False,False,False,26.00,1337,,2026-04-03 04:05:44.570293+00:00
639,200943,CEN25LA365,2025-09-03,2025,9,Wheeling,ILLINOIS,United States,42.124634,,PWK,CHICAGO EXEC,ISRAEL AEROSPACE INDUSTRIESLTD,GULFSTREAM G150,ISRAEL AEROSPACE INDUSTRIESLTD,GULFSTREAM G150,ISRAEL AEROSPACE INDUSTRIESLTD GULFSTREAM,AIR,N1927G,261,False,2.0,,091,,POSI,ARTHUR J GALLAGHER (ILLINOIS) LLC,Substantial,3,None,0,0,0,0,VMC,,False,,In work,,,,,   ,False,False,False,False,False,False,False,False,False,False,9.00,1341,,2026-04-03 04:05:44.570293+00:00
649,200954,DCA25WA320,2025-09-07,2025,9,Simpson Bay,,Netherlands Antilles,,,TNCM,Princess Juliana International Airport,BOEING,737,BOEING,737,BOEING 737,AIR,C-GWSR,,False,,,129,SCHD,,WestJet,Substantial,3,,0,0,0,0,,,False,,N/A,,,,,   ,False,False,False,False,False,False,False,False,False,False,9.00,1316,,2026-04-03 04:05:44.570293+00:00
670,200978,ERA25LA341,2025-09-06,2025,9,Beaver Cove,MAINE,United States,45.562801,,3B1,GREENVILLE MUNI,GRUMMAN,G-44A,GRUMMAN,G-44A,GRUMMAN G-44A,AIR,N402E,1444,False,2.0,REC,091,,PERS,,Substantial,3,None,0,0,0,0,VMC,,False,DirectorBrief,Completed,,,"The pilot’s distraction and failure to monitor the airplane’s flight path, which resulted in controlled flight into a lake.","Personnel issues - Psychological - Attention/monitoring - Task monitoring/vigilance - Pilot, Aircraft - Aircraft oper/perf/capability - Performance/control parameters - Descent rate - Not attained/maintained","  The pilot’s distraction and failure to monitor the airplane’s flight path, which resulted in controlled flight into a lake. Personnel issues - Psychological - Attention/monitoring - Task monitoring/vigilance - Pilot, Aircraft - Aircraft oper/perf/capability - Performance/control parameters - Descent rate - Not attained/maintained",False,False,False,False,False,True,False,False,False,False,9.00,1326,,2026-04-03 04:05:44.570293+00:00
671,200979,DCA25WA321,2025-09-10,2025,9,Belize City,,Belize,,,MZBZ,Philip S.W. Goldson International Airport,BOEING,737-832,BOEING,737-832,BOEING 737-832,AIR,N386DA,30373,False,2.0,TF,121,SCHD,,DELTA AIR LINES INC,Minor,2,None,0,0,0,0,,,False,,N/A,,,,,   ,False,False,False,False,False,False,False,False,False,False,6.00,1301,,2026-04-03 04:05:44.570293+00:00
729,201050,WPR25FA289,2025-09-19,2025,9,Bigfork,MONTANA,United States,48.067500,,53U,Ferndale Airfield,MURPHY,SR3500,MURPHY,SR3500,MURPHY SR3500,AIR,N62ZT,282SR,True,1.0,,091,,PERS,,Destroyed,4,Fatal,1,0,0,1,VMC,,False,,In work,,,,,   ,False,False,False,False,False,False,False,False,False,False,29.00,1245,,2026-04-03 04:05:44.570293+00:00
653,200958,CEN25LA370,2025-09-07,2025,9,Benton,KANSAS,United States,37.781168,,1K1,LLOYD STEARMAN FLD,BOEING,E75,BOEING,E75,BOEING E75,AIR,N75675,75-5163,False,1.0,REC,091,,PERS,,Substantial,3,None,0,0,0,0,VMC,,False,DirectorBrief,Completed,,,The pilot's failure to maintain clearance from a moving vehicle during an evasive maneuver from a perceived conflict with another airplane. Contributing to the accident was the pilot of the other airplane’s non-standard phraseology and inaccurate position report.,"Aircraft - Aircraft oper/perf/capability - Performance/control parameters - Descent/approach/glide path - Not attained/maintained, Environmental issues - Physical environment - Object/animal/substance - Ground vehicle - Effect on operation, Personnel issues - Action/decision - (general) - (general) - Pilot of other aircraft, Personnel issues - Action/decision - Info processing/decision - (general) - Pilot","  The pilot's failure to maintain clearance from a moving vehicle during an evasive maneuver from a perceived conflict with another airplane. Contributing to the accident was the pilot of the other airplane’s non-standard phraseology and inaccurate position report. Aircraft - Aircraft oper/perf/capability - Performance/control parameters - Descent/approach/glide path - Not attained/maintained, Environmental issues - Physical environment - Object/animal/substance - Ground vehicle - Effect on operation, Personnel issues - Action/decision - (general) - (general) - Pilot of other aircraft, Personnel issues - Action/decision - Info processing/decision - (general) - Pilot",False,False,False,False,False,True,False,False,False,False,9.00,1317,,2026-04-03 04:05:44.570293+00:00
657,200962,CEN25LA371,2025-09-06,2025,9,Dallas,TEXAS,United States,32.679931,,RBD,Dallas Executive,CESSNA,560,CESSNA,560,CESSNA 560,AIR,N560RT,5600125,False,2.0,TF,091,,PERS,,Substantial,3,None,0,0,0,0,VMC,,False,DirectorBrief,Completed,,,The pilot's failure to extend the landing gear before landing.,"Personnel issues - Action/decision - Action - Forgotten action/omission - Pilot, Personnel issues - Task performance - Use of equip/info - Use of equip/system - Pilot, Aircraft - Aircraft systems - Landing gear system - Gear extension and retract sys - Not used/operated","  The pilot's failure to extend the landing gear before landing. Personnel issues - Action/decision - Action - Forgotten action/omission - Pilot, Personnel issues - Task performance - Use of equip/info - Use of equip/system - Pilot, Aircraft - Aircraft systems - Landing gear system - Gear extension and retract sys - Not used/operated",False,False,False,False,True,True,False,False,False,False,9.00,1324,,2026-04-03 04:05:44.570293+00:00
658,200963,ANC25LA101,2025-09-01,2025,9,Willow,ALASKA,United States,61.752600,,,PVT,CESSNA,180,CESSNA,180,CESSNA 180,AIR,N2996C,30896,False,1.0,,091,,PERS,,Substantial,3,None,0,0,0,0,VMC,,False,,In work,,,,,   ,False,False,False,False,False,False,False,False,False,False,9.00,1355,,2026-04-03 04:05:44.570293+00:00
660,200965,GAA25WA254,2025-09-05,2025,9,Guadarranque Reservoir,,Spain,,,,,BELL,412,BELL,412,BELL 412,HELI,EC-MRK,36067,False,,,000,,,,Unknown,0,None,0,0,0,0,,,False,,N/A,,,,,   ,False,False,False,False,False,False,False,False,False,False,0.00,1333,,2026-04-03 04:05:44.570293+00:00
661,200967,CEN25LA372,2025-09-09,2025,9,Seymour,INDIANA,United States,38.915990,,SER,Freeman Municipal Airport,CESSNA,182T,CESSNA,182T,CESSNA 182T,AIR,N357CP,18281509,False,1.0,REC,091,,INST,"Civil Air Patrol, Inc.",Substantial,3,None,0,0,0,0,VMC,,False,DirectorBrief,Completed,,,The flight instructor’s improper landing flare which resulted in a bounced landing and loss of control.,"Aircraft - Aircraft oper/perf/capability - Performance/control parameters - Landing flare - Not attained/maintained, Personnel issues - Task performance - Use of equip/info - Aircraft control - Instructor/check pilot","  The flight instructor’s improper landing flare which resulted in a bounced landing and loss of control. Aircraft - Aircraft oper/perf/capability - Performance/control parameters - Landing flare - Not attained/maintained, Personnel issues - Task performance - Use of equip/info - Aircraft control - Instructor/check pilot",False,False,True,False,False,True,False,False,False,False,9.00,1311,,2026-04-03 04:05:44.570293+00:00
662,200970,ANC25LA102,2025-09-04,2025,9,Unalakleet,ALASKA,United States,63.855034,,,,AMERICAN CHAMPION AIRCRAFT,8GCBC,AMERICAN CHAMPION AIRCRAFT,8GCBC,AMERICAN CHAMPION AIRCRAFT 8GCBC,AIR,N242BC,534-2010,False,1.0,,091,,PERS,,Substantial,3,None,0,0,0,0,,,False,,In work,,,,,   ,False,False,False,False,False,False,False,False,False,False,9.00,1335,,2026-04-03 04:05:44.570293+00:00
663,200971,ERA25LA335,2025-09-06,2025,9,Bell,FLORIDA,United States,29.794986,,,,LAFFERTY JACK,SEA REY,LAFFERTY JACK,SEA REY,LAFFERTY JACK SEA,AIR,N2469J,1MK342C,True,1.0,REC,091,,PERS,,Substantial,3,None,0,0,0,0,VMC,,False,DirectorBrief,Completed,,,The pilot’s failure to raise the landing gear before landing on the water.,"Aircraft - Aircraft systems - Landing gear system - Landing gear selector - Not used/operated, Personnel issues - Action/decision - Action - Forgotten action/omission - Pilot","  The pilot’s failure to raise the landing gear before landing on the water. Aircraft - Aircraft systems - Landing gear system - Landing gear selector - Not used/operated, Personnel issues - Action/decision - Action - Forgotten action/omission - Pilot",False,False,False,False,True,True,False,False,False,False,9.00,1325,,2026-04-03 04:05:44.570293+00:00
664,200972,ERA25LA336,2025-09-06,2025,9,Ridgeland,SOUTH CAROLINA,United States,32.496851,,3J1,RIDGELAND-CLAUDE DEAN,LET,L-23 SUPER BLANIK,LET,L-23 SUPER BLANIK,LET L-23,GLI,N231LS,938020,False,0.0,,091,,INST,LOWCOUNTRY SOARING ASSOCIATION,Substantial,3,Serious,0,1,0,1,,,False,,In work,,,,,   ,False,False,False,False,False,False,False,False,False,False,17.00,1322,,2026-04-03 04:05:44.570293+00:00
665,200973,ERA25LA337,2025-09-05,2025,9,Mount Pleasant,SOUTH CAROLINA,United States,32.897833,,LRO,MT PLEASANT RGNL-FAISON FLD,LAROCCA ROCH B,ERACER MK II,LAROCCA ROCH B,ERACER MK II,LAROCCA ROCH B ERACER,AIR,N382RB,92-0115,True,1.0,,091,,PERS,,Substantial,3,None,0,0,0,0,VMC,,False,,In work,,,,,   ,False,False,False,False,False,False,False,False,False,False,9.00,1331,,2026-04-03 04:05:44.570293+00:00
666,200974,GAA25WA255,2025-09-08,2025,9,Yeelanna,,Australia,-34.133333,,,,AIR TRACTOR,AT802,AIR TRACTOR,AT802,AIR TRACTOR AT802,AIR,VH-ODX,0243,False,,,000,,,,Substantial,3,Fatal,1,0,0,1,,,False,,N/A,,,,,   ,False,False,False,False,False,False,False,False,False,False,26.00,1313,,2026-04-03 04:05:44.570293+00:00
667,200975,ERA25LA338,2025-09-10,2025,9,Monroe,GEORGIA,United States,33.728719,,18GA,SLEEPY HOLLOW,BELL,206,BELL,206,BELL 206,HELI,N992MR,3265,False,1.0,,091,,INST,,Destroyed,4,Serious,0,2,0,2,VMC,,False,,In work,,,,,   ,False,False,False,False,False,False,False,False,False,False,20.00,1305,,2026-04-03 04:05:44.570293+00:00
714,201032,WPR25LA282,2025-09-13,2025,9,Victorville,CALIFORNIA,United States,34.590604,,VCV,,CESSNA,P210N,CESSNA,P210N,CESSNA P210N,AIR,N25WD,P21000094,False,1.0,,091,,PERS,,Substantial,3,None,0,0,0,0,,,False,,In work,,,,,   ,False,False,False,False,False,False,False,False,False,False,9.00,1281,,2026-04-03 04:05:44.570293+00:00
669,200977,ERA25LA340,2025-09-02,2025,9,Jackson,OHIO,United States,38.981903,,JRO,JAMES A RHODES,CHAMPION,7FC,CHAMPION,7FC,CHAMPION 7FC,AIR,N9884B,7FC-204,False,1.0,REC,091,,INST,,Substantial,3,None,0,0,0,0,VMC,,False,DirectorBrief,Completed,,,The pilot’s failure to maintain directional control of the airplane during a touch-and-go landing.,"Aircraft - Aircraft oper/perf/capability - Performance/control parameters - Directional control - Not attained/maintained, Personnel issues - Task performance - Use of equip/info - Aircraft control - Pilot","  The pilot’s failure to maintain directional control of the airplane during a touch-and-go landing. Aircraft - Aircraft oper/perf/capability - Performance/control parameters - Directional control - Not attained/maintained, Personnel issues - Task performance - Use of equip/info - Aircraft control - Pilot",False,False,False,False,False,True,False,False,False,False,9.00,1348,,2026-04-03 04:05:44.570293+00:00
689,201003,ERA25LA346,2025-09-05,2025,9,Ashland City,TENNESSEE,United States,36.274798,,,,PIPER,PA-24-180,PIPER,PA-24-180,PIPER PA-24-180,AIR,N5759P,24-836,False,1.0,,091,,PERS,,Substantial,3,Minor,0,0,1,1,VMC,,False,,In work,,,,,   ,False,False,False,False,False,False,False,False,False,False,13.00,1329,,2026-04-03 04:05:44.570293+00:00
831,201805,DCA25WA343,2025-09-20,2025,9,Catania,,Italy,37.468119,,,,AIRBUS,A320,AIRBUS,A320,AIRBUS A320,AIR,CN-NML,4848,False,2.0,,000,SCHD,,Air Arabia Maroc,None,1,None,0,0,0,0,,,False,,N/A,,,,,   ,False,False,False,False,False,False,False,False,False,False,3.00,1234,,2026-04-03 04:05:44.570293+00:00
672,200980,ERA25LA342,2025-09-09,2025,9,Dover,DELAWARE,United States,39.208256,,0N4,CHANDELLE,SCHWEIZER AIRCRAFT CORP,G-164B,SCHWEIZER AIRCRAFT CORP,G-164B,SCHWEIZER AIRCRAFT CORP G-164B,AIR,N8483K,708B,False,1.0,TP,137,,AAPL,AIR ENTERPRISES LLC,Substantial,3,Minor,0,0,1,1,VMC,,False,DirectorBrief,Completed,,,The pilot’s exceedance of the critical angle of attack which resulted in an aerodynamic stall at an altitude too low to recover.,"Aircraft - Aircraft oper/perf/capability - Performance/control parameters - Angle of attack - Not attained/maintained, Personnel issues - Task performance - Use of equip/info - Aircraft control - Pilot","  The pilot’s exceedance of the critical angle of attack which resulted in an aerodynamic stall at an altitude too low to recover. Aircraft - Aircraft oper/perf/capability - Performance/control parameters - Angle of attack - Not attained/maintained, Personnel issues - Task performance - Use of equip/info - Aircraft control - Pilot",False,False,False,False,False,False,False,False,False,False,13.00,1310,,2026-04-03 04:05:44.570293+00:00
673,200981,WPR25LA275,2025-09-10,2025,9,Hollister,CALIFORNIA,United States,36.952318,,1C9,FRAZIER LAKE AIRPARK,PIPER,PA-28-180,PIPER,PA-28-180,PIPER PA-28-180,AIR,N7756N,28-5200,False,1.0,REC,091,,PERS,,Substantial,3,None,0,0,0,0,VMC,,False,DirectorBrief,Completed,,,The pilot’s delayed go-around from an unstabilized approach that resulted in an impact with terrain.,"Aircraft - Aircraft oper/perf/capability - Performance/control parameters - Descent/approach/glide path - Not attained/maintained, Personnel issues - Action/decision - Action - Delayed action - Pilot","  The pilot’s delayed go-around from an unstabilized approach that resulted in an impact with terrain. Aircraft - Aircraft oper/perf/capability - Performance/control parameters - Descent/approach/glide path - Not attained/maintained, Personnel issues - Action/decision - Action - Delayed action - Pilot",False,False,False,False,False,False,False,False,False,False,9.00,1300,,2026-04-03 04:05:44.570293+00:00
674,200982,ANC25LA103,2025-09-10,2025,9,Gulkana,ALASKA,United States,62.704187,,,,PIPER,PA-11,PIPER,PA-11,PIPER PA-11,AIR,N5025H,11-905,False,1.0,,091,,PERS,,Substantial,3,Serious,0,1,0,1,,,False,,In work,,,,,   ,False,False,False,False,False,False,False,False,False,False,17.00,1303,,2026-04-03 04:05:44.570293+00:00
676,200985,ERA25FA344,2025-09-11,2025,9,Jim Thorpe,PENNSYLVANIA,United States,40.884331,,,,HUGHES,369D,HUGHES,369D,HUGHES 369D,HELI,N5072F,811024D,False,1.0,,133,,EXLD,WINCO INC,Destroyed,4,Fatal,2,0,0,2,VMC,,False,,In work,,,,,   ,False,False,False,False,False,False,False,False,False,False,34.00,1295,,2026-04-03 04:05:44.570293+00:00
677,200986,WPR25LA276,2025-09-11,2025,9,Jackpot,NEVADA,United States,41.975831,,06U,JACKPOT/HAYDEN FLD,SCHIEBER CEDRIC H,CH801,SCHIEBER CEDRIC H,CH801,SCHIEBER CEDRIC H CH801,AIR,N801CS,8-4037,True,1.0,,091,,PERS,,Substantial,3,None,0,0,0,0,VMC,,False,,In work,,,,,   ,False,False,False,False,False,False,False,False,False,False,9.00,1299,,2026-04-03 04:05:44.570293+00:00
678,200991,GAA25WA256,2025-09-11,2025,9,Montevideo,OTHER FOREIGN,Uruguay,,,,,CESSNA,150,CESSNA,150,CESSNA 150,AIR,CX-CBJ,,False,,,000,,,,Substantial,3,None,0,0,0,0,,,False,,N/A,,,,,   ,False,False,False,False,False,False,False,False,False,False,9.00,1293,,2026-04-03 04:05:44.570293+00:00
679,200993,WPR25FA277,2025-09-12,2025,9,Mount Hamilton,CALIFORNIA,United States,37.394950,,,,LAWSON THOMAS O,LANCAIR SUPER ES,LAWSON THOMAS O,LANCAIR SUPER ES,LAWSON THOMAS O LANCAIR,AIR,N905ET,148,True,1.0,,091,,PERS,,Destroyed,4,Fatal,1,0,0,1,VMC,,False,,In work,,,,,   ,False,False,False,False,False,False,False,False,False,False,29.00,1288,,2026-04-03 04:05:44.570293+00:00
680,200994,ANC25LA104,2025-09-08,2025,9,Chisana,ALASKA,United States,62.216667,,CZN,,JEREMY PRICE,SMITH SUPER CUB,JEREMY PRICE,SMITH SUPER CUB,JEREMY PRICE SMITH,AIR,N9930D,JP001,True,1.0,,091,,PERS,,Substantial,3,None,0,0,0,0,VMC,,False,,In work,,,,,   ,False,False,False,False,False,False,False,False,False,False,9.00,1314,,2026-04-03 04:05:44.570293+00:00
681,200995,ANC25LA105,2025-09-13,2025,9,Point Mackenzie,ALASKA,United States,61.367833,,Z40,Goose Bay,MAULE,M-5-235C,MAULE,M-5-235C,MAULE M-5-235C,AIR,N343GA,7009C,False,1.0,,091,,PERS,,Substantial,3,Serious,0,1,0,1,VMC,,False,,In work,,,,,   ,False,False,False,False,False,False,False,False,False,False,17.00,1282,,2026-04-03 04:05:44.570293+00:00
682,200996,CEN25LA375,2025-09-11,2025,9,Forest Lake,MINNESOTA,United States,45.249607,,25D,Forest Lake Airport,Just Aircraft,Highlander,JUST AIRCRAFT,Highlander,JUST AIRCRAFT HIGHLANDER,AIR,N442DU,JAESC00107,True,1.0,REC,091,,FLTS,,Substantial,3,Minor,0,0,1,1,VMC,,False,DirectorBrief,Completed,,,The pilot’s failure to maintain directional control of the airplane during a gusty crosswind landing.,"Aircraft - Aircraft oper/perf/capability - Performance/control parameters - Directional control - Not attained/maintained, Environmental issues - Conditions/weather/phenomena - Wind - Crosswind - Effect on operation, Environmental issues - Conditions/weather/phenomena - Wind - Gusts - Effect on operation","  The pilot’s failure to maintain directional control of the airplane during a gusty crosswind landing. Aircraft - Aircraft oper/perf/capability - Performance/control parameters - Directional control - Not attained/maintained, Environmental issues - Conditions/weather/phenomena - Wind - Crosswind - Effect on operation, Environmental issues - Conditions/weather/phenomena - Wind - Gusts - Effect on operation",False,False,False,False,False,True,False,False,False,False,13.00,1294,,2026-04-03 04:05:44.570293+00:00
842,201819,GAA25WA273,2025-09-17,2025,9,Guatemala City,OTHER FOREIGN,Guatemala,14.584813,,MGGT,La Aurora International Airport,BEECH,A45,BEECH,A45,BEECH A45,AIR,N334LS,G-813,False,1.0,REC,000,,,Unknown,Substantial,3,None,0,0,0,0,,,False,,N/A,,,,Not determined - Not determined - (general) - (general) - Other authority investigated,   Not determined - Not determined - (general) - (general) - Other authority investigated,False,False,False,False,False,False,False,False,False,False,9.00,1259,,2026-04-03 04:05:44.570293+00:00
683,200997,CEN25LA376,2025-09-13,2025,9,Omaha,NEBRASKA,United States,41.195402,,MLE,MILLARD,CESSNA,180H,CESSNA,180H,CESSNA 180H,AIR,N180BT,18051815,False,1.0,REC,091,,PERS,Aero Bug LLC,Substantial,3,None,0,0,0,0,VMC,,False,DirectorBrief,Completed,,,The flight instructor’s failure to maintain directional control during landing in the tailwheel equipped airplane.,"Aircraft - Aircraft oper/perf/capability - Performance/control parameters - Directional control - Not attained/maintained, Personnel issues - Task performance - Use of equip/info - Aircraft control - Instructor/check pilot","  The flight instructor’s failure to maintain directional control during landing in the tailwheel equipped airplane. Aircraft - Aircraft oper/perf/capability - Performance/control parameters - Directional control - Not attained/maintained, Personnel issues - Task performance - Use of equip/info - Aircraft control - Instructor/check pilot",False,False,False,False,False,True,False,False,False,False,9.00,1285,,2026-04-03 04:05:44.570293+00:00
832,201806,GAA26WA004,2025-10-04,2025,10,Santa Ana Del Yacuma,OTHER FOREIGN,Bolivia,,,,,"CESSNA, CESSNA","172, R172","CESSNA, CESSNA","172, R172","CESSNA, CESSNA 172,","AIR, AIR","CP-3062, CP-2645","172076032, R172008",,,,000,,,,"Unknown, Unknown",0,Fatal,2,0,0,2,,,False,,N/A,,,,,   ,False,False,False,False,False,False,False,False,False,False,22.00,956,,2026-04-03 04:05:44.570293+00:00
684,200998,CEN25LA377,2025-09-13,2025,9,Lancaster,TEXAS,United States,32.587406,,LNC,LANCASTER RGNL,CESSNA,172F,CESSNA,172F,CESSNA 172F,AIR,N7774A,17252168,False,1.0,REC,091,,POSI,,Substantial,3,None,0,0,0,0,VMC,,False,DirectorBrief,Completed,,,The pilot’s inadequate fuel planning and failure to monitor the fuel consumption which resulted in a total loss of engine power due to fuel exhaustion.,"Aircraft - Fluids/misc hardware - Fluids - Fuel - Fluid management, Personnel issues - Task performance - Planning/preparation - Fuel planning - Pilot, Personnel issues - Task performance - Inspection - Preflight inspection - Pilot, Personnel issues - Experience/knowledge - Knowledge - Knowledge of equipment - Pilot","  The pilot’s inadequate fuel planning and failure to monitor the fuel consumption which resulted in a total loss of engine power due to fuel exhaustion. Aircraft - Fluids/misc hardware - Fluids - Fuel - Fluid management, Personnel issues - Task performance - Planning/preparation - Fuel planning - Pilot, Personnel issues - Task performance - Inspection - Preflight inspection - Pilot, Personnel issues - Experience/knowledge - Knowledge - Knowledge of equipment - Pilot",False,True,False,False,False,True,False,False,False,False,9.00,1286,,2026-04-03 04:05:44.570293+00:00
685,200999,CEN25LA378,2025-09-11,2025,9,Racine,WISCONSIN,United States,42.857731,,,,CIRRUS DESIGN CORP,SR22T,CIRRUS DESIGN CORP,SR22T,CIRRUS DESIGN CORP SR22T,AIR,N121JB,2484,False,1.0,REC,091,,INST,InfoSec Pros LLC,Substantial,3,None,0,0,0,0,VMC,,False,DirectorBrief,Completed,,,A total loss of engine power for reasons that could not be determined.,Not determined - Not determined - (general) - (general) - Unknown/Not determined,  A total loss of engine power for reasons that could not be determined. Not determined - Not determined - (general) - (general) - Unknown/Not determined,False,False,False,False,False,False,False,False,False,False,9.00,1297,,2026-04-03 04:05:44.570293+00:00
686,201000,ERA25LA345,2025-09-13,2025,9,Williston,FLORIDA,United States,,,,,CESSNA,172,CESSNA,172,CESSNA 172,,N345QA,,False,,,091,,,N345QA LLC,,0,None,0,0,0,0,,,False,,In work,,,,,   ,False,False,False,False,False,False,False,False,False,False,0.00,1283,,2026-04-03 04:05:44.570293+00:00
687,201001,DCA25LA323,2025-09-12,2025,9,Port Orange,FLORIDA,United States,29.063393,,,,BOEING,737-7H4,BOEING,737-7H4,BOEING 737-7H4,AIR,N919WN,36625,False,2.0,,121,SCHD,,SOUTHWEST AIRLINES CO,None,1,Serious,0,1,0,1,,,False,,In work,,,,,   ,False,False,False,False,False,False,False,False,False,False,11.00,1289,,2026-04-03 04:05:44.570293+00:00
690,201004,CEN25LA379,2025-09-13,2025,9,Bedford,INDIANA,United States,38.861200,,BFR,Virgil I Grissom Municipal Airport,PEGASUS,QUANTUM 15,PEGASUS,QUANTUM 15,PEGASUS QUANTUM,WSFT,N36TJ,7538,False,1.0,,091,,PERS,Pilot,Substantial,3,Serious,0,1,0,1,VMC,,False,,In work,,,,,   ,False,False,False,False,False,False,False,False,False,False,17.00,1279,,2026-04-03 04:05:44.570293+00:00
691,201005,GAA25WA257,2025-09-15,2025,9,Antofagasta,OTHER FOREIGN,Chile,,,,,VULCANAIR,P68,VULCANAIR,P68,VULCANAIR P68,AIR,CC-DEP,,False,,,000,,,,None,1,None,0,0,0,0,,,False,,N/A,,,,,   ,False,False,False,False,False,False,False,False,False,False,3.00,1275,,2026-04-03 04:05:44.570293+00:00
692,201006,CEN25LA382,2025-09-10,2025,9,South Bend,INDIANA,United States,41.708224,,SBN,SOUTH BEND INTL,BEECH,C23,BEECH,C23,BEECH C23,AIR,N997V,M-2234,False,1.0,REC,091,,INST,,Substantial,3,None,0,0,0,0,VMC,,False,DirectorBrief,Completed,,,The pilot’s failure to maintain control of the airplane during a go around which resulted in an aerodynamic stall. Contributing to the accident was the loss of directional control during the landing roll.,"Aircraft - Aircraft oper/perf/capability - Performance/control parameters - Airspeed - Not attained/maintained, Aircraft - Aircraft oper/perf/capability - Performance/control parameters - Angle of attack - Capability exceeded, Personnel issues - Task performance - Use of equip/info - Aircraft control - Pilot, Aircraft - Aircraft oper/perf/capability - Performance/control parameters - Directional control - Not attained/maintained","  The pilot’s failure to maintain control of the airplane during a go around which resulted in an aerodynamic stall. Contributing to the accident was the loss of directional control during the landing roll. Aircraft - Aircraft oper/perf/capability - Performance/control parameters - Airspeed - Not attained/maintained, Aircraft - Aircraft oper/perf/capability - Performance/control parameters - Angle of attack - Capability exceeded, Personnel issues - Task performance - Use of equip/info - Aircraft control - Pilot, Aircraft - Aircraft oper/perf/capability - Performance/control parameters - Directional control - Not attained/maintained",False,False,False,False,False,True,False,False,False,False,9.00,1302,,2026-04-03 04:05:44.570293+00:00
693,201008,CEN25LA380,2025-09-15,2025,9,Decatur,TEXAS,United States,33.254167,,LUD,Decatur Municipal Airport,BELL,407,BELL,407,BELL 407,HELI,N407WA,53222,False,1.0,TS,091,,INST,MED-TRANS CORP,Substantial,3,Minor,0,0,1,1,VMC,,False,DirectorBrief,Completed,,,"The instructor candidate’s erroneous operation of the throttle during an autorotation from altitude with power recovery, which resulted in a hard landing.","Personnel issues - Task performance - Use of equip/info - Use of equip/system - Instructor/check pilot, Aircraft - Aircraft oper/perf/capability - Performance/control parameters - Prop/rotor parameters - Not attained/maintained","  The instructor candidate’s erroneous operation of the throttle during an autorotation from altitude with power recovery, which resulted in a hard landing. Personnel issues - Task performance - Use of equip/info - Use of equip/system - Instructor/check pilot, Aircraft - Aircraft oper/perf/capability - Performance/control parameters - Prop/rotor parameters - Not attained/maintained",False,False,False,False,False,False,False,False,False,False,13.00,1272,,2026-04-03 04:05:44.570293+00:00
695,201010,DCA25WA325,2025-09-01,2025,9,Chennai,,India,,,,,AIRBUS,A320,AIRBUS,A320,AIRBUS A320,AIR,VT-ATF,,False,,,129,,,Air India Express Limited,None,1,,0,0,0,0,,,False,,N/A,,,,,   ,False,False,False,False,False,False,False,False,False,False,3.00,1356,,2026-04-03 04:05:44.570293+00:00
696,201011,DCA25WA326,2025-07-10,2025,7,Bologna,,Italy,,,,,BOEING,737,BOEING,737,BOEING 737,AIR,EI-EFE,,False,,,129,,,Ryanair,None,1,Serious,0,1,0,1,,,False,,N/A,,,,,   ,False,False,False,False,False,False,False,False,False,False,11.00,1500,,2026-04-03 04:05:44.570293+00:00
712,201029,WPR25LA280,2025-09-17,2025,9,Hayden,IDAHO,United States,47.773740,,COE,Pappy Boyington Field,WEAVER,Harmon Rocket,WEAVER,Harmon Rocket,WEAVER HARMON,AIR,N686X,207,True,1.0,REC,091,,PERS,,Substantial,3,None,0,0,0,0,VMC,,False,DirectorBrief,Completed,,,"The pilot’s loss of directional control during landing, which resulted in a runway excursion and collision with terrain.","Personnel issues - Task performance - Use of equip/info - Aircraft control - Pilot, Aircraft - Aircraft oper/perf/capability - Performance/control parameters - Directional control - Not attained/maintained","  The pilot’s loss of directional control during landing, which resulted in a runway excursion and collision with terrain. Personnel issues - Task performance - Use of equip/info - Aircraft control - Pilot, Aircraft - Aircraft oper/perf/capability - Performance/control parameters - Directional control - Not attained/maintained",False,False,False,False,False,False,True,False,False,False,9.00,1261,,2026-04-03 04:05:44.570293+00:00
715,201033,ERA25LA351,2025-09-17,2025,9,Smyrna,TENNESSEE,United States,36.009671,,MQY,SMYRNA,PIPER,PA28R,PIPER,PA28R,PIPER PA28R,AIR,N47742,28R-7803011,False,1.0,REC,091,,PERS,,Substantial,3,None,0,0,0,0,VMC,,False,DirectorBrief,Completed,,,The pilot’s failure to extend the landing gear before landing.,"Aircraft - Aircraft systems - Landing gear system - Gear extension and retract sys - Not used/operated, Personnel issues - Action/decision - Action - Forgotten action/omission - Pilot","  The pilot’s failure to extend the landing gear before landing. Aircraft - Aircraft systems - Landing gear system - Gear extension and retract sys - Not used/operated, Personnel issues - Action/decision - Action - Forgotten action/omission - Pilot",False,False,False,False,True,True,False,False,False,False,9.00,1257,,2026-04-03 04:05:44.570293+00:00
716,201034,ANC25LA108,2025-09-16,2025,9,Delta Junction,ALASKA,United States,63.957980,,NONE,Ridge,PIPER,PA-18-150,PIPER,PA-18-150,PIPER PA-18-150,AIR,N7777D,18-5962,False,1.0,,091,,PERS,,Substantial,3,None,0,0,0,0,VMC,,False,,In work,,,,,   ,False,False,False,False,False,False,False,False,False,False,9.00,1266,,2026-04-03 04:05:44.570293+00:00
727,201048,ERA25LA355,2025-09-19,2025,9,Monterey,VIRGINIA,United States,38.401731,,7VA9,HANNAH Field,LAMPHERE DAVID A,WITTMAN BUTTERCUP,LAMPHERE DAVID A,WITTMAN BUTTERCUP,LAMPHERE DAVID A WITTMAN,AIR,N365ED,DAL002,True,1.0,REC,091,,PERS,,Substantial,3,None,0,0,0,0,VMC,,False,DirectorBrief,Completed,,,"The pilot’s failure to attain a proper touchdown point while landing, which resulted in a runway overrun.","Personnel issues - Action/decision - Info processing/decision - Decision making/judgment - Pilot, Aircraft - Aircraft oper/perf/capability - Performance/control parameters - Descent/approach/glide path - Not attained/maintained","  The pilot’s failure to attain a proper touchdown point while landing, which resulted in a runway overrun. Personnel issues - Action/decision - Info processing/decision - Decision making/judgment - Pilot, Aircraft - Aircraft oper/perf/capability - Performance/control parameters - Descent/approach/glide path - Not attained/maintained",False,False,False,False,False,True,True,False,False,False,9.00,1247,,2026-04-03 04:05:44.570293+00:00
730,201051,DCA25WA334,2025-06-28,2025,6,Stansted,OTHER FOREIGN,United Kingdom,51.885000,,,,BOEING,737-8,BOEING,737-8,BOEING 737-8,AIR,EI-HEZ,62312,False,2.0,,000,SCHD,,Ryanair,None,1,,0,0,0,0,,,False,,N/A,,,,,   ,False,False,False,False,False,False,False,False,False,False,3.00,1771,,2026-04-03 04:05:44.570293+00:00
697,201012,WPR25LA278,2025-09-11,2025,9,Rocky Ridge,UTAH,United States,39.917420,,,,DIAMOND AIRCRAFT IND INC,DA 40,DIAMOND AIRCRAFT IND INC,DA 40,DIAMOND AIRCRAFT IND INC DA,AIR,N8VT,40.480,False,1.0,REC,091,,INST,,Substantial,3,Minor,0,0,3,3,VMC,,False,DirectorBrief,Completed,,,"The flight instructor’s inadequate supervision and delayed remedial action during an unusual attitude recovery, which resulted in a descent into terrain.","Aircraft - Aircraft oper/perf/capability - Performance/control parameters - Altitude - Not attained/maintained, Personnel issues - Task performance - Use of equip/info - Aircraft control - Student/instructed pilot, Personnel issues - Task performance - Use of equip/info - Aircraft control - Instructor/check pilot, Personnel issues - Psychological - Attention/monitoring - Monitoring environment - Instructor/check pilot, Personnel issues - Action/decision - Action - Delayed action - Instructor/check pilot","  The flight instructor’s inadequate supervision and delayed remedial action during an unusual attitude recovery, which resulted in a descent into terrain. Aircraft - Aircraft oper/perf/capability - Performance/control parameters - Altitude - Not attained/maintained, Personnel issues - Task performance - Use of equip/info - Aircraft control - Student/instructed pilot, Personnel issues - Task performance - Use of equip/info - Aircraft control - Instructor/check pilot, Personnel issues - Psychological - Attention/monitoring - Monitoring environment - Instructor/check pilot, Personnel issues - Action/decision - Action - Delayed action - Instructor/check pilot",False,False,False,False,False,True,False,False,False,False,13.00,1292,,2026-04-03 04:05:44.570293+00:00
698,201013,DCA25WA327,2025-09-10,2025,9,Sydney,,Australia,,,,,BOEING,767,BOEING,767,BOEING 767,AIR,VH-XQU,,False,,,000,,,Tasman Cargo Airlines,None,1,,0,0,0,0,,,False,,N/A,,,,,   ,False,False,False,False,False,False,False,False,False,False,3.00,1307,,2026-04-03 04:05:44.570293+00:00
699,201014,DCA25WA328,2025-09-14,2025,9,Krakow,,Poland,,,,,BOEING,737,BOEING,737,BOEING 737,AIR,OM-FEX,,False,,,129,,,AirExplore,None,1,None,0,0,0,0,,,False,,N/A,,,,,   ,False,False,False,False,False,False,False,False,False,False,3.00,1276,,2026-04-03 04:05:44.570293+00:00
700,201015,ANC25LA106,2025-09-05,2025,9,Delta Junction,ALASKA,United States,64.110000,,,,BRIAN TURNER,NORTHERN EXPLORER,BRIAN TURNER,NORTHERN EXPLORER,BRIAN TURNER NORTHERN,AIR,N907BT,072515,False,1.0,,091,,PERS,,Substantial,3,None,0,0,0,0,,,False,,In work,,,,,   ,False,False,False,False,False,False,False,False,False,False,9.00,1328,,2026-04-03 04:05:44.570293+00:00
701,201016,WPR25FA279,2025-09-16,2025,9,Moriarty,NEW MEXICO,United States,34.967591,,0E0,MORIARTY MUNI,BELLANCA,17-30A,BELLANCA,17-30A,BELLANCA 17-30A,AIR,N432DM,30413,False,1.0,,091,,INST,,Substantial,3,Fatal,1,1,0,2,VMC,,False,,In work,,,,,   ,False,False,False,False,False,False,False,False,False,False,26.00,1269,,2026-04-03 04:05:44.570293+00:00
702,201017,ANC25LA107,2025-09-15,2025,9,Beluga,ALASKA,United States,61.234905,,,,DAVID HUNTER,DANCHINI CUB,DAVID HUNTER,DANCHINI CUB,DAVID HUNTER DANCHINI,AIR,N798AK,007,False,1.0,,091,,PERS,,Substantial,3,None,0,0,0,0,,,False,,In work,,,,,   ,False,False,False,False,False,False,False,False,False,False,9.00,1273,,2026-04-03 04:05:44.570293+00:00
703,201020,ERA25LA347,2025-09-01,2025,9,Eustis,MAINE,United States,45.208884,,,,CESSNA,170,CESSNA,170,CESSNA 170,AIR,N3576D,27119,False,1.0,REC,091,,PERS,,Substantial,3,Minor,0,0,2,2,VMC,,False,DirectorBrief,Completed,,,"The pilot’s failure to maintain control of the airplane during takeoff, which resulted in an inadvertent descent, contact with the water, and a subsequent nose over.","Aircraft - Aircraft oper/perf/capability - Performance/control parameters - Pitch control - Not attained/maintained, Personnel issues - Task performance - Use of equip/info - Aircraft control - Pilot","  The pilot’s failure to maintain control of the airplane during takeoff, which resulted in an inadvertent descent, contact with the water, and a subsequent nose over. Aircraft - Aircraft oper/perf/capability - Performance/control parameters - Pitch control - Not attained/maintained, Personnel issues - Task performance - Use of equip/info - Aircraft control - Pilot",False,False,False,False,False,True,False,False,False,False,13.00,1350,,2026-04-03 04:05:44.570293+00:00
704,201021,DCA25WA331,2025-09-10,2025,9,Barquisimeto,OTHER FOREIGN,Venezuela,10.042778,,,,BOEING,737,BOEING,737,BOEING 737,AIR,YV2794,230089,False,2.0,TF,000,SCHD,,Avior Airlines C.A.,None,1,None,0,0,0,0,,,False,,N/A,,,,,   ,False,False,False,False,False,False,False,False,False,False,3.00,1304,,2026-04-03 04:05:44.570293+00:00
705,201022,GAA25WA258,2025-09-05,2025,9,Lvivuk,OTHER FOREIGN,Ukraine,,,,,SUKHOI,SU31,SUKHOI,SU31,SUKHOI SU31,AIR,N131GT,,False,,,000,,,,None,1,None,0,0,0,0,,,False,,N/A,,,,,   ,False,False,False,False,False,False,False,False,False,False,3.00,1332,,2026-04-03 04:05:44.570293+00:00
706,201023,ERA25LA349,2025-09-16,2025,9,Lincoln Park,NEW JERSEY,United States,40.947238,,N07,LINCOLN PARK,PIPISTREL LSA S R L,VIRUS 912 LSA,PIPISTREL LSA S R L,VIRUS 912 LSA,PIPISTREL LSA S R L VIRUS,AIR,N272BH,992 VN 912 LSA,False,1.0,,091,,PERS,,Substantial,3,None,0,0,0,0,VMC,,False,,In work,,,,,   ,False,False,False,False,False,False,False,False,False,False,9.00,1265,,2026-04-03 04:05:44.570293+00:00
707,201024,ERA25LA350,2025-09-17,2025,9,Astatula,FLORIDA,United States,28.677894,,X04,ORLANDO APOPKA,PIPER AIRCRAFT INC,PA-28-181,PIPER AIRCRAFT INC,PA-28-181,PIPER AIRCRAFT INC PA-28-181,AIR,N580JA,28020080,False,1.0,,091,,INST,Orlando Flight Academy,Substantial,3,Minor,0,0,1,1,VMC,,False,,In work,,,,,   ,False,False,False,False,False,False,False,False,False,False,13.00,1263,,2026-04-03 04:05:44.570293+00:00
708,201025,CEN25LA383,2025-09-16,2025,9,Crystal Mountain,MICHIGAN,United States,44.517801,,7Y2,THOMPSONVILLE,QUAD CITY,CHALLENGER,QUAD CITY,CHALLENGER,QUAD CITY CHALLENGER,AIR,N65176,CH20889Y0448,True,1.0,REC,091,,PERS,,Substantial,3,None,0,0,0,0,VMC,,False,DirectorBrief,Completed,,,The pilot’s failure to maintain aircraft control during initial climb.,Aircraft - Aircraft oper/perf/capability - Performance/control parameters - Directional control - Not attained/maintained,  The pilot’s failure to maintain aircraft control during initial climb. Aircraft - Aircraft oper/perf/capability - Performance/control parameters - Directional control - Not attained/maintained,False,False,False,False,False,True,False,False,False,False,9.00,1267,,2026-04-03 04:05:44.570293+00:00
709,201026,CEN25LA384,2025-09-12,2025,9,Gore Springs,MISSISSIPPI,United States,33.813000,,N/A,N/A,CESSNA,210A,CESSNA,210A,CESSNA 210A,AIR,N911MC,21057773,False,1.0,,091,,PERS,KING DADDY AVIATION LLC,Substantial,3,Minor,0,0,1,1,VMC,,False,,In work,,,,,   ,False,False,False,False,False,False,False,False,False,False,13.00,1287,,2026-04-03 04:05:44.570293+00:00
710,201027,CEN25LA385,2025-09-12,2025,9,Rossville,INDIANA,United States,40.415178,,,,QUICKSILVER,MX II,QUICKSILVER,MX II,QUICKSILVER MX,AIR,UNREG,UNK,True,1.0,REC,091,,PERS,,Substantial,3,Serious,0,1,0,1,VMC,,False,DirectorBrief,Completed,,,"The pilot's failure to maintain adequate airspeed while maneuvering at a low altitude, which led to the airplane exceeding its critical angle of attack and experiencing an aerodynamic stall. Contributing to the accident was the pilot's distraction.","Personnel issues - Psychological - Attention/monitoring - Attention - Pilot, Aircraft - Aircraft oper/perf/capability - Performance/control parameters - Angle of attack - Capability exceeded, Personnel issues - Task performance - Use of equip/info - Aircraft control - Pilot, Aircraft - Aircraft oper/perf/capability - Performance/control parameters - Airspeed - Not attained/maintained","  The pilot's failure to maintain adequate airspeed while maneuvering at a low altitude, which led to the airplane exceeding its critical angle of attack and experiencing an aerodynamic stall. Contributing to the accident was the pilot's distraction. Personnel issues - Psychological - Attention/monitoring - Attention - Pilot, Aircraft - Aircraft oper/perf/capability - Performance/control parameters - Angle of attack - Capability exceeded, Personnel issues - Task performance - Use of equip/info - Aircraft control - Pilot, Aircraft - Aircraft oper/perf/capability - Performance/control parameters - Airspeed - Not attained/maintained",False,False,False,False,False,True,False,False,False,False,17.00,1290,,2026-04-03 04:05:44.570293+00:00
711,201028,CEN25LA386,2025-09-16,2025,9,Pearland,TEXAS,United States,29.521278,,LVJ,PEARLAND RGNL,MOONEY AIRCRAFT CORP.,M20K,MOONEY AIRCRAFT CORP.,M20K,MOONEY AIRCRAFT CORP. M20K,AIR,N305EP,25-0656,False,1.0,,091,,PERS,,Substantial,3,None,0,0,0,0,VMC,,False,,In work,,,,,   ,False,False,False,False,False,False,False,False,False,False,9.00,1270,,2026-04-03 04:05:44.570293+00:00
718,201036,WPR25LA284,2025-09-15,2025,9,Albuquerque,NEW MEXICO,United States,35.075350,,,,CAMERON BALLOONS US,A-225,CAMERON BALLOONS US,A-225,CAMERON BALLOONS US A-225,BALL,N980VA,6968,False,0.0,,091,,OWRK,Rainbow Ryders INC,None,1,Serious,0,1,0,1,VMC,,False,DirectorBrief,Completed,,,"The balloon pilot’s improper landing, which resulted in serious injury to a passenger. Contributing to the accident was the pilot’s failure to brief the proper landing procedure.","Personnel issues - Task performance - Communication (personnel) - Issuing instructions - Pilot, Personnel issues - Experience/knowledge - Knowledge - Knowledge of procedures - Pilot, Personnel issues - Task performance - Use of equip/info - Aircraft control - Pilot, Environmental issues - Physical environment - Terrain - Rough terrain - Contributed to outcome","  The balloon pilot’s improper landing, which resulted in serious injury to a passenger. Contributing to the accident was the pilot’s failure to brief the proper landing procedure. Personnel issues - Task performance - Communication (personnel) - Issuing instructions - Pilot, Personnel issues - Experience/knowledge - Knowledge - Knowledge of procedures - Pilot, Personnel issues - Task performance - Use of equip/info - Aircraft control - Pilot, Environmental issues - Physical environment - Terrain - Rough terrain - Contributed to outcome",False,False,False,False,False,True,False,False,False,False,11.00,1274,,2026-04-03 04:05:44.570293+00:00
719,201038,WPR25LA285,2025-09-03,2025,9,Reno,NEVADA,United States,39.668177,,RTS,Reno/Stead Airport,CESSNA,180,CESSNA,180,CESSNA 180,AIR,N4603B,31501,False,1.0,REC,091,,PERS,,Substantial,3,None,0,0,0,0,VMC,,False,DirectorBrief,Completed,,,"The pilot's failure to maintain directional control while transitioning from the landing roll to taxi, which resulted in a ground loop.","Aircraft - Aircraft oper/perf/capability - Performance/control parameters - Directional control - Not attained/maintained, Personnel issues - Task performance - Use of equip/info - Aircraft control - Pilot","  The pilot's failure to maintain directional control while transitioning from the landing roll to taxi, which resulted in a ground loop. Aircraft - Aircraft oper/perf/capability - Performance/control parameters - Directional control - Not attained/maintained, Personnel issues - Task performance - Use of equip/info - Aircraft control - Pilot",False,False,False,False,False,True,False,False,False,False,9.00,1343,,2026-04-03 04:05:44.570293+00:00
721,201041,ERA25FA352,2025-09-18,2025,9,Franklin,NORTH CAROLINA,United States,35.226085,,1A5,MACON COUNTY,CIRRUS DESIGN CORP,SR22T,CIRRUS DESIGN CORP,SR22T,CIRRUS DESIGN CORP SR22T,AIR,N218VB,1378,False,1.0,,091,,PERS,,Substantial,3,Fatal,3,0,0,3,VMC,,False,,In work,,,,,   ,False,False,False,False,False,False,False,False,False,False,36.00,1253,,2026-04-03 04:05:44.570293+00:00
722,201042,WPR25LA287,2025-09-13,2025,9,Cave Junction,OREGON,United States,42.103600,,3S4,ILLINOIS VALLEY,BRISENO SAMUEL,KOLB FIREFLY,BRISENO SAMUEL,KOLB FIREFLY,BRISENO SAMUEL KOLB,AIR,N139SB,FF00-2-00013,True,1.0,REC,091,,PERS,,Substantial,3,Serious,0,1,0,1,VMC,,False,DirectorBrief,Completed,,,"The non-certificated pilot's improper landing flare in turbulent wind conditions, which resulted in a hard landing.","Personnel issues - Task performance - Use of equip/info - Aircraft control - Pilot, Aircraft - Aircraft oper/perf/capability - Performance/control parameters - Landing flare - Not attained/maintained, Environmental issues - Conditions/weather/phenomena - Turbulence - (general) - Effect on operation, Personnel issues - Experience/knowledge - Experience/qualifications - Qualification/certification - Pilot","  The non-certificated pilot's improper landing flare in turbulent wind conditions, which resulted in a hard landing. Personnel issues - Task performance - Use of equip/info - Aircraft control - Pilot, Aircraft - Aircraft oper/perf/capability - Performance/control parameters - Landing flare - Not attained/maintained, Environmental issues - Conditions/weather/phenomena - Turbulence - (general) - Effect on operation, Personnel issues - Experience/knowledge - Experience/qualifications - Qualification/certification - Pilot",False,False,False,False,False,True,False,False,False,False,17.00,1284,,2026-04-03 04:05:44.570293+00:00
723,201043,ERA25LA353,2025-09-18,2025,9,Mayfield,KENTUCKY,United States,36.760866,,M25,MAYFIELD GRAVES COUNTY,CESSNA,525C,CESSNA,525C,CESSNA 525C,AIR,N577RT,525C0133,False,2.0,,091,,POSI,STONECREST CAPITAL LLC,Substantial,3,None,0,0,0,0,VMC,,False,,In work,,,,,   ,False,False,False,False,False,False,False,False,False,False,9.00,1252,,2026-04-03 04:05:44.570293+00:00
724,201044,WPR25LA288,2025-09-17,2025,9,San Diego,CALIFORNIA,United States,32.733357,,SAN,San Diego International Airport,CESSNA,750,CESSNA,750,CESSNA 750,AIR,N769XJ,750-0269,False,2.0,,135,NSCH,OWRK,Bell Air,Substantial,3,None,0,0,0,0,VMC,,False,,In work,,,,,   ,False,False,False,False,False,False,False,False,False,False,9.00,1260,,2026-04-03 04:05:44.570293+00:00
742,201067,GAA25WA261,2025-09-01,2025,9,Casey,OTHER FOREIGN,Canada,47.935050,,CSQ4,Casey Camp de Base,SKYSTAR,KITFOX,SKYSTAR,KITFOX,SKYSTAR KITFOX,AIR,C-GMFA,1616,False,1.0,,000,,PERS,,Substantial,3,Fatal,2,0,0,2,,,False,,N/A,,,,,   ,False,False,False,False,False,False,False,False,False,False,31.00,1357,,2026-04-03 04:05:44.570293+00:00
725,201045,ERA25LA354,2025-09-13,2025,9,New Castle,VIRGINIA,United States,37.483463,,VA85,NEW CASTLE INTL,JONKER SAILPLANES (PTY) LTD,JS3,JONKER SAILPLANES (PTY) LTD,JS3,JONKER SAILPLANES (PTY) LTD JS3,GLI,N68MF,03-136,False,1.0,TJ,091,,PERS,,Substantial,3,None,0,0,0,0,VMC,,False,DirectorBrief,Completed,,,"The pilot’s failure to properly configure the glider for landing, which resulted in an excessive descent rate during approach, and subsequent collision with trees short of the intended landing area.","Personnel issues - Action/decision - Action - Forgotten action/omission - Pilot, Aircraft - Aircraft oper/perf/capability - Performance/control parameters - Configuration - Incorrect use/operation","  The pilot’s failure to properly configure the glider for landing, which resulted in an excessive descent rate during approach, and subsequent collision with trees short of the intended landing area. Personnel issues - Action/decision - Action - Forgotten action/omission - Pilot, Aircraft - Aircraft oper/perf/capability - Performance/control parameters - Configuration - Incorrect use/operation",False,False,False,False,False,True,False,False,False,False,9.00,1280,,2026-04-03 04:05:44.570293+00:00
856,201836,ERA26FA011,2025-10-13,2025,10,Dartmouth,MASSACHUSETTS,United States,41.657658,,,,SOCATA,TBM 700,SOCATA,TBM 700,SOCATA TBM,AIR,N111RF,259,False,1.0,,091,,PERS,,Substantial,3,Fatal,2,0,1,2,IMC,,False,,In work,,,,,   ,False,False,False,False,False,False,False,False,False,False,31.00,911,,2026-04-03 04:05:44.570293+00:00
857,201837,GAA25WA274,2025-09-04,2025,9,Guarantã Do Norte,OTHER FOREIGN,Brazil,,,,,BEECH,A36,BEECH,A36,BEECH A36,AIR,PT-LSU,,False,,,000,,,,Substantial,3,Minor,0,0,4,4,,,False,,N/A,,,,,   ,False,False,False,False,False,False,False,False,False,False,13.00,1338,,2026-04-03 04:05:44.570293+00:00
726,201047,CEN25LA387,2025-09-18,2025,9,Oxford,MISSISSIPPI,United States,34.385339,,UOX,UNIVERSITY-OXFORD,PIPER,PA-32R-301,PIPER,PA-32R-301,PIPER PA-32R-301,AIR,N318JM,32R-8313021,False,1.0,REC,091,,PERS,,Substantial,3,Serious,0,2,0,2,VMC,,False,DirectorBrief,Completed,,,"The pilot’s exceedance of the airplane’s critical angle of attack during the initial takeoff climb, which resulted in an aerodynamic stall and impact with terrain.","Aircraft - Aircraft oper/perf/capability - Performance/control parameters - Angle of attack - Capability exceeded, Personnel issues - Task performance - Use of equip/info - Aircraft control - Pilot","  The pilot’s exceedance of the airplane’s critical angle of attack during the initial takeoff climb, which resulted in an aerodynamic stall and impact with terrain. Aircraft - Aircraft oper/perf/capability - Performance/control parameters - Angle of attack - Capability exceeded, Personnel issues - Task performance - Use of equip/info - Aircraft control - Pilot",False,False,False,False,False,False,False,False,False,False,17.00,1254,,2026-04-03 04:05:44.570293+00:00
833,201808,ERA26LA004,2025-10-06,2025,10,Mount Washington,KENTUCKY,United States,38.048554,,,,PITTS,S1C,PITTS,S1C,PITTS S1C,AIR,C-FAZJ,RA1933,False,1.0,,091,,FERY,,Substantial,3,None,0,0,0,0,VMC,,False,,In work,,,,,   ,False,False,False,False,False,False,False,False,False,False,9.00,944,,2026-04-03 04:05:44.570293+00:00
732,201055,CEN25FA388,2025-09-20,2025,9,Louise,TEXAS,United States,29.123523,,,,NORTH AMERICAN,T-6G,NORTH AMERICAN,T-6G,NORTH AMERICAN T-6G,AIR,N32SZ,49-3221A,False,1.0,,091,,PERS,Sound of Freedom LLC,Substantial,3,Fatal,2,0,0,2,VMC,,False,,In work,,,,,   ,False,False,False,False,False,False,False,False,False,False,31.00,1238,,2026-04-03 04:05:44.570293+00:00
733,201056,ERA25LA356,2025-09-19,2025,9,Plymouth,MASSACHUSETTS,United States,41.909098,,PYM,PLYMOUTH MUNI,"CESSNA, GRUMMAN AMERICAN AVN. CORP.","182, AA-5B","CESSNA, GRUMMAN AMERICAN AVN. CORP.","182, AA-5B","CESSNA, GRUMMAN AMERICAN AVN. CORP. 182,","AIR, AIR","N2383X, N81317","18256283, AA5B0495",,,,091,,"PERS, PERS",COMO AVIATION LLC,"Substantial, Minor",0,None,0,0,0,0,VMC,,False,,In work,,,,,   ,False,False,False,False,False,False,False,False,False,False,0.00,1248,,2026-04-03 04:05:44.570293+00:00
734,201058,ERA25LA358,2025-09-20,2025,9,Blue Ridge,GEORGIA,United States,34.861443,,57GA,BLUE RIDGE SKYPORT,CESSNA,182,CESSNA,182,CESSNA 182,AIR,N1176R,18281688,False,1.0,REC,091,,PERS,,Substantial,3,None,0,0,0,0,VMC,,False,DirectorBrief,Completed,,,"The pilot’s failure to obtain the proper touchdown point, which resulted in a runway overrun.","Aircraft - Aircraft oper/perf/capability - Performance/control parameters - Descent/approach/glide path - Not attained/maintained, Personnel issues - Action/decision - Info processing/decision - Decision making/judgment - Pilot","  The pilot’s failure to obtain the proper touchdown point, which resulted in a runway overrun. Aircraft - Aircraft oper/perf/capability - Performance/control parameters - Descent/approach/glide path - Not attained/maintained, Personnel issues - Action/decision - Info processing/decision - Decision making/judgment - Pilot",False,False,False,False,False,True,True,False,False,False,9.00,1239,,2026-04-03 04:05:44.570293+00:00
735,201059,ERA25LA359,2025-09-21,2025,9,Hopkinsville,KENTUCKY,United States,36.858024,,HVC,HOPKINSVILLE-CHRISTIAN COUNTY,EDWIN MILLER,CALIDUS,EDWIN MILLER,CALIDUS,EDWIN MILLER CALIDUS,GYRO,N4779M,C00525,False,1.0,,091,,PERS,,Substantial,3,None,0,0,0,0,VMC,,False,,In work,,,,,   ,False,False,False,False,False,False,False,False,False,False,9.00,1233,,2026-04-03 04:05:44.570293+00:00
736,201061,ERA25LA360,2025-09-20,2025,9,Linden,NEW JERSEY,United States,40.617487,,LDJ,LINDEN,PIPER,PA-28-161,PIPER,PA-28-161,PIPER PA-28-161,AIR,N5914V,28-7716214,False,1.0,REC,091,,INST,LUVSFLYING FLIGHT TRAINING LLC,Substantial,3,None,0,0,0,0,VMC,,False,DirectorBrief,Completed,,,An in-flight collision with a bird while on approach.,Environmental issues - Physical environment - Object/animal/substance - Animal(s)/bird(s) - Ability to respond/compensate,  An in-flight collision with a bird while on approach. Environmental issues - Physical environment - Object/animal/substance - Animal(s)/bird(s) - Ability to respond/compensate,False,False,False,False,False,False,False,False,False,False,9.00,1235,,2026-04-03 04:05:44.570293+00:00
737,201062,DCA25WA337,2025-09-18,2025,9,Cancun,OTHER FOREIGN,Mexico,21.036667,,MMUN,Cancun International Airport,BOEING,737,BOEING,737,BOEING 737,AIR,N7723E,32670,False,2.0,TF,121,SCHD,,SOUTHWEST AIRLINES CO,Minor,2,,0,0,0,0,,,False,,N/A,,,,,   ,False,False,False,False,False,False,False,False,False,False,6.00,1251,,2026-04-03 04:05:44.570293+00:00
738,201063,ERA25LA361,2025-09-20,2025,9,Salisbury,CONNECTICUT,United States,41.927068,,POU,,CESSNA,172K,CESSNA,172K,CESSNA 172K,AIR,N78938,17257794,False,1.0,,091,,INST,WINGS OVER TEXAS HOLDINGS LLC,Substantial,3,Minor,0,0,2,2,VMC,,False,,In work,,,,,   ,False,False,False,False,False,False,False,False,False,False,13.00,1237,,2026-04-03 04:05:44.570293+00:00
739,201064,CEN25LA389,2025-09-19,2025,9,Decatur,TEXAS,United States,33.299900,,LUD,Decatur Municipal,ROBINSON HELICOPTER,R44,ROBINSON HELICOPTER,R44,ROBINSON HELICOPTER R44,HELI,N831VA,13477,False,1.0,REC,091,,INST,Veracity Aviation,Substantial,3,None,0,0,0,0,VMC,,False,DirectorBrief,Completed,,,"The pilot’s loss of control during an off-airport, pinnacle landing, and the flight instructor’s inadequate supervision of the instructional flight.","Personnel issues - Task performance - Use of equip/info - Aircraft control - Student/instructed pilot, Personnel issues - Action/decision - Info processing/decision - Decision making/judgment - Instructor/check pilot","  The pilot’s loss of control during an off-airport, pinnacle landing, and the flight instructor’s inadequate supervision of the instructional flight. Personnel issues - Task performance - Use of equip/info - Aircraft control - Student/instructed pilot, Personnel issues - Action/decision - Info processing/decision - Decision making/judgment - Instructor/check pilot",False,False,True,False,False,True,False,False,False,False,9.00,1246,,2026-04-03 04:05:44.570293+00:00
740,201065,CEN25LA390,2025-09-09,2025,9,Cedar Springs,MICHIGAN,United States,43.223400,,,,CAMERON BALLOONS US,Z-90,CAMERON BALLOONS US,Z-90,CAMERON BALLOONS US Z-90,BALL,N418RX,6845,False,0.0,,091,,OWRK,MICHIGAN HOT AIR ADVENTURES,None,1,Serious,0,1,1,2,VMC,,False,DirectorBrief,Completed,,,The passenger’s loss of balance during landing that resulted in a serious injury.,Personnel issues - Physical - (general) - (general) - Other,  The passenger’s loss of balance during landing that resulted in a serious injury. Personnel issues - Physical - (general) - (general) - Other,False,False,False,False,False,False,False,False,False,False,11.00,1308,,2026-04-03 04:05:44.570293+00:00
858,201838,CEN26LA016,2025-10-13,2025,10,Valley View,TEXAS,United States,33.493610,,,,ROTORWAY,AG162,ROTORWAY,AG162,ROTORWAY AG162,HELI,N162AD,001,True,1.0,,091,,PERS,,Substantial,3,None,0,0,0,0,VMC,,False,,In work,,,,,   ,False,False,False,False,False,False,False,False,False,False,9.00,909,,2026-04-03 04:05:44.570293+00:00
1034,202063,ERA26LA056,2025-11-24,2025,11,South Brooksville,FLORIDA,United States,,,,,PIPER,PA-24-180,PIPER,PA-24-180,PIPER PA-24-180,,N8328P,,False,,,091,,PERS,,,0,None,0,0,0,0,VMC,,False,,In work,,,,,   ,False,False,False,False,False,False,False,False,False,False,0.00,1000,,2026-04-03 04:05:44.570293+00:00
772,201738,CEN25LA396,2025-09-27,2025,9,Archer City,TEXAS,United States,33.592000,,,,BELL,206,BELL,206,BELL 206,HELI,N565VA,3107,False,1.0,TS,091,,PERS,,Destroyed,4,None,0,0,0,0,VMC,,False,DirectorBrief,Completed,,,The pilot’s failure to maintain clearance from power lines while herding livestock.,"Environmental issues - Physical environment - Object/animal/substance - Wire - Effect on equipment, Personnel issues - Psychological - Attention/monitoring - Monitoring environment - Pilot, Aircraft - Aircraft oper/perf/capability - Performance/control parameters - Altitude - Not attained/maintained","  The pilot’s failure to maintain clearance from power lines while herding livestock. Environmental issues - Physical environment - Object/animal/substance - Wire - Effect on equipment, Personnel issues - Psychological - Attention/monitoring - Monitoring environment - Pilot, Aircraft - Aircraft oper/perf/capability - Performance/control parameters - Altitude - Not attained/maintained",False,False,False,False,False,True,False,False,False,False,12.00,1207,,2026-04-03 04:05:44.570293+00:00
741,201066,CEN25LA391,2025-09-19,2025,9,Seagoville,TEXAS,United States,32.639440,,LNC,Lancaster Regional,CESSNA,150G,CESSNA,150G,CESSNA 150G,AIR,N2500Q,15066600,False,1.0,REC,091,,INST,SAYDUN LLC,Substantial,3,None,0,0,0,0,VMC,,False,DirectorBrief,Completed,,,The pilot’s inadequate fuel planning which resulted in a total loss of engine power due to fuel exhaustion.,"Personnel issues - Task performance - Planning/preparation - Fuel planning - Pilot, Personnel issues - Action/decision - Info processing/decision - Decision making/judgment - Pilot, Aircraft - Fluids/misc hardware - Fluids - Fuel - Fluid level, Environmental issues - Physical environment - Object/animal/substance - Fence/fence post - Contributed to outcome","  The pilot’s inadequate fuel planning which resulted in a total loss of engine power due to fuel exhaustion. Personnel issues - Task performance - Planning/preparation - Fuel planning - Pilot, Personnel issues - Action/decision - Info processing/decision - Decision making/judgment - Pilot, Aircraft - Fluids/misc hardware - Fluids - Fuel - Fluid level, Environmental issues - Physical environment - Object/animal/substance - Fence/fence post - Contributed to outcome",False,True,False,False,False,True,False,False,False,False,9.00,1242,,2026-04-03 04:05:44.570293+00:00
744,201069,ERA25LA362,2025-09-22,2025,9,Williamsburg,VIRGINIA,United States,37.341450,,,,CESSNA,182F,CESSNA,182F,CESSNA 182F,AIR,N3192U,18254592,False,1.0,,091,,PERS,COLONIAL AVIATORS LLC,Substantial,3,Minor,0,0,1,1,VMC,,False,,In work,,,,,   ,False,False,False,False,False,False,False,False,False,False,13.00,1226,,2026-04-03 04:05:44.570293+00:00
746,201704,GAA25WA264,2025-09-21,2025,9,Municipio De Garcia,OTHER FOREIGN,Mexico,25.794346,,AFL,Club Aereo Francisco Lobo Airport,CESSNA,150M,CESSNA,150M,CESSNA 150M,AIR,XB-BGH,15076819,False,,REC,000,,,"Centro de Estudios Aeronáuticos de Mazatlán, A.C.",Substantial,3,Fatal,2,0,0,2,,,False,,N/A,,,,,   ,False,False,False,False,False,False,False,False,False,False,31.00,1232,,2026-04-03 04:05:44.570293+00:00
747,201705,ANC25LA110,2025-09-22,2025,9,Healy,ALASKA,United States,64.006104,,PVT,Decker Airstrip,CESSNA,208B,CESSNA,208B,CESSNA 208B,AIR,N976E,208B0976,False,1.0,,135,SCHD,BUS,WRIGHT AIR SERVICE INC,Substantial,3,None,0,0,0,0,,,False,,In work,,,,,   ,False,False,False,False,False,False,False,False,False,False,9.00,1227,,2026-04-03 04:05:44.570293+00:00
749,201707,ANC25LA111,2025-09-20,2025,9,Mcgrath,ALASKA,United States,62.954198,,,,217WHISKEYMIKE LLC,SQ12,217WHISKEYMIKE LLC,SQ12,217WHISKEYMIKE LLC SQ12,AIR,N217WM,SQ12-0012,True,1.0,,091,,PERS,BACKCOUNTRY ADVENTURES LLC,Substantial,3,None,0,0,0,0,VMC,,False,,In work,,,,,   ,False,False,False,False,False,False,False,False,False,False,9.00,1240,,2026-04-03 04:05:44.570293+00:00
750,201708,WPR25LA290,2025-09-24,2025,9,Whittier,WASHINGTON,United States,47.303333,,,,EUROCOPTER,EC135,EUROCOPTER,EC135,EUROCOPTER EC135,HELI,N955AL,0554,False,2.0,,135,NSCH,OWRK,Air Methods LLC,Substantial,3,Minor,0,0,4,4,VMC,,False,,In work,,,,,   ,False,False,False,False,False,False,False,False,False,False,13.00,1220,,2026-04-03 04:05:44.570293+00:00
751,201709,DCA25LA339,2025-09-24,2025,9,Roanoke,VIRGINIA,United States,37.334762,,ROA,Roanoke–Blacksburg Regional Airport,EMBRAER,EMB-145XR,EMBRAER,EMB-145XR,EMBRAER EMB-145XR,AIR,N21129,145703,False,2.0,,121,SCHD,,CommuteAir,Minor,2,None,0,0,0,0,IMC,,False,,In work,,,,,   ,False,False,False,False,False,False,False,False,False,False,6.00,1217,,2026-04-03 04:05:44.570293+00:00
752,201710,ERA25LA363,2025-09-22,2025,9,White Plains,NEW YORK,United States,41.071680,,HPN,WESTCHESTER COUNTY,PIPER,PA-32R-300,PIPER,PA-32R-300,PIPER PA-32R-300,AIR,N47630,32R-7880016,False,1.0,REC,091,,PERS,,Substantial,3,None,0,0,0,0,VMC,,False,DirectorBrief,Completed,,,"The pilot’s failure to maintain proper glidepath during a night visual approach, which resulted in a collision with the runway lighting system. Contributing to the outcome was the pilot’s momentary disorientation due to glare from the runway approach lighting system.","Environmental issues - Conditions/weather/phenomena - Light condition - Glare - Effect on personnel, Environmental issues - Physical environment - Object/animal/substance - Runway/taxi/approach light - Awareness of condition, Aircraft - Aircraft oper/perf/capability - Performance/control parameters - Descent/approach/glide path - Not attained/maintained","  The pilot’s failure to maintain proper glidepath during a night visual approach, which resulted in a collision with the runway lighting system. Contributing to the outcome was the pilot’s momentary disorientation due to glare from the runway approach lighting system. Environmental issues - Conditions/weather/phenomena - Light condition - Glare - Effect on personnel, Environmental issues - Physical environment - Object/animal/substance - Runway/taxi/approach light - Awareness of condition, Aircraft - Aircraft oper/perf/capability - Performance/control parameters - Descent/approach/glide path - Not attained/maintained",False,False,False,False,False,True,False,False,False,False,9.00,1225,,2026-04-03 04:05:44.570293+00:00
754,201716,GAA25WA266,2025-09-24,2025,9,La Guaira,OTHER FOREIGN,Venezuela,,,,,LEARJET,55,LEARJET,55,LEARJET 55,AIR,YV3440,,False,,,000,,,,Destroyed,4,Fatal,2,0,2,4,,,False,,N/A,,,,,   ,False,False,False,False,False,False,False,False,False,False,34.00,1218,,2026-04-03 04:05:44.570293+00:00
755,201717,WPR25LA291,2025-09-25,2025,9,Wittman,ARIZONA,United States,33.764877,,,,PIPISTREL D O O,ALPHA TRAINER,PIPISTREL D O O,ALPHA TRAINER,PIPISTREL D O O ALPHA,AIR,N246EA,1165 AT 912 LSA,False,1.0,,091,,INST,MESA PILOT DEVELOPMENT LLC,Substantial,3,Minor,0,0,2,2,VMC,,False,,In work,,,,,   ,False,False,False,False,False,False,False,False,False,False,13.00,1216,,2026-04-03 04:05:44.570293+00:00
756,201718,CEN25LA392,2025-09-19,2025,9,Terre Haute,INDIANA,United States,39.450632,,HUF,Terre Haute Regional Airport,Diamond Aircraft,DA20-C1,DIAMOND AIRCRAFT,DA20-C1,DIAMOND AIRCRAFT DA20-C1,AIR,N544KC,C0544,False,1.0,REC,091,,INST,Indiana State University,Substantial,3,None,0,0,0,0,VMC,,False,DirectorBrief,Completed,,,The failure of the nose landing gear strut and associated nosewheel separation during takeoff.,Aircraft - Aircraft systems - Landing gear system - Nose/tail landing gear - Failure,  The failure of the nose landing gear strut and associated nosewheel separation during takeoff. Aircraft - Aircraft systems - Landing gear system - Nose/tail landing gear - Failure,False,False,False,False,True,False,False,False,False,False,9.00,1243,,2026-04-03 04:05:44.570293+00:00
757,201720,CEN25LA393,2025-09-25,2025,9,Cambridge,MINNESOTA,United States,45.565675,,CBG,CAMBRIDGE MUNI,FLOYD G HALDERMAN JR,RV-6,FLOYD G HALDERMAN JR,RV-6,FLOYD G HALDERMAN JR RV-6,AIR,N851FH,25086,True,1.0,REC,091,,PERS,,Substantial,3,None,0,0,0,0,VMC,,False,DirectorBrief,Completed,,,The pilot’s continued operation of the faulty fuel selector valve which resulted in a loss of engine power due to fuel starvation. Contributing to the accident was the degraded operation of the fuel selector valve and the pilot’s poor decision to operate the airplane without first addressing the maintenance issue.,"Aircraft - Aircraft systems - Fuel system - Fuel selector/shutoff valve - Incorrect use/operation, Personnel issues - Task performance - Use of equip/info - Use of equip/system - Pilot, Aircraft - Aircraft systems - Fuel system - Fuel selector/shutoff valve - Damaged/degraded","  The pilot’s continued operation of the faulty fuel selector valve which resulted in a loss of engine power due to fuel starvation. Contributing to the accident was the degraded operation of the fuel selector valve and the pilot’s poor decision to operate the airplane without first addressing the maintenance issue. Aircraft - Aircraft systems - Fuel system - Fuel selector/shutoff valve - Incorrect use/operation, Personnel issues - Task performance - Use of equip/info - Use of equip/system - Pilot, Aircraft - Aircraft systems - Fuel system - Fuel selector/shutoff valve - Damaged/degraded",False,True,False,False,False,False,False,False,False,False,9.00,1214,,2026-04-03 04:05:44.570293+00:00
773,201739,GAA25WA270,2025-09-23,2025,9,Aquidauana,OTHER FOREIGN,Brazil,,,,,CESSNA,175,CESSNA,175,CESSNA 175,,PT-BAN,,False,,,,,,,,0,Fatal,4,0,0,4,,,False,,N/A,,,,,   ,False,False,False,False,False,False,False,False,False,False,32.00,1223,,2026-04-03 04:05:44.570293+00:00
759,201722,CEN25LA394,2025-09-25,2025,9,Henderson,TEXAS,United States,32.137430,,RFI,RUSK COUNTY,PIPER,PA46,PIPER,PA46,PIPER PA46,AIR,N388TW,4697018,False,1.0,TP,091,,PERS,,Substantial,3,None,0,0,0,0,VMC,,False,DirectorBrief,Completed,,,"The pilot’s failure to extend the main landing gear prior to landing, which resulted in a gear up landing. Contributing to the accident was the pilot’s distraction during the approach.","Personnel issues - Task performance - Use of equip/info - Use of equip/system - Pilot, Aircraft - Aircraft systems - Landing gear system - Main landing gear - Not used/operated, Personnel issues - Action/decision - Action - Lack of action - Pilot, Personnel issues - Psychological - Attention/monitoring - Attention - Pilot, Aircraft - Aircraft systems - Landing gear system - Gear extension and retract sys - Not used/operated, Personnel issues - Action/decision - Action - Forgotten action/omission - Pilot","  The pilot’s failure to extend the main landing gear prior to landing, which resulted in a gear up landing. Contributing to the accident was the pilot’s distraction during the approach. Personnel issues - Task performance - Use of equip/info - Use of equip/system - Pilot, Aircraft - Aircraft systems - Landing gear system - Main landing gear - Not used/operated, Personnel issues - Action/decision - Action - Lack of action - Pilot, Personnel issues - Psychological - Attention/monitoring - Attention - Pilot, Aircraft - Aircraft systems - Landing gear system - Gear extension and retract sys - Not used/operated, Personnel issues - Action/decision - Action - Forgotten action/omission - Pilot",False,False,False,False,True,True,False,False,False,False,9.00,1215,,2026-04-03 04:05:44.570293+00:00
761,201725,ERA25LA364,2025-09-20,2025,9,Merritt Island,FLORIDA,United States,28.341933,,COI,MERRITT ISLAND,PIPER,PA22,PIPER,PA22,PIPER PA22,AIR,N3429Z,22-7343,False,1.0,REC,091,,PERS,,Substantial,3,None,0,0,0,0,VMC,,False,DirectorBrief,Completed,,,The pilot’s failure to maintain directional control while landing in a crosswind.,"Personnel issues - Task performance - Use of equip/info - Aircraft control - Pilot, Aircraft - Aircraft oper/perf/capability - Performance/control parameters - Directional control - Not attained/maintained","  The pilot’s failure to maintain directional control while landing in a crosswind. Personnel issues - Task performance - Use of equip/info - Aircraft control - Pilot, Aircraft - Aircraft oper/perf/capability - Performance/control parameters - Directional control - Not attained/maintained",False,False,False,False,False,True,False,False,False,False,9.00,1236,,2026-04-03 04:05:44.570293+00:00
762,201726,GAA25WA269,2025-09-22,2025,9,Balkova,OTHER FOREIGN,Czech Republic,,,LKKV,,BEECH,58,BEECH,58,BEECH 58,AIR,OK-PHR,,False,,,000,,,,Destroyed,4,,0,0,0,0,,,False,,N/A,,,,,   ,False,False,False,False,False,False,False,False,False,False,12.00,1228,,2026-04-03 04:05:44.570293+00:00
763,201727,WPR25LA292,2025-09-23,2025,9,Fallbrook,CALIFORNIA,United States,33.352500,,L18,Fallbrook Community Airpark,CESSNA,182N,CESSNA,182N,CESSNA 182N,AIR,N766EE,18260217,False,1.0,,091,,PERS,,Substantial,3,Minor,0,0,1,1,VMC,,False,,In work,,,,,   ,False,False,False,False,False,False,False,False,False,False,13.00,1221,,2026-04-03 04:05:44.570293+00:00
764,201728,WPR25LA293,2025-09-23,2025,9,Lake Havasu City,ARIZONA,United States,34.571124,,HII,LAKE HAVASU CITY,PIPER,PA 46-350P,PIPER,PA 46-350P,PIPER PA,AIR,N462HP,4636285,False,1.0,TP,091,,PERS,,Substantial,3,None,0,0,0,0,VMC,,False,DirectorBrief,Completed,,,The pilot’s failure to extend the landing gear before landing due to distraction and failure to conduct the before landing checklist.,"Personnel issues - Action/decision - Action - Forgotten action/omission - Pilot, Aircraft - Aircraft systems - Landing gear system - Gear extension and retract sys - Not used/operated, Personnel issues - Task performance - Use of equip/info - Use of checklist - Pilot, Personnel issues - Task performance - Use of equip/info - Use of equip/system - Pilot, Personnel issues - Psychological - Attention/monitoring - Attention - Pilot","  The pilot’s failure to extend the landing gear before landing due to distraction and failure to conduct the before landing checklist. Personnel issues - Action/decision - Action - Forgotten action/omission - Pilot, Aircraft - Aircraft systems - Landing gear system - Gear extension and retract sys - Not used/operated, Personnel issues - Task performance - Use of equip/info - Use of checklist - Pilot, Personnel issues - Task performance - Use of equip/info - Use of equip/system - Pilot, Personnel issues - Psychological - Attention/monitoring - Attention - Pilot",False,False,False,False,True,True,False,False,False,False,9.00,1222,,2026-04-03 04:05:44.570293+00:00
765,201729,WPR25FA294,2025-09-26,2025,9,Battle Ground,WASHINGTON,United States,45.826675,,W52,GOHEEN,CESSNA,172F,CESSNA,172F,CESSNA 172F,AIR,N8219U,17252119,False,1.0,,091,,PERS,,Destroyed,4,Fatal,1,0,0,1,VMC,,False,,In work,,,,,   ,False,False,False,False,False,False,False,False,False,False,29.00,1210,,2026-04-03 04:05:44.570293+00:00
766,201730,WPR25LA295,2025-09-26,2025,9,Billings,MONTANA,United States,45.807879,,BIL,,SIAI-MARCHETTI,SF260B,SIAI-MARCHETTI,SF260B,SIAI-MARCHETTI SF260B,AIR,N272C,20-01,False,1.0,,091,,PERS,,Substantial,3,None,0,0,0,0,VMC,,False,,In work,,,,,   ,False,False,False,False,False,False,False,False,False,False,9.00,1211,,2026-04-03 04:05:44.570293+00:00
768,201734,ERA25FA367,2025-09-27,2025,9,Wallkill,NEW YORK,United States,41.624183,,N45,KOBELT,TOOP THOMAS A,GLASAIR SUPER II FT,TOOP THOMAS A,GLASAIR SUPER II FT,TOOP THOMAS A GLASAIR,AIR,N45BT,2339,True,1.0,,091,,PERS,,Destroyed,4,Fatal,1,0,0,1,VMC,,False,,In work,,,,,   ,False,False,False,False,False,False,False,False,False,False,29.00,1206,,2026-04-03 04:05:44.570293+00:00
769,201735,CEN25FA395,2025-09-28,2025,9,Klein,TEXAS,United States,30.052378,,DWH,DAVID WAYNE HOOKS MEML,CESSNA,340,CESSNA,340,CESSNA 340,AIR,N269WT,340-0104,False,2.0,,091,,PERS,,Destroyed,4,Fatal,2,0,0,2,VMC,,False,,In work,,,,,   ,False,False,False,False,False,False,False,False,False,False,34.00,1195,,2026-04-03 04:05:44.570293+00:00
770,201736,WPR25LA297,2025-09-26,2025,9,Hayden,IDAHO,United States,47.779397,,COE,COEUR D'ALENE/PAPPY BOYINGTON FLD,CESSNA,172,CESSNA,172,CESSNA 172,AIR,N7373A,29473,False,1.0,REC,091,,INST,,Substantial,3,None,0,0,0,0,VMC,,False,DirectorBrief,Completed,,,The student pilot’s inability to maintain control of the airplane during a sudden wind gust resulting in the airplane coming to rest inverted.,"Environmental issues - Conditions/weather/phenomena - Wind - Gusts - Effect on equipment, Environmental issues - Conditions/weather/phenomena - Wind - Gusts - Ability to respond/compensate, Personnel issues - Task performance - Use of equip/info - Aircraft control - Student/instructed pilot","  The student pilot’s inability to maintain control of the airplane during a sudden wind gust resulting in the airplane coming to rest inverted. Environmental issues - Conditions/weather/phenomena - Wind - Gusts - Effect on equipment, Environmental issues - Conditions/weather/phenomena - Wind - Gusts - Ability to respond/compensate, Personnel issues - Task performance - Use of equip/info - Aircraft control - Student/instructed pilot",False,False,False,False,False,False,False,False,False,False,9.00,1209,,2026-04-03 04:05:44.570293+00:00
771,201737,ERA25LA368,2025-09-28,2025,9,Rotonda West,FLORIDA,United States,26.898298,,,,ELMORE TRAVIS C,SEAREY,ELMORE TRAVIS C,SEAREY,ELMORE TRAVIS C SEAREY,AIR,N2090S,1MK316C,False,1.0,,091,,PERS,,Substantial,3,None,0,0,0,0,VMC,,False,,In work,,,,,   ,False,False,False,False,False,False,False,False,False,False,9.00,1196,,2026-04-03 04:05:44.570293+00:00
989,202003,CEN26LA046,2025-11-13,2025,11,Teague,TEXAS,United States,31.615711,,68F,,CIRRUS DESIGN CORP,SR22,CIRRUS DESIGN CORP,SR22,CIRRUS DESIGN CORP SR22,AIR,N79EM,9399,False,1.0,,091,,EXEC,CWN AVIATION LLC,Substantial,3,None,0,0,0,0,,,False,,In work,,,,,   ,False,False,False,False,False,False,False,False,False,False,9.00,1034,,2026-04-03 04:05:44.570293+00:00
1104,202188,GAA26WA054,2025-10-09,2025,10,Rafaela,OTHER FOREIGN,Argentina,,,,,CESSNA,185,CESSNA,185,CESSNA 185,AIR,LV-ASL,,False,,,000,NSCH,,,Substantial,3,None,0,0,0,0,,,False,,N/A,,,,,   ,False,False,False,False,False,False,False,False,False,False,9.00,928,,2026-04-03 04:05:44.570293+00:00
834,201809,ANC25LA117,2025-09-30,2025,9,Kotlik,ALASKA,United States,63.030667,,PFKO,Kotlik Airport,PIPER,PA-31,PIPER,PA-31,PIPER PA-31,AIR,N16SC,31-639,False,2.0,,135,SCHD,BUS,Paklook Air,Substantial,3,None,0,0,0,0,VMC,,False,,In work,,,,,   ,False,False,False,False,False,False,False,False,False,False,9.00,1184,,2026-04-03 04:05:44.570293+00:00
774,201740,CEN25LA397,2025-09-27,2025,9,Harvard,ILLINOIS,United States,42.400285,,0C0,DACY,DE HAVILLAND,DH82,DE HAVILLAND,DH82,DE HAVILLAND DH82,AIR,UNREG,NM.206,False,1.0,REC,091,,PERS,,Substantial,3,None,0,0,0,0,VMC,,False,DirectorBrief,Completed,,,The pilot’s failure of the pilot to maintain directional control during takeoff which resulted in a collision with cornstalks. Contributing to the accident was the pilot’s partially obscured vision due to sun glare.,"Environmental issues - Conditions/weather/phenomena - Light condition - Glare - Effect on personnel, Aircraft - Aircraft oper/perf/capability - Performance/control parameters - Directional control - Not attained/maintained, Personnel issues - Task performance - Use of equip/info - Aircraft control - Pilot","  The pilot’s failure of the pilot to maintain directional control during takeoff which resulted in a collision with cornstalks. Contributing to the accident was the pilot’s partially obscured vision due to sun glare. Environmental issues - Conditions/weather/phenomena - Light condition - Glare - Effect on personnel, Aircraft - Aircraft oper/perf/capability - Performance/control parameters - Directional control - Not attained/maintained, Personnel issues - Task performance - Use of equip/info - Aircraft control - Pilot",False,False,False,False,False,True,False,False,False,False,9.00,1200,,2026-04-03 04:05:44.570293+00:00
794,201764,DCA25WA340,2025-09-02,2025,9,Toronto,OTHER FOREIGN,Canada,,,,,AIRBUS CANADA,A220,AIRBUS CANADA,A220,AIRBUS CANADA A220,AIR,C-GJYI,,False,2.0,,129,SCHD,,Air Canada,None,1,None,0,0,0,0,,,False,,N/A,,,,,   ,False,False,False,False,False,False,False,False,False,False,3.00,1345,,2026-04-03 04:05:44.570293+00:00
775,201741,CEN25LA398,2025-09-27,2025,9,Del Norte,COLORADO,United States,37.711446,,RCV,ASTRONAUT KENT ROMINGER,PIPER AIRCRAFT CORPORATION,PA-60-601P,PIPER AIRCRAFT CORPORATION,PA-60-601P,PIPER AIRCRAFT CORPORATION PA-60-601P,AIR,N3635A,61P07748063387,False,2.0,REC,091,,EXEC,,Substantial,3,None,0,0,0,0,VMC,,False,DirectorBrief,Completed,,,The loss of directional control during landing roll due to a flat tire.,"Aircraft - Aircraft oper/perf/capability - Performance/control parameters - Directional control - Not attained/maintained, Aircraft - Aircraft systems - Landing gear system - Tire casing - Failure","  The loss of directional control during landing roll due to a flat tire. Aircraft - Aircraft oper/perf/capability - Performance/control parameters - Directional control - Not attained/maintained, Aircraft - Aircraft systems - Landing gear system - Tire casing - Failure",False,False,False,False,True,False,False,False,False,False,9.00,1201,,2026-04-03 04:05:44.570293+00:00
776,201742,ERA25LA369,2025-09-28,2025,9,Fort Myers,FLORIDA,United States,26.651659,,FL59,BUCKINGHAM FLD,GREGORY A SPICOLA,AR-1,GREGORY A SPICOLA,AR-1,GREGORY A SPICOLA AR-1,GYRO,N107AR,0009,False,1.0,,091,,PERS,Seven Alpha Romeo LLC,Substantial,3,None,0,0,0,0,VMC,,False,,In work,,,,,   ,False,False,False,False,False,False,False,False,False,False,9.00,1197,,2026-04-03 04:05:44.570293+00:00
777,201743,CEN25LA399,2025-09-27,2025,9,Stephenville,TEXAS,United States,32.215322,,SEP,Stephenville Clark Regional,VANS,RV9,VANS,RV9,VANS RV9,AIR,N26AJ,90444,True,1.0,REC,091,,PERS,,Substantial,3,Minor,0,0,1,1,VMC,,False,DirectorBrief,Completed,,,The pilot’s failure to ensure the canopy and the cockpit were properly secured during the hand prop sequence.,"Personnel issues - Task performance - Use of equip/info - Aircraft control - Pilot, Aircraft - Aircraft systems - (general) - (general) - Unintentional use/operation","  The pilot’s failure to ensure the canopy and the cockpit were properly secured during the hand prop sequence. Personnel issues - Task performance - Use of equip/info - Aircraft control - Pilot, Aircraft - Aircraft systems - (general) - (general) - Unintentional use/operation",False,False,False,False,False,True,False,False,False,False,13.00,1199,,2026-04-03 04:05:44.570293+00:00
778,201745,CEN25LA400,2025-09-23,2025,9,Rush City,MINNESOTA,United States,45.685500,,ROS,Rush City Regional,PIPER,PA-34-200,PIPER,PA-34-200,PIPER PA-34-200,AIR,N14SS,34-7770385,False,2.0,REC,091,,PERS,,Substantial,3,None,0,0,0,0,IMC,,False,DirectorBrief,Completed,,,The pilot’s failure to properly monitor the airplane glide path which resulted in the inadvertent descent below the approach minimum descent altitude and the impact with trees.,"Aircraft - Aircraft oper/perf/capability - Performance/control parameters - Descent/approach/glide path - Not attained/maintained, Aircraft - Aircraft oper/perf/capability - Performance/control parameters - Altitude - Not attained/maintained, Personnel issues - Action/decision - Info processing/decision - Identification/recognition - Pilot","  The pilot’s failure to properly monitor the airplane glide path which resulted in the inadvertent descent below the approach minimum descent altitude and the impact with trees. Aircraft - Aircraft oper/perf/capability - Performance/control parameters - Descent/approach/glide path - Not attained/maintained, Aircraft - Aircraft oper/perf/capability - Performance/control parameters - Altitude - Not attained/maintained, Personnel issues - Action/decision - Info processing/decision - Identification/recognition - Pilot",False,False,False,False,False,True,False,False,False,False,9.00,1224,,2026-04-03 04:05:44.570293+00:00
779,201746,ANC25LA112,2025-09-21,2025,9,Yakataga,ALASKA,United States,60.094722,,19AK,,CESSNA,172,CESSNA,172,CESSNA 172,AIR,N4282F,46182,False,1.0,,091,,PERS,,Substantial,3,None,0,0,0,0,,,False,,In work,,,,,   ,False,False,False,False,False,False,False,False,False,False,9.00,1231,,2026-04-03 04:05:44.570293+00:00
780,201747,CEN25LA401,2025-09-07,2025,9,Thompsonville,MICHIGAN,United States,44.508942,,,,CubCrafters,Carbon Cub,CUBCRAFTERS,Carbon Cub,CUBCRAFTERS CARBON,AIR,N40DT,CCK-2000-0115,True,1.0,,091,,PERS,,Substantial,3,Minor,0,0,1,1,VMC,,False,,In work,,,,,   ,False,False,False,False,False,False,False,False,False,False,13.00,1320,,2026-04-03 04:05:44.570293+00:00
781,201748,CEN25LA402,2025-09-25,2025,9,Baton Rouge,LOUISIANA,United States,30.532917,,BTR,"Baton Rouge Metropolitan Airport, Ryan Field",TEXTRON AVIATION INC,525C,TEXTRON AVIATION INC,525C,TEXTRON AVIATION INC 525C,AIR,N361MB,525C0361,False,2.0,TF,091,,POSI,Pacifia LLC,Substantial,3,None,0,0,0,0,VMC,,False,DirectorBrief,Completed,,,"The improper installation of the trunnion pin, which resulted in a failure of the right main landing gear. Contributing to the accident was the failure of maintenance personnel to follow the aircraft manufacturer’s maintenance procedures.","Personnel issues - Task performance - Maintenance - Installation - Maintenance personnel, Aircraft - Aircraft systems - Landing gear system - Main gear strut/axle/truck - Incorrect service/maintenance","  The improper installation of the trunnion pin, which resulted in a failure of the right main landing gear. Contributing to the accident was the failure of maintenance personnel to follow the aircraft manufacturer’s maintenance procedures. Personnel issues - Task performance - Maintenance - Installation - Maintenance personnel, Aircraft - Aircraft systems - Landing gear system - Main gear strut/axle/truck - Incorrect service/maintenance",False,False,False,False,True,True,False,False,False,False,9.00,1213,,2026-04-03 04:05:44.570293+00:00
1010,202025,GAA26WA030,2025-11-18,2025,11,Yame City,OTHER FOREIGN,Japan,,,,,CIRRUS,SR20,CIRRUS,SR20,CIRRUS SR20,AIR,JA102H,,False,,,000,,,,Destroyed,4,Fatal,3,0,0,3,,,False,,N/A,,,,,   ,False,False,False,False,False,False,False,False,False,False,39.00,1014,,2026-04-03 04:05:44.570293+00:00
790,201760,ERA25LA373,2025-09-09,2025,9,Akron,OHIO,United States,41.037039,,AKR,AKRON FULTON INTL,CESSNA,P210,CESSNA,P210,CESSNA P210,AIR,N44475,P21000408,False,1.0,REC,091,,INST,,Substantial,3,None,0,0,0,0,VMC,,False,DirectorBrief,Completed,,,The pilot’s failure to extend the landing gear before landing. Contributing to the accident was the fight instructor’s inadequate supervision of the pilot.,"Personnel issues - Action/decision - Action - Forgotten action/omission - Pilot, Aircraft - Aircraft systems - Landing gear system - Landing gear selector - Not used/operated, Personnel issues - Action/decision - Action - Lack of action - Instructor/check pilot","  The pilot’s failure to extend the landing gear before landing. Contributing to the accident was the fight instructor’s inadequate supervision of the pilot. Personnel issues - Action/decision - Action - Forgotten action/omission - Pilot, Aircraft - Aircraft systems - Landing gear system - Landing gear selector - Not used/operated, Personnel issues - Action/decision - Action - Lack of action - Instructor/check pilot",False,False,False,False,True,True,False,False,False,False,9.00,1309,,2026-04-03 04:05:44.570293+00:00
792,201762,WPR25LA300,2025-09-01,2025,9,Firebaugh,CALIFORNIA,United States,36.859989,,F34,FIREBAUGH,AERONCA,7AC,AERONCA,7AC,AERONCA 7AC,AIR,N82003,7AC-628,False,1.0,REC,091,,PERS,,Substantial,3,None,0,0,0,0,VMC,,False,DirectorBrief,Completed,,,A loss of directional control during landing due to the partial separation of the right main landing gear oleo strut from a failed weld.,"Aircraft - Aircraft systems - Landing gear system - Main gear strut/axle/truck - Failure, Aircraft - Aircraft oper/perf/capability - Performance/control parameters - Directional control - Attain/maintain not possible","  A loss of directional control during landing due to the partial separation of the right main landing gear oleo strut from a failed weld. Aircraft - Aircraft systems - Landing gear system - Main gear strut/axle/truck - Failure, Aircraft - Aircraft oper/perf/capability - Performance/control parameters - Directional control - Attain/maintain not possible",False,False,False,False,True,False,False,False,False,False,9.00,1354,,2026-04-03 04:05:44.570293+00:00
793,201763,CEN26LA001,2025-10-01,2025,10,Colorado Springs,COLORADO,United States,38.899198,,KCOS,City of Colorado Springs Municipal Airport,PIPER,PA-28R-200,PIPER,PA-28R-200,PIPER PA-28R-200,AIR,N999AD,28R-7235117,False,1.0,,091,,PERS,Arapahoe Flight Club,Substantial,3,Minor,0,0,1,1,VMC,,False,,In work,,,,,   ,False,False,False,False,False,False,False,False,False,False,13.00,978,,2026-04-03 04:05:44.570293+00:00
782,201749,ERA25LA371,2025-09-28,2025,9,Rossville,TENNESSEE,United States,35.173016,,7TN4,PEGASUS FLD,NORTH AMERICAN,T-6G,NORTH AMERICAN,T-6G,NORTH AMERICAN T-6G,AIR,N888WV,49-3401A,False,1.0,REC,091,,PERS,,Substantial,3,Minor,0,0,1,1,VMC,,False,DirectorBrief,Completed,,,The pilot’s failure to adequately monitor the airplane’s path during takeoff toward the setting sun. Contributing was the undetected worn and fractured tailwheel locking pin.,"Aircraft - Aircraft oper/perf/capability - Performance/control parameters - Directional control - Not attained/maintained, Personnel issues - Action/decision - Info processing/decision - Identification/recognition - Pilot, Environmental issues - Conditions/weather/phenomena - Light condition - Glare - Effect on personnel, Aircraft - Aircraft systems - Landing gear system - Landing gear steering system - Failure","  The pilot’s failure to adequately monitor the airplane’s path during takeoff toward the setting sun. Contributing was the undetected worn and fractured tailwheel locking pin. Aircraft - Aircraft oper/perf/capability - Performance/control parameters - Directional control - Not attained/maintained, Personnel issues - Action/decision - Info processing/decision - Identification/recognition - Pilot, Environmental issues - Conditions/weather/phenomena - Light condition - Glare - Effect on personnel, Aircraft - Aircraft systems - Landing gear system - Landing gear steering system - Failure",False,False,False,False,True,True,False,False,False,False,13.00,1192,,2026-04-03 04:05:44.570293+00:00
783,201751,WPR25LA298,2025-09-27,2025,9,Ilwaco,WASHINGTON,United States,46.307100,,7W1,PORT OF ILWACO,CESSNA,185A,CESSNA,185A,CESSNA 185A,AIR,N186X,1850437,True,1.0,REC,091,,PERS,,Substantial,3,None,0,0,0,0,VMC,,False,DirectorBrief,Completed,,,"The pilot's inadequate preflight inspection, which resulted in a total loss of engine power due to fuel exhaustion.","Aircraft - Fluids/misc hardware - Fluids - Fuel - Fluid level, Personnel issues - Task performance - Inspection - Preflight inspection - Pilot, Personnel issues - Task performance - Planning/preparation - Fuel planning - Pilot, Personnel issues - Action/decision - Info processing/decision - Decision making/judgment - Pilot, Environmental issues - Physical environment - Terrain - Rough terrain - Contributed to outcome","  The pilot's inadequate preflight inspection, which resulted in a total loss of engine power due to fuel exhaustion. Aircraft - Fluids/misc hardware - Fluids - Fuel - Fluid level, Personnel issues - Task performance - Inspection - Preflight inspection - Pilot, Personnel issues - Task performance - Planning/preparation - Fuel planning - Pilot, Personnel issues - Action/decision - Info processing/decision - Decision making/judgment - Pilot, Environmental issues - Physical environment - Terrain - Rough terrain - Contributed to outcome",False,True,False,False,False,True,False,False,False,False,9.00,1208,,2026-04-03 04:05:44.570293+00:00
784,201752,ANC25LA113,2025-09-27,2025,9,Los Banos,CALIFORNIA,United States,37.058333,,LSN,LOS BANOS MUNI,CESSNA,140A,CESSNA,140A,CESSNA 140A,AIR,N9410A,15231,False,1.0,,091,,PERS,,Substantial,3,None,0,0,0,0,VMC,,False,,In work,,,,,   ,False,False,False,False,False,False,False,False,False,False,9.00,1204,,2026-04-03 04:05:44.570293+00:00
785,201753,ANC25LA114,2025-09-27,2025,9,Morgan,UTAH,United States,41.147996,,42U,MORGAN COUNTY,CESSNA,180,CESSNA,180,CESSNA 180,AIR,N9197C,31296,False,1.0,,091,,PERS,,Substantial,3,None,0,0,0,0,VMC,,False,,In work,,,,,   ,False,False,False,False,False,False,False,False,False,False,9.00,1202,,2026-04-03 04:05:44.570293+00:00
786,201754,CEN25LA403,2025-09-29,2025,9,Longmont,COLORADO,United States,40.167200,,,,AERONCA,11AC,AERONCA,11AC,AERONCA 11AC,AIR,N86326,11AC-132,False,1.0,REC,091,,PERS,,Substantial,3,None,0,0,0,0,VMC,,False,DirectorBrief,Completed,,,"The pilot’s inadequate preflight fuel planning, which resulted in a total loss of engine power due to fuel exhaustion and the pilot’s improper landing flare which resulted in a hard landing.","Personnel issues - Task performance - Planning/preparation - Fuel planning - Pilot, Aircraft - Fluids/misc hardware - Fluids - Fuel - Fluid level, Environmental issues - Physical environment - Object/animal/substance - Fence/fence post - Ability to respond/compensate, Environmental issues - Physical environment - Terrain - Rough terrain - Ability to respond/compensate, Personnel issues - Task performance - Use of equip/info - Use of equip/system - Pilot","  The pilot’s inadequate preflight fuel planning, which resulted in a total loss of engine power due to fuel exhaustion and the pilot’s improper landing flare which resulted in a hard landing. Personnel issues - Task performance - Planning/preparation - Fuel planning - Pilot, Aircraft - Fluids/misc hardware - Fluids - Fuel - Fluid level, Environmental issues - Physical environment - Object/animal/substance - Fence/fence post - Ability to respond/compensate, Environmental issues - Physical environment - Terrain - Rough terrain - Ability to respond/compensate, Personnel issues - Task performance - Use of equip/info - Use of equip/system - Pilot",False,True,False,False,False,True,False,False,False,False,9.00,1191,,2026-04-03 04:05:44.570293+00:00
788,201756,ANC25LA116,2025-09-27,2025,9,Alpine,WYOMING,United States,43.107540,,46U,,SOCATA,TBM 700,SOCATA,TBM 700,SOCATA TBM,AIR,N101NX,309,False,1.0,,091,,PERS,,Substantial,3,None,0,0,0,0,VMC,,False,,In work,,,,,   ,False,False,False,False,False,False,False,False,False,False,9.00,1198,,2026-04-03 04:05:44.570293+00:00
789,201758,CEN25LA404,2025-09-30,2025,9,Watertown,WISCONSIN,United States,43.166317,,RYV,Watertown Municipal Airport,CIRRUS,SR20,CIRRUS,SR20,CIRRUS SR20,AIR,N814,1281,False,1.0,REC,091,,INST,Wisconsin Aviation - Four Lakes Inc.,Substantial,3,None,0,0,0,0,VMC,,False,DirectorBrief,Completed,,,The flight instructor’s failure to maintain control of the airplane following the student pilot’s bounced landing. Contributing to the accident was the flight instructor’s delayed remedial action which resulted in diminished airplane performance during the go-around.,"Aircraft - Aircraft oper/perf/capability - Performance/control parameters - Pitch control - Not attained/maintained, Aircraft - Aircraft oper/perf/capability - Performance/control parameters - Lateral/bank control - Not attained/maintained, Aircraft - Aircraft oper/perf/capability - Performance/control parameters - Yaw control - Not attained/maintained, Personnel issues - Action/decision - Action - Delayed action - Instructor/check pilot, Personnel issues - Task performance - Use of equip/info - Aircraft control - Instructor/check pilot","  The flight instructor’s failure to maintain control of the airplane following the student pilot’s bounced landing. Contributing to the accident was the flight instructor’s delayed remedial action which resulted in diminished airplane performance during the go-around. Aircraft - Aircraft oper/perf/capability - Performance/control parameters - Pitch control - Not attained/maintained, Aircraft - Aircraft oper/perf/capability - Performance/control parameters - Lateral/bank control - Not attained/maintained, Aircraft - Aircraft oper/perf/capability - Performance/control parameters - Yaw control - Not attained/maintained, Personnel issues - Action/decision - Action - Delayed action - Instructor/check pilot, Personnel issues - Task performance - Use of equip/info - Aircraft control - Instructor/check pilot",False,False,False,False,False,True,False,False,False,False,9.00,1187,,2026-04-03 04:05:44.570293+00:00
860,201840,CEN26LA018,2025-10-11,2025,10,Wallis,TEXAS,United States,29.630600,,TE71,GHSA-Wallis Glideport,BURKHART GROB FLUGZEUGBAU,G102 ASTIR CS,BURKHART GROB FLUGZEUGBAU,G102 ASTIR CS,BURKHART GROB FLUGZEUGBAU G102,GLI,N137SS,1348,False,0.0,,091,,PERS,Pilot,Substantial,3,None,0,0,0,0,VMC,,False,DirectorBrief,Completed,,,The pilot’s failure to maintain control during landing roll that resulted in an impact with terrain.,Aircraft - Aircraft oper/perf/capability - Performance/control parameters - (general) - Not attained/maintained,  The pilot’s failure to maintain control during landing roll that resulted in an impact with terrain. Aircraft - Aircraft oper/perf/capability - Performance/control parameters - (general) - Not attained/maintained,False,False,False,False,False,True,False,False,False,False,9.00,917,,2026-04-03 04:05:44.570293+00:00
795,201765,WPR25LA301,2025-06-29,2025,6,West Yellowstone,MONTANA,United States,44.688990,,WYS,YELLOWSTONE,PIPER,PA-24-260,PIPER,PA-24-260,PIPER PA-24-260,AIR,N9366P,24-4866,False,1.0,,091,,PERS,MJC LIMITED LLC,Substantial,3,None,0,0,0,0,VMC,,False,,In work,,,,,   ,False,False,False,False,False,False,False,False,False,False,9.00,1762,,2026-04-03 04:05:44.570293+00:00
796,201766,DCA26FA001,2025-10-01,2025,10,New York,NEW YORK,United States,40.772947,,LGA,LAGUARDIA,"BOMBARDIER INC, BOMBARDIER INC","CL-600-2D24, CL-600-2D24","BOMBARDIER INC, BOMBARDIER INC","CL-600-2D24, CL-600-2D24","BOMBARDIER INC, BOMBARDIER INC CL-600-2D24,","AIR, AIR","N902XJ, N480PX","15131, 15480",,,,121,"SCHD, SCHD",,"Endeavor Air, Endeavor Air","Minor, Minor",0,Minor,0,0,1,1,VMC,,False,,In work,,,,,   ,False,False,False,False,False,False,False,False,False,False,4.00,971,,2026-04-03 04:05:44.570293+00:00
797,201767,GAA26WA001,2025-10-01,2025,10,Durup,,Denmark,56.754167,,,,CESSNA,F172,CESSNA,F172,CESSNA F172,AIR,OY-JEP,F17201705,False,1.0,REC,000,,PERS,,None,1,None,0,0,0,0,,,False,,N/A,,,,,   ,False,False,False,False,False,False,False,False,False,False,3.00,974,,2026-04-03 04:05:44.570293+00:00
798,201769,CEN26LA002,2025-10-01,2025,10,Haskell,OKLAHOMA,United States,35.833132,,2K9,HASKELL,CHAMPION,7GC,CHAMPION,7GC,CHAMPION 7GC,AIR,N621E,7-GC-46,False,1.0,REC,091,,PERS,,Substantial,3,Minor,0,0,1,1,VMC,,False,DirectorBrief,Completed,,,"The pilot’s excessive braking during the landing roll, which resulted in a nose over. Contributing to the accident was the pilot’s lack of experience with the recently installed brakes and tundra tires.","Personnel issues - Task performance - Use of equip/info - Aircraft control - Pilot, Personnel issues - Action/decision - Action - Incorrect action performance - Pilot, Personnel issues - Experience/knowledge - Experience/qualifications - Total experience w/ equipment - Pilot, Personnel issues - Psychological - Attention/monitoring - Task monitoring/vigilance - Pilot, Aircraft - Aircraft systems - Landing gear system - Brake - Incorrect use/operation, Aircraft - Aircraft systems - Landing gear system - (general) - Incorrect use/operation","  The pilot’s excessive braking during the landing roll, which resulted in a nose over. Contributing to the accident was the pilot’s lack of experience with the recently installed brakes and tundra tires. Personnel issues - Task performance - Use of equip/info - Aircraft control - Pilot, Personnel issues - Action/decision - Action - Incorrect action performance - Pilot, Personnel issues - Experience/knowledge - Experience/qualifications - Total experience w/ equipment - Pilot, Personnel issues - Psychological - Attention/monitoring - Task monitoring/vigilance - Pilot, Aircraft - Aircraft systems - Landing gear system - Brake - Incorrect use/operation, Aircraft - Aircraft systems - Landing gear system - (general) - Incorrect use/operation",False,False,False,False,True,False,False,False,False,False,13.00,973,,2026-04-03 04:05:44.570293+00:00
799,201770,ERA25LA374,2025-06-07,2025,6,Ridgeland,SOUTH CAROLINA,United States,32.493919,,3J1,RIDGELAND-CLAUDE DEAN,FLYING CLOUD AVIATION LLC,AL18,FLYING CLOUD AVIATION LLC,AL18,FLYING CLOUD AVIATION LLC AL18,AIR,N859SS,AL-366,True,1.0,REC,091,,PERS,PREFERRED LANDING LLC,Substantial,3,None,0,0,0,0,VMC,,False,DirectorBrief,Completed,,,The pilot’s failure to maintain directional control of the airplane during landing.,"Personnel issues - Task performance - Use of equip/info - Aircraft control - Pilot, Aircraft - Aircraft oper/perf/capability - Performance/control parameters - Directional control - Not attained/maintained","  The pilot’s failure to maintain directional control of the airplane during landing. Personnel issues - Task performance - Use of equip/info - Aircraft control - Pilot, Aircraft - Aircraft oper/perf/capability - Performance/control parameters - Directional control - Not attained/maintained",False,False,False,False,False,True,False,False,False,False,9.00,1886,,2026-04-03 04:05:44.570293+00:00
800,201771,ERA25LA375,2025-09-29,2025,9,Punxsutawney,PENNSYLVANIA,United States,40.966837,,N35,PUNXSUTAWNEY MUNI,CESSNA,172,CESSNA,172,CESSNA 172,AIR,N6703A,28803,False,1.0,REC,091,,PERS,,Substantial,3,None,0,0,0,0,VMC,,False,DirectorBrief,Completed,,,The airplane’s collision with a deer on a runway during landing roll.,Environmental issues - Physical environment - Object/animal/substance - Animal(s)/bird(s) - Effect on equipment,  The airplane’s collision with a deer on a runway during landing roll. Environmental issues - Physical environment - Object/animal/substance - Animal(s)/bird(s) - Effect on equipment,False,False,False,False,False,False,False,False,False,False,9.00,1188,,2026-04-03 04:05:44.570293+00:00
861,201841,ENG26WA001,2025-10-08,2025,10,Adelaide Aerodrome,,Australia,,,,,SAAB,340,SAAB,340,SAAB 340,AIR,VH-ZPN,,False,,,121,,,REX Regional Express,Minor,2,,0,0,0,0,,,False,,N/A,,,,,   ,False,False,False,False,False,False,False,False,False,False,6.00,932,,2026-04-03 04:05:44.570293+00:00
862,201842,DCA26WA003,2025-10-03,2025,10,Manchester,OTHER FOREIGN,United Kingdom,,,,,BOEING,737,BOEING,737,BOEING 737,AIR,9H-QBD,,False,,,121,SCHD,,Malta Air,None,1,,0,0,0,0,,,False,,N/A,,,,,   ,False,False,False,False,False,False,False,False,False,False,3.00,962,,2026-04-03 04:05:44.570293+00:00
1230,202676,DCA26WA162,2026-03-13,2026,3,Misawa,OTHER FOREIGN,Japan,,,,,BOEING,737,BOEING,737,BOEING 737,AIR,JA301J,,False,2.0,,129,SCHD,,Japan Airlines,Substantial,3,None,0,0,0,0,,,False,,N/A,,,,,   ,False,False,False,False,False,False,False,False,False,False,9.00,801,,2026-04-03 04:05:44.570293+00:00
801,201772,CEN26LA003,2025-10-01,2025,10,Earlham,IOWA,United States,41.448750,,3Y3,Winterset Municipal,QUARTZ MOUNTAIN AEROSPACE INC,11E,QUARTZ MOUNTAIN AEROSPACE INC,11E,QUARTZ MOUNTAIN AEROSPACE INC 11E,AIR,N516BW,1007,False,1.0,REC,091,,INST,,Substantial,3,None,0,0,0,0,VMC,,False,DirectorBrief,Completed,,,The flight instructor’s inadequate fuel management which resulted in the total loss of engine power due to fuel exhaustion.,"Aircraft - Fluids/misc hardware - Fluids - Fuel - Fluid level, Personnel issues - Task performance - Use of equip/info - Use of equip/system - Instructor/check pilot","  The flight instructor’s inadequate fuel management which resulted in the total loss of engine power due to fuel exhaustion. Aircraft - Fluids/misc hardware - Fluids - Fuel - Fluid level, Personnel issues - Task performance - Use of equip/info - Use of equip/system - Instructor/check pilot",False,True,False,False,False,True,False,False,False,False,9.00,972,,2026-04-03 04:05:44.570293+00:00
802,201773,WPR26LA002,2025-10-01,2025,10,Tolleson,ARIZONA,United States,33.459128,,,,AMAZON.COM SERVICES LLC,MK30,AMAZON.COM SERVICES LLC,MK30,AMAZON.COM SERVICES LLC MK30,HELI,N791PA,178650101M,False,6.0,,135,NSCH,OWRK,AMAZON.COM SERVICES LLC,Substantial,3,None,0,0,0,0,VMC,,False,,In work,,,,,   ,False,False,False,False,False,False,False,False,False,False,9.00,976,,2026-04-03 04:05:44.570293+00:00
804,201775,ERA25LA376,2025-09-28,2025,9,West Milford,NEW JERSEY,United States,41.128389,,4N1,GREENWOOD LAKE,CIRRUS DESIGN CORP,SR22,CIRRUS DESIGN CORP,SR22,CIRRUS DESIGN CORP SR22,AIR,N283WT,3938,False,1.0,REC,091,,PERS,,Substantial,3,None,0,0,0,0,VMC,,False,DirectorBrief,Completed,,,"The pilot’s improper landing flare and subsequent failure to recover from a hard bounced landing, which resulted in a loss of directional control and runway excursion.","Personnel issues - Task performance - Use of equip/info - Aircraft control - Pilot, Personnel issues - Action/decision - Action - Incorrect action performance - Pilot, Aircraft - Aircraft oper/perf/capability - Performance/control parameters - Landing flare - Not attained/maintained","  The pilot’s improper landing flare and subsequent failure to recover from a hard bounced landing, which resulted in a loss of directional control and runway excursion. Personnel issues - Task performance - Use of equip/info - Aircraft control - Pilot, Personnel issues - Action/decision - Action - Incorrect action performance - Pilot, Aircraft - Aircraft oper/perf/capability - Performance/control parameters - Landing flare - Not attained/maintained",False,False,False,False,False,True,True,False,False,False,9.00,1194,,2026-04-03 04:05:44.570293+00:00
805,201776,ERA26LA001,2025-10-02,2025,10,Talladega,ALABAMA,United States,33.552556,,,,CIRRUS DESIGN CORP,SR22,CIRRUS DESIGN CORP,SR22,CIRRUS DESIGN CORP SR22,AIR,N812SE,2152,False,1.0,,091,,PERS,,Substantial,3,Minor,0,0,1,1,VMC,,False,,In work,,,,,   ,False,False,False,False,False,False,False,False,False,False,13.00,969,,2026-04-03 04:05:44.570293+00:00
806,201777,ERA25LA377,2025-09-27,2025,9,Okeechobee,FLORIDA,United States,27.265700,,,,PIPER,PA28R,PIPER,PA28R,PIPER PA28R,AIR,N8586A,2844164,False,1.0,REC,091,,INST,SKYBORNE AIRLINE ACADEMY INC,Substantial,3,None,0,0,0,0,VMC,,False,DirectorBrief,Completed,,,Collision with a bird during cruise flight.,Environmental issues - Physical environment - Object/animal/substance - Animal(s)/bird(s) - Effect on equipment,  Collision with a bird during cruise flight. Environmental issues - Physical environment - Object/animal/substance - Animal(s)/bird(s) - Effect on equipment,False,False,False,False,False,False,False,False,False,False,9.00,1205,,2026-04-03 04:05:44.570293+00:00
807,201778,CEN26LA004,2025-10-02,2025,10,North La Junta,COLORADO,United States,38.050000,,LHX,LA JUNTA MUNI,CESSNA,172,CESSNA,172,CESSNA 172,AIR,N617SP,172S8606,False,1.0,REC,091,,INST,EDB AIR INC,Substantial,3,Minor,0,0,1,1,VMC,,False,DirectorBrief,Completed,,,The solo student pilot’s improper landing flare and subsequent improper recovery from a bounced landing.,"Personnel issues - Task performance - Use of equip/info - Aircraft control - Student/instructed pilot, Personnel issues - Action/decision - Action - Incorrect action performance - Student/instructed pilot, Aircraft - Aircraft oper/perf/capability - Performance/control parameters - Landing flare - Not attained/maintained","  The solo student pilot’s improper landing flare and subsequent improper recovery from a bounced landing. Personnel issues - Task performance - Use of equip/info - Aircraft control - Student/instructed pilot, Personnel issues - Action/decision - Action - Incorrect action performance - Student/instructed pilot, Aircraft - Aircraft oper/perf/capability - Performance/control parameters - Landing flare - Not attained/maintained",False,False,False,False,False,True,False,False,False,False,13.00,967,,2026-04-03 04:05:44.570293+00:00
808,201780,DCA25LA341,2025-09-30,2025,9,Las Vegas,NEVADA,United States,36.588719,,,,AIRBUS,A321,AIRBUS,A321,AIRBUS A321,AIR,N670NK,7106,False,2.0,,121,SCHD,,Spirit Airlines LLC,None,1,Serious,0,1,1,2,UNKNOWN,,False,,In work,,,,,   ,False,False,False,False,False,False,False,False,False,False,11.00,1185,,2026-04-03 04:05:44.570293+00:00
809,201781,CEN26FA005,2025-10-05,2025,10,Williston,FLORIDA,United States,29.369610,,X60,WILLISTON RGNL,BEECH,58P,BEECH,58P,BEECH 58P,AIR,N121GJ,TJ-62,False,2.0,,091,,PERS,,Destroyed,4,Fatal,3,0,0,3,VMC,,False,,In work,,,,,   ,False,False,False,False,False,False,False,False,False,False,39.00,948,,2026-04-03 04:05:44.570293+00:00
810,201782,GAA26WA002,2025-10-03,2025,10,Al-Maktoum,OTHER FOREIGN,United Arab Emirates,,,OMDW,Al Maktoum International,CIRRUS,SR22,CIRRUS,SR22,CIRRUS SR22,AIR,A6-CTE,4521,False,1.0,,000,,,Emirates Flight Training Academy,Substantial,3,None,0,0,0,0,,,False,,N/A,,,,,   ,False,False,False,False,False,False,False,False,False,False,9.00,966,,2026-04-03 04:05:44.570293+00:00
811,201783,CEN26LA006,2025-10-05,2025,10,Mcgregor,MINNESOTA,United States,46.618797,,HZX,Isedor Iverson Airport,PIPER,PA-28-140,PIPER,PA-28-140,PIPER PA-28-140,AIR,N4218T,28-7225096,False,1.0,,091,,PERS,,Substantial,3,Serious,0,3,0,3,VMC,,False,,In work,,,,,   ,False,False,False,False,False,False,False,False,False,False,17.00,950,,2026-04-03 04:05:44.570293+00:00
812,201784,ERA26LA002,2025-10-04,2025,10,Parkland,FLORIDA,United States,26.376667,,,,MAULE,M-7-260,MAULE,M-7-260,MAULE M-7-260,AIR,N368FS,23097C,False,1.0,,091,,PERS,FREDERICK INVESTMENT CORP,Substantial,3,None,0,0,0,0,VMC,,False,,In work,,,,,   ,False,False,False,False,False,False,False,False,False,False,9.00,953,,2026-04-03 04:05:44.570293+00:00
813,201785,ERA26LA003,2025-10-06,2025,10,West Milford,NEW JERSEY,United States,41.131389,,4N1,GREENWOOD LAKE,CESSNA,172,CESSNA,172,CESSNA 172,AIR,N677DM,172S9661,False,1.0,REC,091,,INST,AIR FLEET TRAINING SYSTEMS INC,Substantial,3,Minor,0,0,2,2,VMC,,False,DirectorBrief,Completed,,,"The pilot’s failure to adequate clearance from obstacles while maneuvering during the landing approach and the instructor pilot’s delayed remedial action, which resulted in the airplane contacting a tree and terrain.","Aircraft - Aircraft oper/perf/capability - Performance/control parameters - Descent/approach/glide path - Not attained/maintained, Personnel issues - Action/decision - Action - Delayed action - Instructor/check pilot, Personnel issues - Action/decision - Info processing/decision - Decision making/judgment - Pilot","  The pilot’s failure to adequate clearance from obstacles while maneuvering during the landing approach and the instructor pilot’s delayed remedial action, which resulted in the airplane contacting a tree and terrain. Aircraft - Aircraft oper/perf/capability - Performance/control parameters - Descent/approach/glide path - Not attained/maintained, Personnel issues - Action/decision - Action - Delayed action - Instructor/check pilot, Personnel issues - Action/decision - Info processing/decision - Decision making/judgment - Pilot",False,False,False,False,False,True,False,False,False,False,13.00,945,,2026-04-03 04:05:44.570293+00:00
863,201843,ERA26LA012,2025-10-10,2025,10,Sandersville,GEORGIA,United States,32.973411,,OKZ,KAOLIN FLD,CESSNA,172,CESSNA,172,CESSNA 172,AIR,N4390L,17254471,False,1.0,,091,,POSI,AERO SCIENCE INTERNATIONAL LLC,Substantial,3,Minor,0,0,1,1,VMC,,False,,In work,,,,,   ,False,False,False,False,False,False,False,False,False,False,13.00,921,,2026-04-03 04:05:44.570293+00:00
814,201786,CEN26LA007,2025-10-05,2025,10,Mount Carroll,ILLINOIS,United States,42.063463,,LL07,HERB TAUTZ,CESSNA,R172,CESSNA,R172,CESSNA R172,AIR,N7354V,R1722304,False,1.0,REC,091,,PERS,,Substantial,3,Serious,0,1,1,2,VMC,,False,DirectorBrief,Completed,,,The pilot’s failure to maintain aircraft control during a go around in gusty wind conditions.,"Aircraft - Aircraft oper/perf/capability - Performance/control parameters - Directional control - Not attained/maintained, Environmental issues - Conditions/weather/phenomena - Wind - Gusts - Ability to respond/compensate, Personnel issues - Task performance - Use of equip/info - Aircraft control - Pilot","  The pilot’s failure to maintain aircraft control during a go around in gusty wind conditions. Aircraft - Aircraft oper/perf/capability - Performance/control parameters - Directional control - Not attained/maintained, Environmental issues - Conditions/weather/phenomena - Wind - Gusts - Ability to respond/compensate, Personnel issues - Task performance - Use of equip/info - Aircraft control - Pilot",False,False,False,False,False,True,False,False,False,False,17.00,951,,2026-04-03 04:05:44.570293+00:00
815,201787,GAA25WA271,2025-09-16,2025,9,Corumba,OTHER FOREIGN,Brazil,-17.587778,,,,CESSNA,P210,CESSNA,P210,CESSNA P210,AIR,PS-FDW,P21000625,False,1.0,,000,,PERS,,Substantial,3,Fatal,1,0,0,1,,,False,,N/A,,,,,   ,False,False,False,False,False,False,False,False,False,False,26.00,1271,,2026-04-03 04:05:44.570293+00:00
816,201788,CEN26LA008,2025-10-04,2025,10,Huron,INDIANA,United States,38.683225,,,,LANCAIR,320,LANCAIR,320,LANCAIR 320,AIR,N431M,001,True,1.0,,091,,PERS,B & B FLYING LLC,Destroyed,4,Serious,0,1,0,1,VMC,,False,,In work,,,,,   ,False,False,False,False,False,False,False,False,False,False,20.00,952,,2026-04-03 04:05:44.570293+00:00
820,201792,CEN25LA405,2025-09-30,2025,9,Longmont,COLORADO,United States,40.163780,,LMO,Vance Brand,SUKHOI,SU-26MX,SUKHOI,SU-26MX,SUKHOI SU-26MX,AIR,N25SU,5204,False,1.0,REC,091,,PERS,,Substantial,3,Minor,0,0,1,1,VMC,,False,DirectorBrief,Completed,,,The pilot's failure to maintain directional control during takeoff.,"Aircraft - Aircraft oper/perf/capability - Performance/control parameters - Directional control - Not attained/maintained, Personnel issues - Task performance - Use of equip/info - Aircraft control - Pilot","  The pilot's failure to maintain directional control during takeoff. Aircraft - Aircraft oper/perf/capability - Performance/control parameters - Directional control - Not attained/maintained, Personnel issues - Task performance - Use of equip/info - Aircraft control - Pilot",False,False,False,False,False,True,False,False,False,False,13.00,1186,,2026-04-03 04:05:44.570293+00:00
903,201895,WPR26LA022,2025-10-17,2025,10,Casa Grande,ARIZONA,United States,32.995000,,CGZ,Casa Grande Municipal,Flight Design GMBH,CTSW,FLIGHT DESIGN GMBH,CTSW,FLIGHT DESIGN GMBH CTSW,AIR,N531CT,06-12-11,False,1.0,,091,,PERS,,Substantial,3,Minor,0,0,1,1,VMC,,False,,In work,,,,,   ,False,False,False,False,False,False,False,False,False,False,13.00,891,,2026-04-03 04:05:44.570293+00:00
929,201925,ERA26LA024,2025-10-24,2025,10,Somerville,TENNESSEE,United States,35.215219,,FYE,Fayette County Airport,PIPER,PA-28-140,PIPER,PA-28-140,PIPER PA-28-140,AIR,N3905F,28-7625269,False,1.0,,091,,PERS,,Substantial,3,Minor,0,0,1,1,VMC,,False,,In work,,,,,   ,False,False,False,False,False,False,False,False,False,False,13.00,866,,2026-04-03 04:05:44.570293+00:00
821,201793,WPR26LA003,2025-10-04,2025,10,Boulder City,NEVADA,United States,35.947308,,BVU,Boulder City Municipal,Willey Frank C Jr.,Avid Mark 4,WILLEY FRANK C JR.,Avid Mark 4,WILLEY FRANK C JR. AVID,AIR,N90331,1287D,True,1.0,REC,091,,PERS,,Substantial,3,None,0,0,0,0,VMC,,False,DirectorBrief,Completed,,,The pilot’s failure to maintain directional control while landing.,"Personnel issues - Task performance - Use of equip/info - Aircraft control - Pilot, Aircraft - Aircraft oper/perf/capability - Performance/control parameters - Directional control - Not attained/maintained","  The pilot’s failure to maintain directional control while landing. Personnel issues - Task performance - Use of equip/info - Aircraft control - Pilot, Aircraft - Aircraft oper/perf/capability - Performance/control parameters - Directional control - Not attained/maintained",False,False,False,False,False,True,False,False,False,False,9.00,961,,2026-04-03 04:05:44.570293+00:00
822,201794,WPR25LA305,2025-09-26,2025,9,Lake Havasu City,ARIZONA,United States,34.444664,,HII,LAKE HAVASU CITY,CESSNA,150F,CESSNA,150F,CESSNA 150F,AIR,N8171S,15061771,False,1.0,,091,,POSI,,Substantial,3,Minor,0,0,2,2,VMC,,False,,In work,,,,,   ,False,False,False,False,False,False,False,False,False,False,13.00,1212,,2026-04-03 04:05:44.570293+00:00
823,201797,WPR26LA006,2025-10-02,2025,10,Richland,WASHINGTON,United States,46.305639,,RLD,RICHLAND,SIAI-MARCHETTI,SM 1019,SIAI-MARCHETTI,SM 1019,SIAI-MARCHETTI SM,AIR,N3172U,038,False,1.0,,091,,PERS,D & D AIRPARK LLC,Substantial,3,None,0,0,0,0,VMC,,False,,In work,,,,,   ,False,False,False,False,False,False,False,False,False,False,9.00,970,,2026-04-03 04:05:44.570293+00:00
824,201798,WPR25LA304,2025-09-29,2025,9,Avalon,CALIFORNIA,United States,33.405650,,AVX,Catalina Airport,CESSNA,182A,CESSNA,182A,CESSNA 182A,AIR,N2079G,51379,False,1.0,,091,,PERS,,Substantial,3,None,0,0,0,0,,,False,,In work,,,,,   ,False,False,False,False,False,False,False,False,False,False,9.00,1190,,2026-04-03 04:05:44.570293+00:00
825,201799,CEN26FA010,2025-10-06,2025,10,Parkin,ARKANSAS,United States,35.159447,,,N/A,CESSNA,210B,CESSNA,210B,CESSNA 210B,AIR,N9627X,21057927,False,1.0,,091,,PERS,,Destroyed,4,Fatal,3,0,0,3,IMC,,False,,In work,,,,,   ,False,False,False,False,False,False,False,False,False,False,39.00,943,,2026-04-03 04:05:44.570293+00:00
826,201800,GAA26WA003,2025-10-03,2025,10,Brogans Creek,OTHER FOREIGN,Austria,-33.000000,,,,ROBINSON,R22,ROBINSON,R22,ROBINSON R22,HELI,VH-RDL,,False,,,000,,,,Destroyed,4,Fatal,1,1,0,2,,,False,,N/A,,,,,   ,False,False,False,False,False,False,False,False,False,False,29.00,964,,2026-04-03 04:05:44.570293+00:00
827,201801,WPR26LA007,2025-10-05,2025,10,Gila Bend,ARIZONA,United States,32.964132,,E63,Gila Bend Municipal Airport,PIPER,PA-30,PIPER,PA-30,PIPER PA-30,AIR,N8678Y,30-1822,False,2.0,REC,091,,PERS,,Substantial,3,None,0,0,0,0,VMC,,False,DirectorBrief,Completed,,,The pilot’s improper throttle input and failure to maintain aircraft control during landing.,"Aircraft - Aircraft oper/perf/capability - Performance/control parameters - Powerplant parameters - Incorrect use/operation, Personnel issues - Action/decision - Info processing/decision - Identification/recognition - Pilot, Personnel issues - Task performance - Use of equip/info - Aircraft control - Pilot, Personnel issues - Task performance - Use of equip/info - Use of equip/system - Pilot","  The pilot’s improper throttle input and failure to maintain aircraft control during landing. Aircraft - Aircraft oper/perf/capability - Performance/control parameters - Powerplant parameters - Incorrect use/operation, Personnel issues - Action/decision - Info processing/decision - Identification/recognition - Pilot, Personnel issues - Task performance - Use of equip/info - Aircraft control - Pilot, Personnel issues - Task performance - Use of equip/info - Use of equip/system - Pilot",False,False,False,False,False,True,False,False,False,False,9.00,947,,2026-04-03 04:05:44.570293+00:00
828,201802,WPR26FA008,2025-10-06,2025,10,Sacramento,CALIFORNIA,United States,38.558524,,,,AIRBUS HELICOPTERS,EC 130 T2,AIRBUS HELICOPTERS,EC 130 T2,AIRBUS HELICOPTERS EC,HELI,N414RX,8909,False,1.0,,135,NSCH,,REACH AIR MEDICAL SERVICES LLC,Substantial,3,Fatal,1,2,0,3,VMC,,False,,In work,,,,,   ,False,False,False,False,False,False,False,False,False,False,26.00,942,,2026-04-03 04:05:44.570293+00:00
859,201839,CEN26LA017,2025-10-12,2025,10,Springfield,COLORADO,United States,37.459290,,8V7,Springfield Muni,RANS,S20,RANS,S20,RANS S20,AIR,N319WD,06170073,True,1.0,REC,091,,PERS,,Substantial,3,None,0,0,0,0,VMC,,False,DirectorBrief,Completed,,,The pilot's failure to maintain directional control during the takeoff with a right crosswind.,"Personnel issues - Task performance - Use of equip/info - Aircraft control - Pilot, Aircraft - Aircraft oper/perf/capability - Performance/control parameters - Directional control - Not attained/maintained, Environmental issues - Conditions/weather/phenomena - Wind - Crosswind - Effect on operation","  The pilot's failure to maintain directional control during the takeoff with a right crosswind. Personnel issues - Task performance - Use of equip/info - Aircraft control - Pilot, Aircraft - Aircraft oper/perf/capability - Performance/control parameters - Directional control - Not attained/maintained, Environmental issues - Conditions/weather/phenomena - Wind - Crosswind - Effect on operation",False,False,False,False,False,True,False,False,False,False,9.00,915,,2026-04-03 04:05:44.570293+00:00
829,201803,CEN26LA011,2025-10-01,2025,10,Portage,WISCONSIN,United States,43.560262,,C47,PORTAGE MUNI,CIRRUS DESIGN CORP,SR20,CIRRUS DESIGN CORP,SR20,CIRRUS DESIGN CORP SR20,AIR,N78RC,1259,False,1.0,REC,091,,INST,Wisconsin Aviation - Four Lakes Inc.,Substantial,3,None,0,0,0,0,VMC,,False,DirectorBrief,Completed,,,The student pilot’s failure to maintain proper airspeed and attitude for a short field landing. Contributing to the accident was the flight instructor’s delayed remedial action.,"Personnel issues - Action/decision - Action - Delayed action - Instructor/check pilot, Aircraft - Aircraft oper/perf/capability - Performance/control parameters - Descent/approach/glide path - Not attained/maintained, Aircraft - Aircraft oper/perf/capability - Performance/control parameters - Airspeed - Not attained/maintained, Aircraft - Aircraft oper/perf/capability - Performance/control parameters - Pitch control - Not attained/maintained","  The student pilot’s failure to maintain proper airspeed and attitude for a short field landing. Contributing to the accident was the flight instructor’s delayed remedial action. Personnel issues - Action/decision - Action - Delayed action - Instructor/check pilot, Aircraft - Aircraft oper/perf/capability - Performance/control parameters - Descent/approach/glide path - Not attained/maintained, Aircraft - Aircraft oper/perf/capability - Performance/control parameters - Airspeed - Not attained/maintained, Aircraft - Aircraft oper/perf/capability - Performance/control parameters - Pitch control - Not attained/maintained",False,False,False,False,False,True,False,False,False,False,9.00,975,,2026-04-03 04:05:44.570293+00:00
889,201875,ERA26LA018,2025-10-16,2025,10,Cynthiana,KENTUCKY,United States,38.378828,,,,CESSNA,177,CESSNA,177,CESSNA 177,AIR,N159RJ,17702038,False,1.0,,091,,PERS,,Substantial,3,Serious,0,1,1,2,VMC,,False,,In work,,,,,   ,False,False,False,False,False,False,False,False,False,False,17.00,895,,2026-04-03 04:05:44.570293+00:00
830,201804,DCA25WA342,2025-09-17,2025,9,Madrid,,Spain,40.542962,,,,"BOEING, AIRBUS HELICOPTERS","737, EC135","BOEING, AIRBUS HELICOPTERS","737, EC135","BOEING, AIRBUS HELICOPTERS 737,","AIR, HELI","EI-DWX, 10302",2508,,2.0,TS,000,SCHD,,"Ryanair, Servicio Aereo de la Guadia Civil","None, None",0,None,0,0,0,0,,,False,,N/A,,,,,   ,False,False,False,False,False,False,False,False,False,False,0.00,1264,,2026-04-03 04:05:44.570293+00:00
835,201810,ERA26LA005,2025-10-04,2025,10,Reedville,VIRGINIA,United States,37.829840,,VA99,FEDERHART-OPHELIA,BELLANCA,7GCBC,BELLANCA,7GCBC,BELLANCA 7GCBC,AIR,N289PS,370-72,False,1.0,,091,,PERS,,Substantial,3,Minor,0,0,1,1,VMC,,False,,In work,,,,,   ,False,False,False,False,False,False,False,False,False,False,13.00,955,,2026-04-03 04:05:44.570293+00:00
836,201811,CEN26FA012,2025-10-07,2025,10,Skidmore,TEXAS,United States,28.306531,,BEA,BEEVILLE MUNI,BEECH,A35,BEECH,A35,BEECH A35,AIR,N577B,D-1596,False,1.0,,091,,PERS,,Destroyed,4,Fatal,1,0,0,1,UNKNOWN,,False,,In work,,,,,   ,False,False,False,False,False,False,False,False,False,False,29.00,938,,2026-04-03 04:05:44.570293+00:00
948,201952,GAA26WA018,2025-10-14,2025,10,Colombo,OTHER FOREIGN,Brazil,-25.381944,,,,ROBINSON,R22,ROBINSON,R22,ROBINSON R22,HELI,PR-PNB,4216,False,1.0,REC,000,,INST,ESCOLA DE AVIAÇÃO CIVIL ASAS ROTATIVAS LTDAb,Substantial,3,None,0,0,0,0,,,False,,N/A,,,,,   ,False,False,False,False,False,False,False,False,False,False,9.00,905,,2026-04-03 04:05:44.570293+00:00
837,201812,WPR26LA009,2025-10-07,2025,10,Watsonville,CALIFORNIA,United States,36.935733,,WVI,WATSONVILLE MUNI,MOONEY,M20C,MOONEY,M20C,MOONEY M20C,AIR,N6814N,680111,False,1.0,REC,091,,PERS,,Substantial,3,None,0,0,0,0,VMC,,False,DirectorBrief,Completed,,,"The pilot’s decision to program avionics during taxi, resulting in an inadvertent throttle input and collision with a hangar.","Aircraft - Aircraft handling/service - Towing and taxiing - Taxiing - Incorrect use/operation, Personnel issues - Action/decision - Info processing/decision - Decision making/judgment - Pilot, Personnel issues - Psychological - Attention/monitoring - Monitoring environment - Pilot, Aircraft - Aircraft oper/perf/capability - Performance/control parameters - Powerplant parameters - Incorrect use/operation","  The pilot’s decision to program avionics during taxi, resulting in an inadvertent throttle input and collision with a hangar. Aircraft - Aircraft handling/service - Towing and taxiing - Taxiing - Incorrect use/operation, Personnel issues - Action/decision - Info processing/decision - Decision making/judgment - Pilot, Personnel issues - Psychological - Attention/monitoring - Monitoring environment - Pilot, Aircraft - Aircraft oper/perf/capability - Performance/control parameters - Powerplant parameters - Incorrect use/operation",False,False,False,False,False,False,False,False,False,False,9.00,937,,2026-04-03 04:05:44.570293+00:00
838,201814,ERA26LA007,2025-10-07,2025,10,Miami,FLORIDA,United States,25.643439,,,,CESSNA,172,CESSNA,172,CESSNA 172,AIR,N433PT,17263088,False,1.0,,091,,INST,PILOT TRAINING CENTER LLC,Substantial,3,Minor,0,0,1,1,VMC,,False,,In work,,,,,   ,False,False,False,False,False,False,False,False,False,False,13.00,936,,2026-04-03 04:05:44.570293+00:00
839,201815,ERA26LA008,2025-10-07,2025,10,East Rockingham,NORTH CAROLINA,United States,34.890375,,RCZ,RICHMOND COUNTY,CHAMPION,7ECA,CHAMPION,7ECA,CHAMPION 7ECA,AIR,N63BC,637,False,1.0,REC,091,,PERS,,Substantial,3,None,0,0,0,0,VMC,,False,DirectorBrief,Completed,,,"The pilot’s failure to maintain control of the airplane during initial climb, resulting in an aerodynamic stall and impact with terrain.","Personnel issues - Task performance - Use of equip/info - Aircraft control - Pilot, Aircraft - Aircraft oper/perf/capability - Performance/control parameters - Angle of attack - Capability exceeded","  The pilot’s failure to maintain control of the airplane during initial climb, resulting in an aerodynamic stall and impact with terrain. Personnel issues - Task performance - Use of equip/info - Aircraft control - Pilot, Aircraft - Aircraft oper/perf/capability - Performance/control parameters - Angle of attack - Capability exceeded",False,False,False,False,False,True,False,False,False,False,9.00,939,,2026-04-03 04:05:44.570293+00:00
840,201816,WPR26LA010,2025-10-05,2025,10,Moriarty,NEW MEXICO,United States,34.981389,,0E0,MORIARTY MUNI,GLASFLUGEL,STD LIBELLE 201B,GLASFLUGEL,STD LIBELLE 201B,GLASFLUGEL STD,GLI,N1095G,348,False,0.0,,091,,PERS,,Substantial,3,None,0,0,0,0,VMC,,False,DirectorBrief,Completed,,,The glider’s encounter with atmospheric conditions where lift was not sufficient to maintain flight.,"Environmental issues - Conditions/weather/phenomena - Temp/humidity/pressure - Thermal lifting - Effect on operation, Aircraft - Aircraft oper/perf/capability - Performance/control parameters - Altitude - Attain/maintain not possible","  The glider’s encounter with atmospheric conditions where lift was not sufficient to maintain flight. Environmental issues - Conditions/weather/phenomena - Temp/humidity/pressure - Thermal lifting - Effect on operation, Aircraft - Aircraft oper/perf/capability - Performance/control parameters - Altitude - Attain/maintain not possible",False,False,False,False,False,False,False,False,False,False,9.00,949,,2026-04-03 04:05:44.570293+00:00
841,201817,WPR25LA306,2025-09-18,2025,9,Toledo,WASHINGTON,United States,46.476882,,TDO,ED CARLSON MEML FLD/SOUTH LEWIS COUNTY,TEMCO,GC-1B,TEMCO,GC-1B,TEMCO GC-1B,AIR,N78316,2316,False,1.0,,091,,PERS,,Substantial,3,None,0,0,0,0,VMC,,False,,In work,,,,,   ,False,False,False,False,False,False,False,False,False,False,9.00,1255,,2026-04-03 04:05:44.570293+00:00
1011,202027,ANC26LA005,2025-11-16,2025,11,Eek,ALASKA,United States,60.215306,,EEK,EEK,PIPER,PA-31-350,PIPER,PA-31-350,PIPER PA-31-350,AIR,N4112D,31-8353004,False,2.0,,135,SCHD,BUS,Yute Air,Substantial,3,None,0,0,0,0,VMC,,False,,In work,,,,,   ,False,False,False,False,False,False,False,False,False,False,9.00,1020,,2026-04-03 04:05:44.570293+00:00
843,201820,ERA26LA009,2025-10-04,2025,10,Smithfield,RHODE ISLAND,United States,41.921087,,SFZ,NORTH CENTRAL STATE,CESSNA,182H,CESSNA,182H,CESSNA 182H,AIR,N1998X,18256098,False,1.0,REC,091,,SKYD,Boston Skydive Center,Substantial,3,None,0,0,0,0,VMC,,False,DirectorBrief,Completed,,,"Maintenance personnel’s improper rigging of the elevator trim system, which resulted in a hard landing. Contributing was the maintenance personnel and pilot’s failure to perform adequate post maintenance/preflight inspections.","Aircraft - Aircraft systems - Flight control system - Elevator tab control system - Incorrect service/maintenance, Aircraft - Aircraft systems - Flight control system - Elevator tab control system - Inadequate inspection, Personnel issues - Task performance - Inspection - Preflight inspection - Pilot, Personnel issues - Task performance - Inspection - Post maintenance inspection - Maintenance personnel","  Maintenance personnel’s improper rigging of the elevator trim system, which resulted in a hard landing. Contributing was the maintenance personnel and pilot’s failure to perform adequate post maintenance/preflight inspections. Aircraft - Aircraft systems - Flight control system - Elevator tab control system - Incorrect service/maintenance, Aircraft - Aircraft systems - Flight control system - Elevator tab control system - Inadequate inspection, Personnel issues - Task performance - Inspection - Preflight inspection - Pilot, Personnel issues - Task performance - Inspection - Post maintenance inspection - Maintenance personnel",False,False,False,False,False,True,False,False,False,False,9.00,959,,2026-04-03 04:05:44.570293+00:00
844,201821,DCA25WA345,2025-09-09,2025,9,Ezeiza,OTHER FOREIGN,Argentina,-34.817000,,,,BOEING,777-222,BOEING,777-222,BOEING 777-222,AIR,N796UA,26931,False,2.0,TF,121,SCHD,,UNITED AIRLINES INC,None,1,None,0,0,0,0,,,False,,N/A,,,,,   ,False,False,False,False,False,False,False,False,False,False,3.00,1312,,2026-04-03 04:05:44.570293+00:00
845,201822,WPR26LA012,2025-10-07,2025,10,Vineyard,UTAH,United States,40.294000,,,,PIPER,PA24,PIPER,PA24,PIPER PA24,AIR,N7946P,24-3182,False,1.0,,091,,PERS,,Substantial,3,None,0,0,0,0,,,False,,In work,,,,,   ,False,False,False,False,False,False,False,False,False,False,9.00,934,,2026-04-03 04:05:44.570293+00:00
846,201823,DCA25WA346,2025-09-29,2025,9,Smuka,,Slovenia,45.758167,,,,BOEING,737,BOEING,737,BOEING 737,AIR,G-DRTJ,33554,False,2.0,TF,000,SCHD,,Jet2,None,1,,0,0,0,0,,,False,,N/A,,,,,   ,False,False,False,False,False,False,False,False,False,False,3.00,1189,,2026-04-03 04:05:44.570293+00:00
847,201824,CEN26LA013,2025-10-02,2025,10,Chaseley,NORTH DAKOTA,United States,47.489737,,N/A,,PIPER,PA-18-150,PIPER,PA-18-150,PIPER PA-18-150,AIR,N91042,18-8109067,False,1.0,REC,091,,PERS,,Substantial,3,None,0,0,0,0,VMC,,False,DirectorBrief,Completed,,,"The pilot’s excessive braking during the landing roll, which resulted in a nose over.",Personnel issues - Task performance - Use of equip/info - Aircraft control - Pilot,"  The pilot’s excessive braking during the landing roll, which resulted in a nose over. Personnel issues - Task performance - Use of equip/info - Aircraft control - Pilot",False,False,False,False,False,False,False,False,False,False,9.00,968,,2026-04-03 04:05:44.570293+00:00
848,201826,ANC26LA001,2025-10-07,2025,10,Petersburg,ALASKA,United States,56.923233,,,,CESSNA,172N,CESSNA,172N,CESSNA 172N,AIR,N80628,17269062,False,1.0,,091,,INST,,Substantial,3,None,0,0,0,0,VMC,,False,,In work,,,,,   ,False,False,False,False,False,False,False,False,False,False,9.00,935,,2026-04-03 04:05:44.570293+00:00
849,201827,WPR25LA307,2025-09-22,2025,9,Anacortes,WASHINGTON,United States,48.512600,,74S,Anacortes Airport,CESSNA,172,CESSNA,172,CESSNA 172,AIR,N6831A,28931,False,1.0,,091,,PERS,,Substantial,3,None,0,0,0,0,VMC,,False,,In work,,,,,   ,False,False,False,False,False,False,False,False,False,False,9.00,1229,,2026-04-03 04:05:44.570293+00:00
890,201876,ANC25LA120,2025-09-14,2025,9,St Mary'S,ALASKA,United States,62.326934,,,,PIPER,PA-18-150,PIPER,PA-18-150,PIPER PA-18-150,AIR,N3797Z,18-7492,False,1.0,,091,,PERS,,Substantial,3,None,0,0,0,0,VMC,,False,,In work,,,,,   ,False,False,False,False,False,False,False,False,False,False,9.00,1277,,2026-04-03 04:05:44.570293+00:00
850,201829,WPR26LA014,2025-10-04,2025,10,Flanigan,NEVADA,United States,40.339920,,,,MAYE JAMES A,JUST AIRCRAFT ESCAPADE,MAYE JAMES A,JUST AIRCRAFT ESCAPADE,MAYE JAMES A JUST,AIR,N80JM,JAESC 0025,True,1.0,REC,091,,PERS,,Substantial,3,None,0,0,0,0,VMC,,False,DirectorBrief,Completed,,,"The pilot’s improper landing flare, which resulted in a hard landing.","Environmental issues - Physical environment - Terrain - Sloped/uneven terrain - Awareness of condition, Personnel issues - Action/decision - Info processing/decision - Identification/recognition - Pilot, Aircraft - Aircraft oper/perf/capability - Performance/control parameters - Descent/approach/glide path - Incorrect use/operation, Personnel issues - Task performance - Use of equip/info - Aircraft control - Pilot, Environmental issues - Physical environment - Terrain - Sloped/uneven terrain - Contributed to outcome","  The pilot’s improper landing flare, which resulted in a hard landing. Environmental issues - Physical environment - Terrain - Sloped/uneven terrain - Awareness of condition, Personnel issues - Action/decision - Info processing/decision - Identification/recognition - Pilot, Aircraft - Aircraft oper/perf/capability - Performance/control parameters - Descent/approach/glide path - Incorrect use/operation, Personnel issues - Task performance - Use of equip/info - Aircraft control - Pilot, Environmental issues - Physical environment - Terrain - Sloped/uneven terrain - Contributed to outcome",False,False,False,False,False,True,False,False,False,False,9.00,958,,2026-04-03 04:05:44.570293+00:00
851,201831,ERA25LA379,2025-09-28,2025,9,Oakland,PENNSYLVANIA,United States,40.322714,,JST,JOHN MURTHA JOHNSTOWN/CAMBRIA COUNTY,MCCAA ROBERT T,AVID/KITFOX FLYER,MCCAA ROBERT T,AVID/KITFOX FLYER,MCCAA ROBERT T AVID/KITFOX,AIR,N533SE,M002,True,1.0,REC,091,,INST,,Substantial,3,None,0,0,0,0,VMC,,False,DirectorBrief,Completed,,,"The pilot/owner’s failure to accurately determine the airplane’s weight and performance limitations before initiating the takeoff. Contributing to the outcome was the flight instructor’s improper engine power management and landing flare, which resulted in a hard landing.","Personnel issues - Task performance - Planning/preparation - Weight/balance calculations - Unknown/Not determined, Personnel issues - Action/decision - Action - Lack of action - Pilot, Aircraft - Aircraft oper/perf/capability - Performance/control parameters - Descent rate - Not attained/maintained, Personnel issues - Task performance - Use of equip/info - Aircraft control - Instructor/check pilot","  The pilot/owner’s failure to accurately determine the airplane’s weight and performance limitations before initiating the takeoff. Contributing to the outcome was the flight instructor’s improper engine power management and landing flare, which resulted in a hard landing. Personnel issues - Task performance - Planning/preparation - Weight/balance calculations - Unknown/Not determined, Personnel issues - Action/decision - Action - Lack of action - Pilot, Aircraft - Aircraft oper/perf/capability - Performance/control parameters - Descent rate - Not attained/maintained, Personnel issues - Task performance - Use of equip/info - Aircraft control - Instructor/check pilot",False,False,False,False,False,True,False,False,False,False,9.00,1193,,2026-04-03 04:05:44.570293+00:00
852,201832,WPR26LA015,2025-10-04,2025,10,Lathrop,CALIFORNIA,United States,37.845580,,None,Open field,CESSNA,172S,CESSNA,172S,CESSNA 172S,AIR,N103VK,172S8532,False,1.0,,091,,INST,Skyview Aviation,Substantial,3,None,0,0,0,0,VMC,,False,,In work,,,,,   ,False,False,False,False,False,False,False,False,False,False,9.00,957,,2026-04-03 04:05:44.570293+00:00
853,201833,GAA26WA005,2025-10-08,2025,10,Horn Island,,Australia,,,,,ROBINSON,R44,ROBINSON,R44,ROBINSON R44,HELI,VH-XSO,,False,,,000,,,,Substantial,3,,0,0,0,0,,,False,,N/A,,,,,   ,False,False,False,False,False,False,False,False,False,False,9.00,933,,2026-04-03 04:05:44.570293+00:00
854,201834,CEN26FA015,2025-10-11,2025,10,Huntington Beach,CALIFORNIA,United States,33.650628,,,,BELL,222,BELL,222,BELL 222,HELI,N222EX,47043,False,2.0,,091,,PERS,,Substantial,3,Serious,0,3,2,2,VMC,,False,,In work,,,,,   ,False,False,False,False,False,False,False,False,False,False,17.00,919,,2026-04-03 04:05:44.570293+00:00
855,201835,ERA26FA010,2025-10-12,2025,10,Fort Worth,TEXAS,United States,32.957192,,T67,Hicks Airfield,BEECH,C90,BEECH,C90,BEECH C90,AIR,N291CC,LJ-728,False,2.0,,091,,PERS,,Destroyed,4,Fatal,2,0,0,2,VMC,,False,,In work,,,,,   ,False,False,False,False,False,False,False,False,False,False,34.00,914,,2026-04-03 04:05:44.570293+00:00
864,201845,ERA26LA013,2025-10-04,2025,10,Venice,FLORIDA,United States,27.071020,,VNC,VENICE MUNICIPAL AIRPORT,CESSNA,T182T,CESSNA,T182T,CESSNA T182T,AIR,N423TA,T18208208,False,1.0,REC,091,,PERS,,Substantial,3,None,0,0,0,0,VMC,,False,DirectorBrief,Completed,,,"The pilot’s failure to maintain directional control while taxiing in gusty, quartering tailwind conditions.","Aircraft - Aircraft oper/perf/capability - Performance/control parameters - Directional control - Not attained/maintained, Environmental issues - Conditions/weather/phenomena - Wind - Crosswind - Response/compensation, Environmental issues - Conditions/weather/phenomena - Wind - Tailwind - Response/compensation","  The pilot’s failure to maintain directional control while taxiing in gusty, quartering tailwind conditions. Aircraft - Aircraft oper/perf/capability - Performance/control parameters - Directional control - Not attained/maintained, Environmental issues - Conditions/weather/phenomena - Wind - Crosswind - Response/compensation, Environmental issues - Conditions/weather/phenomena - Wind - Tailwind - Response/compensation",False,False,False,False,False,True,False,False,False,False,9.00,960,,2026-04-03 04:05:44.570293+00:00
865,201846,WPR26LA016,2025-10-12,2025,10,Olympia,WASHINGTON,United States,46.969000,,OLM,Olympia Regional Airport,BEECH,S35,BEECH,S35,BEECH S35,AIR,N35S,D-7481,False,1.0,REC,091,,PERS,,Substantial,3,None,0,0,0,0,VMC,,False,DirectorBrief,Completed,,,The pilot’s inadvertent retraction of the landing gear after landing.,"Personnel issues - Task performance - Use of equip/info - Use of equip/system - Pilot, Personnel issues - Action/decision - Action - Incorrect action performance - Pilot","  The pilot’s inadvertent retraction of the landing gear after landing. Personnel issues - Task performance - Use of equip/info - Use of equip/system - Pilot, Personnel issues - Action/decision - Action - Incorrect action performance - Pilot",False,False,False,False,True,False,False,False,False,False,9.00,913,,2026-04-03 04:05:44.570293+00:00
866,201847,WPR26LA017,2025-10-10,2025,10,Phoenix,ARIZONA,United States,33.689532,,DVT,Phoenix Deer Valley Airport,CESSNA,185C,CESSNA,185C,CESSNA 185C,AIR,N5806T,185-0706,False,1.0,REC,091,,PERS,,Substantial,3,None,0,0,0,0,VMC,,False,DirectorBrief,Completed,,,The pilot's failure to maintain directional control during the landing roll with a left crosswind.,"Personnel issues - Task performance - Use of equip/info - Aircraft control - Pilot, Aircraft - Aircraft oper/perf/capability - Performance/control parameters - Directional control - Not attained/maintained, Environmental issues - Conditions/weather/phenomena - Wind - Crosswind - Effect on operation","  The pilot's failure to maintain directional control during the landing roll with a left crosswind. Personnel issues - Task performance - Use of equip/info - Aircraft control - Pilot, Aircraft - Aircraft oper/perf/capability - Performance/control parameters - Directional control - Not attained/maintained, Environmental issues - Conditions/weather/phenomena - Wind - Crosswind - Effect on operation",False,False,False,False,False,True,False,False,False,False,9.00,925,,2026-04-03 04:05:44.570293+00:00
891,201877,DCA26LA012,2025-10-16,2025,10,Moab,UTAH,United States,38.595486,,,,BOEING,737,BOEING,737,BOEING 737,AIR,N17327,67582,False,2.0,,121,SCHD,,United Air Lines,Substantial,3,Minor,0,0,1,1,VMC,,False,,In work,,,,,   ,False,False,False,False,False,False,False,False,False,False,13.00,897,,2026-04-03 04:05:44.570293+00:00
949,201953,WPR26LA035,2025-10-31,2025,10,Friday Harbor,WASHINGTON,United States,48.523972,,FHR,,MAULE,M-7-235A,MAULE,M-7-235A,MAULE M-7-235A,AIR,N9234N,4119C,False,1.0,,091,,PERS,,Substantial,3,None,0,0,0,0,VMC,,False,,In work,,,,,   ,False,False,False,False,False,False,False,False,False,False,9.00,848,,2026-04-03 04:05:44.570293+00:00
867,201848,WPR26LA018,2025-10-09,2025,10,Imnaha,OREGON,United States,45.667924,,OR9,Lord Flat USFS Airport,CESSNA,180,CESSNA,180,CESSNA 180,AIR,N249MD,18051501,False,1.0,REC,091,NSCH,PERS,,Substantial,3,Minor,0,0,1,1,VMC,,False,DirectorBrief,Completed,,,"The pilot’s continued application of brakes during an aborted takeoff in a tailwind on down-sloping terrain, which resulted in a nose-over.","Personnel issues - Action/decision - Info processing/decision - Identification/recognition - Pilot, Aircraft - Aircraft systems - Landing gear system - Brake - Incorrect use/operation, Environmental issues - Conditions/weather/phenomena - Wind - Tailwind - Contributed to outcome, Environmental issues - Physical environment - Terrain - Sloped/uneven terrain - Contributed to outcome","  The pilot’s continued application of brakes during an aborted takeoff in a tailwind on down-sloping terrain, which resulted in a nose-over. Personnel issues - Action/decision - Info processing/decision - Identification/recognition - Pilot, Aircraft - Aircraft systems - Landing gear system - Brake - Incorrect use/operation, Environmental issues - Conditions/weather/phenomena - Wind - Tailwind - Contributed to outcome, Environmental issues - Physical environment - Terrain - Sloped/uneven terrain - Contributed to outcome",False,False,False,False,True,False,False,False,False,False,13.00,930,,2026-04-03 04:05:44.570293+00:00
868,201849,ERA26LA014,2025-10-13,2025,10,North Lauderdale,FLORIDA,United States,26.229843,,FXE,,CESSNA,172,CESSNA,172,CESSNA 172,AIR,N1206U,172S10417,False,1.0,,091,,INST,FXE FLIGHTCENTER CORP,Substantial,3,None,0,0,0,0,VMC,,False,,In work,,,,,   ,False,False,False,False,False,False,False,False,False,False,9.00,908,,2026-04-03 04:05:44.570293+00:00
869,201850,GAA26WA006,2025-10-11,2025,10,Shell Harbor,,Australia,-34.562460,,YSHL,,PIPER,PA32,PIPER,PA32,PIPER PA32,AIR,VH-JVA,,False,1.0,,000,,,,Destroyed,4,Fatal,3,0,0,3,,,False,,N/A,,,,,   ,False,False,False,False,False,False,False,False,False,False,39.00,920,,2026-04-03 04:05:44.570293+00:00
870,201851,GAA26WA007,2025-10-10,2025,10,Rutland Plains,,Australia,-15.698000,,,,ROBINSON,R22,ROBINSON,R22,ROBINSON R22,HELI,VH-LYD,,False,1.0,,000,,,,Destroyed,4,Fatal,1,0,0,1,,,False,,N/A,,,,,   ,False,False,False,False,False,False,False,False,False,False,29.00,927,,2026-04-03 04:05:44.570293+00:00
871,201852,GAA26WA008,2025-10-10,2025,10,Pilanesberg,,South Africa,-25.335500,,FAPN,Pilanesberg International Airport,PIPER,PA28,PIPER,PA28,PIPER PA28,AIR,ZS-FTS,,False,1.0,,000,,,Vulcan Aviation,Destroyed,4,Fatal,1,1,0,2,,,False,,N/A,,,,,   ,False,False,False,False,False,False,False,False,False,False,29.00,926,,2026-04-03 04:05:44.570293+00:00
872,201853,GAA26WA009,2025-10-07,2025,10,Squamish,OTHER FOREIGN,Canada,,,,,BELL,214B-1,BELL,214B-1,BELL 214B-1,HELI,C-FBBT,,False,,,000,,,,Substantial,3,Serious,0,1,0,1,,,False,,N/A,,,,,   ,False,False,False,False,False,False,False,False,False,False,17.00,940,,2026-04-03 04:05:44.570293+00:00
873,201854,DCA26WA004,2025-10-10,2025,10,Nassau,OTHER FOREIGN,Bahamas,25.045602,,,,BOEING,777,BOEING,777,BOEING 777,AIR,G-VIIG,,False,2.0,,000,SCHD,,British Airways Plc,Unknown,0,,0,0,0,0,,,False,,N/A,,,,,   ,False,False,False,False,False,False,False,False,False,False,0.00,924,,2026-04-03 04:05:44.570293+00:00
874,201856,ERA26LA015,2025-10-10,2025,10,New Milford,CONNECTICUT,United States,41.569751,,11N,CANDLELIGHT FARMS,SOCATA,TB 10,SOCATA,TB 10,SOCATA TB,AIR,N28170,1157,False,1.0,REC,091,,PERS,,Substantial,3,None,0,0,0,0,VMC,,False,DirectorBrief,Completed,,,"The pilot’s decision to depart from an unlit turf runway at night, which resulted in a loss of directional control, and subsequent runway excursion.","Personnel issues - Action/decision - Info processing/decision - Decision making/judgment - Pilot, Environmental issues - Conditions/weather/phenomena - Light condition - Dark - Decision related to condition, Environmental issues - Operating environment - Airport facilities/design - Airport lighting - Decision related to condition","  The pilot’s decision to depart from an unlit turf runway at night, which resulted in a loss of directional control, and subsequent runway excursion. Personnel issues - Action/decision - Info processing/decision - Decision making/judgment - Pilot, Environmental issues - Conditions/weather/phenomena - Light condition - Dark - Decision related to condition, Environmental issues - Operating environment - Airport facilities/design - Airport lighting - Decision related to condition",False,False,False,False,False,False,True,False,False,False,9.00,922,,2026-04-03 04:05:44.570293+00:00
875,201857,DCA25WA347,2025-09-10,2025,9,Trelew,,Argentina,-43.210556,,REL,Almirante Marcos A. Zar Airport,BOEING,737,BOEING,737,BOEING 737,AIR,LV-FQY,39436,False,2.0,TF,000,SCHD,,Aerolineas Argentina,Substantial,3,None,0,0,0,0,,,False,,N/A,,,,,   ,False,False,False,False,False,False,False,False,False,False,9.00,1306,,2026-04-03 04:05:44.570293+00:00
943,201944,ERA26LA028,2025-10-31,2025,10,Dayton,TENNESSEE,United States,35.483073,,2A0,MARK ANTON,CONSOLIDATED VULTEE,28-5ACF,CONSOLIDATED VULTEE,28-5ACF,CONSOLIDATED VULTEE 28-5ACF,AIR,N222FT,11074,False,2.0,,091,,FLTS,PBY LLC,Substantial,3,None,0,0,0,0,VMC,,False,,In work,,,,,   ,False,False,False,False,False,False,False,False,False,False,9.00,847,,2026-04-03 04:05:44.570293+00:00
876,201859,CEN26LA019,2025-10-10,2025,10,Bonilla,SOUTH DAKOTA,United States,44.562440,,NA,NA,BELLANCA,7GCBC,BELLANCA,7GCBC,BELLANCA 7GCBC,AIR,N53853,908-76,False,1.0,REC,091,,PERS,,Substantial,3,None,0,0,0,0,VMC,,False,DirectorBrief,Completed,,,The pilot’s inadequate flight planning and his failure to maintain aircraft control during the precautionary off-airport landing.,"Personnel issues - Task performance - Planning/preparation - Flight planning/navigation - Pilot, Environmental issues - Conditions/weather/phenomena - Light condition - (general) - Decision related to condition, Personnel issues - Task performance - Use of equip/info - Aircraft control - Pilot, Environmental issues - Physical environment - Terrain - Rough terrain - Effect on operation","  The pilot’s inadequate flight planning and his failure to maintain aircraft control during the precautionary off-airport landing. Personnel issues - Task performance - Planning/preparation - Flight planning/navigation - Pilot, Environmental issues - Conditions/weather/phenomena - Light condition - (general) - Decision related to condition, Personnel issues - Task performance - Use of equip/info - Aircraft control - Pilot, Environmental issues - Physical environment - Terrain - Rough terrain - Effect on operation",False,False,False,False,False,True,False,False,False,False,9.00,923,,2026-04-03 04:05:44.570293+00:00
878,201862,GAA26WA010,2025-10-14,2025,10,Tecpan,,Guatemala,,,,,CESSNA,TU206,CESSNA,TU206,CESSNA TU206,AIR,TG-DJE,,False,1.0,,000,,,,Substantial,3,Fatal,3,0,0,3,,,False,,N/A,,,,,   ,False,False,False,False,False,False,False,False,False,False,36.00,904,,2026-04-03 04:05:44.570293+00:00
879,201863,ERA26LA016,2025-10-03,2025,10,Bluffton,OHIO,United States,40.885444,,5G7,BLUFFTON,CESSNA,172,CESSNA,172,CESSNA 172,AIR,N64203,17265084,False,1.0,REC,091,,INST,Bluffton Flying Service,Substantial,3,None,0,0,0,0,VMC,,False,DirectorBrief,Completed,,,"The pilot’s improper landing flare, which resulted in a hard, bounced landing.","Personnel issues - Task performance - Use of equip/info - Aircraft control - Pilot, Aircraft - Aircraft oper/perf/capability - Performance/control parameters - Landing flare - Not attained/maintained","  The pilot’s improper landing flare, which resulted in a hard, bounced landing. Personnel issues - Task performance - Use of equip/info - Aircraft control - Pilot, Aircraft - Aircraft oper/perf/capability - Performance/control parameters - Landing flare - Not attained/maintained",False,False,False,False,False,True,False,False,False,False,9.00,965,,2026-04-03 04:05:44.570293+00:00
880,201864,DCA26WA006,2025-09-22,2025,9,Cape Town,OTHER FOREIGN,South Africa,-33.969444,,,,BOEING,737,BOEING,737,BOEING 737,AIR,ZS-SJU,326342,False,2.0,,000,SCHD,,SAFAIR,Unknown,0,None,0,0,0,0,,,False,,N/A,,,,,   ,False,False,False,False,False,False,False,False,False,False,0.00,1230,,2026-04-03 04:05:44.570293+00:00
950,201954,CEN26FA034,2025-11-04,2025,11,Anderson,INDIANA,United States,40.167610,,AID,Anderson Regional Airport,FUNK,B85C,FUNK,B85C,FUNK B85C,AIR,N24157,183,False,1.0,,091,,PERS,,Substantial,3,Fatal,1,0,0,1,VMC,,False,,In work,,,,,   ,False,False,False,False,False,False,False,False,False,False,26.00,1080,,2026-04-03 04:05:44.570293+00:00
951,201955,WPR26LA036,2025-11-03,2025,11,Sedona,ARIZONA,United States,34.837400,,SEZ,SEDONA,CIRRUS DESIGN CORP,SR22,CIRRUS DESIGN CORP,SR22,CIRRUS DESIGN CORP SR22,AIR,N237RJ,2159,False,1.0,,091,,PERS,,Substantial,3,None,0,0,0,0,VMC,,False,,In work,,,,,   ,False,False,False,False,False,False,False,False,False,False,9.00,1083,,2026-04-03 04:05:44.570293+00:00
881,201865,CEN26LA020,2025-10-15,2025,10,Reserve,LOUISIANA,United States,30.083346,,APS,PORT OF SOUTH LOUISIANA EXEC RGNL,PIPER,PA18,PIPER,PA18,PIPER PA18,AIR,N82016,18-7909052,False,1.0,REC,091,,PERS,,Substantial,3,None,0,0,0,0,VMC,,False,DirectorBrief,Completed,,,The pilot’s inadvertent application of the wheel brakes after touchdown.,Aircraft - Aircraft oper/perf/capability - Aircraft capability - Braking capability - Incorrect use/operation,  The pilot’s inadvertent application of the wheel brakes after touchdown. Aircraft - Aircraft oper/perf/capability - Aircraft capability - Braking capability - Incorrect use/operation,False,False,False,False,False,False,False,False,False,False,9.00,898,,2026-04-03 04:05:44.570293+00:00
882,201866,ERA26LA017,2025-10-13,2025,10,Gaffney,SOUTH CAROLINA,United States,35.033333,,,,Tricks Trike,Storm,TRICKS TRIKE,Storm,TRICKS TRIKE STORM,UNK,UNREG,,False,1.0,,091,,PERS,,Substantial,3,Serious,0,1,1,2,VMC,,False,,In work,,,,,   ,False,False,False,False,False,False,False,False,False,False,17.00,907,,2026-04-03 04:05:44.570293+00:00
883,201867,DCA26WA007,2025-10-12,2025,10,Balice,OTHER FOREIGN,Poland,50.077778,,EPKK,Kraków John Paul II International Airport,BOEING,737,BOEING,737,BOEING 737,AIR,EI-ILN,67064,False,2.0,,000,SCHD,,Ryanair,None,1,Serious,0,1,0,1,,,False,,N/A,,,,,   ,False,False,False,False,False,False,False,False,False,False,11.00,916,,2026-04-03 04:05:44.570293+00:00
884,201870,CEN26LA021,2025-10-15,2025,10,Tulsa,OKLAHOMA,United States,36.040000,,KRVS,Tulsa Riverside Airport,BEECH,C23,BEECH,C23,BEECH C23,AIR,N2130W,M-1505,False,1.0,REC,091,,PERS,,Substantial,3,None,0,0,0,0,VMC,,False,DirectorBrief,Completed,,,The pilot’s improper landing flare which resulted in a hard bounced landing.,"Personnel issues - Task performance - Use of equip/info - Aircraft control - Pilot, Aircraft - Aircraft systems - Landing gear system - Nose/tail landing gear - Damaged/degraded","  The pilot’s improper landing flare which resulted in a hard bounced landing. Personnel issues - Task performance - Use of equip/info - Aircraft control - Pilot, Aircraft - Aircraft systems - Landing gear system - Nose/tail landing gear - Damaged/degraded",False,False,False,False,True,True,False,False,False,False,9.00,900,,2026-04-03 04:05:44.570293+00:00
885,201871,DCA26WA010,2025-10-13,2025,10,Ezeiza,OTHER FOREIGN,Argentina,-34.822222,,SAEZ,Aeropuerto Internacional Ministro Pistarini (,BOEING,767,BOEING,767,BOEING 767,AIR,HP-3610DAE,,False,2.0,,000,NSCH,,DHL International,None,1,None,0,0,0,0,,,False,,N/A,,,,,   ,False,False,False,False,False,False,False,False,False,False,3.00,912,,2026-04-03 04:05:44.570293+00:00
886,201872,DCA26WA011,2025-10-09,2025,10,Ochiltree,,United Kingdom,55.459345,,,,BOEING,767,BOEING,767,BOEING 767,AIR,G-DHLS,42213,False,2.0,,129,SCHD,,DHL,None,1,None,0,0,0,0,,,False,,N/A,,,,,   ,False,False,False,False,False,False,False,False,False,False,3.00,929,,2026-04-03 04:05:44.570293+00:00
887,201873,ANC25LA118,2025-09-19,2025,9,Palmer,ALASKA,United States,61.436111,,,,TOCI GABE C G,SUPA,TOCI GABE C G,SUPA,TOCI GABE C G SUPA,AIR,N803R,001001,False,1.0,,091,,PERS,,Substantial,3,None,0,0,0,0,,,False,,In work,,,,,   ,False,False,False,False,False,False,False,False,False,False,9.00,1244,,2026-04-03 04:05:44.570293+00:00
888,201874,ANC25LA119,2025-09-08,2025,9,Eagle,ALASKA,United States,,,,,PIPER,PA-18-150,PIPER,PA-18-150,PIPER PA-18-150,,N1869W,,False,,,091,,PERS,,,0,None,0,0,0,0,,,False,,In work,,,,,   ,False,False,False,False,False,False,False,False,False,False,0.00,1315,,2026-04-03 04:05:44.570293+00:00
892,201878,ANC26FA002,2025-10-16,2025,10,Bath,MICHIGAN,United States,42.808700,,,,RAYTHEON,Hawker 800XP,RAYTHEON,Hawker 800XP,RAYTHEON HAWKER,AIR,XA-JMR,258530,False,2.0,,091,,BUS,Aerolineas del Centro,Destroyed,4,Fatal,3,0,0,3,VMC,,False,,In work,,,,,   ,False,False,False,False,False,False,False,False,False,False,39.00,896,,2026-04-03 04:05:44.570293+00:00
893,201879,WPR26FA019,2025-10-15,2025,10,Austin,NEVADA,United States,39.705981,,,,BEECH,V35,BEECH,V35,BEECH V35,AIR,CFETM,D9029,False,1.0,,091,,PERS,,Substantial,3,Fatal,1,0,0,1,IMC,,False,,In work,,,,,   ,False,False,False,False,False,False,False,False,False,False,26.00,899,,2026-04-03 04:05:44.570293+00:00
894,201880,CEN26FA022,2025-10-17,2025,10,Spruce Pine,NORTH CAROLINA,United States,35.941379,,7A8,AVERY COUNTY/MORRISON FLD,KITFOX,II,KITFOX,II,KITFOX II,AIR,N8610X,004,True,1.0,,091,,PERS,,Destroyed,4,Fatal,1,0,0,1,VMC,,False,,In work,,,,,   ,False,False,False,False,False,False,False,False,False,False,29.00,892,,2026-04-03 04:05:44.570293+00:00
895,201887,CEN26FA023,2025-10-19,2025,10,Erie,COLORADO,United States,40.008469,,EIK,ERIE MUNI,JMB AIRCRAFT,VL-3LSA-912,JMB AIRCRAFT,VL-3LSA-912,JMB AIRCRAFT VL-3LSA-912,AIR,N594TT,VL-3-521,False,1.0,,091,,INST,Odyssey,Substantial,3,Fatal,2,0,0,2,VMC,,False,,In work,,,,,   ,False,False,False,False,False,False,False,False,False,False,31.00,884,,2026-04-03 04:05:44.570293+00:00
896,201888,DCA26WA017,2025-10-20,2025,10,Hong Kong,,Hong Kong,22.308889,,VHHH,Hong Kong International Airport,BOEING,747,BOEING,747,BOEING 747,AIR,TC-ACF,,False,4.0,,000,NSCH,,Turkish AirACT,Substantial,3,Fatal,2,0,0,0,,,False,,N/A,,,,,   ,False,False,False,False,False,False,False,False,False,False,31.00,881,,2026-04-03 04:05:44.570293+00:00
897,201889,WPR26LA020,2025-10-17,2025,10,Condon,MONTANA,United States,47.240000,,,,PIPER,PA-23-250,PIPER,PA-23-250,PIPER PA-23-250,AIR,N2345R,27-8154019,False,2.0,,091,,PERS,BLUE WAVE AIR LLC,Substantial,3,Fatal,3,0,0,3,IMC,,False,,In work,,,,,   ,False,False,False,False,False,False,False,False,False,False,36.00,889,,2026-04-03 04:05:44.570293+00:00
899,201891,CEN26LA024,2025-10-17,2025,10,Mckinney,TEXAS,United States,33.208405,,52F,,VANS,RV8,VANS,RV8,VANS RV8,AIR,N3545W,83926,True,1.0,,091,,PERS,,Substantial,3,Serious,0,1,0,1,,,False,,In work,,,,,   ,False,False,False,False,False,False,False,False,False,False,17.00,893,,2026-04-03 04:05:44.570293+00:00
944,201946,DCA26WA022,2025-11-02,2025,11,Bogotá,,Colombia,4.701272,,SKBO,El Dorado International Airport,BOEING,737,BOEING,737,BOEING 737,AIR,HK5026,22120,False,2.0,,000,,,Aerosucre S.A.,Minor,2,,0,0,0,0,,,False,,N/A,,,,,   ,False,False,False,False,False,False,False,False,False,False,6.00,1084,,2026-04-03 04:05:44.570293+00:00
900,201892,CEN26LA025,2025-10-19,2025,10,Eau Claire,WISCONSIN,United States,44.870182,,EAU,CHIPPEWA VALLEY RGNL,PIPER,PA-24-250,PIPER,PA-24-250,PIPER PA-24-250,AIR,N5865P,24-948,False,1.0,REC,091,,PERS,,Substantial,3,None,0,0,0,0,VMC,,False,DirectorBrief,Completed,,,The pilot’s failure to ensure that the landing gear was properly extended before landing. Contributing to the accident was the pilot’s unfamiliarity with the landing gear warning horn and failure to verify the gear was extended with the cockpit position indicators.,"Personnel issues - Task performance - Use of equip/info - Use of equip/system - Pilot, Personnel issues - Psychological - Attention/monitoring - Monitoring equip/instruments - Pilot, Aircraft - Aircraft systems - Landing gear system - Gear extension and retract sys - Not used/operated","  The pilot’s failure to ensure that the landing gear was properly extended before landing. Contributing to the accident was the pilot’s unfamiliarity with the landing gear warning horn and failure to verify the gear was extended with the cockpit position indicators. Personnel issues - Task performance - Use of equip/info - Use of equip/system - Pilot, Personnel issues - Psychological - Attention/monitoring - Monitoring equip/instruments - Pilot, Aircraft - Aircraft systems - Landing gear system - Gear extension and retract sys - Not used/operated",False,False,False,False,True,True,False,False,False,False,9.00,883,,2026-04-03 04:05:44.570293+00:00
901,201893,GAA26WA011,2025-10-17,2025,10,Morona Santiago,OTHER FOREIGN,Ecuador,,,,,CESSNA,172,CESSNA,172,CESSNA 172,AIR,HC-BCV,,False,,,000,,,,Substantial,3,None,0,0,0,0,,,False,,N/A,,,,,   ,False,False,False,False,False,False,False,False,False,False,9.00,894,,2026-04-03 04:05:44.570293+00:00
902,201894,WPR26LA021,2025-10-06,2025,10,Albuquerque,NEW MEXICO,United States,35.073255,,,,AEROSTAR INTERNATIONAL INC,RX 8,AEROSTAR INTERNATIONAL INC,RX 8,AEROSTAR INTERNATIONAL INC RX,BALL,N5315M,RX8-3355,False,0.0,NONE,091,,PERS,,Substantial,3,None,0,0,0,0,VMC,,False,DirectorBrief,Completed,,,The pilot's failure to maintain clearance from a power line during a descent for landing.,"Aircraft - Aircraft oper/perf/capability - Performance/control parameters - Descent rate - Not attained/maintained, Environmental issues - Physical environment - Object/animal/substance - Wire - Response/compensation, Personnel issues - Task performance - Use of equip/info - Aircraft control - Pilot","  The pilot's failure to maintain clearance from a power line during a descent for landing. Aircraft - Aircraft oper/perf/capability - Performance/control parameters - Descent rate - Not attained/maintained, Environmental issues - Physical environment - Object/animal/substance - Wire - Response/compensation, Personnel issues - Task performance - Use of equip/info - Aircraft control - Pilot",False,False,False,False,False,True,False,False,False,False,9.00,946,,2026-04-03 04:05:44.570293+00:00
904,201896,WPR26LA023,2025-10-15,2025,10,Big Sur,CALIFORNIA,United States,36.180833,,KMRY,Monterey Regional Airport,HAWKER AIRCRAFT LTD,HAWKER HUNTER MK.58,HAWKER AIRCRAFT LTD,HAWKER HUNTER MK.58,HAWKER AIRCRAFT LTD HAWKER,AIR,N335AX,41H-697458,False,1.0,TJ,000,,PUBF,AIRBORNE TACTICAL ADVANTAGE CO,Substantial,3,Minor,0,0,1,1,VMC,,False,DirectorBrief,Completed,,,A complete loss of engine power for reasons that could not be determined.,Not determined - Not determined - (general) - (general) - Unknown/Not determined,  A complete loss of engine power for reasons that could not be determined. Not determined - Not determined - (general) - (general) - Unknown/Not determined,False,False,False,False,False,False,False,False,False,False,13.00,902,,2026-04-03 04:05:44.570293+00:00
905,201897,WPR26LA024,2025-10-17,2025,10,Paris,IDAHO,United States,42.249833,,1U7,BEAR LAKE COUNTY,PIPER,PA-18,PIPER,PA-18,PIPER PA-18,AIR,N1755A,18-1314,False,1.0,REC,091,,INST,,Substantial,3,None,0,0,0,0,VMC,,False,DirectorBrief,Completed,,,"The pilot receiving instruction’s failure to maintain directional control during landing and the flight instructor’s delayed remedial action, which resulted in a runway excursion.","Personnel issues - Task performance - Use of equip/info - Aircraft control - Student/instructed pilot, Personnel issues - Action/decision - Action - Incorrect action performance - Student/instructed pilot, Personnel issues - Action/decision - Action - Delayed action - Instructor/check pilot","  The pilot receiving instruction’s failure to maintain directional control during landing and the flight instructor’s delayed remedial action, which resulted in a runway excursion. Personnel issues - Task performance - Use of equip/info - Aircraft control - Student/instructed pilot, Personnel issues - Action/decision - Action - Incorrect action performance - Student/instructed pilot, Personnel issues - Action/decision - Action - Delayed action - Instructor/check pilot",False,False,False,False,False,True,True,False,False,False,9.00,890,,2026-04-03 04:05:44.570293+00:00
906,201898,WPR26LA025,2025-10-19,2025,10,Queen Creek,ARIZONA,United States,33.211973,,,,PIPER AIRCRAFT INC,PA 46-350P,PIPER AIRCRAFT INC,PA 46-350P,PIPER AIRCRAFT INC PA,AIR,N699PG,4636600,False,1.0,TP,091,,PERS,,Substantial,3,None,0,0,0,0,VMC,,False,DirectorBrief,Completed,,,"The pilot’s improper runway alignment and failure to maintain clearance from powerlines. Contributing to the accident was sun glare, which obscured the pilot’s view of the runway.","Environmental issues - Conditions/weather/phenomena - Light condition - Glare - Effect on personnel, Personnel issues - Action/decision - Info processing/decision - Identification/recognition - Pilot, Environmental issues - Physical environment - Object/animal/substance - Wire - Ability to respond/compensate, Environmental issues - Physical environment - Object/animal/substance - Wire - Contributed to outcome","  The pilot’s improper runway alignment and failure to maintain clearance from powerlines. Contributing to the accident was sun glare, which obscured the pilot’s view of the runway. Environmental issues - Conditions/weather/phenomena - Light condition - Glare - Effect on personnel, Personnel issues - Action/decision - Info processing/decision - Identification/recognition - Pilot, Environmental issues - Physical environment - Object/animal/substance - Wire - Ability to respond/compensate, Environmental issues - Physical environment - Object/animal/substance - Wire - Contributed to outcome",False,False,False,False,False,True,False,False,False,False,9.00,882,,2026-04-03 04:05:44.570293+00:00
907,201899,WPR26LA026,2025-10-14,2025,10,Arlington,WASHINGTON,United States,48.168486,,AWO,ARLINGTON MUNI,EXTRA FLUGZEUGBAU GMBH,EA 300/L,EXTRA FLUGZEUGBAU GMBH,EA 300/L,EXTRA FLUGZEUGBAU GMBH EA,AIR,N300EX,011,False,1.0,,091,,INST,SCOTT GORSKI AVIATION AEROBATICS LLC,Substantial,3,None,0,0,0,0,VMC,,False,,In work,,,,,   ,False,False,False,False,False,False,False,False,False,False,9.00,906,,2026-04-03 04:05:44.570293+00:00
908,201901,WPR26LA028,2025-10-18,2025,10,Phoenix,ARIZONA,United States,33.688306,,DVT,PHOENIX DEER VALLEY,CESSNA,L-19E,CESSNA,L-19E,CESSNA L-19E,AIR,N4584N,24565,False,1.0,,091,,PERS,LEADING EDGE LLC,Substantial,3,None,0,0,0,0,,,False,,In work,,,,,   ,False,False,False,False,False,False,False,False,False,False,9.00,886,,2026-04-03 04:05:44.570293+00:00
909,201902,ENG26WA002,2025-10-07,2025,10,San Ramón De La Nueva Orán,,Argentina,,,,,THRUSH,S2R,THRUSH,S2R,THRUSH S2R,AIR,LV-WZM,,False,,,000,,,,Unknown,0,,0,0,0,0,,,False,,N/A,,,,,   ,False,False,False,False,False,False,False,False,False,False,0.00,941,,2026-04-03 04:05:44.570293+00:00
910,201903,CEN26FA026,2025-10-21,2025,10,Carencro,LOUISIANA,United States,30.321154,,,,RAYTHEON AIRCRAFT COMPANY,G58,RAYTHEON AIRCRAFT COMPANY,G58,RAYTHEON AIRCRAFT COMPANY G58,AIR,N16PV,TH-2144,False,2.0,,091,,BUS,ALIGN AVIATION LLC,Destroyed,4,Fatal,3,0,0,3,VMC,,False,,In work,,,,,   ,False,False,False,False,False,False,False,False,False,False,39.00,877,,2026-04-03 04:05:44.570293+00:00
945,201947,CEN26LA032,2025-11-02,2025,11,Delta,COLORADO,United States,38.755833,,,,JUST,HIGHLANDER,JUST,HIGHLANDER,JUST HIGHLANDER,AIR,N622SC,JA501-12-16,True,1.0,,091,,INST,,Substantial,3,Serious,0,2,0,2,VMC,,False,,In work,,,,,   ,False,False,False,False,False,False,False,False,False,False,17.00,1085,,2026-04-03 04:05:44.570293+00:00
911,201904,WPR26LA029,2025-10-18,2025,10,Kilgore,IDAHO,United States,44.401333,,N/A,,RODERICK JAMES WILLMORE,KITFOX S7 SUPERSPORT,RODERICK JAMES WILLMORE,KITFOX S7 SUPERSPORT,RODERICK JAMES WILLMORE KITFOX,AIR,N98RW,KA 19012436,True,1.0,REC,091,,PERS,,Substantial,3,None,0,0,0,0,VMC,,False,DirectorBrief,Completed,,,The pilot's failure to maintain directional control during the takeoff. Contributing to the accident was the separation of the control stick grip.,"Aircraft - Aircraft oper/perf/capability - Performance/control parameters - Directional control - Not attained/maintained, Personnel issues - Task performance - Use of equip/info - Aircraft control - Pilot, Aircraft - Aircraft systems - Flight control system - Control column section - Inadequate inspection","  The pilot's failure to maintain directional control during the takeoff. Contributing to the accident was the separation of the control stick grip. Aircraft - Aircraft oper/perf/capability - Performance/control parameters - Directional control - Not attained/maintained, Personnel issues - Task performance - Use of equip/info - Aircraft control - Pilot, Aircraft - Aircraft systems - Flight control system - Control column section - Inadequate inspection",False,False,False,False,False,True,False,False,False,False,9.00,887,,2026-04-03 04:05:44.570293+00:00
912,201906,ERA26FA019,2025-10-21,2025,10,Ruston,LOUISIANA,United States,32.472805,,RSN,RUSTON RGNL,CIRRUS,SR22,CIRRUS,SR22,CIRRUS SR22,AIR,N42BE,3903,False,1.0,,091,,PERS,LASALLE MANAGEMENT COMPANY LLC,Destroyed,4,Fatal,1,0,0,1,IMC,,False,,In work,,,,,   ,False,False,False,False,False,False,False,False,False,False,29.00,878,,2026-04-03 04:05:44.570293+00:00
913,201907,ERA26LA020,2025-10-13,2025,10,Canon,GEORGIA,United States,34.340361,,18A,FRANKLIN-HART,CESSNA,140,CESSNA,140,CESSNA 140,AIR,N1882V,14062,False,1.0,REC,091,,INST,,Substantial,3,None,0,0,0,0,VMC,,False,DirectorBrief,Completed,,,"The pilot’s inadvertent application of brakes during the landing roll, which resulted in a noseover.","Aircraft - Aircraft systems - Landing gear system - Brake - Incorrect use/operation, Personnel issues - Task performance - Use of equip/info - Aircraft control - Pilot","  The pilot’s inadvertent application of brakes during the landing roll, which resulted in a noseover. Aircraft - Aircraft systems - Landing gear system - Brake - Incorrect use/operation, Personnel issues - Task performance - Use of equip/info - Aircraft control - Pilot",False,False,False,False,True,False,False,False,False,False,9.00,910,,2026-04-03 04:05:44.570293+00:00
914,201908,CEN26LA027,2025-10-21,2025,10,Springfield,MISSOURI,United States,37.220760,,3DW,DOWNTOWN,ROBINSON HELICOPTER,R22,ROBINSON HELICOPTER,R22,ROBINSON HELICOPTER R22,HELI,N74583,3923,False,1.0,,091,,INST,"So Fly Flight Training Academy, LLC",Substantial,3,Serious,0,2,0,2,VMC,,False,,In work,,,,,   ,False,False,False,False,False,False,False,False,False,False,17.00,876,,2026-04-03 04:05:44.570293+00:00
916,201910,GAA26WA012,2025-10-22,2025,10,San Cristóba,OTHER FOREIGN,Venezuela,,,,,PIPER,PA31T,PIPER,PA31T,PIPER PA31T,AIR,YV1443,,False,,,000,,,,Destroyed,4,Fatal,2,0,0,2,,,False,,N/A,,,,,   ,False,False,False,False,False,False,False,False,False,False,34.00,875,,2026-04-03 04:05:44.570293+00:00
917,201911,ERA26LA021,2025-10-11,2025,10,Plymouth,CONNECTICUT,United States,41.632922,,N41,MOUNT TOBE,CESSNA,140,CESSNA,140,CESSNA 140,AIR,N2812N,13073,False,1.0,REC,091,,PERS,,Substantial,3,None,0,0,0,0,VMC,,False,DirectorBrief,Completed,,,"The plot’s failure to account sufficiently for the decrease in the airplane’s takeoff performance due to the wet turf runway, which resulted in a collision with a log barrier and subsequent nose over after aborting the takeoff.","Personnel issues - Action/decision - Info processing/decision - Decision making/judgment - Pilot, Environmental issues - Physical environment - Runway/land/takeoff/taxi surface - Wet surface - Decision related to condition","  The plot’s failure to account sufficiently for the decrease in the airplane’s takeoff performance due to the wet turf runway, which resulted in a collision with a log barrier and subsequent nose over after aborting the takeoff. Personnel issues - Action/decision - Info processing/decision - Decision making/judgment - Pilot, Environmental issues - Physical environment - Runway/land/takeoff/taxi surface - Wet surface - Decision related to condition",False,False,False,False,False,True,False,False,False,False,9.00,918,,2026-04-03 04:05:44.570293+00:00
918,201912,WPR26LA030,2025-10-20,2025,10,Long Beach,CALIFORNIA,United States,33.830550,,LGB,LONG BEACH (DAUGHERTY FLD),RUTAN,Long-EZ,RUTAN,Long-EZ,RUTAN LONG-EZ,AIR,N8183K,RAF-717,False,1.0,,091,,PERS,,Substantial,3,Serious,0,2,0,1,VMC,,False,,In work,,,,,   ,False,False,False,False,False,False,False,False,False,False,17.00,880,,2026-04-03 04:05:44.570293+00:00
919,201913,WPR26FA031,2025-10-22,2025,10,Ekalaka,MONTANA,United States,45.758719,,,,ROBINSON HELICOPTER CO,R66,ROBINSON HELICOPTER CO,R66,ROBINSON HELICOPTER CO R66,HELI,N67GA,0485,False,1.0,,091,,PERS,,Substantial,3,Fatal,4,0,0,4,VMC,,False,,In work,,,,,   ,False,False,False,False,False,False,False,False,False,False,41.00,873,,2026-04-03 04:05:44.570293+00:00
920,201914,CEN26LA028,2025-10-22,2025,10,Hondo,TEXAS,United States,29.359131,,HDO,South Texas Regional Airport,BEECH,A36,BEECH,A36,BEECH A36,AIR,N17826,E-1036,False,1.0,REC,091,,PERS,,Substantial,3,None,0,0,0,0,VMC,,False,DirectorBrief,Completed,,,The pilot’s failure to extend the landing gear before landing due to distraction and his failure to conduct the Before Landing checklist.,"Personnel issues - Action/decision - Action - Forgotten action/omission - Pilot, Personnel issues - Task performance - Use of equip/info - Use of equip/system - Pilot, Personnel issues - Task performance - Use of equip/info - Use of checklist - Pilot, Personnel issues - Psychological - Attention/monitoring - Attention - Pilot, Aircraft - Aircraft systems - Landing gear system - Gear extension and retract sys - Not used/operated","  The pilot’s failure to extend the landing gear before landing due to distraction and his failure to conduct the Before Landing checklist. Personnel issues - Action/decision - Action - Forgotten action/omission - Pilot, Personnel issues - Task performance - Use of equip/info - Use of equip/system - Pilot, Personnel issues - Task performance - Use of equip/info - Use of checklist - Pilot, Personnel issues - Psychological - Attention/monitoring - Attention - Pilot, Aircraft - Aircraft systems - Landing gear system - Gear extension and retract sys - Not used/operated",False,False,False,False,True,True,False,False,False,False,9.00,874,,2026-04-03 04:05:44.570293+00:00
921,201915,ANC25LA121,2025-09-17,2025,9,Lime Village,ALASKA,United States,61.719470,,,,MAULE,M-4-210C,MAULE,M-4-210C,MAULE M-4-210C,AIR,N4612T,1001C,False,1.0,,091,,PERS,,Substantial,3,None,0,0,0,0,,,False,,In work,,,,,   ,False,False,False,False,False,False,False,False,False,False,9.00,1258,,2026-04-03 04:05:44.570293+00:00
922,201917,DCA26FA019,2025-10-23,2025,10,Indiantown,FLORIDA,United States,,,,,AIR VEV INC,AIR ZERO2,AIR VEV INC,AIR ZERO2,AIR VEV INC AIR,,N514AX,,False,,,091,NSCH,,AIR VEV INC,,0,,0,0,0,0,,,False,,In work,,,,,   ,False,False,False,False,False,False,False,False,False,False,0.00,871,,2026-04-03 04:05:44.570293+00:00
923,201919,WPR26FA032,2025-10-24,2025,10,Lincoln,MONTANA,United States,46.965600,,S69,LINCOLN,CIRRUS DESIGN CORP,SR22T,CIRRUS DESIGN CORP,SR22T,CIRRUS DESIGN CORP SR22T,AIR,N740TS,8601,False,1.0,,091,,PERS,CLICKIT AIR LLC,Destroyed,4,Fatal,1,0,0,1,VMC,,False,,In work,,,,,   ,False,False,False,False,False,False,False,False,False,False,29.00,865,,2026-04-03 04:05:44.570293+00:00
924,201920,GAA26WA013,2025-10-25,2025,10,Ilopango,OTHER FOREIGN,El Salvador,,,,,CESSNA,210,CESSNA,210,CESSNA 210,AIR,N9417T,,False,,,000,,,,Unknown,0,None,0,0,0,0,,,False,,N/A,,,,,   ,False,False,False,False,False,False,False,False,False,False,0.00,864,,2026-04-03 04:05:44.570293+00:00
925,201921,CEN26LA029,2025-10-23,2025,10,Flippin,ARKANSAS,United States,36.295750,,FLP,Marion County Regional Airport,BEECH,35-33,BEECH,35-33,BEECH 35-33,AIR,N864R,CD-19,False,1.0,,091,,PERS,,Substantial,3,Serious,0,1,0,1,VMC,,False,,In work,,,,,   ,False,False,False,False,False,False,False,False,False,False,17.00,869,,2026-04-03 04:05:44.570293+00:00
985,201996,DCA26WA029,2025-11-04,2025,11,Mashhad,OTHER FOREIGN,Iran,,,,,MCDONNELL DOUGLAS,MD88,MCDONNELL DOUGLAS,MD88,MCDONNELL DOUGLAS MD88,AIR,EP-TBF,53546,False,,,000,,,Taban Airlines,Minor,2,None,0,0,0,0,,,False,,N/A,,,,,   ,False,False,False,False,False,False,False,False,False,False,6.00,1081,,2026-04-03 04:05:44.570293+00:00
1012,202028,ENG26WA009,2025-11-17,2025,11,Kolwezi,OTHER FOREIGN,Congo,-10.763834,,FZQM,Kolwezi Airport,EMBRAER,EMB145,EMBRAER,EMB145,EMBRAER EMB145,AIR,D2-AJB,456,False,,TF,000,,,Airjet Angola,Destroyed,4,None,0,0,0,0,,,False,,N/A,,,,,   ,False,False,False,False,False,False,False,False,False,False,12.00,1018,,2026-04-03 04:05:44.570293+00:00
926,201922,ERA26LA022,2025-10-24,2025,10,Williston,SOUTH CAROLINA,United States,33.371761,,95SC,BUCKEYE FLD,RANS EMPLOYEE FLYING CLUB,RANS S-6ES COYOTE II,RANS EMPLOYEE FLYING CLUB,RANS S-6ES COYOTE II,RANS EMPLOYEE FLYING CLUB RANS,AIR,N43822,12041628,True,1.0,REC,091,,PERS,,Substantial,3,None,0,0,0,0,VMC,,False,DirectorBrief,Completed,,,The pilot’s failure to maintain directional control of the airplane during the initial climb in gusting crosswind conditions.,"Personnel issues - Task performance - Use of equip/info - Aircraft control - Pilot, Aircraft - Aircraft oper/perf/capability - Performance/control parameters - Directional control - Not attained/maintained, Environmental issues - Conditions/weather/phenomena - Wind - Crosswind - Response/compensation","  The pilot’s failure to maintain directional control of the airplane during the initial climb in gusting crosswind conditions. Personnel issues - Task performance - Use of equip/info - Aircraft control - Pilot, Aircraft - Aircraft oper/perf/capability - Performance/control parameters - Directional control - Not attained/maintained, Environmental issues - Conditions/weather/phenomena - Wind - Crosswind - Response/compensation",False,False,False,False,False,True,False,False,False,False,9.00,867,,2026-04-03 04:05:44.570293+00:00
927,201923,CEN26LA030,2025-10-26,2025,10,El Paso,TEXAS,United States,31.821476,,ELP,EL PASO INTL,PIPER,PA-46-310P,PIPER,PA-46-310P,PIPER PA-46-310P,AIR,N46CR,46-8608021,False,1.0,,091,,PERS,,Substantial,3,None,0,0,0,0,VMC,,False,,In work,,,,,   ,False,False,False,False,False,False,False,False,False,False,9.00,862,,2026-04-03 04:05:44.570293+00:00
952,201956,WPR26LA037,2025-10-29,2025,10,Santa Ynez,CALIFORNIA,United States,34.605494,,IZA,SANTA YNEZ/KUNKLE FLD,GRUMMAN AMERICAN AVN. CORP.,AA-5B,GRUMMAN AMERICAN AVN. CORP.,AA-5B,GRUMMAN AMERICAN AVN. CORP. AA-5B,AIR,N74323,AA5B-0201,False,1.0,,091,,PERS,,Substantial,3,None,0,0,0,0,VMC,,False,,In work,,,,,   ,False,False,False,False,False,False,False,False,False,False,9.00,853,,2026-04-03 04:05:44.570293+00:00
974,201982,DCA26WA027,2025-11-07,2025,11,Al-Dajeej,OTHER FOREIGN,Kuwait,29.240647,,OKKK,Kuwait International Airport,BOEING,777,BOEING,777,BOEING 777,AIR,9K-AOD,62562,False,2.0,TF,000,SCHD,,Kuwait Airways,Unknown,0,,0,0,0,0,,,False,,N/A,,,,,   ,False,False,False,False,False,False,False,False,False,False,0.00,1067,,2026-04-03 04:05:44.570293+00:00
975,201983,ERA26LA038,2025-11-10,2025,11,Lynchburg,VIRGINIA,United States,37.285663,,LYH,LYNCHBURG RGNL/PRESTON GLENN FLD,CESSNA,172S,CESSNA,172S,CESSNA 172S,AIR,N708LU,172S11474,False,1.0,,091,,INST,LIBERTY UNIVERSITY,Substantial,3,None,0,0,0,0,VMC,,False,,In work,,,,,   ,False,False,False,False,False,False,False,False,False,False,9.00,1049,,2026-04-03 04:05:44.570293+00:00
976,201984,GAA26WA022,2025-11-10,2025,11,"Bocoa, Vaupés",OTHER FOREIGN,Colombia,,,,,CESSNA,TU206,CESSNA,TU206,CESSNA TU206,AIR,HK641,,False,1.0,,000,,UNK,,Substantial,3,Fatal,4,0,0,4,UNKNOWN,,False,,N/A,,,,,   ,False,False,False,False,False,False,False,False,False,False,41.00,1047,,2026-04-03 04:05:44.570293+00:00
928,201924,ERA26LA023,2025-10-23,2025,10,St. Augustine,FLORIDA,United States,29.978317,,SGJ,NORTHEAST FLORIDA RGNL,CESSNA,152,CESSNA,152,CESSNA 152,AIR,N95005,15285835,False,1.0,REC,091,,INST,Florida Flyers Academy,Substantial,3,Minor,0,0,1,1,VMC,,False,DirectorBrief,Completed,,,"The student pilot’s failure to properly set the elevator trim prior to takeoff, which resulted in her inability to effectively control the airplane’s pitch and a collision with trees at the end of the runway during initial climb.","Aircraft - Aircraft systems - Flight control system - Elevator tab control system - Incorrect use/operation, Personnel issues - Task performance - Use of equip/info - Aircraft control - Student/instructed pilot, Aircraft - Aircraft oper/perf/capability - Performance/control parameters - Pitch control - Not attained/maintained","  The student pilot’s failure to properly set the elevator trim prior to takeoff, which resulted in her inability to effectively control the airplane’s pitch and a collision with trees at the end of the runway during initial climb. Aircraft - Aircraft systems - Flight control system - Elevator tab control system - Incorrect use/operation, Personnel issues - Task performance - Use of equip/info - Aircraft control - Student/instructed pilot, Aircraft - Aircraft oper/perf/capability - Performance/control parameters - Pitch control - Not attained/maintained",False,False,False,False,False,True,False,False,False,False,13.00,870,,2026-04-03 04:05:44.570293+00:00
931,201930,GAA26WA014,2025-10-25,2025,10,Nuuk,,Greenland,64.293500,,,,TEXTRON AVIATION INC,182T,TEXTRON AVIATION INC,182T,TEXTRON AVIATION INC 182T,AIR,N9009F,18283322,False,1.0,,000,,,Globe Aero LLC,Destroyed,4,Fatal,1,0,0,1,,,False,,N/A,,,,,   ,False,False,False,False,False,False,False,False,False,False,29.00,863,,2026-04-03 04:05:44.570293+00:00
932,201931,DCA26WA020,2025-10-21,2025,10,Bintulu,,Malaysia,,,,,BOEING,737,BOEING,737,BOEING 737,AIR,9M-MXR,,False,,,129,,,Malaysia Airlines,None,1,None,0,0,0,0,,,False,,N/A,,,,,   ,False,False,False,False,False,False,False,False,False,False,3.00,879,,2026-04-03 04:05:44.570293+00:00
933,201932,WPR26LA033,2025-10-27,2025,10,Richfield,UTAH,United States,38.730000,,RIF,Richfield Municipal,CESSNA,152,CESSNA,152,CESSNA 152,AIR,N49792,152-83517,False,1.0,REC,091,,PERS,Sierra Lima Aviation LLC,Substantial,3,Minor,0,0,1,1,VMC,,False,DirectorBrief,Completed,,,The pilot’s failure to maintain directional control in gusting wind conditions during the takeoff roll.,"Environmental issues - Conditions/weather/phenomena - Wind - Gusts - Ability to respond/compensate, Personnel issues - Task performance - Use of equip/info - Aircraft control - Pilot","  The pilot’s failure to maintain directional control in gusting wind conditions during the takeoff roll. Environmental issues - Conditions/weather/phenomena - Wind - Gusts - Ability to respond/compensate, Personnel issues - Task performance - Use of equip/info - Aircraft control - Pilot",False,False,False,False,False,True,False,False,False,False,13.00,860,,2026-04-03 04:05:44.570293+00:00
934,201933,ERA26LA025,2025-10-28,2025,10,Boca Raton,FLORIDA,United States,26.373122,,KBCT,Boca Raton Airport,"AKROTECH AVIATION INC, CESSNA","GILES G-202, 172R","AKROTECH AVIATION INC, CESSNA","GILES G-202, 172R","AKROTECH AVIATION INC, CESSNA GILES","AIR, AIR","N202RD, N825KS","G2020021, 17280791",,,"REC, REC",091,,"PERS, INST","HIGH ALPHA AERO LLC, Lynn University","Substantial, Substantial",0,None,0,0,0,0,VMC,,False,DirectorBrief,Completed,,,"The low-wing pilot’s inadequate visual lookout, which resulted in a collision with another airplane while taxiing.",Personnel issues - Psychological - Attention/monitoring - Monitoring other aircraft - Pilot,"  The low-wing pilot’s inadequate visual lookout, which resulted in a collision with another airplane while taxiing. Personnel issues - Psychological - Attention/monitoring - Monitoring other aircraft - Pilot",False,False,False,False,False,True,False,False,False,False,0.00,858,,2026-04-03 04:05:44.570293+00:00
935,201934,GAA26WA015,2025-10-28,2025,10,Diani,OTHER FOREIGN,Kenya,,,,,CESSNA,208,CESSNA,208,CESSNA 208,AIR,5Y-CCA,,False,,,000,,,,Destroyed,4,Fatal,1,0,0,1,,,False,,N/A,,,,,   ,False,False,False,False,False,False,False,False,False,False,29.00,859,,2026-04-03 04:05:44.570293+00:00
936,201935,ERA26LA026,2025-10-23,2025,10,Wetumpka,ALABAMA,United States,32.516667,,08A,Wetumpka Municipal Airport,EUROCOPTER,AS 350 B3,EUROCOPTER,AS 350 B3,EUROCOPTER AS,HELI,N545HF,4123,False,1.0,,091,,INST,HAYNES AVIATION LLC,Substantial,3,None,0,0,0,0,VMC,,False,,In work,,,,,   ,False,False,False,False,False,False,False,False,False,False,9.00,872,,2026-04-03 04:05:44.570293+00:00
937,201936,WPR26LA034,2025-10-28,2025,10,La Verne,CALIFORNIA,United States,34.091667,,POC,BRACKETT FLD,PIPER,PA-28R-200,PIPER,PA-28R-200,PIPER PA-28R-200,AIR,N5107S,28R-7135108,False,1.0,,091,,PERS,JDC AVIATION LLC,Substantial,3,None,0,0,0,0,VMC,,False,,In work,,,,,   ,False,False,False,False,False,False,False,False,False,False,9.00,856,,2026-04-03 04:05:44.570293+00:00
938,201938,DCA26WA021,2025-10-24,2025,10,Liège,OTHER FOREIGN,Belgium,,,EBLG,Liège Airport,BOEING,767,BOEING,767,BOEING 767,AIR,4XIAJ,28207,False,2.0,,121,,,Challenge Airlines,Substantial,3,,0,0,0,0,,,False,,N/A,,,,,   ,False,False,False,False,False,False,False,False,False,False,9.00,868,,2026-04-03 04:05:44.570293+00:00
939,201939,GAA26WA016,2025-10-30,2025,10,Bentley,OTHER FOREIGN,United Kingdom,53.544243,,,,ROBINSON,R44,ROBINSON,R44,ROBINSON R44,HELI,G-CFNF,12496,False,1.0,,000,,,,Destroyed,4,Fatal,1,0,3,4,,,False,,N/A,,,,,   ,False,False,False,False,False,False,False,False,False,False,29.00,851,,2026-04-03 04:05:44.570293+00:00
940,201940,GAA25WA277,2025-09-14,2025,9,Bibai City,,Japan,,,,,PIPER,PA46,PIPER,PA46,PIPER PA46,AIR,JA4046,,False,,,000,,,,Substantial,3,None,0,0,0,0,,,False,,N/A,,,,,   ,False,False,False,False,False,False,False,False,False,False,9.00,1278,,2026-04-03 04:05:44.570293+00:00
941,201941,ERA26FA027,2025-10-31,2025,10,Ballston Spa,NEW YORK,United States,43.044479,,5B2,SARATOGA COUNTY,MOONEY,M20E,MOONEY,M20E,MOONEY M20E,AIR,N79338,548,False,1.0,,091,,PERS,,Destroyed,4,Fatal,1,1,0,2,VMC,,False,,In work,,,,,   ,False,False,False,False,False,False,False,False,False,False,29.00,849,,2026-04-03 04:05:44.570293+00:00
942,201942,ENG26LA004,2025-10-30,2025,10,Gulf Of America,GULF OF AMERICA,United States,27.307020,,,,AIRBUS,A320-232,AIRBUS,A320-232,AIRBUS A320-232,AIR,N605JB,02368,False,2.0,,121,SCHD,,JETBLUE AIRWAYS CORP,Minor,2,Minor,0,0,22,22,VMC,,False,,In work,,,,,   ,False,False,False,False,False,False,False,False,False,False,10.00,850,,2026-04-03 04:05:44.570293+00:00
946,201949,CEN26LA033,2025-10-30,2025,10,Lakeview,ARKANSAS,United States,36.350764,,3M0,Gastons,CESSNA,182H,CESSNA,182H,CESSNA 182H,AIR,N2040X,18256140,False,1.0,REC,091,,PERS,,Substantial,3,Minor,0,0,2,2,VMC,,False,DirectorBrief,Completed,,,"The pilot’s failure to maintain a proper approach path during landing which resulted in a collision with terrain short of the runway. Contributing to the accident was the improper flap position during landing, and the pilot being fatigued.","Aircraft - Aircraft systems - Flight control system - TE flap control system - Incorrect use/operation, Personnel issues - Task performance - Use of equip/info - Use of equip/system - Pilot, Personnel issues - Task performance - Use of equip/info - Aircraft control - Pilot, Aircraft - Aircraft oper/perf/capability - Performance/control parameters - Descent/approach/glide path - Not attained/maintained, Personnel issues - Physical - Alertness/Fatigue - Lack of sleep - Pilot","  The pilot’s failure to maintain a proper approach path during landing which resulted in a collision with terrain short of the runway. Contributing to the accident was the improper flap position during landing, and the pilot being fatigued. Aircraft - Aircraft systems - Flight control system - TE flap control system - Incorrect use/operation, Personnel issues - Task performance - Use of equip/info - Use of equip/system - Pilot, Personnel issues - Task performance - Use of equip/info - Aircraft control - Pilot, Aircraft - Aircraft oper/perf/capability - Performance/control parameters - Descent/approach/glide path - Not attained/maintained, Personnel issues - Physical - Alertness/Fatigue - Lack of sleep - Pilot",False,False,False,False,False,True,False,False,True,False,13.00,852,,2026-04-03 04:05:44.570293+00:00
947,201951,ERA26LA030,2025-10-28,2025,10,Mcrae-Helena,GEORGIA,United States,32.092047,,MQW,TELFAIR-WHEELER,HUGH NUNNALLY FARRIOR,COZY MK IV,HUGH NUNNALLY FARRIOR,COZY MK IV,HUGH NUNNALLY FARRIOR COZY,AIR,N222HF,0247,True,1.0,,091,,PERS,,Substantial,3,None,0,0,0,0,VMC,,False,,In work,,,,,   ,False,False,False,False,False,False,False,False,False,False,9.00,857,,2026-04-03 04:05:44.570293+00:00
953,201957,WPR26LA038,2025-11-03,2025,11,San Andreas,CALIFORNIA,United States,38.144511,,CPU,Calaveras County Maury Rasmussen Field,CESSNA,182P,CESSNA,182P,CESSNA 182P,AIR,N1303S,18264869,False,1.0,REC,091,,PERS,,Substantial,3,Serious,0,1,0,1,VMC,,False,DirectorBrief,Completed,,,"The pilot’s decision to adjust his seat during the takeoff roll, which resulted in the seat sliding aft and a subsequent loss of directional control.","Personnel issues - Action/decision - Action - Incorrect action selection - Pilot, Personnel issues - Task performance - Use of equip/info - Aircraft control - Pilot, Aircraft - Aircraft oper/perf/capability - Performance/control parameters - Directional control - Not attained/maintained","  The pilot’s decision to adjust his seat during the takeoff roll, which resulted in the seat sliding aft and a subsequent loss of directional control. Personnel issues - Action/decision - Action - Incorrect action selection - Pilot, Personnel issues - Task performance - Use of equip/info - Aircraft control - Pilot, Aircraft - Aircraft oper/perf/capability - Performance/control parameters - Directional control - Not attained/maintained",False,False,False,False,False,False,False,False,False,False,17.00,1082,,2026-04-03 04:05:44.570293+00:00
954,201958,DCA26MA024,2025-11-04,2025,11,Louisville,KENTUCKY,United States,38.147180,,SDF,LOUISVILLE MUHAMMAD ALI INTL,MCDONNELL DOUGLAS,MD-11F,MCDONNELL DOUGLAS,MD-11F,MCDONNELL DOUGLAS MD-11F,AIR,N259UP,48417,False,3.0,,121,NSCH,,UNITED PARCEL SERVICE CO,Destroyed,4,Fatal,14,2,21,3,VMC,,False,,In work,,,,,   ,False,False,False,False,False,False,False,False,False,False,94.00,1078,,2026-04-03 04:05:44.570293+00:00
955,201959,ERA26LA031,2025-11-04,2025,11,Athens,TENNESSEE,United States,35.399194,,MMI,MCMINN COUNTY,PROCTOR E RAY,EXEC 162F,PROCTOR E RAY,EXEC 162F,PROCTOR E RAY EXEC,HELI,N162RW,6988,True,1.0,,091,,PERS,,Destroyed,4,Minor,0,0,1,1,,,False,,In work,,,,,   ,False,False,False,False,False,False,False,False,False,False,16.00,1079,,2026-04-03 04:05:44.570293+00:00
957,201961,CEN26LA035,2025-11-04,2025,11,Grantsburg,WISCONSIN,United States,45.799931,,GTG,GRANTSBURG MUNI,CESSNA,172,CESSNA,172,CESSNA 172,AIR,N9490H,17266177,False,1.0,REC,091,,PERS,,Substantial,3,None,0,0,0,0,VMC,,False,DirectorBrief,Completed,,,The collision with a white-tail deer during the landing in dark night visual conditions.,"Environmental issues - Physical environment - Object/animal/substance - Animal(s)/bird(s) - Effect on equipment, Environmental issues - Physical environment - Object/animal/substance - Animal(s)/bird(s) - Contributed to outcome, Environmental issues - Physical environment - Object/animal/substance - Animal(s)/bird(s) - Awareness of condition, Environmental issues - Physical environment - Object/animal/substance - Animal(s)/bird(s) - Ability to respond/compensate, Environmental issues - Conditions/weather/phenomena - Light condition - Dark - Awareness of condition","  The collision with a white-tail deer during the landing in dark night visual conditions. Environmental issues - Physical environment - Object/animal/substance - Animal(s)/bird(s) - Effect on equipment, Environmental issues - Physical environment - Object/animal/substance - Animal(s)/bird(s) - Contributed to outcome, Environmental issues - Physical environment - Object/animal/substance - Animal(s)/bird(s) - Awareness of condition, Environmental issues - Physical environment - Object/animal/substance - Animal(s)/bird(s) - Ability to respond/compensate, Environmental issues - Conditions/weather/phenomena - Light condition - Dark - Awareness of condition",False,False,False,False,False,False,False,False,False,False,9.00,1077,,2026-04-03 04:05:44.570293+00:00
986,201997,CEN26LA045,2025-11-12,2025,11,Muscatine,IOWA,United States,41.367889,,MUT,Muscatine Municipal Airport,"CESSNA, HAWKER BEECHCRAFT CORP","TU206F, B300","CESSNA, HAWKER BEECHCRAFT CORP","TU206F, B300","CESSNA, HAWKER BEECHCRAFT CORP TU206F,","AIR, AIR","N37EW, N545KA","U20602997, FL-545",,,,091,,"PERS, EXEC",VETTE COLLECT AVIATION LLC,"Substantial, Substantial",0,None,0,0,0,0,VMC,,False,,In work,,,,,   ,False,False,False,False,False,False,False,False,False,False,0.00,1039,,2026-04-03 04:05:44.570293+00:00
987,201998,ENG26WA008,2025-11-11,2025,11,Sakaka,OTHER FOREIGN,Saudi Arabia,,,,,AIRBUS,A340,AIRBUS,A340,AIRBUS A340,AIR,HB-JMF,,False,,TF,000,,,Edelweiss Air AG,Minor,2,,0,0,0,0,,,False,,N/A,,,,,   ,False,False,False,False,False,False,False,False,False,False,6.00,1045,,2026-04-03 04:05:44.570293+00:00
958,201962,CEN26LA036,2025-11-05,2025,11,Gueydan,LOUISIANA,United States,30.021375,,,N/A,AIR TRACTOR INC,AT-502,AIR TRACTOR INC,AT-502,AIR TRACTOR INC AT-502,AIR,N7315L,502-0006,False,1.0,TP,137,,AAPL,COCO AVIATION LLC,Substantial,3,Serious,0,1,0,1,VMC,,False,DirectorBrief,Completed,,,The pilot’s failure to maintain situational awareness and clearance from terrain while maneuvering to avoid birds.,"Environmental issues - Physical environment - Object/animal/substance - Animal(s)/bird(s) - Contributed to outcome, Personnel issues - Psychological - Perception/orientation/illusion - Situational awareness - Pilot, Aircraft - Aircraft oper/perf/capability - Performance/control parameters - Altitude - Not attained/maintained","  The pilot’s failure to maintain situational awareness and clearance from terrain while maneuvering to avoid birds. Environmental issues - Physical environment - Object/animal/substance - Animal(s)/bird(s) - Contributed to outcome, Personnel issues - Psychological - Perception/orientation/illusion - Situational awareness - Pilot, Aircraft - Aircraft oper/perf/capability - Performance/control parameters - Altitude - Not attained/maintained",False,False,False,False,False,True,False,False,False,False,17.00,1073,,2026-04-03 04:05:44.570293+00:00
959,201965,GAA25WA278,2025-10-09,2025,10,Sakwai,,India,27.316668,,,Farrukhabad,Beechraft,C90A,BEECHRAFT,C90A,BEECHRAFT C90A,AIR,VT-DEJ,,False,,,000,,,M/s Jet Service Pvt. Ltd,Substantial,3,,0,0,0,0,,,False,,N/A,,,,,   ,False,False,False,False,False,False,False,False,False,False,9.00,931,,2026-04-03 04:05:44.570293+00:00
960,201966,CEN26LA038,2025-11-05,2025,11,Brainerd,MINNESOTA,United States,46.404222,,BRD,BRAINERD LAKES RGNL,CESSNA,R182,CESSNA,R182,CESSNA R182,AIR,N9054C,R18200381,False,1.0,REC,091,,PERS,,Substantial,3,None,0,0,0,0,VMC,,False,DirectorBrief,Completed,,,The pilot’s failure to extended to landing gear before landing.,"Personnel issues - Action/decision - Action - Lack of action - Pilot, Personnel issues - Task performance - Use of equip/info - Use of equip/system - Pilot, Aircraft - Aircraft systems - Landing gear system - Gear extension and retract sys - Not used/operated","  The pilot’s failure to extended to landing gear before landing. Personnel issues - Action/decision - Action - Lack of action - Pilot, Personnel issues - Task performance - Use of equip/info - Use of equip/system - Pilot, Aircraft - Aircraft systems - Landing gear system - Gear extension and retract sys - Not used/operated",False,False,False,False,True,True,False,False,False,False,9.00,1074,,2026-04-03 04:05:44.570293+00:00
961,201967,ERA26LA032,2025-11-06,2025,11,Suffolk,VIRGINIA,United States,36.592810,,VG37,GREENWAY AIRFIELD,CESSNA,140,CESSNA,140,CESSNA 140,AIR,N1860V,14039,False,1.0,REC,091,,PERS,,Substantial,3,None,0,0,0,0,VMC,,False,DirectorBrief,Completed,,,"The pilot’s failure to maintain control of the airplane during landing, which resulted in a nose over.","Personnel issues - Task performance - Use of equip/info - Aircraft control - Pilot, Aircraft - Aircraft oper/perf/capability - Performance/control parameters - Surface speed/braking - Not attained/maintained","  The pilot’s failure to maintain control of the airplane during landing, which resulted in a nose over. Personnel issues - Task performance - Use of equip/info - Aircraft control - Pilot, Aircraft - Aircraft oper/perf/capability - Performance/control parameters - Surface speed/braking - Not attained/maintained",False,False,False,False,False,True,False,False,False,False,9.00,1070,,2026-04-03 04:05:44.570293+00:00
962,201968,GAA26WA020,2025-11-04,2025,11,Trinidad,OTHER FOREIGN,Bolivia,,,,,CESSNA,172,CESSNA,172,CESSNA 172,AIR,CP-2719,,False,,,000,,,,Substantial,3,None,0,0,0,0,,,False,,N/A,,,,,   ,False,False,False,False,False,False,False,False,False,False,9.00,1076,,2026-04-03 04:05:44.570293+00:00
973,201981,WPR26FA040,2025-11-10,2025,11,Coral Springs,FLORIDA,United States,26.292057,,FXE,FORT LAUDERDALE EXEC,BEECH,B100,BEECH,B100,BEECH B100,AIR,N30HG,BE-14,False,2.0,,091,,PERS,,Destroyed,4,Fatal,2,0,0,2,VMC,,False,,In work,,,,,   ,False,False,False,False,False,False,False,False,False,False,34.00,1050,,2026-04-03 04:05:44.570293+00:00
963,201969,ERA26LA033,2025-11-06,2025,11,Oxford,CONNECTICUT,United States,41.473032,,OXC,WATERBURY-OXFORD,CESSNA,172,CESSNA,172,CESSNA 172,AIR,N34LC,17272203,False,1.0,REC,091,,PERS,,Substantial,3,None,0,0,0,0,VMC,,False,DirectorBrief,Completed,,,"The pilot’s failure to compensate for gusty crosswind conditions, which resulted in a loss of control of the airplane and subsequent collision with terrain.","Personnel issues - Task performance - Use of equip/info - Aircraft control - Pilot, Environmental issues - Conditions/weather/phenomena - Wind - Crosswind - Response/compensation, Environmental issues - Conditions/weather/phenomena - Wind - Gusts - Response/compensation","  The pilot’s failure to compensate for gusty crosswind conditions, which resulted in a loss of control of the airplane and subsequent collision with terrain. Personnel issues - Task performance - Use of equip/info - Aircraft control - Pilot, Environmental issues - Conditions/weather/phenomena - Wind - Crosswind - Response/compensation, Environmental issues - Conditions/weather/phenomena - Wind - Gusts - Response/compensation",False,False,True,False,False,True,False,False,False,False,9.00,1069,,2026-04-03 04:05:44.570293+00:00
964,201970,CEN26LA039,2025-11-07,2025,11,Pineville,MISSOURI,United States,36.531000,,PVT,High Meadows Airfield,AMERICAN CHAMPION AIRCRAFT,7GCBC,AMERICAN CHAMPION AIRCRAFT,7GCBC,AMERICAN CHAMPION AIRCRAFT 7GCBC,AIR,N443RL,1223-96,False,1.0,,091,,PERS,,Substantial,3,None,0,0,0,0,VMC,,False,,In work,,,,,   ,False,False,False,False,False,False,False,False,False,False,9.00,1066,,2026-04-03 04:05:44.570293+00:00
965,201971,CEN26LA040,2025-11-08,2025,11,Lakeview,ARKANSAS,United States,36.349056,,3M0,GASTONS,CESSNA,180K,CESSNA,180K,CESSNA 180K,AIR,N2697K,18053038,False,1.0,REC,091,,PERS,,Substantial,3,None,0,0,0,0,VMC,,False,DirectorBrief,Completed,,,The pilot’s decision to continue an approach that resulted in a long landing and inability to stop prior to the end of the runway. Contributing to the accident were the light conditions and a road with vehicles on it immediately adjacent to the end of the runway.,"Personnel issues - Action/decision - Action - Incorrect action selection - Pilot, Environmental issues - Conditions/weather/phenomena - Ceiling/visibility/precip - (general) - Response/compensation, Environmental issues - Conditions/weather/phenomena - Light condition - Bright light - Effect on personnel, Aircraft - Aircraft oper/perf/capability - Performance/control parameters - Airspeed - Not attained/maintained","  The pilot’s decision to continue an approach that resulted in a long landing and inability to stop prior to the end of the runway. Contributing to the accident were the light conditions and a road with vehicles on it immediately adjacent to the end of the runway. Personnel issues - Action/decision - Action - Incorrect action selection - Pilot, Environmental issues - Conditions/weather/phenomena - Ceiling/visibility/precip - (general) - Response/compensation, Environmental issues - Conditions/weather/phenomena - Light condition - Bright light - Effect on personnel, Aircraft - Aircraft oper/perf/capability - Performance/control parameters - Airspeed - Not attained/maintained",False,False,False,True,False,False,False,False,False,False,9.00,1057,,2026-04-03 04:05:44.570293+00:00
966,201972,GAA26WA021,2025-11-06,2025,11,Contamana,OTHER FOREIGN,Peru,,,,,PIPER,PA32RT,PIPER,PA32RT,PIPER PA32RT,AIR,OB-1902,,False,,,000,,,,Substantial,3,None,0,0,0,0,,,False,,N/A,,,,,   ,False,False,False,False,False,False,False,False,False,False,9.00,1068,,2026-04-03 04:05:44.570293+00:00
967,201973,ERA26FA034,2025-11-08,2025,11,Keystone Heights,FLORIDA,United States,29.841932,,42J,KEYSTONE HEIGHTS,EXTRA FLUGZEUGPRODUKTIONS,EA 300/SC,EXTRA FLUGZEUGPRODUKTIONS,EA 300/SC,EXTRA FLUGZEUGPRODUKTIONS EA,AIR,N330SL,SC050,False,1.0,,091,,PERS,,Destroyed,4,Fatal,1,0,0,1,VMC,,False,,In work,,,,,   ,False,False,False,False,False,False,False,False,False,False,29.00,1061,,2026-04-03 04:05:44.570293+00:00
968,201974,ERA26FA035,2025-11-08,2025,11,Lebanon,TENNESSEE,United States,36.329468,,XNX,,AIRBUS HELICOPTERS,EC 130 T2,AIRBUS HELICOPTERS,EC 130 T2,AIRBUS HELICOPTERS EC,HELI,N107VU,8109,False,1.0,,135,NSCH,OWRK,AIR METHODS LLC,Substantial,3,Fatal,1,2,0,3,VMC,,False,,In work,,,,,   ,False,False,False,False,False,False,False,False,False,False,26.00,1058,,2026-04-03 04:05:44.570293+00:00
988,202000,GAA26WA024,2025-11-12,2025,11,Pudahuel,,Chile,-33.383333,,SCEL,Comodoro Arturo Merino Benitez,PIPER,PA-31 T,PIPER,PA-31 T,PIPER PA-31,AIR,CC-CYB,31T-8120028,False,2.0,TP,000,,,Sociedad Transporte Aeromedico Critico,Substantial,3,None,0,0,0,0,VMC,,False,,N/A,,,,,   ,False,False,False,False,False,False,False,False,False,False,9.00,1036,,2026-04-03 04:05:44.570293+00:00
969,201975,ERA26LA036,2025-11-07,2025,11,Cuthbert,GEORGIA,United States,31.700968,,25J,LOWER CHATTAHOOCHEE RGNL,CZECH SPORT AIRCRAFT A S,SPORTCRUISER,CZECH SPORT AIRCRAFT A S,SPORTCRUISER,CZECH SPORT AIRCRAFT A S SPORTCRUISER,AIR,N549PS,C0549,False,1.0,REC,091,,PERS,N549PS LLC,Substantial,3,Minor,0,0,1,1,VMC,,False,DirectorBrief,Completed,,,"The pilot’s failure to maintain clearance from trees and terrain while maneuvering for a precautionary landing, at low altitude and at night.","Aircraft - Aircraft oper/perf/capability - Performance/control parameters - Altitude - Not attained/maintained, Personnel issues - Action/decision - Info processing/decision - Decision making/judgment - Pilot","  The pilot’s failure to maintain clearance from trees and terrain while maneuvering for a precautionary landing, at low altitude and at night. Aircraft - Aircraft oper/perf/capability - Performance/control parameters - Altitude - Not attained/maintained, Personnel issues - Action/decision - Info processing/decision - Decision making/judgment - Pilot",False,False,False,False,False,True,False,False,False,False,13.00,1064,,2026-04-03 04:05:44.570293+00:00
970,201976,ERA26LA037,2025-11-09,2025,11,Southern Pines,NORTH CAROLINA,United States,35.235996,,SOP,Moore County Airport,BEECH,95-A55,BEECH,95-A55,BEECH 95-A55,AIR,N500CA,TC-494,False,2.0,,091,,PERS,,Substantial,3,None,0,0,0,0,VMC,,False,,In work,,,,,   ,False,False,False,False,False,False,False,False,False,False,9.00,1055,,2026-04-03 04:05:44.570293+00:00
971,201979,CEN26LA041,2025-11-01,2025,11,Ponca City,OKLAHOMA,United States,36.731955,,PNC,PONCA CITY RGNL,DOUGLAS,B-26B,DOUGLAS,B-26B,DOUGLAS B-26B,AIR,N9682C,4139230,False,2.0,REC,091,,POSI,AMERICAN AIRPOWER HERITAGE FLYING MUSEUM,Substantial,3,None,0,0,0,0,VMC,,False,DirectorBrief,Completed,,,Failure of the nose landing gear link which resulted in a loss of directional.,"Aircraft - Aircraft systems - Landing gear system - Gear extension and retract sys - Failure, Aircraft - Aircraft oper/perf/capability - Performance/control parameters - Directional control - Attain/maintain not possible, Personnel issues - Task performance - Use of equip/info - Aircraft control - Pilot","  Failure of the nose landing gear link which resulted in a loss of directional. Aircraft - Aircraft systems - Landing gear system - Gear extension and retract sys - Failure, Aircraft - Aircraft oper/perf/capability - Performance/control parameters - Directional control - Attain/maintain not possible, Personnel issues - Task performance - Use of equip/info - Aircraft control - Pilot",False,False,False,False,True,False,False,False,False,False,9.00,1086,,2026-04-03 04:05:44.570293+00:00
972,201980,WPR26LA039,2025-11-09,2025,11,Rio Rancho,NEW MEXICO,United States,35.224467,,ABQ,,ARBC INC DBA LINDSTRAND,77A,ARBC INC DBA LINDSTRAND,77A,ARBC INC DBA LINDSTRAND 77A,BALL,N614LB,5580,False,0.0,,091,,INST,EAKIN SEAN T,None,1,Serious,0,1,0,1,VMC,,False,DirectorBrief,Completed,,,An inadvertent hard landing in high wind conditions resulting in serious injury of one of the pilots.,"Environmental issues - Conditions/weather/phenomena - Wind - (general) - Effect on operation, Aircraft - Aircraft oper/perf/capability - Performance/control parameters - Descent/approach/glide path - Capability exceeded","  An inadvertent hard landing in high wind conditions resulting in serious injury of one of the pilots. Environmental issues - Conditions/weather/phenomena - Wind - (general) - Effect on operation, Aircraft - Aircraft oper/perf/capability - Performance/control parameters - Descent/approach/glide path - Capability exceeded",False,False,False,False,False,False,False,False,False,False,11.00,1054,,2026-04-03 04:05:44.570293+00:00
1211,202643,ERA26LA147,2026-03-11,2026,3,Leonardtown,MARYLAND,United States,,,,,PIPER,PA-24-180,PIPER,PA-24-180,PIPER PA-24-180,,N7573P,,False,,,,,,,,0,Minor,0,0,2,2,,,False,,In work,,,,,   ,False,False,False,False,False,False,False,False,False,False,4.00,803,,2026-04-03 04:05:44.570293+00:00
977,201985,WPR26LA041,2025-11-07,2025,11,Pacific,WASHINGTON,United States,47.271160,,S50,Auburn Municipal Airport,BESSLER DUANE LYNN,SAVANNAH,BESSLER DUANE LYNN,SAVANNAH,BESSLER DUANE LYNN SAVANNAH,AIR,N358D,03-10-51-235,False,1.0,,091,,PERS,INTERNATIONAL AIR SERVICES INC TRUSTEE,Substantial,3,None,0,0,0,0,VMC,,False,,In work,,,,,   ,False,False,False,False,False,False,False,False,False,False,9.00,1065,,2026-04-03 04:05:44.570293+00:00
978,201986,WPR26LA042,2025-11-09,2025,11,Marana,ARIZONA,United States,32.409556,,AVQ,Marana Regional Airport,CESSNA,150,CESSNA,150,CESSNA 150,AIR,N6495T,17895,False,1.0,REC,091,,PERS,,Substantial,3,None,0,0,0,0,VMC,,False,DirectorBrief,Completed,,,The pilot’s improper starting procedure which resulted in the airplane’s unexpected movement and subsequent impact with an airport fence.,"Aircraft - Aircraft handling/service - Parking/securing - Tie-down/mooring - Not installed/available, Personnel issues - Task performance - Planning/preparation - (general) - Pilot, Personnel issues - Task performance - Use of equip/info - Use of equip/system - Pilot, Personnel issues - Action/decision - Action - Incorrect action performance - Pilot","  The pilot’s improper starting procedure which resulted in the airplane’s unexpected movement and subsequent impact with an airport fence. Aircraft - Aircraft handling/service - Parking/securing - Tie-down/mooring - Not installed/available, Personnel issues - Task performance - Planning/preparation - (general) - Pilot, Personnel issues - Task performance - Use of equip/info - Use of equip/system - Pilot, Personnel issues - Action/decision - Action - Incorrect action performance - Pilot",False,False,False,False,False,True,False,False,False,False,9.00,1053,,2026-04-03 04:05:44.570293+00:00
979,201987,CEN26LA042,2025-11-10,2025,11,Castle Rock,COLORADO,United States,39.380917,,,N/A,PIPER,PA-28-235,PIPER,PA-28-235,PIPER PA-28-235,AIR,N9143W,28-10764,False,1.0,,091,,PERS,,Substantial,3,Minor,0,0,1,1,VMC,,False,,In work,,,,,   ,False,False,False,False,False,False,False,False,False,False,13.00,1046,,2026-04-03 04:05:44.570293+00:00
980,201989,WPR26FA043,2025-11-10,2025,11,Poleta,CALIFORNIA,United States,37.297480,,,,CESSNA,172M,CESSNA,172M,CESSNA 172M,AIR,N13221,17262586,False,1.0,,091,NSCH,PERS,REGISTRATION PENDING,Substantial,3,Fatal,2,1,0,3,VMC,,False,,In work,,,,,   ,False,False,False,False,False,False,False,False,False,False,31.00,1048,,2026-04-03 04:05:44.570293+00:00
981,201991,ENG25WA056,2025-07-20,2025,7,"Britânia, State Of Goiás",OTHER FOREIGN,Brazil,,,,,AgustaWestlands,AW119 MKII,AGUSTAWESTLANDS,AW119 MKII,AGUSTAWESTLANDS AW119,HELI,PR-CBG,14765,False,,TS,000,,,Military Firefighters of Brazil,Unknown,0,,0,0,0,0,,,False,,N/A,,,,,   ,False,False,False,False,False,False,False,False,False,False,0.00,1439,,2026-04-03 04:05:44.570293+00:00
982,201992,ENG26WA007,2025-11-06,2025,11,Mexico City,OTHER FOREIGN,Mexico,,,,,AIRBUS,A321,AIRBUS,A321,AIRBUS A321,AIR,"XA-VUK,",11822,False,,,000,,,Volaris,None,1,,0,0,0,0,,,False,,N/A,,,,,   ,False,False,False,False,False,False,False,False,False,False,3.00,1072,,2026-04-03 04:05:44.570293+00:00
983,201994,CEN26LA044,2025-11-11,2025,11,Chesterfield,MISSOURI,United States,38.649870,,KSUS,Spirit of St. Louis,CIRRUS DESIGN CORP,SR20,CIRRUS DESIGN CORP,SR20,CIRRUS DESIGN CORP SR20,AIR,N866CD,1235,False,1.0,,091,,PERS,,Substantial,3,Minor,0,0,2,2,VMC,,False,,In work,,,,,   ,False,False,False,False,False,False,False,False,False,False,13.00,1041,,2026-04-03 04:05:44.570293+00:00
984,201995,GAA26WA023,2025-10-18,2025,10,Locarno,OTHER FOREIGN,Switzerland,46.165300,,LSZL,Locarno Airport,GUIMBAL,CABRI,GUIMBAL,CABRI,GUIMBAL CABRI,HELI,HB-ZYZ,1205,False,1.0,REC,000,,INST,Swiss Helicopter AG,None,1,None,0,0,0,0,,,False,,N/A,,,,,   ,False,False,False,False,False,False,False,False,False,False,3.00,885,,2026-04-03 04:05:44.570293+00:00
990,202004,WPR26LA044,2025-11-11,2025,11,Fresno,CALIFORNIA,United States,36.776285,,FAT,FRESNO YOSEMITE INTL,LUSCOMBE,8A,LUSCOMBE,8A,LUSCOMBE 8A,AIR,N1264K,3991,False,1.0,REC,091,,PERS,,Substantial,3,None,0,0,0,0,VMC,,False,DirectorBrief,Completed,,,"The pilot's improper application of left brake pedal during the landing roll, which resulted in a loss of directional control and a ground loop.","Personnel issues - Task performance - Use of equip/info - Aircraft control - Pilot, Aircraft - Aircraft oper/perf/capability - Performance/control parameters - Directional control - Incorrect use/operation","  The pilot's improper application of left brake pedal during the landing roll, which resulted in a loss of directional control and a ground loop. Personnel issues - Task performance - Use of equip/info - Aircraft control - Pilot, Aircraft - Aircraft oper/perf/capability - Performance/control parameters - Directional control - Incorrect use/operation",False,False,False,False,False,True,False,False,False,False,9.00,1042,,2026-04-03 04:05:44.570293+00:00
991,202005,GAA26WA025,2025-11-11,2025,11,Jaú,OTHER FOREIGN,Brazil,,,,,AIR TRACTOR,AT401,AIR TRACTOR,AT401,AIR TRACTOR AT401,AIR,PT-WBU,,False,,,000,,,,Substantial,3,Fatal,1,0,0,1,,,False,,N/A,,,,,   ,False,False,False,False,False,False,False,False,False,False,26.00,1044,,2026-04-03 04:05:44.570293+00:00
992,202006,DCA26WA031,2025-11-13,2025,11,N'Djamena,OTHER FOREIGN,Chad,,,NDJ,N'Djamena International Airport,BOEING,747,BOEING,747,BOEING 747,AIR,ER-BAR,22545,False,4.0,,000,,,Fly Pro,Minor,2,None,0,0,0,0,,,False,,N/A,,,,,   ,False,False,False,False,False,False,False,False,False,False,6.00,1035,,2026-04-03 04:05:44.570293+00:00
993,202007,DCA26WA032,2025-11-12,2025,11,South Mackay,OTHER FOREIGN,Australia,,,MKY,Mackay Airport,FAIRCHILD,22C7,FAIRCHILD,22C7,FAIRCHILD 22C7,AIR,VH-HPE,,False,,,000,,,Toll Aviation,None,1,,0,0,0,0,,,False,,N/A,,,,,   ,False,False,False,False,False,False,False,False,False,False,3.00,1040,,2026-04-03 04:05:44.570293+00:00
994,202008,ERA26FA039,2025-11-14,2025,11,New Bavaria,OHIO,United States,41.183650,,,,JABIRU USA SPORT AIRCRAFT LLC,J230-SP,JABIRU USA SPORT AIRCRAFT LLC,J230-SP,JABIRU USA SPORT AIRCRAFT LLC J230-SP,AIR,N755J,815,False,1.0,,091,,PERS,,Substantial,3,Fatal,2,0,0,2,VMC,,False,,In work,,,,,   ,False,False,False,False,False,False,False,False,False,False,31.00,1026,,2026-04-03 04:05:44.570293+00:00
995,202009,ERA26LA040,2025-11-16,2025,11,Woodfin Mill,GEORGIA,United States,33.090000,,,,PIPER,PA-32R-301T,PIPER,PA-32R-301T,PIPER PA-32R-301T,AIR,N327HP,3257152,False,1.0,,091,,POSI,Outter Banks Air Charters,Substantial,3,Minor,0,0,1,1,VMC,,False,,In work,,,,,   ,False,False,False,False,False,False,False,False,False,False,13.00,1022,,2026-04-03 04:05:44.570293+00:00
996,202011,GAA26WA026,2025-11-16,2025,11,Wellington,,New Zealand,-41.262721,,,,ROBINSON,R-66,ROBINSON,R-66,ROBINSON R-66,HELI,ZK-IXT,,False,,,000,,,,Substantial,3,,0,0,0,0,,,False,,N/A,,,,,   ,False,False,False,False,False,False,False,False,False,False,9.00,1023,,2026-04-03 04:05:44.570293+00:00
997,202012,ERA26LA042,2025-11-14,2025,11,Bowling Green,KENTUCKY,United States,36.964528,,BWG,BOWLING GREEN-WARREN COUNTY RGNL,ARION AIRCRAFT LLC,LIGHTNING LS-1,ARION AIRCRAFT LLC,LIGHTNING LS-1,ARION AIRCRAFT LLC LIGHTNING,AIR,N897PR,96,False,1.0,,091,,PERS,,Substantial,3,None,0,0,0,0,VMC,,False,,In work,,,,,   ,False,False,False,False,False,False,False,False,False,False,9.00,1027,,2026-04-03 04:05:44.570293+00:00
998,202013,DCA26WA033,2025-11-14,2025,11,Bogota,OTHER FOREIGN,Colombia,,,SKBO,El Dorado International Airport,"AIRBUS, BEECH","A320, C90","AIRBUS, BEECH","A320, C90","AIRBUS, BEECH A320,","AIR, AIR","HK5319, HK5118",,,,,129,,,Avianca,"None, None",0,None,0,0,0,0,,,False,,N/A,,,,,   ,False,False,False,False,False,False,False,False,False,False,0.00,1031,,2026-04-03 04:05:44.570293+00:00
999,202014,WPR26LA045,2025-11-17,2025,11,Mesa,ARIZONA,United States,33.447978,,FFZ,FALCON FLD,PIPER AIRCRAFT INC,PA-28-181,PIPER AIRCRAFT INC,PA-28-181,PIPER AIRCRAFT INC PA-28-181,AIR,N4402N,2843716,False,1.0,,091,,INST,CAE AVIATION ACADEMY PHOENIX LLC,Substantial,3,None,0,0,0,0,VMC,,False,,In work,,,,,   ,False,False,False,False,False,False,False,False,False,False,9.00,1019,,2026-04-03 04:05:44.570293+00:00
1210,202642,CEN26LA139,2026-03-11,2026,3,Denton,TEXAS,United States,33.201961,,DTO,DENTON ENTERPRISE,CESSNA,172,CESSNA,172,CESSNA 172,AIR,N7080T,46680,False,1.0,,091,,PERS,KINGDOM PLANES LLC,Substantial,3,None,0,0,0,0,,,False,,In work,,,,,   ,False,False,False,False,False,False,False,False,False,False,9.00,804,,2026-04-03 04:05:44.570293+00:00
1000,202015,GAA26WA027,2025-11-13,2025,11,Krivi Put,OTHER FOREIGN,Croatia,45.040584,,,,AIR TRACTOR,AT802,AIR TRACTOR,AT802,AIR TRACTOR AT802,AIR,OR-2025,,False,1.0,TP,000,,,"Ministry of Agriculture and Forestry, Republic of Turkey",Destroyed,4,Fatal,1,0,0,1,,,False,,N/A,,,,Not determined - Not determined - (general) - (general) - Other authority investigated,   Not determined - Not determined - (general) - (general) - Other authority investigated,False,False,False,False,False,False,False,False,False,False,29.00,1033,,2026-04-03 04:05:44.570293+00:00
1001,202016,GAA26WA028,2025-11-16,2025,11,Cambridgeshire,,United Kingdom,,,EGSU,Duxford Airfield,PIPER,PA28,PIPER,PA28,PIPER PA28,AIR,G-BOHO,28-8016196,False,,REC,000,,,,Unknown,0,None,0,0,0,0,,,False,,N/A,,,,,   ,False,False,False,False,False,False,False,False,False,False,0.00,1021,,2026-04-03 04:05:44.570293+00:00
1002,202017,WPR26LA046,2025-11-08,2025,11,Boise,IDAHO,United States,43.573361,,BOI,Boise Air Terminal/Gowen Field,MICHAEL W VERZWYVELT,SS-7 SUPER SPORT,MICHAEL W VERZWYVELT,SS-7 SUPER SPORT,MICHAEL W VERZWYVELT SS-7,AIR,N14PM,KA17009342,True,1.0,REC,091,,PERS,,Substantial,3,Minor,0,0,2,2,VMC,,False,DirectorBrief,Completed,,,"The pilot’s operation of the airplane while intoxicated, resulting in its impact with obstacles while on approach.","Personnel issues - Physical - Impairment/incapacitation - Alcohol - Pilot, Aircraft - Aircraft oper/perf/capability - Performance/control parameters - Altitude - Not attained/maintained, Personnel issues - Action/decision - Info processing/decision - Decision making/judgment - Pilot","  The pilot’s operation of the airplane while intoxicated, resulting in its impact with obstacles while on approach. Personnel issues - Physical - Impairment/incapacitation - Alcohol - Pilot, Aircraft - Aircraft oper/perf/capability - Performance/control parameters - Altitude - Not attained/maintained, Personnel issues - Action/decision - Info processing/decision - Decision making/judgment - Pilot",False,False,False,False,False,False,False,False,False,False,13.00,1056,,2026-04-03 04:05:44.570293+00:00
1003,202018,WPR26LA047,2025-11-09,2025,11,Lancaster,CALIFORNIA,United States,34.741056,,WJF,GENERAL WM J FOX AIRFIELD,CESSNA,172S,CESSNA,172S,CESSNA 172S,AIR,N5199J,172S9097,False,1.0,,091,,PERS,EIGHT BALL FLYING CLUB,Substantial,3,None,0,0,0,0,VMC,,False,,In work,,,,,   ,False,False,False,False,False,False,False,False,False,False,9.00,1052,,2026-04-03 04:05:44.570293+00:00
1004,202019,ERA26LA043,2025-11-14,2025,11,Dothan,ALABAMA,United States,31.321028,,DHN,DOTHAN RGNL,BEECH,95-B55,BEECH,95-B55,BEECH 95-B55,AIR,N711FA,TC-1982,False,2.0,,091,,INST,Elkhorn Valley Aviation,Substantial,3,None,0,0,0,0,VMC,,False,,In work,,,,,   ,False,False,False,False,False,False,False,False,False,False,9.00,1028,,2026-04-03 04:05:44.570293+00:00
1005,202020,ERA26LA044,2025-11-17,2025,11,Eastpoint,FLORIDA,United States,29.646205,,F47,ST GEORGE ISLAND,CIRRUS DESIGN CORP,SR22,CIRRUS DESIGN CORP,SR22,CIRRUS DESIGN CORP SR22,AIR,N508WH,4603,False,1.0,,091,,PERS,,Substantial,3,None,0,0,0,0,VMC,,False,,In work,,,,,   ,False,False,False,False,False,False,False,False,False,False,9.00,1016,,2026-04-03 04:05:44.570293+00:00
1006,202021,ERA26LA045,2025-11-14,2025,11,Edgewater,FLORIDA,United States,28.978917,,X50,MASSEY RANCH AIRPARK,BEECH,95,BEECH,95,BEECH 95,AIR,N2033C,TD-203,False,2.0,REC,091,,PERS,PRAY AVIATION INC,Substantial,3,None,0,0,0,0,VMC,,False,DirectorBrief,Completed,,,The pilot’s failure to extend the landing gear prior to landing.,"Personnel issues - Action/decision - Action - Forgotten action/omission - Pilot, Aircraft - Aircraft systems - Landing gear system - Landing gear selector - Incorrect use/operation","  The pilot’s failure to extend the landing gear prior to landing. Personnel issues - Action/decision - Action - Forgotten action/omission - Pilot, Aircraft - Aircraft systems - Landing gear system - Landing gear selector - Incorrect use/operation",False,False,False,False,True,True,False,False,False,False,9.00,1029,,2026-04-03 04:05:44.570293+00:00
1007,202022,ERA26LA046,2025-11-17,2025,11,Palm Bay,FLORIDA,United States,27.923720,,,,CESSNA,172,CESSNA,172,CESSNA 172,AIR,N6124D,17272608,False,1.0,,091,,PERS,Melbourne Flight Training,Substantial,3,Minor,0,0,1,1,VMC,,False,,In work,,,,,   ,False,False,False,False,False,False,False,False,False,False,13.00,1015,,2026-04-03 04:05:44.570293+00:00
1008,202023,DCA26WA034,2025-11-04,2025,11,Pasay City,OTHER FOREIGN,Philippines,14.513153,,MNL,Ninoy Aquino International Airport,BOEING,787,BOEING,787,BOEING 787,AIR,A9C-FJ,40602,False,2.0,TF,000,SCHD,,Gulf Air,None,1,,0,0,0,0,,,False,,N/A,,,,,   ,False,False,False,False,False,False,False,False,False,False,3.00,1075,,2026-04-03 04:05:44.570293+00:00
1009,202024,GAA26WA029,2025-11-11,2025,11,Santa Cruz,OTHER FOREIGN,Bolivia,-17.943333,,SVLA,Viru Viru International Airport,PIPER,PA46,PIPER,PA46,PIPER PA46,AIR,CP-2768,4697390,False,1.0,,000,,PERS,,Substantial,3,None,0,0,0,0,,,False,,N/A,,,,,   ,False,False,False,False,False,False,False,False,False,False,9.00,1043,,2026-04-03 04:05:44.570293+00:00
1013,202029,CEN26LA047,2025-11-12,2025,11,Sheboygan Falls,WISCONSIN,United States,43.769078,,SBM,SHEBOYGAN COUNTY MEML INTL,ENGINEERING & RESEARCH,415,ENGINEERING & RESEARCH,415,ENGINEERING & RESEARCH 415,AIR,N94342,1565,False,1.0,REC,091,,INST,,Substantial,3,None,0,0,0,0,VMC,,False,DirectorBrief,Completed,,,The flight instructor’s failure to arrest the airplane’s descent rate during a takeoff simulated engine failure which resulted in a hard landing.,Aircraft - Aircraft oper/perf/capability - Performance/control parameters - Descent rate - Related operating info,  The flight instructor’s failure to arrest the airplane’s descent rate during a takeoff simulated engine failure which resulted in a hard landing. Aircraft - Aircraft oper/perf/capability - Performance/control parameters - Descent rate - Related operating info,True,False,False,False,False,True,False,False,False,False,9.00,1037,,2026-04-03 04:05:44.570293+00:00
1014,202030,ERA26LA047,2025-11-15,2025,11,Culebra,PUERTO RICO,United States,18.322050,,,,TORRES RUBEN,AVENTURA II,TORRES RUBEN,AVENTURA II,TORRES RUBEN AVENTURA,AIR,N258RS,AP2A0060,True,1.0,,091,,PERS,,Substantial,3,Minor,0,0,1,1,VMC,,False,,In work,,,,,   ,False,False,False,False,False,False,False,False,False,False,13.00,1024,,2026-04-03 04:05:44.570293+00:00
1015,202034,WPR26LA048,2025-10-04,2025,10,Mckinnon,WYOMING,United States,41.000000,,EVW,,AVIAT AIRCRAFT INC,A-1C-200,AVIAT AIRCRAFT INC,A-1C-200,AVIAT AIRCRAFT INC A-1C-200,AIR,N96WJ,3397,False,1.0,,091,,PERS,DK AVIATION LLC,Substantial,3,Serious,0,1,1,2,,,False,,In work,,,,,   ,False,False,False,False,False,False,False,False,False,False,17.00,954,,2026-04-03 04:05:44.570293+00:00
1016,202036,CEN26FA049,2025-11-23,2025,11,Pittsfield,ILLINOIS,United States,39.675456,,PPQ,Pittsfield Penstone Municipal Airport,PIPER,PA-28R-201,PIPER,PA-28R-201,PIPER PA-28R-201,AIR,N47700,28R-7837001,False,1.0,,091,,PERS,,Substantial,3,Fatal,1,2,0,3,IMC,,False,,In work,,,,,   ,False,False,False,False,False,False,False,False,False,False,26.00,1006,,2026-04-03 04:05:44.570293+00:00
1017,202037,ERA26LA048,2025-11-14,2025,11,Cookeville,TENNESSEE,United States,36.159574,,,,ROBINSON HELICOPTER,R44,ROBINSON HELICOPTER,R44,ROBINSON HELICOPTER R44,HELI,N668TM,1228,False,1.0,REC,091,,AOBV,,Substantial,3,None,0,0,0,0,VMC,,False,DirectorBrief,Completed,,,"The pilot’s failure to maintain an appropriate decent rate during approach, resulting in a hard landing.","Aircraft - Aircraft oper/perf/capability - Performance/control parameters - Descent rate - Not attained/maintained, Personnel issues - Task performance - Use of equip/info - Aircraft control - Pilot","  The pilot’s failure to maintain an appropriate decent rate during approach, resulting in a hard landing. Aircraft - Aircraft oper/perf/capability - Performance/control parameters - Descent rate - Not attained/maintained, Personnel issues - Task performance - Use of equip/info - Aircraft control - Pilot",False,False,False,False,False,True,False,False,False,False,9.00,1030,,2026-04-03 04:05:44.570293+00:00
1036,202066,CEN26FA051,2025-11-24,2025,11,New Orleans,LOUISIANA,United States,30.060429,,KNEW,Lakefront Airport,CESSNA,172N,CESSNA,172N,CESSNA 172N,AIR,N80FP,17271343,False,1.0,,091,,INST,Apollo Flight School,Destroyed,4,Fatal,2,0,0,2,IMC,,False,,In work,,,,,   ,False,False,False,False,False,False,False,False,False,False,34.00,998,,2026-04-03 04:05:44.570293+00:00
1037,202067,DCA26WA044,2025-11-08,2025,11,Riyadh,,Saudi Arabia,,,,,BOEING,737,BOEING,737,BOEING 737,,A4O-BAA,,False,,,000,SCHD,,Oman Air,,0,None,0,0,0,0,,,False,,N/A,,,,,   ,False,False,False,False,False,False,False,False,False,False,0.00,1059,,2026-04-03 04:05:44.570293+00:00
1038,202068,CEN26LA052,2025-11-26,2025,11,Benton Harbor,MICHIGAN,United States,42.127828,,BEH,SOUTHWEST MICHIGAN RGNL,Gray,RG12,GRAY,RG12,GRAY RG12,AIR,C-FGEW,RSG006,True,1.0,,091,,FERY,,Substantial,3,Minor,0,0,2,2,VMC,,False,,In work,,,,,   ,False,False,False,False,False,False,False,False,False,False,13.00,994,,2026-04-03 04:05:44.570293+00:00
1039,202069,ENG26LA011,2025-11-23,2025,11,Hibbing,MINNESOTA,United States,47.386670,,HIB,RANGE RGNL,BOMBARDIER INC,CL-600-2C11,BOMBARDIER INC,CL-600-2C11,BOMBARDIER INC CL-600-2C11,AIR,N707EV,10057,False,2.0,,121,SCHD,,SkyWest Airlines Inc.,None,1,None,0,0,0,0,VMC,,False,,In work,,,,,   ,False,False,False,False,False,False,False,False,False,False,3.00,1008,,2026-04-03 04:05:44.570293+00:00
1040,202070,WPR26FA051,2025-11-26,2025,11,High Rolls,NEW MEXICO,United States,32.840500,,ALM,Alamogordo-White Sands Regional Airport,AMERICAN AVIATION,AA-1A,AMERICAN AVIATION,AA-1A,AMERICAN AVIATION AA-1A,AIR,N9439L,AA1A-0239,False,1.0,,091,,PERS,,Destroyed,4,Fatal,2,0,0,2,VMC,,False,,In work,,,,,   ,False,False,False,False,False,False,False,False,False,False,34.00,991,,2026-04-03 04:05:44.570293+00:00
1018,202039,WPR26LA049,2025-11-20,2025,11,Shady Cove,OREGON,United States,42.608724,,OG31,Shady Cove Airpark,ZENAIR LTD,STOL CH 701,ZENAIR LTD,STOL CH 701,ZENAIR LTD STOL,AIR,N43AH,7-8037,True,1.0,REC,091,,FLTS,,Substantial,3,Minor,0,0,1,1,VMC,,False,DirectorBrief,Completed,,,"The pilot’s improper throttle input during an approach, which resulted in a rapid descent, hard landing and runway excursion.","Personnel issues - Action/decision - Action - Incorrect action performance - Pilot, Aircraft - Aircraft power plant - Engine controls - (general) - Incorrect use/operation","  The pilot’s improper throttle input during an approach, which resulted in a rapid descent, hard landing and runway excursion. Personnel issues - Action/decision - Action - Incorrect action performance - Pilot, Aircraft - Aircraft power plant - Engine controls - (general) - Incorrect use/operation",False,False,False,False,False,True,True,False,False,False,13.00,1010,,2026-04-03 04:05:44.570293+00:00
1019,202041,DCA26WA036,2025-11-22,2025,11,Greenwich,CONNECTICUT,United States,41.050682,,,,EMBRAER,ERJ170,EMBRAER,ERJ170,EMBRAER ERJ170,AIR,C-FRQM,17000137,False,2.0,TF,129,,,Jazz Aviation,None,1,None,0,0,0,0,,,False,,N/A,,,,,   ,False,False,False,False,False,False,False,False,False,False,3.00,1009,,2026-04-03 04:05:44.570293+00:00
1020,202043,DCA26WA038,2025-11-08,2025,11,Toronto,OTHER FOREIGN,Canada,,,,,EMBRAER,ERJ170,EMBRAER,ERJ170,EMBRAER ERJ170,AIR,C-FEKJ,17000109,False,2.0,TF,129,SCHD,,Jazz Aviation,None,1,,0,0,0,0,,,False,,N/A,,,,,   ,False,False,False,False,False,False,False,False,False,False,3.00,1062,,2026-04-03 04:05:44.570293+00:00
1021,202046,GAA26WA031,2025-11-24,2025,11,Uruyen,OTHER FOREIGN,Venezuela,,,,,BELL,206,BELL,206,BELL 206,HELI,YV3004,,False,,,000,,,,Substantial,3,None,0,0,0,0,,,False,,N/A,,,,,   ,False,False,False,False,False,False,False,False,False,False,9.00,1004,,2026-04-03 04:05:44.570293+00:00
1022,202048,ANC26LA006,2025-11-08,2025,11,Talkeetna,ALASKA,United States,62.271789,,PATK,,PIPER,PA-14,PIPER,PA-14,PIPER PA-14,AIR,N5188H,14-506,False,1.0,,091,,PERS,,Substantial,3,None,0,0,0,0,VMC,,False,,In work,,,,,   ,False,False,False,False,False,False,False,False,False,False,9.00,1060,,2026-04-03 04:05:44.570293+00:00
1023,202049,ANC26LA007,2025-11-24,2025,11,Wasilla,ALASKA,United States,,,,,JUNIOR DANIEL,DANCHINI CUB,JUNIOR DANIEL,DANCHINI CUB,JUNIOR DANIEL DANCHINI,,N794AK,,False,,,091,,,,,0,None,0,0,0,0,VMC,,False,,In work,,,,,   ,False,False,False,False,False,False,False,False,False,False,0.00,1001,,2026-04-03 04:05:44.570293+00:00
1024,202050,CEN26FA050,2025-11-25,2025,11,Monroe,WISCONSIN,United States,42.622873,,,,SOCATA,TBM 700,SOCATA,TBM 700,SOCATA TBM,AIR,N700PT,268,False,1.0,,091,,PERS,,Substantial,3,Fatal,2,0,0,2,IMC,,False,,In work,,,,,   ,False,False,False,False,False,False,False,False,False,False,31.00,997,,2026-04-03 04:05:44.570293+00:00
1025,202051,ERA26LA050,2025-11-18,2025,11,Eureka,NORTH CAROLINA,United States,35.570653,,,,CESSNA,401,CESSNA,401,CESSNA 401,AIR,N6255Q,401A0055,False,2.0,,091,,AOBV,,Substantial,3,Minor,0,0,1,1,VMC,,False,,In work,,,,,   ,False,False,False,False,False,False,False,False,False,False,13.00,1013,,2026-04-03 04:05:44.570293+00:00
1026,202053,ERA26LA052,2025-11-19,2025,11,Beaufort,SOUTH CAROLINA,United States,32.527917,,KARW,Beaufort Exec,TOOMEY,Long EZ,TOOMEY,Long EZ,TOOMEY LONG,AIR,N82MT,004,True,1.0,,091,,PERS,,Substantial,3,None,0,0,0,0,VMC,,False,,In work,,,,,   ,False,False,False,False,False,False,False,False,False,False,9.00,1012,,2026-04-03 04:05:44.570293+00:00
1027,202054,ERA26LA053,2025-11-23,2025,11,Clewiston,FLORIDA,United States,26.733404,,2IS,AIRGLADES,PIPER,PA-23-250,PIPER,PA-23-250,PIPER PA-23-250,AIR,N914CC,27-3769,False,2.0,REC,091,,PERS,,Substantial,3,None,0,0,0,0,VMC,,False,DirectorBrief,Completed,,,The pilot’s failure to maintain directional control of the airplane during the landing roll.,"Personnel issues - Task performance - Use of equip/info - Aircraft control - Pilot, Aircraft - Aircraft oper/perf/capability - Performance/control parameters - Directional control - Not attained/maintained","  The pilot’s failure to maintain directional control of the airplane during the landing roll. Personnel issues - Task performance - Use of equip/info - Aircraft control - Pilot, Aircraft - Aircraft oper/perf/capability - Performance/control parameters - Directional control - Not attained/maintained",False,False,False,False,False,True,False,False,False,False,9.00,1007,,2026-04-03 04:05:44.570293+00:00
1028,202055,ENG26WA010,2025-11-06,2025,11,Lake Rotorua,OTHER FOREIGN,New Zealand,,,,,DE HAVILLAND,DHC3,DE HAVILLAND,DHC3,DE HAVILLAND DHC3,AIR,ZK-VAS,35,False,,REC,000,,,PB & DV Holdings Limited,None,1,,0,0,0,0,,,False,,N/A,,,,,   ,False,False,False,False,False,False,False,False,False,False,3.00,1071,,2026-04-03 04:05:44.570293+00:00
1029,202056,DCA26WA042,2025-11-14,2025,11,Malaga,OTHER FOREIGN,Spain,36.678101,,LEMG,Malaga-Costa del Sol Airport,BOEING,737,BOEING,737,BOEING 737,AIR,EI-HGG,62316,False,2.0,TF,000,SCHD,,Ryanair,None,1,None,0,0,0,0,,,False,,N/A,,,,,   ,False,False,False,False,False,False,False,False,False,False,3.00,1025,,2026-04-03 04:05:44.570293+00:00
1030,202057,WPR26LA050,2025-11-24,2025,11,Provo,UTAH,United States,40.218118,,PVU,PROVO MUNI,PIPER AIRCRAFT INC,PA-46-701TP,PIPER AIRCRAFT INC,PA-46-701TP,PIPER AIRCRAFT INC PA-46-701TP,AIR,N646U,46020061,False,1.0,,091,,PERS,AS AVIATION LLC,Substantial,3,Serious,0,1,3,4,VMC,,False,,In work,,,,,   ,False,False,False,False,False,False,False,False,False,False,17.00,999,,2026-04-03 04:05:44.570293+00:00
1031,202058,ERA26LA054,2025-11-24,2025,11,Zanesville,OHIO,United States,40.007259,,42I,PARR,CESSNA,172,CESSNA,172,CESSNA 172,AIR,N7805G,17259505,False,1.0,,091,,PERS,,Substantial,3,None,0,0,0,0,VMC,,False,,In work,,,,,   ,False,False,False,False,False,False,False,False,False,False,9.00,1002,,2026-04-03 04:05:44.570293+00:00
1048,202081,GAA26WA034,2025-11-30,2025,11,New South Wales.,,Austria,-34.180925,,YWBN,Wedderburn Airport,"VANS, VANS","RV7, RV7","VANS, VANS","RV7, RV7","VANS, VANS RV7,","AIR, AIR","VH-EWS, VH-NMG",,,,,091,,"PERS, PERS",,"Substantial, Minor",0,Fatal,1,0,0,1,,,False,,N/A,,,,,   ,False,False,False,False,False,False,False,False,False,False,17.00,980,,2026-04-03 04:05:44.570293+00:00
1032,202059,WPR25LA308,2025-09-11,2025,9,Chehalis,WASHINGTON,United States,46.659000,,CLS,CHEHALIS-CENTRALIA,Thomas Graham,Teenie Two,THOMAS GRAHAM,Teenie Two,THOMAS GRAHAM TEENIE,AIR,N311TS,16-215,True,1.0,REC,091,,PERS,,Substantial,3,Serious,0,1,0,1,VMC,,False,DirectorBrief,Completed,,,"The pilot's improper decision to take off with the airplane over its maximum allowable gross weight, which degraded its climb performance and led to a subsequent off airport landing.","Aircraft - Aircraft oper/perf/capability - Aircraft capability - Maximum weight - Capability exceeded, Personnel issues - Task performance - Planning/preparation - Performance calculations - Pilot, Personnel issues - Task performance - Use of equip/info - Use of equip/system - Pilot, Aircraft - Aircraft oper/perf/capability - Performance/control parameters - Landing flare - Not attained/maintained, Personnel issues - Action/decision - Info processing/decision - Decision making/judgment - Pilot, Aircraft - Aircraft oper/perf/capability - Performance/control parameters - Climb rate - Not attained/maintained","  The pilot's improper decision to take off with the airplane over its maximum allowable gross weight, which degraded its climb performance and led to a subsequent off airport landing. Aircraft - Aircraft oper/perf/capability - Aircraft capability - Maximum weight - Capability exceeded, Personnel issues - Task performance - Planning/preparation - Performance calculations - Pilot, Personnel issues - Task performance - Use of equip/info - Use of equip/system - Pilot, Aircraft - Aircraft oper/perf/capability - Performance/control parameters - Landing flare - Not attained/maintained, Personnel issues - Action/decision - Info processing/decision - Decision making/judgment - Pilot, Aircraft - Aircraft oper/perf/capability - Performance/control parameters - Climb rate - Not attained/maintained",False,False,False,False,False,True,False,False,False,False,17.00,1298,,2026-04-03 04:05:44.570293+00:00
1033,202061,ERA26LA055,2025-11-13,2025,11,Savannah,GEORGIA,United States,32.008889,,SVN,HUNTER AAF,PERRY WILLIAM,LANCAIR IV P,PERRY WILLIAM,LANCAIR IV P,PERRY WILLIAM LANCAIR,AIR,N163BR,2007,True,1.0,,091,,BUS,MATPRO SERVICE CORPORATION,Substantial,3,None,0,0,0,0,VMC,,False,,In work,,,,,   ,False,False,False,False,False,False,False,False,False,False,9.00,1032,,2026-04-03 04:05:44.570293+00:00
1035,202064,GAA26WA032,2025-11-24,2025,11,Lago Sul,OTHER FOREIGN,Brazil,,,SBBR,Aeroporto Internacional de Brasília Presidente Juscelino Kubitschek,PILATUS,PC24,PILATUS,PC24,PILATUS PC24,AIR,PS-ECB,244,False,1.0,,000,,,,None,1,None,0,0,0,0,,,False,,N/A,,,,,   ,False,False,False,False,False,False,False,False,False,False,3.00,1005,,2026-04-03 04:05:44.570293+00:00
1041,202071,ERA26LA057,2025-11-26,2025,11,Eastman,GEORGIA,United States,32.215388,,EZM,HEART OF GEORGIA RGNL,PIPER,PA-44-180,PIPER,PA-44-180,PIPER PA-44-180,AIR,N441HG,4496003,False,2.0,,091,,INST,Middle Georgia State University,Substantial,3,None,0,0,0,0,VMC,,False,,In work,,,,,   ,False,False,False,False,False,False,False,False,False,False,9.00,996,,2026-04-03 04:05:44.570293+00:00
1042,202072,DCA26WA045,2025-11-27,2025,11,Kuantan,,Malaysia,,,,,BOEING,737,BOEING,737,BOEING 737,,9M-MXU,,False,,,129,SCHD,,MALAYSIAN AIRLINES BERHAD,,0,None,0,0,0,0,,,False,,N/A,,,,,   ,False,False,False,False,False,False,False,False,False,False,0.00,988,,2026-04-03 04:05:44.570293+00:00
1043,202074,GAA26WA033,2025-09-18,2025,9,Budawang,,Australia,-35.364540,,,,CIRRUS,SR20,CIRRUS,SR20,CIRRUS SR20,AIR,VH-TEL,,False,,,000,,,,Destroyed,4,Fatal,1,0,0,1,,,False,,N/A,,,,,   ,False,False,False,False,False,False,False,False,False,False,29.00,1256,,2026-04-03 04:05:44.570293+00:00
1044,202076,CEN26LA053,2025-11-26,2025,11,Colorado Springs,COLORADO,United States,38.805817,,COS,CITY OF COLORADO SPRINGS MUNI,PIPER,PA-22-108,PIPER,PA-22-108,PIPER PA-22-108,AIR,N4588Z,22-8097,False,1.0,,091,,PERS,AEROSTYLES LLC,Substantial,3,None,0,0,0,0,,,False,,In work,,,,,   ,False,False,False,False,False,False,False,False,False,False,9.00,993,,2026-04-03 04:05:44.570293+00:00
1045,202077,CEN26LA054,2025-11-26,2025,11,Bristow,OKLAHOMA,United States,35.796264,,OK69,Malinchak Private Airport,LOU MALINCHAK,TITAN T-51D,LOU MALINCHAK,TITAN T-51D,LOU MALINCHAK TITAN,AIR,N251LM,M07SV6S0HK0127,True,1.0,REC,091,,PERS,,Substantial,3,Minor,0,0,1,1,VMC,,False,DirectorBrief,Completed,,,The collision with two deer during takeoff which resulted in a loss of control and impact with terrain.,Environmental issues - Physical environment - Object/animal/substance - Animal(s)/bird(s) - Not specified,  The collision with two deer during takeoff which resulted in a loss of control and impact with terrain. Environmental issues - Physical environment - Object/animal/substance - Animal(s)/bird(s) - Not specified,False,False,True,False,False,False,False,False,False,False,13.00,992,,2026-04-03 04:05:44.570293+00:00
1046,202079,CEN26LA055,2025-11-27,2025,11,Brazos,TEXAS,United States,30.650400,,NA,,JUST,Highlander,JUST,Highlander,JUST HIGHLANDER,AIR,N957DK,JA268-06-12,True,1.0,REC,091,,PERS,,Substantial,3,Serious,0,1,0,1,VMC,,False,DirectorBrief,Completed,,,The pilot’s failure to maintain clearance from power lines during low-level maneuvering along a river.,"Personnel issues - Psychological - Attention/monitoring - Monitoring environment - Pilot, Aircraft - Aircraft oper/perf/capability - Performance/control parameters - Altitude - Not attained/maintained, Environmental issues - Physical environment - Object/animal/substance - Wire - Awareness of condition","  The pilot’s failure to maintain clearance from power lines during low-level maneuvering along a river. Personnel issues - Psychological - Attention/monitoring - Monitoring environment - Pilot, Aircraft - Aircraft oper/perf/capability - Performance/control parameters - Altitude - Not attained/maintained, Environmental issues - Physical environment - Object/animal/substance - Wire - Awareness of condition",False,False,False,False,False,True,False,False,False,False,17.00,987,,2026-04-03 04:05:44.570293+00:00
1047,202080,CEN26LA056,2025-11-28,2025,11,Downers Grove,ILLINOIS,United States,41.732238,,LL22,BROOKERIDGE AIR PARK,CESSNA,195,CESSNA,195,CESSNA 195,AIR,N4332V,7238,False,1.0,REC,091,,PERS,,Substantial,3,Minor,0,0,2,2,VMC,,False,DirectorBrief,Completed,,,The pilot’s failure to maintain airplane control during an attempted go-around.,"Aircraft - Aircraft oper/perf/capability - Performance/control parameters - Directional control - Not attained/maintained, Personnel issues - Task performance - Use of equip/info - Aircraft control - Pilot","  The pilot’s failure to maintain airplane control during an attempted go-around. Aircraft - Aircraft oper/perf/capability - Performance/control parameters - Directional control - Not attained/maintained, Personnel issues - Task performance - Use of equip/info - Aircraft control - Pilot",False,False,False,False,False,True,False,False,False,False,13.00,984,,2026-04-03 04:05:44.570293+00:00
1229,202675,WPR26FA130,2026-03-22,2026,3,Olympic Valley,CALIFORNIA,United States,,,,,BEECH,A36,BEECH,A36,BEECH A36,,N2882W,,False,,,091,,PERS,,,0,Fatal,1,0,0,1,VMC,,False,,In work,,,,,   ,False,False,False,False,False,False,False,False,False,False,17.00,772,,2026-04-03 04:05:44.570293+00:00
1049,202082,WPR26LA052,2025-11-24,2025,11,Albuquerque,NEW MEXICO,United States,35.014949,,ABQ,Albuquerque International Sunport,CAMERON BALLOONS US,A-225,CAMERON BALLOONS US,A-225,CAMERON BALLOONS US A-225,BALL,N980VA,6968,False,0.0,,091,,BUS,RAINBOW RYDERS INC,None,1,Serious,0,1,1,2,VMC,,False,DirectorBrief,Completed,,,"The balloon landing in increased wind, and the pilot’s inability to maintain the proper descent rate, which resulted in a hard landing.","Environmental issues - Conditions/weather/phenomena - Wind - High wind - Effect on operation, Environmental issues - Conditions/weather/phenomena - Wind - Downdraft - Effect on operation, Aircraft - Aircraft oper/perf/capability - Performance/control parameters - Descent rate - Attain/maintain not possible, Personnel issues - Task performance - Use of equip/info - Aircraft control - Pilot","  The balloon landing in increased wind, and the pilot’s inability to maintain the proper descent rate, which resulted in a hard landing. Environmental issues - Conditions/weather/phenomena - Wind - High wind - Effect on operation, Environmental issues - Conditions/weather/phenomena - Wind - Downdraft - Effect on operation, Aircraft - Aircraft oper/perf/capability - Performance/control parameters - Descent rate - Attain/maintain not possible, Personnel issues - Task performance - Use of equip/info - Aircraft control - Pilot",False,False,False,False,False,False,False,False,False,False,11.00,1003,,2026-04-03 04:05:44.570293+00:00
1050,202083,DCA26LA047,2025-11-29,2025,11,Chicago,ILLINOIS,United States,,,,,"EMBRAER S A, AIRBUS","ERJ 170-200 LR, A320-232","EMBRAER S A, AIRBUS","ERJ 170-200 LR, A320-232","EMBRAER S A, AIRBUS ERJ",,"N317TB, N490UA",,,,,121,"SCHD, SCHD",,,,0,None,0,0,0,0,,,False,,In work,,,,,   ,False,False,False,False,False,False,False,False,False,False,0.00,981,,2026-04-03 04:05:44.570293+00:00
1051,202087,ERA26LA058,2025-11-26,2025,11,Inverness,FLORIDA,United States,28.801570,,INF,INVERNESS,HUEBBE TOM,MAX TH,HUEBBE TOM,MAX TH,HUEBBE TOM MAX,AIR,N48TH,450,False,1.0,,091,,PERS,,Substantial,3,None,0,0,0,0,,,False,,In work,,,,,   ,False,False,False,False,False,False,False,False,False,False,9.00,995,,2026-04-03 04:05:44.570293+00:00
1052,202089,ERA26LA059,2025-11-30,2025,11,Chatham,MASSACHUSETTS,United States,41.691874,,CQX,CHATHAM MUNI,COLUMBIA AIRCRAFT MFG,LC41-550FG,COLUMBIA AIRCRAFT MFG,LC41-550FG,COLUMBIA AIRCRAFT MFG LC41-550FG,AIR,N1294P,41660,False,1.0,,091,,PERS,,Substantial,3,None,0,0,0,0,VMC,,False,,In work,,,,,   ,False,False,False,False,False,False,False,False,False,False,9.00,979,,2026-04-03 04:05:44.570293+00:00
1053,202094,ERA26LA060,2025-11-28,2025,11,Okeechobee,FLORIDA,United States,27.266023,,OBE,OKEECHOBEE COUNTY,APACHE CUB SYSTEMS CO LLC,CCX-1865,APACHE CUB SYSTEMS CO LLC,CCX-1865,APACHE CUB SYSTEMS CO LLC CCX-1865,AIR,N711,CCX-1865-0039,False,1.0,,091,,PERS,APACHE CUB SYSTEMS COMPANY LLC,Substantial,3,None,0,0,0,0,VMC,,False,,In work,,,,,   ,False,False,False,False,False,False,False,False,False,False,9.00,983,,2026-04-03 04:05:44.570293+00:00
1180,202600,ERA26LA135,2026-03-03,2026,3,Thonotosassa,FLORIDA,United States,28.055477,,VDF,TAMPA EXEC,CESSNA,152,CESSNA,152,CESSNA 152,AIR,N588BR,15281860,False,1.0,,091,,PERS,,Substantial,3,None,0,0,0,0,VMC,,False,,In work,,,,,   ,False,False,False,False,False,False,False,False,False,False,9.00,836,,2026-04-03 04:05:44.570293+00:00
1170,202570,WPR26WA110,2025-12-11,2025,12,Kalumburu,,Australia,,,,,CESSNA,208,CESSNA,208,CESSNA 208,AIR,VH-KSA,,False,,,135,,,,Substantial,3,,0,0,0,0,,,False,,N/A,,,,,   ,False,False,False,False,False,False,False,False,False,False,9.00,1162,76.0,2026-04-03 04:05:44.570293+00:00
1179,202595,WPR26LA118,2026-03-02,2026,3,Casa Grande,ARIZONA,United States,,,,,ARBC INC DBA LINDSTRAND,260A,ARBC INC DBA LINDSTRAND,260A,ARBC INC DBA LINDSTRAND 260A,,N261RR,,False,,,,,,Bruce Patterson,,0,Minor,0,0,2,2,,,False,,In work,,,,,   ,False,False,False,False,False,False,False,False,False,False,4.00,840,,2026-04-03 04:05:44.570293+00:00
1181,202601,WPR26FA119,2026-03-04,2026,3,Phoenix,ARIZONA,United States,33.695910,,DVT,Phoenix Deer Valley Airport,PIPER,PA-28-140,PIPER,PA-28-140,PIPER PA-28-140,AIR,N7744T,28-24073,False,1.0,,091,,INST,,Substantial,3,Serious,0,1,2,2,VMC,,False,,In work,,,,,   ,False,False,False,False,False,False,False,False,False,False,17.00,835,,2026-04-03 04:05:44.570293+00:00
1055,202100,WPR26LA053,2025-11-09,2025,11,Blackfoot,IDAHO,United States,43.229012,,U02,McCarley Field,TECNAM,P2008,TECNAM,P2008,TECNAM P2008,AIR,N208CM,183,False,1.0,REC,091,,PERS,,Substantial,3,Serious,0,1,0,1,VMC,,False,DirectorBrief,Completed,,,The student pilot’s failure to maintain altitude and clearance from trees while maneuvering at night.,"Aircraft - Aircraft oper/perf/capability - Performance/control parameters - Altitude - Not attained/maintained, Personnel issues - Psychological - Perception/orientation/illusion - Situational awareness - Student/instructed pilot, Personnel issues - Psychological - Attention/monitoring - Monitoring equip/instruments - Student/instructed pilot, Personnel issues - Psychological - Attention/monitoring - Monitoring environment - Student/instructed pilot, Environmental issues - Conditions/weather/phenomena - Light condition - Dark - Effect on operation","  The student pilot’s failure to maintain altitude and clearance from trees while maneuvering at night. Aircraft - Aircraft oper/perf/capability - Performance/control parameters - Altitude - Not attained/maintained, Personnel issues - Psychological - Perception/orientation/illusion - Situational awareness - Student/instructed pilot, Personnel issues - Psychological - Attention/monitoring - Monitoring equip/instruments - Student/instructed pilot, Personnel issues - Psychological - Attention/monitoring - Monitoring environment - Student/instructed pilot, Environmental issues - Conditions/weather/phenomena - Light condition - Dark - Effect on operation",False,False,False,False,False,True,False,False,False,False,17.00,1051,,2026-04-03 04:05:44.570293+00:00
1056,202102,GAA26WA036,2025-11-28,2025,11,Para De Minas,OTHER FOREIGN,Brazil,,,,,BEECH,E90,BEECH,E90,BEECH E90,AIR,PS-MGQ,,False,,,000,,BUS,,Substantial,3,None,0,0,0,0,,,False,,N/A,,,,,   ,False,False,False,False,False,False,False,False,False,False,9.00,985,,2026-04-03 04:05:44.570293+00:00
1057,202103,GAA26WA037,2025-11-27,2025,11,Nanaimo,OTHER FOREIGN,Canada,,,,,CESSNA,172,CESSNA,172,CESSNA 172,AIR,C-GFYW,,False,,,000,,PERS,Sealand Flight Ltd.,Destroyed,4,Fatal,1,0,0,1,,,False,,N/A,,,,,   ,False,False,False,False,False,False,False,False,False,False,29.00,989,,2026-04-03 04:05:44.570293+00:00
1059,202107,GAA26WA038,2025-11-27,2025,11,Bragado,,Argentina,-35.149722,,,,CESSNA,A188,CESSNA,A188,CESSNA A188,AIR,N86448,18802015T,False,1.0,,000,,FLTS,,Substantial,3,Serious,0,1,0,1,VMC,,False,,N/A,,,,,   ,False,False,False,False,False,False,False,False,False,False,17.00,986,,2026-04-03 04:05:44.570293+00:00
1063,202116,DCA26WA056,2025-10-15,2025,10,Buenos Aires,OTHER FOREIGN,Argentina,,,,,BOEING,737,BOEING,737,BOEING 737,,LV-FSK,,False,,,000,SCHD,,Aerolineas Argentinas,,0,None,0,0,0,0,,,False,,N/A,,,,,   ,False,False,False,False,False,False,False,False,False,False,0.00,901,,2026-04-03 04:05:44.570293+00:00
1064,202123,GAA26WA041,2025-11-29,2025,11,Malawa,,Poland,50.012500,,,,ROBINSON,R44,ROBINSON,R44,ROBINSON R44,HELI,F-HEAT,12986,False,1.0,,000,,,,Destroyed,4,Fatal,2,0,0,2,,,False,,N/A,,,,,   ,False,False,False,False,False,False,False,False,False,False,34.00,982,,2026-04-03 04:05:44.570293+00:00
1067,202126,GAA26WA043,2025-11-20,2025,11,Waterford Regional Airport,,Ireland,52.192037,,,,VULCANAIR,P68,VULCANAIR,P68,VULCANAIR P68,AIR,EI-HPY,,False,,,000,,,,Destroyed,4,Fatal,1,0,0,1,,,False,,N/A,,,,,   ,False,False,False,False,False,False,False,False,False,False,29.00,1011,,2026-04-03 04:05:44.570293+00:00
1069,202128,GAA26WA044,2025-11-08,2025,11,Campo Novos Dos Parecis,OTHER FOREIGN,Brazil,,,,,AIR TRACTOR,AT602,AIR TRACTOR,AT602,AIR TRACTOR AT602,AIR,PS-VRJ,,False,,,000,,,,Destroyed,4,Fatal,1,0,0,1,,,False,,N/A,,,,,   ,False,False,False,False,False,False,False,False,False,False,29.00,1063,,2026-04-03 04:05:44.570293+00:00
1101,202184,GAA26WA053,2025-10-18,2025,10,Uljin,OTHER FOREIGN,Republic Of Korea,,,,,CESSNA,172,CESSNA,172,CESSNA 172,AIR,HL1172,,False,,,000,,,,Destroyed,4,None,0,0,0,0,,,False,,N/A,,,,,   ,False,False,False,False,False,False,False,False,False,False,12.00,888,,2026-04-03 04:05:44.570293+00:00
1105,202190,ERA26LA071,2025-11-12,2025,11,Jasper,ALABAMA,United States,33.902000,,JFX,WALKER COUNTY/BEVILL FLD,BEECH,D95A,BEECH,D95A,BEECH D95A,AIR,N95DJ,TD-556,False,2.0,,091,,INST,SANDERS AVIATION INC,Substantial,3,None,0,0,0,0,VMC,,False,,In work,,,,,   ,False,False,False,False,False,False,False,False,False,False,9.00,1038,,2026-04-03 04:05:44.570293+00:00
1118,202206,DCA26WA079,2025-11-17,2025,11,Val-D'Or,,Canada,,,CYVO,Val-D'Or Airport,BOEING,737,BOEING,737,BOEING 737,AIR,C-GNLE,21011,False,,,129,,,Nolinor Aviation,None,1,None,0,0,0,0,,,False,,N/A,,,,,   ,False,False,False,False,False,False,False,False,False,False,3.00,1017,,2026-04-03 04:05:44.570293+00:00
1143,202242,ERA26LA085,2025-11-26,2025,11,Brownsboro,ALABAMA,United States,34.748293,,3M5,MOONTOWN,BURKHART GROB LUFT UND RAUMFAH,G103 TWIN ASTIR TRAI,BURKHART GROB LUFT UND RAUMFAH,G103 TWIN ASTIR TRAI,BURKHART GROB LUFT UND RAUMFAH G103,GLI,N103T,3144,False,0.0,,091,,INST,HUNTSVILLE SOARING CLUB,Substantial,3,None,0,0,0,0,VMC,,False,,In work,,,,,   ,False,False,False,False,False,False,False,False,False,False,9.00,990,,2026-04-03 04:05:44.570293+00:00
1159,202317,GAA25WA282,2025-07-20,2025,7,Kelvinhaugh,,Australia,,,,,Riems Aviaition S.A.,F406,RIEMS AVIAITION S.A.,F406,RIEMS AVIAITION S.A. F406,,VH-EYQ,,False,,,,,,,,0,Fatal,2,0,0,2,,,False,,N/A,,,,,   ,False,False,False,False,False,False,False,False,False,False,22.00,1437,,2026-04-03 04:05:44.570293+00:00
1160,202328,ERA25LA381,2025-09-02,2025,9,Danbury,CONNECTICUT,United States,41.371534,,DXR,DANBURY MUNI,PITTS,S-1T,PITTS,S-1T,PITTS S-1T,AIR,N742MA,1005,False,1.0,,091,,PERS,,None,1,None,0,0,0,0,VMC,,False,,In work,,,,,   ,False,False,False,False,False,False,False,False,False,False,3.00,1349,,2026-04-03 04:05:44.570293+00:00
1164,202363,GAA25WA283,2025-09-19,2025,9,Singapore,,Senegal,1.416944,,,,GULFSTREAM,GIV,GULFSTREAM,GIV,GULFSTREAM GIV,AIR,T7-977,,False,2.0,,000,,,,Minor,2,,0,0,0,0,,,False,,N/A,,,,,   ,False,False,False,False,False,False,False,False,False,False,6.00,1249,,2026-04-03 04:05:44.570293+00:00
1166,202453,ANC26LA020,2025-10-29,2025,10,Mapleton,IOWA,United States,42.178640,,MEY,,CESSNA,182Q,CESSNA,182Q,CESSNA 182Q,AIR,N735ZD,18265807,False,1.0,,091,,PERS,,Substantial,3,None,0,0,0,0,,,False,,In work,,,,,   ,False,False,False,False,False,False,False,False,False,False,9.00,854,,2026-04-03 04:05:44.570293+00:00
1167,202471,GAA25WA284,2025-06-28,2025,6,Naters,OTHER FOREIGN,Switzerland,,,,,AIRBUS HELICOPTERS,AS350,AIRBUS HELICOPTERS,AS350,AIRBUS HELICOPTERS AS350,HELI,HB-ZNR,7905,False,,,000,,,,Unknown,0,Fatal,1,0,1,2,,,False,,N/A,,,,,   ,False,False,False,False,False,False,False,False,False,False,17.00,1772,,2026-04-03 04:05:44.570293+00:00
1169,202566,ERA26LA131,2026-03-01,2026,3,Basinger,FLORIDA,United States,27.333052,,FD70,RIVER ACRES,CESSNA,150L,CESSNA,150L,CESSNA 150L,AIR,N10310,15074836,False,1.0,,091,,PERS,,Substantial,3,None,0,0,0,0,VMC,,False,,In work,,,,,   ,False,False,False,False,False,False,False,False,False,False,9.00,844,,2026-04-03 04:05:44.570293+00:00
1171,202571,CEN26LA128,2026-03-01,2026,3,Larose,LOUISIANA,United States,29.561645,,,,AIR TRACTOR INC,AT-502B,AIR TRACTOR INC,AT-502B,AIR TRACTOR INC AT-502B,AIR,N5063N,502B-0471,False,1.0,,137,,AAPL,OLD RIVER APPLICATORS LLC,Substantial,3,None,0,0,0,0,VMC,,False,,In work,,,,,   ,False,False,False,False,False,False,False,False,False,False,9.00,845,,2026-04-03 04:05:44.570293+00:00
1172,202579,ENG26LA014,2026-03-02,2026,3,Los Angeles,CALIFORNIA,United States,,,,,BOEING,787-9,BOEING,787-9,BOEING 787-9,,N24972,,False,,,121,SCHD,,UNITED AIRLINES INC,,0,,0,0,0,0,,,False,,In work,,,,,   ,False,False,False,False,False,False,False,False,False,False,0.00,841,,2026-04-03 04:05:44.570293+00:00
1174,202583,WPR26LA114,2026-03-01,2026,3,Carefree,ARIZONA,United States,33.818613,,18AZ,,AMERICAN CHAMPION AIRCRAFT,8GCBC,AMERICAN CHAMPION AIRCRAFT,8GCBC,AMERICAN CHAMPION AIRCRAFT 8GCBC,AIR,N636DB,636-2023,False,1.0,,091,,PERS,,Substantial,3,Minor,0,0,1,1,,,False,,In work,,,,,   ,False,False,False,False,False,False,False,False,False,False,13.00,842,,2026-04-03 04:05:44.570293+00:00
1175,202585,ERA26LA134,2026-03-02,2026,3,Newburgh,NEW YORK,United States,41.503906,,SWF,,CESSNA,172N,CESSNA,172N,CESSNA 172N,AIR,N1560E,17271047,False,1.0,,091,,INST,AMERICAN AIRMAN INC,Substantial,3,Minor,0,0,2,2,VMC,,False,,In work,,,,,   ,False,False,False,False,False,False,False,False,False,False,13.00,838,,2026-04-03 04:05:44.570293+00:00
1176,202590,DCA26WA147,2026-03-01,2026,3,San Salvador,OTHER FOREIGN,El Salvador,,,,,BOEING,737-823,BOEING,737-823,BOEING 737-823,AIR,N907NN,31158,False,2.0,TF,121,SCHD,,American Airlines,Minor,2,None,0,0,0,0,,,False,,N/A,,,,,   ,False,False,False,False,False,False,False,False,False,False,6.00,846,,2026-04-03 04:05:44.570293+00:00
1177,202591,WPR26LA115,2026-03-02,2026,3,Atwater,CALIFORNIA,United States,37.383492,,MER,,MIGHTYFLY INC,MF-100,MIGHTYFLY INC,MF-100,MIGHTYFLY INC MF-100,AIR,N258MF,0003,False,8.0,,107,,,MIGHTYFLY INC,Destroyed,4,None,0,0,0,0,,,False,,In work,,,,,   ,False,False,False,False,False,False,False,False,False,False,12.00,839,,2026-04-03 04:05:44.570293+00:00
1178,202594,ANC26LA017,2026-03-03,2026,3,Mokuleia,HAWAII,United States,,,,,PIPER,PA-18,PIPER,PA-18,PIPER PA-18,,N1532V,,False,,,091,,PERS,,,0,None,0,0,0,0,,,False,,In work,,,,,   ,False,False,False,False,False,False,False,False,False,False,0.00,837,,2026-04-03 04:05:44.570293+00:00
1182,202602,CEN26FA132,2026-03-04,2026,3,Deerfield,ILLINOIS,United States,42.162830,,PWK,Chicago Executive,CESSNA,T210M,CESSNA,T210M,CESSNA T210M,AIR,N19FB,21061668,False,1.0,,091,,PERS,,Substantial,3,Fatal,1,0,0,1,IMC,,False,,In work,,,,,   ,False,False,False,False,False,False,False,False,False,False,26.00,832,,2026-04-03 04:05:44.570293+00:00
1183,202603,ERA26LA136,2026-03-04,2026,3,Opa-Locka,FLORIDA,United States,25.907417,,OPF,MIAMI-OPA LOCKA EXEC,CESSNA,551,CESSNA,551,CESSNA 551,AIR,N228MH,551-0050,False,2.0,,091,,OWRK,SkyBlue Jet Aviation,Substantial,3,None,0,0,0,0,VMC,,False,,In work,,,,,   ,False,False,False,False,False,False,False,False,False,False,9.00,833,,2026-04-03 04:05:44.570293+00:00
1184,202608,ERA26LA139,2026-03-05,2026,3,St. Augustine,FLORIDA,United States,29.960135,,SGJ,ST AUGUSTINE,PIPER,PA-28R-200,PIPER,PA-28R-200,PIPER PA-28R-200,AIR,N44443,28R-7535001,False,1.0,,091,,PERS,JAX NAVY FLYING CLUB,Substantial,3,None,0,0,0,0,VMC,,False,,In work,,,,,   ,False,False,False,False,False,False,False,False,False,False,9.00,830,,2026-04-03 04:05:44.570293+00:00
1185,202609,GAA26WA123,2026-03-05,2026,3,Aberdeen,OTHER FOREIGN,United Kingdom,,,,,SIKORSKY,S92,SIKORSKY,S92,SIKORSKY S92,HELI,G-CIJC,,False,,,000,,,,None,1,,0,0,0,0,,,False,,N/A,,,,,   ,False,False,False,False,False,False,False,False,False,False,3.00,831,,2026-04-03 04:05:44.570293+00:00
1186,202610,CEN26LA134,2026-03-04,2026,3,Sonora,TEXAS,United States,30.585764,,SOA,,PIPER,PA-18-150,PIPER,PA-18-150,PIPER PA-18-150,AIR,N3695Z,18-7430,False,1.0,,091,,PERS,,Substantial,3,None,0,0,0,0,,,False,,In work,,,,,   ,False,False,False,False,False,False,False,False,False,False,9.00,834,,2026-04-03 04:05:44.570293+00:00
1187,202611,WPR26FA120,2026-03-06,2026,3,Albuquerque,NEW MEXICO,United States,35.082603,,,,COLUMBIA AIRCRAFT MFG,LC41-550FG,COLUMBIA AIRCRAFT MFG,LC41-550FG,COLUMBIA AIRCRAFT MFG LC41-550FG,AIR,N2516S,41570,False,1.0,,091,,PERS,COL4 TRAINING LLC,Substantial,3,Fatal,2,0,0,2,VMC,,False,,In work,,,,,   ,False,False,False,False,False,False,False,False,False,False,31.00,824,,2026-04-03 04:05:44.570293+00:00
1188,202612,DCA26LA150,2026-03-06,2026,3,Denver,COLORADO,United States,,,,,BOEING,737-824,BOEING,737-824,BOEING 737-824,,N27213,,False,,,121,SCHD,,UNITED AIRLINES INC,,0,Minor,0,0,1,0,,,False,,In work,,,,,   ,False,False,False,False,False,False,False,False,False,False,4.00,828,,2026-04-03 04:05:44.570293+00:00
1189,202613,DCA26LA151,2026-03-06,2026,3,Denver,COLORADO,United States,,,,,FAIRCHILD,SA227-AC,FAIRCHILD,SA227-AC,FAIRCHILD SA227-AC,,N425MA,,False,,,135,SCHD,,Key Lime Air,,0,None,0,0,0,0,,,False,,In work,,,,,   ,False,False,False,False,False,False,False,False,False,False,0.00,827,,2026-04-03 04:05:44.570293+00:00
1190,202614,ERA26LA140,2026-03-07,2026,3,Gulf Shores,ALABAMA,United States,30.289219,,JKA,GULF SHORES INTL/JACK EDWARDS FLD,BEECH,A36,BEECH,A36,BEECH A36,AIR,N66519,E-2054,False,1.0,,091,,PERS,,Destroyed,4,Fatal,2,0,0,2,IMC,,False,,In work,,,,,   ,False,False,False,False,False,False,False,False,False,False,34.00,821,,2026-04-03 04:05:44.570293+00:00
1191,202615,GAA26WA124,2026-03-08,2026,3,La Lima,OTHER FOREIGN,Honduras,,,,,THRUSH,S2R,THRUSH,S2R,THRUSH S2R,AIR,HR-ARC,,False,1.0,TP,000,,,,Destroyed,4,Fatal,1,0,0,1,,,False,,N/A,,,,,   ,False,False,False,False,False,False,False,False,False,False,29.00,815,,2026-04-03 04:05:44.570293+00:00
1192,202616,CEN26LA135,2026-03-08,2026,3,Trinidad,COLORADO,United States,37.259224,,TAD,Perry Stokes Airport,BELLANCA,8KCAB,BELLANCA,8KCAB,BELLANCA 8KCAB,AIR,N2663Z,362-78,False,1.0,,091,,PERS,,Substantial,3,None,0,0,0,0,,,False,,In work,,,,,   ,False,False,False,False,False,False,False,False,False,False,9.00,819,,2026-04-03 04:05:44.570293+00:00
1193,202617,ANC26LA018,2026-03-08,2026,3,Fort Worth,TEXAS,United States,,,,,BELL TEXTRON CANADA LTD,505,BELL TEXTRON CANADA LTD,505,BELL TEXTRON CANADA LTD 505,,N911FW,,False,,,000,,PUBL,CITY OF FORT WORTH,,0,None,0,0,0,0,,,False,,In work,,,,,   ,False,False,False,False,False,False,False,False,False,False,0.00,820,,2026-04-03 04:05:44.570293+00:00
1194,202618,ERA26LA141,2026-03-05,2026,3,Charleston,WEST VIRGINIA,United States,38.364780,,CRW,WEST VIRGINIA INTL YEAGER,CESSNA,180,CESSNA,180,CESSNA 180,AIR,N2648Y,31676,False,1.0,,091,,PERS,,Substantial,3,None,0,0,0,0,VMC,,False,,In work,,,,,   ,False,False,False,False,False,False,False,False,False,False,9.00,829,,2026-04-03 04:05:44.570293+00:00
1195,202619,CEN26LA137,2026-03-07,2026,3,Lockhart,TEXAS,United States,29.850333,,50R,Lockhart Municipal Airport,PIPER,PA-12,PIPER,PA-12,PIPER PA-12,AIR,N2511M,12-1009,False,1.0,,091,,INST,,Substantial,3,Minor,0,0,2,2,,,False,,In work,,,,,   ,False,False,False,False,False,False,False,False,False,False,13.00,822,,2026-04-03 04:05:44.570293+00:00
1196,202620,ERA26LA142,2026-03-06,2026,3,Chuluota,FLORIDA,United States,28.666982,,SFB,ORLANDO SANFORD INTL,PIPER,PA-28-181,PIPER,PA-28-181,PIPER PA-28-181,AIR,N658FT,28020183,False,1.0,,091,,INST,FLORIDA INSTITUTE OF TECHNOLOGY INC,Substantial,3,None,0,0,0,0,VMC,,False,,In work,,,,,   ,False,False,False,False,False,False,False,False,False,False,9.00,825,,2026-04-03 04:05:44.570293+00:00
1197,202621,ERA26LA143,2026-03-01,2026,3,Carthage,NORTH CAROLINA,United States,,,,,CESSNA,172S,CESSNA,172S,CESSNA 172S,,N972WW,,False,,,091,,PERS,CHAPEL HILL FLYING CLUB INC DBA,,0,,0,0,0,0,,,False,,In work,,,,,   ,False,False,False,False,False,False,False,False,False,False,0.00,843,,2026-04-03 04:05:44.570293+00:00
1198,202622,ERA26LA144,2026-03-08,2026,3,Indian Trail,NORTH CAROLINA,United States,35.109059,,28A,GOOSE CREEK,PIPER,PA-28-140,PIPER,PA-28-140,PIPER PA-28-140,AIR,N98360,28-26184,False,1.0,,091,,PERS,JTS AIRCRAFT LLC,Substantial,3,Serious,0,2,0,2,VMC,,False,,In work,,,,,   ,False,False,False,False,False,False,False,False,False,False,17.00,818,,2026-04-03 04:05:44.570293+00:00
1199,202623,DCA25WA351,2025-06-28,2025,6,Stansted,,Gabon,51.886381,,,,BOEING,737,BOEING,737,BOEING 737,AIR,EI-HEZ,,False,2.0,,000,,,,None,1,,0,0,0,0,,,False,,N/A,,,,,   ,False,False,False,False,False,False,False,False,False,False,3.00,1775,,2026-04-03 04:05:44.570293+00:00
1200,202624,DCA26WA152,2026-03-08,2026,3,Málaga,,Spain,36.677385,,,,AIRBUS,A321,AIRBUS,A321,AIRBUS A321,AIR,OE-ISB,9227,False,2.0,TF,000,SCHD,,EasyJet Europe,None,1,None,0,0,0,0,,,False,,N/A,,,,,   ,False,False,False,False,False,False,False,False,False,False,3.00,817,,2026-04-03 04:05:44.570293+00:00
1201,202626,WPR26FA121,2026-03-09,2026,3,Mojave,CALIFORNIA,United States,35.038279,,,,MD HELICOPTERS INC,369FF,MD HELICOPTERS INC,369FF,MD HELICOPTERS INC 369FF,HELI,N530XX,0710FF,False,2.0,,133,,EXLD,FERGUSON AND SONS CONSTRUCTION LLC,Substantial,3,Fatal,1,0,0,1,VMC,,False,,In work,,,,,   ,False,False,False,False,False,False,False,False,False,False,26.00,812,,2026-04-03 04:05:44.570293+00:00
1202,202628,WPR26LA122,2026-03-06,2026,3,Flagstaff,ARIZONA,United States,35.137459,,FLG,Flagstaff Pulliam Airport,CESSNA,182M,CESSNA,182M,CESSNA 182M,AIR,N71518,18259650,False,1.0,,091,,PERS,NORTHERN ARIZONA 182 FLYING GUYS LLC,Substantial,3,Minor,0,0,1,1,VMC,,False,,In work,,,,,   ,False,False,False,False,False,False,False,False,False,False,13.00,826,,2026-04-03 04:05:44.570293+00:00
1203,202629,CEN26LA138,2026-03-09,2026,3,Solon Springs,WISCONSIN,United States,46.310000,,OLG,SOLON SPRINGS MUNI,CESSNA,172M,CESSNA,172M,CESSNA 172M,AIR,N61761,17264782,False,1.0,,091,,PERS,,Substantial,3,None,0,0,0,0,,,False,,In work,,,,,   ,False,False,False,False,False,False,False,False,False,False,9.00,813,,2026-04-03 04:05:44.570293+00:00
1204,202631,WPR26LA123,2026-03-09,2026,3,Rock Crossing,ARIZONA,United States,36.799934,,,,BRUNNER DONALD G,KITFOX,BRUNNER DONALD G,KITFOX,BRUNNER DONALD G KITFOX,AIR,N104DG,LCS146,True,1.0,,091,NSCH,PERS,,Substantial,3,Serious,0,2,0,2,VMC,,False,,In work,,,,,   ,False,False,False,False,False,False,False,False,False,False,17.00,811,,2026-04-03 04:05:44.570293+00:00
1205,202634,ERA26LA145,2026-03-10,2026,3,Whitmire,SOUTH CAROLINA,United States,,,,,ROCKWELL INTERNATIONAL,114,ROCKWELL INTERNATIONAL,114,ROCKWELL INTERNATIONAL 114,,N4832W,,False,,,091,,INST,DAEDAL FLIGHT LLC,,0,Serious,0,1,1,2,VMC,,False,,In work,,,,,   ,False,False,False,False,False,False,False,False,False,False,8.00,810,,2026-04-03 04:05:44.570293+00:00
1206,202635,GAA26WA125,2026-03-11,2026,3,Goose Bay,OTHER FOREIGN,Greenland,,,,,PIPER,PA-28-181,PIPER,PA-28-181,PIPER PA-28-181,AIR,N993DX,2881993,False,1.0,,091,,,,None,1,None,0,0,0,0,,,False,,N/A,,,,,   ,False,False,False,False,False,False,False,False,False,False,3.00,805,,2026-04-03 04:05:44.570293+00:00
1207,202636,DCA26WA154,2026-03-10,2026,3,Almaty,OTHER FOREIGN,Kazakhstan,,,,,BOEING,747,BOEING,747,BOEING 747,AIR,OE-IFM,36785,False,,,129,NSCH,,ASL Airlines,None,1,None,0,0,0,0,,,False,,N/A,,,,,   ,False,False,False,False,False,False,False,False,False,False,3.00,808,,2026-04-03 04:05:44.570293+00:00
1208,202637,WPR26LA124,2026-03-11,2026,3,Upland,CALIFORNIA,United States,34.111609,,CCB,,CESSNA,T210,CESSNA,T210,CESSNA T210,AIR,N29138,21059815,False,1.0,,091,,PERS,,Substantial,3,Minor,0,0,1,1,,,False,,In work,,,,,   ,False,False,False,False,False,False,False,False,False,False,13.00,806,,2026-04-03 04:05:44.570293+00:00
1209,202640,ERA26LA146,2026-03-08,2026,3,Feather Sound,FLORIDA,United States,27.908542,,PIE,ST PETE-CLEARWATER INTL,SCHRODER DAVID,LANCAIR IV-P,SCHRODER DAVID,LANCAIR IV-P,SCHRODER DAVID LANCAIR,AIR,N366TF,LIV-388,True,1.0,,091,,PERS,MAJUL ENTERPRISES INC,Substantial,3,None,0,0,0,0,VMC,,False,,In work,,,,,   ,False,False,False,False,False,False,False,False,False,False,9.00,816,,2026-04-03 04:05:44.570293+00:00
1212,202644,WPR26LA126,2026-03-10,2026,3,Redington,ARIZONA,United States,32.545500,,,,CIRRUS DESIGN CORP,SR20,CIRRUS DESIGN CORP,SR20,CIRRUS DESIGN CORP SR20,AIR,N619AV,10884,False,1.0,,091,,POSI,WESTWIND SCHOOL OF AERONAUTICS PHOENIX LLC DBA,Substantial,3,Minor,0,0,1,1,,,False,,In work,,,,,   ,False,False,False,False,False,False,False,False,False,False,13.00,809,,2026-04-03 04:05:44.570293+00:00
1213,202646,DCA26WA156,2026-03-11,2026,3,Phuket,OTHER FOREIGN,Thailand,,,,Phuket International,BOEING,737,BOEING,737,BOEING 737,AIR,VT-BWQ,,False,,,000,,,Air India Express,Substantial,3,None,0,0,0,0,,,False,,N/A,,,,,   ,False,False,False,False,False,False,False,False,False,False,9.00,807,,2026-04-03 04:05:44.570293+00:00
1214,202647,DCA26WA157,2026-03-09,2026,3,Minatitlan,OTHER FOREIGN,Mexico,,,,,EMBRAER,ERJ190,EMBRAER,ERJ190,EMBRAER ERJ190,AIR,XA-ACE,,False,,,000,,,AeroMexico Connect,Minor,2,None,0,0,0,0,,,False,,N/A,,,,,   ,False,False,False,False,False,False,False,False,False,False,6.00,814,,2026-04-03 04:05:44.570293+00:00
1215,202648,ERA26LA148,2026-03-13,2026,3,North Canton,OHIO,United States,40.920062,,CAK,AKRON-CANTON RGNL,CESSNA,208,CESSNA,208,CESSNA 208,AIR,N9612B,208B0136,False,1.0,,135,NSCH,INST,Castle Aviation,Substantial,3,None,0,0,0,0,VMC,,False,,In work,,,,,   ,False,False,False,False,False,False,False,False,False,False,9.00,799,,2026-04-03 04:05:44.570293+00:00
1216,202649,ERA26LA149,2026-03-06,2026,3,Sanford,FLORIDA,United States,28.781840,,SFB,ORLANDO SANFORD INTL,PIPER,PA-28-181,PIPER,PA-28-181,PIPER PA-28-181,AIR,N697LH,2881686,False,1.0,,091,,INST,Acron Aviation,Substantial,3,None,0,0,0,0,VMC,,False,,In work,,,,,   ,False,False,False,False,False,False,False,False,False,False,9.00,823,,2026-04-03 04:05:44.570293+00:00
1217,202650,GAA26WA127,2026-03-14,2026,3,Tiquisate,OTHER FOREIGN,Guatemala,,,,,AIR TRACTOR,AT401,AIR TRACTOR,AT401,AIR TRACTOR AT401,AIR,TG-COY,,False,,,000,,AAPL,,Substantial,3,None,0,0,0,0,,,False,,N/A,,,,,   ,False,False,False,False,False,False,False,False,False,False,9.00,797,,2026-04-03 04:05:44.570293+00:00
1218,202651,GAA26WA128,2026-03-13,2026,3,Tanque,OTHER FOREIGN,Costa Rica,,,,,CESSNA,U206,CESSNA,U206,CESSNA U206,AIR,TI-GRE,,False,,,000,,,,Substantial,3,Serious,0,3,0,3,,,False,,N/A,,,,,   ,False,False,False,False,False,False,False,False,False,False,17.00,798,,2026-04-03 04:05:44.570293+00:00
1219,202652,GAA26WA129,2026-03-14,2026,3,San Marcos,OTHER FOREIGN,Guatemala,,,,,CESSNA,182,CESSNA,182,CESSNA 182,AIR,TG-SCO,18262217,False,,,000,,,,Destroyed,4,Fatal,4,0,0,4,,,False,,N/A,,,,,   ,False,False,False,False,False,False,False,False,False,False,44.00,796,,2026-04-03 04:05:44.570293+00:00
1220,202654,WPR26LA128,2026-03-15,2026,3,Cottonwood,ARIZONA,United States,34.730056,,P52,,CESSNA,177,CESSNA,177,CESSNA 177,AIR,N178DR,17701575,False,1.0,,091,,INST,,Substantial,3,None,0,0,0,0,,,False,,In work,,,,,   ,False,False,False,False,False,False,False,False,False,False,9.00,795,,2026-04-03 04:05:44.570293+00:00
1221,202656,GAA26WA130,2026-03-13,2026,3,Drake,,Austria,-28.823922,,,,ROBINSON,R44,ROBINSON,R44,ROBINSON R44,HELI,VH-TCF,,False,,,000,,PERS,,Substantial,3,Fatal,1,0,0,1,,,False,,N/A,,,,,   ,False,False,False,False,False,False,False,False,False,False,26.00,800,,2026-04-03 04:05:44.570293+00:00
1222,202658,CEN26FA140,2026-03-17,2026,3,Chesterfield,MISSOURI,United States,,,,,AERO COMMANDER,500-B,AERO COMMANDER,500-B,AERO COMMANDER 500-B,,N444CA,,False,,,135,NSCH,BUS,CENTRAL AIRLINES INC,,0,Fatal,1,0,0,1,VMC,,False,,In work,,,,,   ,False,False,False,False,False,False,False,False,False,False,17.00,790,,2026-04-03 04:05:44.570293+00:00
1223,202660,ERA25LA382,2025-07-26,2025,7,Destin,FLORIDA,United States,,,,,ICON AIRCRAFT INC,A5,ICON AIRCRAFT INC,A5,ICON AIRCRAFT INC A5,,N594BA,,False,,,091,,PERS,ICON KNIGHTS LLC,,0,,0,0,0,0,VMC,,False,,In work,,,,,   ,False,False,False,False,False,False,False,False,False,False,0.00,1391,,2026-04-03 04:05:44.570293+00:00
1224,202661,DCA26LA159,2026-03-17,2026,3,Summit Point,WEST VIRGINIA,United States,,,,,PYKA INC,PELICAN CARGO,PYKA INC,PELICAN CARGO,PYKA INC PELICAN,,N136ZP,,False,,,,,FLTS,PYKA INC,,0,,0,0,0,0,,,False,,In work,,,,,   ,False,False,False,False,False,False,False,False,False,False,0.00,791,,2026-04-03 04:05:44.570293+00:00
1226,202671,CEN26FA141,2026-03-20,2026,3,Rock Falls,ILLINOIS,United States,,,,,PIPER,PA-28-140,PIPER,PA-28-140,PIPER PA-28-140,,N9913W,,False,,,091,,,JCL EQUIPMENT RENTAL,,0,Fatal,1,0,0,1,VMC,,False,,In work,,,,,   ,False,False,False,False,False,False,False,False,False,False,17.00,784,,2026-04-03 04:05:44.570293+00:00
1227,202672,GAA26WA133,2026-03-20,2026,3,El Cerrito,OTHER FOREIGN,Colombia,3.632611,,,,CESSNA,C180,CESSNA,C180,CESSNA C180,AIR,HK877,30038,False,1.0,,000,,AOBV,FOTO RUDOLF S.A.S,Substantial,3,None,0,0,0,0,,,False,,N/A,,,,,   ,False,False,False,False,False,False,False,False,False,False,9.00,781,,2026-04-03 04:05:44.570293+00:00
1228,202673,CEN26FA142,2026-03-22,2026,3,Sharp,LOUISIANA,United States,,,,,BEECHCRAFT CORP,B200GT,BEECHCRAFT CORP,B200GT,BEECHCRAFT CORP B200GT,,N886DS,,False,,,,,,,,0,Fatal,1,0,0,1,,,False,,In work,,,,,   ,False,False,False,False,False,False,False,False,False,False,17.00,773,,2026-04-03 04:05:44.570293+00:00
1231,202677,DCA26WA163,2026-03-19,2026,3,Sydney,OTHER FOREIGN,Australia,,,,,AIRBUS SAS,A350-941,AIRBUS SAS,A350-941,AIRBUS SAS A350-941,AIR,N524DN,0680,False,2.0,TF,121,SCHD,,DELTA AIR LINES INC,None,1,Minor,0,0,4,4,,,False,,N/A,,,,,   ,False,False,False,False,False,False,False,False,False,False,7.00,786,,2026-04-03 04:05:44.570293+00:00
1232,202678,ANC26FA021,2026-03-23,2026,3,Boynton Beach,FLORIDA,United States,26.485176,,,,ROBINSON HELICOPTER,R44,ROBINSON HELICOPTER,R44,ROBINSON HELICOPTER R44,HELI,N478AT,1006,False,1.0,,091,,INST,Palm Beach Helicopters,Destroyed,4,Fatal,2,0,0,2,VMC,,False,,In work,,,,,   ,False,False,False,False,False,False,False,False,False,False,34.00,771,,2026-04-03 04:05:44.570293+00:00
1233,202679,CEN26LA143,2026-03-20,2026,3,Denton,TEXAS,United States,,,,,CESSNA,172P,CESSNA,172P,CESSNA 172P,,N65614,,False,,,,,,AMERICAN PATROLS INC,,0,,0,0,0,0,,,False,,In work,,,,,   ,False,False,False,False,False,False,False,False,False,False,0.00,782,,2026-04-03 04:05:44.570293+00:00
1234,202680,GAA26WA134,2026-03-16,2026,3,Cruz Alta,OTHER FOREIGN,Brazil,,,,,AIR TRACTOR,AT502B,AIR TRACTOR,AT502B,AIR TRACTOR AT502B,,PT-SEF,,False,,,,,,,,0,Fatal,1,0,0,1,,,False,,N/A,,,,,   ,False,False,False,False,False,False,False,False,False,False,17.00,792,,2026-04-03 04:05:44.570293+00:00
1235,202681,WPR26LA131,2026-03-21,2026,3,Winslow,ARIZONA,United States,,,,,AEROSPATIALE,SA341G GAZELLE,AEROSPATIALE,SA341G GAZELLE,AEROSPATIALE SA341G,,N71FR,,False,,,091,,,REGISTRATION PENDING,,0,Minor,0,0,2,2,,,False,,In work,,,,,   ,False,False,False,False,False,False,False,False,False,False,4.00,780,,2026-04-03 04:05:44.570293+00:00
1236,202682,WPR26LA132,2026-03-21,2026,3,West Valley City,UTAH,United States,,,,,PIPER,PA-28-140,PIPER,PA-28-140,PIPER PA-28-140,,N7328J,,False,,,091,,PERS,,,0,None,0,0,0,0,VMC,,False,,In work,,,,,   ,False,False,False,False,False,False,False,False,False,False,0.00,775,,2026-04-03 04:05:44.570293+00:00
1237,202683,WPR26LA133,2026-03-18,2026,3,Deer Island,OREGON,United States,,,,,PIPER,PA-12,PIPER,PA-12,PIPER PA-12,,N7632H,,False,,,091,,PERS,,,0,,0,0,0,0,,,False,,In work,,,,,   ,False,False,False,False,False,False,False,False,False,False,0.00,788,,2026-04-03 04:05:44.570293+00:00
1238,202684,WPR26LA134,2026-03-19,2026,3,Young,ARIZONA,United States,34.058472,,,,ZLIN AVIATION SRO,SAVAGE CUB-S,ZLIN AVIATION SRO,SAVAGE CUB-S,ZLIN AVIATION SRO SAVAGE,AIR,N9111,260,False,1.0,,091,NSCH,PERS,,Substantial,3,None,0,0,0,0,,,False,,In work,,,,,   ,False,False,False,False,False,False,False,False,False,False,9.00,787,,2026-04-03 04:05:44.570293+00:00
1239,202685,WPR26LA135,2026-03-20,2026,3,Big Bear,CALIFORNIA,United States,34.263800,,L35,BIG BEAR CITY,CESSNA,195,CESSNA,195,CESSNA 195,AIR,N9368A,7447,False,1.0,,091,,PERS,,Substantial,3,None,0,0,0,0,,,False,,In work,,,,,   ,False,False,False,False,False,False,False,False,False,False,9.00,785,,2026-04-03 04:05:44.570293+00:00
1240,202687,CEN26LA144,2026-03-18,2026,3,Northlake,TEXAS,United States,33.059094,,52F,AERO VALLEY,MOONEY,M20,MOONEY,M20,MOONEY M20,AIR,N1374W,2655,False,1.0,,091,,PERS,,Substantial,3,Serious,0,1,0,1,VMC,,False,,In work,,,,,   ,False,False,False,False,False,False,False,False,False,False,17.00,789,,2026-04-03 04:05:44.570293+00:00
1241,202688,GAA26WA135,2026-03-21,2026,3,Amazonas,OTHER FOREIGN,Brazil,,,,,CESSNA,152,CESSNA,152,CESSNA 152,,PR-TSM,,False,,,,,,,,0,Fatal,2,0,0,2,,,False,,N/A,,,,,   ,False,False,False,False,False,False,False,False,False,False,22.00,778,,2026-04-03 04:05:44.570293+00:00
1242,202689,WPR26LA136,2026-03-21,2026,3,Chehalis,WASHINGTON,United States,46.677000,,CLS,CHEHALIS-CENTRALIA,CESSNA AIRCRAFT CO,162,CESSNA AIRCRAFT CO,162,CESSNA AIRCRAFT CO 162,AIR,N163TW,16200230,False,1.0,,091,,INST,RAINIER FLIGHT SERVICE LLC,Substantial,3,None,0,0,0,0,,,False,,In work,,,,,   ,False,False,False,False,False,False,False,False,False,False,9.00,774,,2026-04-03 04:05:44.570293+00:00
1243,202690,WPR26LA137,2026-03-23,2026,3,Fairfield,UTAH,United States,40.242530,,UT9,West Desert Airpark,SALT LAKE GYROCOPTERS LLC,CALIDUS,SALT LAKE GYROCOPTERS LLC,CALIDUS,SALT LAKE GYROCOPTERS LLC CALIDUS,GYRO,N247WR,C000559,False,1.0,,091,,PERS,,Substantial,3,None,0,0,0,0,,,False,,In work,,,,,   ,False,False,False,False,False,False,False,False,False,False,9.00,770,,2026-04-03 04:05:44.570293+00:00
1244,202691,WPR26LA138,2026-03-21,2026,3,Mesa,ARIZONA,United States,,,,,BOEING,A75N1(PT17),BOEING,A75N1(PT17),BOEING A75N1(PT17),,N5045V,,False,,,091,,PERS,,,0,,0,0,0,0,,,False,,In work,,,,,   ,False,False,False,False,False,False,False,False,False,False,0.00,777,,2026-04-03 04:05:44.570293+00:00
1245,202692,GAA26WA136,2026-03-16,2026,3,Teotihuacan,OTHER FOREIGN,Mexico,,,,,ADAMS BALLOON,A55S,ADAMS BALLOON,A55S,ADAMS BALLOON A55S,BALL,XB-OZY,,False,,,000,,,,Unknown,0,Serious,0,2,0,2,,,False,,N/A,,,,,   ,False,False,False,False,False,False,False,False,False,False,8.00,794,,2026-04-03 04:05:44.570293+00:00
1246,202693,CEN26LA145,2026-03-24,2026,3,Galveston,TEXAS,United States,29.265850,,KGLS,Scholes International At Galveston Airport,"CLASSIC AIRCRAFT CORP, DIAMOND AIRCRAFT IND INC","WACO YMF, DA 40 NG","CLASSIC AIRCRAFT CORP, DIAMOND AIRCRAFT IND INC","WACO YMF, DA 40 NG","CLASSIC AIRCRAFT CORP, DIAMOND AIRCRAFT IND INC WACO","AIR, AIR","N43000, N351L","F5C-060, 40.NC051",,,,091,"NSCH, NSCH","PERS, INST",Leadership in Flight Training Academy,"Substantial, Substantial",0,None,0,0,0,0,VMC,,False,,In work,,,,,   ,False,False,False,False,False,False,False,False,False,False,0.00,768,,2026-04-03 04:05:44.570293+00:00
1247,202694,CEN26LA146,2026-03-21,2026,3,Anderson City,KENTUCKY,United States,38.000000,,KIMS,,PIPER,PA-24-250,PIPER,PA-24-250,PIPER PA-24-250,AIR,N7548P,24-2756,False,1.0,,091,NSCH,UNK,,Substantial,3,None,0,0,0,0,,,False,,In work,,,,,   ,False,False,False,False,False,False,False,False,False,False,9.00,776,,2026-04-03 04:05:44.570293+00:00
1248,202695,DCA26LA164,2026-03-24,2026,3,Dulles,VIRGINIA,United States,38.945148,,IAD,WASHINGTON DULLES INTL,BOEING,737-8,BOEING,737-8,BOEING 737-8,AIR,N17316,67596,False,2.0,,121,SCHD,,United Airlines,None,1,Serious,0,1,0,0,,,False,,In work,,,,,   ,False,False,False,False,False,False,False,False,False,False,11.00,766,,2026-04-03 04:05:44.570293+00:00
1249,202696,CEN26FA147,2026-03-25,2026,3,Statesboro,GEORGIA,United States,,,,,LUECK RONALD A,AIRSHARK,LUECK RONALD A,AIRSHARK,LUECK RONALD A AIRSHARK,,N220AS,,False,,,091,,PERS,,,0,Fatal,1,0,0,1,,,False,,In work,,,,,   ,False,False,False,False,False,False,False,False,False,False,17.00,765,,2026-04-03 04:05:44.570293+00:00
1250,202699,WPR26LA140,2026-03-16,2026,3,Hillsboro,OREGON,United States,,,,,LOWRY DAVID,LANCAIR LEGACY,LOWRY DAVID,LANCAIR LEGACY,LOWRY DAVID LANCAIR,,N212LG,,False,,,091,,,,,0,,0,0,0,0,,,False,,In work,,,,,   ,False,False,False,False,False,False,False,False,False,False,0.00,793,,2026-04-03 04:05:44.570293+00:00
1251,202700,CEN26LA148,2026-03-24,2026,3,Stonewall,TEXAS,United States,,,,,ROBINSON HELICOPTER COMPANY,R44 II,ROBINSON HELICOPTER COMPANY,R44 II,ROBINSON HELICOPTER COMPANY R44,,N233JD,,False,,,,,,,,0,Serious,0,2,0,2,,,False,,In work,,,,,   ,False,False,False,False,False,False,False,False,False,False,8.00,769,,2026-04-03 04:05:44.570293+00:00
1252,202701,CEN26LA149,2026-03-26,2026,3,Atlanta,TEXAS,United States,,,,,PIPER,PA28,PIPER,PA28,PIPER PA28,,N1653J,,False,,,091,,,,,0,None,0,0,0,0,VMC,,False,,In work,,,,,   ,False,False,False,False,False,False,False,False,False,False,0.00,763,,2026-04-03 04:05:44.570293+00:00
1253,202706,GAA26WA140,2026-03-26,2026,3,San Juan,OTHER FOREIGN,Ecuador,,,,,"THRUSH, AIR TRACTOR","S2R, AT502","THRUSH, AIR TRACTOR","S2R, AT502","THRUSH, AIR TRACTOR S2R,",,"HC-CGL, HC-CKQ",,,,,,,,,,0,Fatal,1,0,1,2,,,False,,N/A,,,,,   ,False,False,False,False,False,False,False,False,False,False,17.00,761,,2026-04-03 04:05:44.570293+00:00
1254,202708,DCA26WA166,2026-03-26,2026,3,Bari,,Italy,,,,,BOEING,737,BOEING,737,BOEING 737,,9H-QEC,,False,,,,,,,,0,Serious,0,1,1,2,,,False,,N/A,,,,,   ,False,False,False,False,False,False,False,False,False,False,8.00,762,,2026-04-03 04:05:44.570293+00:00
1255,202711,ANC26LA022,2026-03-28,2026,3,Skwentna,ALASKA,United States,,,,,CESSNA,A185F,CESSNA,A185F,CESSNA A185F,,N94237,,False,,,091,,PERS,,,0,None,0,0,0,0,VMC,,False,,In work,,,,,   ,False,False,False,False,False,False,False,False,False,False,0.00,755,,2026-04-03 04:05:44.570293+00:00
1256,202712,ERA26LA151,2026-03-25,2026,3,New Shoreham,RHODE ISLAND,United States,,,,,PIPER,PA-32-260,PIPER,PA-32-260,PIPER PA-32-260,,N7081H,,False,,,091,,PERS,,,0,Minor,0,0,2,2,VMC,,False,,In work,,,,,   ,False,False,False,False,False,False,False,False,False,False,4.00,764,,2026-04-03 04:05:44.570293+00:00
1257,202713,GAA26WA141,2026-03-20,2026,3,Les Cayes,OTHER FOREIGN,Haiti,,,,,EMBRAER,EMB-145XR,EMBRAER,EMB-145XR,EMBRAER EMB-145XR,AIR,N271BC,145660,False,2.0,,135,SCHD,,IBC AIRWAYS INC,None,1,None,0,0,0,0,,,False,,N/A,,,,,   ,False,False,False,False,False,False,False,False,False,False,3.00,783,,2026-04-03 04:05:44.570293+00:00
1258,202717,WPR26LA143,2026-03-27,2026,3,Lincoln,CALIFORNIA,United States,,,,,PAUL D CANNON,KITFOX LIGHT SQUARED,PAUL D CANNON,KITFOX LIGHT SQUARED,PAUL D CANNON KITFOX,,N11446,,False,,,091,,,,,0,,0,0,0,0,,,False,,In work,,,,,   ,False,False,False,False,False,False,False,False,False,False,0.00,756,,2026-04-03 04:05:44.570293+00:00
1259,202718,WPR26LA144,2026-03-26,2026,3,Los Angeles,CALIFORNIA,United States,,,,,CESSNA,152,CESSNA,152,CESSNA 152,,N24932,,False,,,091,,PERS,Silver Express CO DBA,,0,None,0,0,0,0,VMC,,False,,In work,,,,,   ,False,False,False,False,False,False,False,False,False,False,0.00,760,,2026-04-03 04:05:44.570293+00:00
1260,202719,WPR26LA145,2026-03-27,2026,3,Sedona,ARIZONA,United States,,,,,CESSNA,421B,CESSNA,421B,CESSNA 421B,,N799TF,,False,,,,,,,,0,None,0,0,0,0,,,False,,In work,,,,,   ,False,False,False,False,False,False,False,False,False,False,0.00,757,,2026-04-03 04:05:44.570293+00:00
1261,202720,CEN26LA150,2026-03-27,2026,3,Beloit,KANSAS,United States,39.470342,,K61,MORITZ MEML,CESSNA,180K,CESSNA,180K,CESSNA 180K,AIR,N2785K,18053067,False,1.0,,091,NSCH,PERS,,Substantial,3,None,0,0,0,0,,,False,,In work,,,,,   ,False,False,False,False,False,False,False,False,False,False,9.00,758,,2026-04-03 04:05:44.570293+00:00
1262,202721,DCA26LA167,2026-03-29,2026,3,Pacific Ocean,,United States,,,,,BOEING,787-9,BOEING,787-9,BOEING 787-9,,N23994,,False,,,121,SCHD,,UNITED AIRLINES INC,,0,Serious,0,1,0,1,,,False,,In work,,,,,   ,False,False,False,False,False,False,False,False,False,False,8.00,754,,2026-04-03 04:05:44.570293+00:00
1263,202722,CEN26LA151,2026-03-29,2026,3,Colorado Springs,COLORADO,United States,,,,,CHAMPION,7GCB,CHAMPION,7GCB,CHAMPION 7GCB,,N920CJ,,False,,,,,,,,0,None,0,0,0,0,,,False,,In work,,,,,   ,False,False,False,False,False,False,False,False,False,False,0.00,752,,2026-04-03 04:05:44.570293+00:00
1264,202724,CEN26LA153,2026-03-27,2026,3,Arlington,TEXAS,United States,,,,,ROBINSON HELICOPTER CO,R66,ROBINSON HELICOPTER CO,R66,ROBINSON HELICOPTER CO R66,,N4059A,,False,,,091,,PERS,,,0,None,0,0,0,0,,,False,,In work,,,,,   ,False,False,False,False,False,False,False,False,False,False,0.00,759,,2026-04-03 04:05:44.570293+00:00
1265,202725,DCA26WA168,2026-03-30,2026,3,Sao Paulo,OTHER FOREIGN,Brazil,,,,,AIRBUS,A330-323,AIRBUS,A330-323,AIRBUS A330-323,,N813NW,,False,,,121,SCHD,,DELTA AIR LINES INC,,0,None,0,0,0,0,,,False,,N/A,,,,,   ,False,False,False,False,False,False,False,False,False,False,0.00,751,,2026-04-03 04:05:44.570293+00:00
1266,202728,ANC26LA023,2026-03-30,2026,3,Cordova,ALASKA,United States,,,,,MARCIL GERRY,SPORTSMAN 2+2,MARCIL GERRY,SPORTSMAN 2+2,MARCIL GERRY SPORTSMAN,,N212PX,,False,,,091,,PERS,,,0,None,0,0,0,0,,,False,,In work,,,,,   ,False,False,False,False,False,False,False,False,False,False,0.00,750,,2026-04-03 04:05:44.570293+00:00
1267,202732,CEN26LA156,2026-03-21,2026,3,Ellicott,COLORADO,United States,,,,,CESSNA,150G,CESSNA,150G,CESSNA 150G,,N6305S,,False,,,091,,PERS,,,0,Serious,0,1,0,1,VMC,,False,,In work,,,,,   ,False,False,False,False,False,False,False,False,False,False,8.00,779,,2026-04-03 04:05:44.570293+00:00
1268,202734,GAA26WA142,2026-03-29,2026,3,Ausnek,,Namibia,-26.600000,,,,CESSNA,172,CESSNA,172,CESSNA 172,AIR,D-EGZE,,False,1.0,,000,,UNK,,Substantial,3,Fatal,1,1,0,2,,,False,,N/A,,,,,   ,False,False,False,False,False,False,False,False,False,False,26.00,753,,2026-04-03 04:05:44.570293+00:00
1269,202735,GAA26WA143,2026-03-24,2026,3,Cheonan,,Republic Of Korea,36.891500,,,,SIKORSKY,S61,SIKORSKY,S61,SIKORSKY S61,HELI,HL9275,,False,,,000,,,,Destroyed,4,Serious,0,1,1,2,,,False,,N/A,,,,,   ,False,False,False,False,False,False,False,False,False,False,20.00,767,,2026-04-03 04:05:44.570293+00:00
1146,202248,CEN26LA075,2025-12-31,2025,12,Guthrie,OKLAHOMA,United States,35.851669,,GOK,,DON A BAKER,BAKER-SKYBOLT,DON A BAKER,BAKER-SKYBOLT,DON A BAKER BAKER-SKYBOLT,AIR,N453DB,01,False,1.0,,091,,PERS,,Substantial,3,None,0,0,0,0,,,False,,In work,,,,,   ,False,False,False,False,False,False,False,False,False,False,9.00,1087,1.0,2026-04-03 04:05:44.570293+00:00
1145,202247,CEN26LA074,2025-12-31,2025,12,Carbondale,ILLINOIS,United States,37.769805,,MDH,SOUTHERN ILLINOIS,PITTS,S1S,PITTS,S1S,PITTS S1S,AIR,N401MS,085,True,1.0,,091,,PERS,,Substantial,3,Minor,0,0,1,1,VMC,VMC,False,,In work,,,,,   ,False,False,False,False,False,False,False,False,False,False,13.00,1088,2.0,2026-04-03 04:05:44.570293+00:00
1147,202249,CEN26LA076,2025-12-31,2025,12,Burnet,TEXAS,United States,30.743125,,BMQ,BURNET MUNI/KATE CRADDOCK FLD,NANCHANG CHINA,CJ-6A,NANCHANG CHINA,CJ-6A,NANCHANG CHINA CJ-6A,AIR,N559TX,2532079,False,1.0,,091,,PERS,,Substantial,3,Serious,0,1,0,1,VMC,VMC,False,,In work,,,,,   ,False,False,False,False,False,False,False,False,False,False,17.00,1089,3.0,2026-04-03 04:05:44.570293+00:00
1138,202231,GAA26WA061,2025-12-31,2025,12,Biobio Region,OTHER FOREIGN,Chile,,,,,CESSNA,T188,CESSNA,T188,CESSNA T188,AIR,CC-DLH,T18803827T,False,,,000,,AAPL,,Substantial,3,None,0,0,0,0,,,False,,N/A,,,,,   ,False,False,False,False,False,False,False,False,False,False,9.00,1090,4.0,2026-04-03 04:05:44.570293+00:00
1136,202228,CEN26FA071,2025-12-30,2025,12,Fredericksburg,TEXAS,United States,30.487252,,,,LANCAIR,Legacy,LANCAIR,Legacy,LANCAIR LEGACY,AIR,N618AM,L2K-320,True,1.0,,091,,PERS,,Destroyed,4,Fatal,1,0,0,1,VMC,VMC,False,,In work,,,,,   ,False,False,False,False,False,False,False,False,False,False,29.00,1091,5.0,2026-04-03 04:05:44.570293+00:00
1137,202229,GAA26WA060,2025-12-23,2025,12,Ankara,OTHER FOREIGN,Turkey,,,,,DASSAULT,FALCON50,DASSAULT,FALCON50,DASSAULT FALCON50,AIR,9H-DFS,,False,,,000,,EXEC,,Destroyed,4,Fatal,8,0,0,8,,,False,,N/A,,,,,   ,False,False,False,False,False,False,False,False,False,False,64.00,1106,20.0,2026-04-03 04:05:44.570293+00:00
1144,202243,DCA26WA087,2025-12-20,2025,12,Kastrup,,Denmark,55.613999,,CPH,Copenhagen Airport,BOEING,737,BOEING,737,BOEING 737,AIR,TC-SOC,61204,False,2.0,TF,000,SCHD,,Sun Express Airlines,Minor,2,Serious,0,1,0,1,,,False,,N/A,,,,,   ,False,False,False,False,False,False,False,False,False,False,14.00,1119,33.0,2026-04-03 04:05:44.570293+00:00
1106,202191,CEN26LA066,2025-12-20,2025,12,Springfield,MISSOURI,United States,37.271274,,NA,,CIRRUS DESIGN CORP,SR22,CIRRUS DESIGN CORP,SR22,CIRRUS DESIGN CORP SR22,AIR,N242AZ,3182,False,1.0,,091,,PERS,,Substantial,3,None,0,0,0,0,VMC,VMC,False,,In work,,,,,   ,False,False,False,False,False,False,False,False,False,False,9.00,1120,34.0,2026-04-03 04:05:44.570293+00:00
536,200820,ANC25LA088,2025-08-19,2025,8,Delta Junction,ALASKA,United States,63.805100,,NONE,East Hayes Creek,CESSNA,180G,CESSNA,180G,CESSNA 180G,AIR,N4721U,18051421,False,1.0,REC,091,,PERS,,Substantial,3,None,0,0,0,0,VMC,VMC,False,DirectorBrief,Completed,,"The pilot reported that, shortly after takeoff from a remote, wet, gravel-covered, rough and uneven airstrip that was surrounded by trees, the airplane began to unexpectedly descend just after becoming airborne. He attempted to recover by applying aft elevator input; however, the airplane settled into an area of tree and vegetation-covered terrain at the departure end of the airstrip. As a result, the airplane sustained substantial damage to the horizontal stabilizer, wings, and fuselage. The pilot reported that there were no preaccident mechanical failures or malfunctions with the airplane that would have precluded normal operation.","The pilot’s failure to maintain a rate of climb sufficient to clear obstacles during takeoff, resulting in a collision with tree-covered terrain.","Personnel issues - Task performance - Use of equip/info - Aircraft control - Pilot, Aircraft - Aircraft oper/perf/capability - Performance/control parameters - Climb rate - Not attained/maintained, Environmental issues - Physical environment - Object/animal/substance - Tree(s) - Contributed to outcome, Environmental issues - Physical environment - Terrain - Rough terrain - Contributed to outcome"," The pilot reported that, shortly after takeoff from a remote, wet, gravel-covered, rough and uneven airstrip that was surrounded by trees, the airplane began to unexpectedly descend just after becoming airborne. He attempted to recover by applying aft elevator input; however, the airplane settled into an area of tree and vegetation-covered terrain at the departure end of the airstrip. As a result, the airplane sustained substantial damage to the horizontal stabilizer, wings, and fuselage. The pilot reported that there were no preaccident mechanical failures or malfunctions with the airplane that would have precluded normal operation. The pilot’s failure to maintain a rate of climb sufficient to clear obstacles during takeoff, resulting in a collision with tree-covered terrain. Personnel issues - Task performance - Use of equip/info - Aircraft control - Pilot, Aircraft - Aircraft oper/perf/capability - Performance/control parameters - Climb rate - Not attained/maintained, Environmental issues - Physical environment - Object/animal/substance - Tree(s) - Contributed to outcome, Environmental issues - Physical environment - Terrain - Rough terrain - Contributed to outcome",False,False,False,False,True,True,False,False,True,False,9.00,1637,379.0,2026-04-03 04:05:44.570293+00:00
1140,202233,ERA26LA083,2025-12-30,2025,12,Gulf Shores,ALABAMA,United States,30.289988,,JKA,GULF SHORES INTL/JACK EDWARDS FLD,ICON AIRCRAFT INC,A5,ICON AIRCRAFT INC,A5,ICON AIRCRAFT INC A5,AIR,N601BA,00217,False,1.0,,091,,INST,,Substantial,3,None,0,0,0,0,VMC,VMC,False,,In work,,,,,   ,False,False,False,False,False,False,False,False,False,False,9.00,1092,6.0,2026-04-03 04:05:44.570293+00:00
1133,202225,ERA26LA081,2025-12-30,2025,12,Louisburg,NORTH CAROLINA,United States,36.025797,,LHZ,TRIANGLE NORTH EXEC,CIRRUS DESIGN CORP,SR20,CIRRUS DESIGN CORP,SR20,CIRRUS DESIGN CORP SR20,AIR,N506SR,1692,False,1.0,,091,,PERS,McKnight Aviation LLC,Substantial,3,None,0,0,0,0,VMC,VMC,False,,In work,,,,,   ,False,False,False,False,False,False,False,False,False,False,9.00,1093,7.0,2026-04-03 04:05:44.570293+00:00
1153,202264,GAA26WA066,2025-12-29,2025,12,Guarulhos,OTHER FOREIGN,Brazil,,,,,ROBINSON,R44,ROBINSON,R44,ROBINSON R44,HELI,PP-BAN,,False,,,000,,,,Substantial,3,Minor,0,0,2,2,,,False,,N/A,,,,,   ,False,False,False,False,False,False,False,False,False,False,13.00,1094,8.0,2026-04-03 04:05:44.570293+00:00
1132,202224,ERA26LA080,2025-12-28,2025,12,Frostproof,FLORIDA,United States,27.751511,,52FL,Lake Clinch Airpark,VARGA AIRCRAFT CORP.,2150A,VARGA AIRCRAFT CORP.,2150A,VARGA AIRCRAFT CORP. 2150A,AIR,N5062V,VAC-50,False,1.0,,091,,PERS,,Substantial,3,None,0,0,0,0,VMC,VMC,False,,In work,,,,,   ,False,False,False,False,False,False,False,False,False,False,9.00,1095,9.0,2026-04-03 04:05:44.570293+00:00
1110,202196,ERA26LA073,2025-12-20,2025,12,Browns Corner,VIRGINIA,United States,37.503354,,W96,NEW KENT COUNTY,CESSNA,172P,CESSNA,172P,CESSNA 172P,AIR,N54576,17275003,False,1.0,,091,,PERS,RICK AVIATION INC,Substantial,3,None,0,0,0,0,,,False,,In work,,,,,   ,False,False,False,False,False,False,False,False,False,False,9.00,1118,32.0,2026-04-03 04:05:44.570293+00:00
1122,202213,ERA26FA077,2025-12-28,2025,12,Hammonton,NEW JERSEY,United States,39.660950,,N81,HAMMONTON MUNI,"ENSTROM, ENSTROM","280, F28","ENSTROM, ENSTROM","280, F28","ENSTROM, ENSTROM 280,","HELI, HELI","N280MG, N520H","1135, 325",,,,091,,"PERS, PERS",M&M CHARTER LLC,"Destroyed, Substantial",0,Fatal,2,0,0,2,VMC,VMC,False,,In work,,,,,   ,False,False,False,False,False,False,False,False,False,False,22.00,1096,10.0,2026-04-03 04:05:44.570293+00:00
1125,202217,ERA26LA078,2025-12-28,2025,12,Atlanta,GEORGIA,United States,,,,,BEECH,B90,BEECH,B90,BEECH B90,,N40BA,,False,,,091,,,Lux Air,,0,Serious,0,1,1,2,VMC,VMC,False,,In work,,,,,   ,False,False,False,False,False,False,False,False,False,False,8.00,1097,11.0,2026-04-03 04:05:44.570293+00:00
1156,202269,DCA26WA089,2025-12-28,2025,12,(Birmingham,,United Kingdom,,,,,BOEING,737-800,BOEING,737-800,BOEING 737-800,,EI-HGO,,False,,,129,SCHD,,Ryanair,,0,Serious,0,2,0,2,,,False,,N/A,,,,,   ,False,False,False,False,False,False,False,False,False,False,8.00,1098,12.0,2026-04-03 04:05:44.570293+00:00
1131,202223,ERA26LA079,2025-12-27,2025,12,Ceres,VIRGINIA,United States,37.016446,,,,CESSNA,140,CESSNA,140,CESSNA 140,AIR,N89884,8929,False,1.0,,091,,PERS,VALIAIR LC TRUSTEE,Substantial,3,Serious,0,1,1,2,VMC,VMC,False,,In work,,,,,   ,False,False,False,False,False,False,False,False,False,False,17.00,1099,13.0,2026-04-03 04:05:44.570293+00:00
1130,202222,WPR26LA073,2025-12-27,2025,12,Needles,CALIFORNIA,United States,34.766347,,EED,NEEDLES,EVEKTOR - AEROTECHNIK A S,SPORTSTAR MAX,EVEKTOR - AEROTECHNIK A S,SPORTSTAR MAX,EVEKTOR - AEROTECHNIK A S SPORTSTAR,AIR,N2312T,2011 1410,False,1.0,,091,,PERS,ATHENEAIR LLC,Substantial,3,None,0,0,0,0,VMC,VMC,False,,In work,,,,,   ,False,False,False,False,False,False,False,False,False,False,9.00,1100,14.0,2026-04-03 04:05:44.570293+00:00
1141,202240,CEN26LA072,2025-12-18,2025,12,Muleshoe,TEXAS,United States,34.185136,,2T1,Muleshoe Municipal Airport,CIRRUS DESIGN CORP,SR22T,CIRRUS DESIGN CORP,SR22T,CIRRUS DESIGN CORP SR22T,AIR,N53KH,8960,False,1.0,,091,,PERS,53KWD LLC,Substantial,3,None,0,0,0,0,VMC,VMC,False,,In work,,,,,   ,False,False,False,False,False,False,False,False,False,False,9.00,1129,43.0,2026-04-03 04:05:44.570293+00:00
1124,202216,CEN26LA068,2025-12-27,2025,12,Hudson,COLORADO,United States,40.101060,,18V,PLATTE VALLEY AIRPARK,Kitfox,CLASC IV-1200,KITFOX,CLASC IV-1200,KITFOX CLASC,AIR,N239DA,C9610-0177,True,1.0,REC,091,,PERS,,Substantial,3,None,0,0,0,0,VMC,VMC,False,DirectorBrief,Completed,,"The pilot was landing to the east on the turf runway for the third time; the previous two landings were uneventful. During the landing roll, the airplane rolled over the bumpy turf surface, the empennage came up, and the airplane’s nose moved down. The pilot attempted to correct the nose down condition with an elevator input. When the airplane traveled over the paved taxiway that intersected the runway, the pilot opined that it exacerbated the situation. The airplane subsequently nosed over and came to rest inverted. The fuselage, vertical stabilizer, and rudder sustained substantial damage. The pilot reported that there were no preaccident mechanical failures or malfunctions with the airplane that would have precluded normal operation. &#x0D;
The pilot stated that taxiway that crossed the runway was raised relative to the runway surface; however, he did not feel that the difference was the reason for the nose over. The airport facility directory noted that the turf surface was in fair condition, the runway was not maintained in winter, and that a taxiway intersected the turf runway at midfield.",The pilot’s failure to maintain control of the airplane during the landing roll.,"Personnel issues - Task performance - Use of equip/info - Aircraft control - Pilot, Aircraft - Aircraft oper/perf/capability - Performance/control parameters - Directional control - Not attained/maintained, Environmental issues - Physical environment - Runway/land/takeoff/taxi surface - (general) - Effect on operation"," The pilot was landing to the east on the turf runway for the third time; the previous two landings were uneventful. During the landing roll, the airplane rolled over the bumpy turf surface, the empennage came up, and the airplane’s nose moved down. The pilot attempted to correct the nose down condition with an elevator input. When the airplane traveled over the paved taxiway that intersected the runway, the pilot opined that it exacerbated the situation. The airplane subsequently nosed over and came to rest inverted. The fuselage, vertical stabilizer, and rudder sustained substantial damage. The pilot reported that there were no preaccident mechanical failures or malfunctions with the airplane that would have precluded normal operation. &#x0D;
The pilot stated that taxiway that crossed the runway was raised relative to the runway surface; however, he did not feel that the difference was the reason for the nose over. The airport facility directory noted that the turf surface was in fair condition, the runway was not maintained in winter, and that a taxiway intersected the turf runway at midfield. The pilot’s failure to maintain control of the airplane during the landing roll. Personnel issues - Task performance - Use of equip/info - Aircraft control - Pilot, Aircraft - Aircraft oper/perf/capability - Performance/control parameters - Directional control - Not attained/maintained, Environmental issues - Physical environment - Runway/land/takeoff/taxi surface - (general) - Effect on operation",False,False,False,False,True,True,False,False,True,False,9.00,1101,15.0,2026-04-03 04:05:44.570293+00:00
1135,202227,GAA26WA059,2025-12-27,2025,12,Rio De Janeiro,OTHER FOREIGN,Brazil,,,,,CESSNA,170,CESSNA,170,CESSNA 170,AIR,PT-AGB,,False,,,000,,,,Substantial,3,Fatal,1,0,0,1,,,False,,N/A,,,,,   ,False,False,False,False,False,False,False,False,False,False,26.00,1102,16.0,2026-04-03 04:05:44.570293+00:00
1154,202265,CEN26LA082,2025-12-26,2025,12,Wimberley,TEXAS,United States,30.084800,,NONE,,WAG AERO,CUBY,WAG AERO,CUBY,WAG AERO CUBY,AIR,N437WT,103,True,1.0,,091,,PERS,,Substantial,3,None,0,0,0,0,VMC,VMC,False,,In work,,,,,   ,False,False,False,False,False,False,False,False,False,False,9.00,1103,17.0,2026-04-03 04:05:44.570293+00:00
1155,202268,CEN26LA084,2025-12-26,2025,12,Taylor,TEXAS,United States,30.566856,,T74,TAYLOR MUNI,CESSNA,172,CESSNA,172,CESSNA 172,AIR,N172BX,17254216,False,1.0,,091,,PERS,,Substantial,3,None,0,0,0,0,VMC,VMC,False,,In work,,,,,   ,False,False,False,False,False,False,False,False,False,False,9.00,1104,18.0,2026-04-03 04:05:44.570293+00:00
1120,202208,WPR26FA069,2025-12-24,2025,12,Rio Linda,CALIFORNIA,United States,38.666000,,L36,RIO LINDA,PIPER,PA-32-260,PIPER,PA-32-260,PIPER PA-32-260,AIR,N2785Q,32-688,False,1.0,,091,,PERS,,Substantial,3,Fatal,1,1,0,2,VMC,VMC,False,,In work,,,,,   ,False,False,False,False,False,False,False,False,False,False,26.00,1105,19.0,2026-04-03 04:05:44.570293+00:00
1129,202221,WPR26LA072,2025-12-23,2025,12,Yacolt,WASHINGTON,United States,45.873399,,WA87,Parkside Airpark,ZENITH,750,ZENITH,750,ZENITH 750,AIR,N186BG,SD75-11850,True,1.0,,091,,PERS,,Substantial,3,None,0,0,0,0,VMC,VMC,False,,In work,,,,,   ,False,False,False,False,False,False,False,False,False,False,9.00,1107,21.0,2026-04-03 04:05:44.570293+00:00
1128,202220,WPR26LA071,2025-12-23,2025,12,Lake Elsinore,CALIFORNIA,United States,33.609200,,SNA,JOHN WAYNE/ORANGE COUNTY,CIRRUS DESIGN CORP,SR22T,CIRRUS DESIGN CORP,SR22T,CIRRUS DESIGN CORP SR22T,AIR,N272HM,1079,False,1.0,REC,091,,BUS,,Substantial,3,None,0,0,0,0,VMC,VMC,False,DirectorBrief,Completed,,"The pilot of the airplane reported that during a cross-country flight, on an instrument flight rules flight plan, the controller issued several heading changes and a clearance to climb to 7,000 ft mean sea level, which placed the airplane in instrument meteorological conditions. While en route, the controller issued additional instructions to join an airway; however, the pilot anticipated joining a different airway and queried the controller. The controller responded that the airway the pilot should have joined was now behind their position. The pilot became confused and realized he had misunderstood instructions earlier in the flight but continued to fly his anticipated route instead of the corrected clearance. The controller advised the pilot to turn immediately due to terrain. The pilot disconnected the autopilot and manually turned the airplane in accordance with the controller’s instructions. During the turn, the airplane pitched nose-down and the pilot had difficulty controlling the pitch. The pilot elected to deploy the airframe parachute system due to his concerns about the terrain, difficulty controlling the airplane, and the perceived urgency in the voice of the controller. The parachute successfully deployed and the airplane descended under the parachute, until it came to rest upright on rocky, sloped terrain. The airplane sustained substantial damage to the aft fuselage.&#x0D;
The pilot reported that there were no preaccident mechanical malfunctions or failures with the airplane that would have precluded normal operation.",The pilot’s intentional deployment of the airframe parachute system due to task-saturation in instrument meteorological conditions.,"Aircraft - Aircraft oper/perf/capability - Performance/control parameters - Pitch control - Not attained/maintained, Personnel issues - Action/decision - Info processing/decision - Understanding/comprehension - Pilot, Personnel issues - Psychological - Cognitive limitation - Cognitive overload - Pilot"," The pilot of the airplane reported that during a cross-country flight, on an instrument flight rules flight plan, the controller issued several heading changes and a clearance to climb to 7,000 ft mean sea level, which placed the airplane in instrument meteorological conditions. While en route, the controller issued additional instructions to join an airway; however, the pilot anticipated joining a different airway and queried the controller. The controller responded that the airway the pilot should have joined was now behind their position. The pilot became confused and realized he had misunderstood instructions earlier in the flight but continued to fly his anticipated route instead of the corrected clearance. The controller advised the pilot to turn immediately due to terrain. The pilot disconnected the autopilot and manually turned the airplane in accordance with the controller’s instructions. During the turn, the airplane pitched nose-down and the pilot had difficulty controlling the pitch. The pilot elected to deploy the airframe parachute system due to his concerns about the terrain, difficulty controlling the airplane, and the perceived urgency in the voice of the controller. The parachute successfully deployed and the airplane descended under the parachute, until it came to rest upright on rocky, sloped terrain. The airplane sustained substantial damage to the aft fuselage.&#x0D;
The pilot reported that there were no preaccident mechanical malfunctions or failures with the airplane that would have precluded normal operation. The pilot’s intentional deployment of the airframe parachute system due to task-saturation in instrument meteorological conditions. Aircraft - Aircraft oper/perf/capability - Performance/control parameters - Pitch control - Not attained/maintained, Personnel issues - Action/decision - Info processing/decision - Understanding/comprehension - Pilot, Personnel issues - Psychological - Cognitive limitation - Cognitive overload - Pilot",False,False,False,True,True,False,False,False,True,False,9.00,1108,22.0,2026-04-03 04:05:44.570293+00:00
1152,202261,CEN26LA081,2025-12-23,2025,12,Morris,ILLINOIS,United States,41.424750,,C09,Morris Municipal Airport / James R Washburn Field,ELA,ELA10,ELA,ELA10,ELA ELA10,GYRO,N396S,08175411014,True,1.0,REC,091,,UNK,,Substantial,3,None,0,0,0,0,VMC,VMC,False,DirectorBrief,Completed,,"The pilot taxied to the runway with the rotor still spinning from his previous landing, maintaining above a 100 rotor rpm on his gyroplane. As he taxied onto the runway, he noted his rotor rpm at 117 and he began to accelerate to build rotor speed, pitching back slightly. The pilot heard a loud pop and thinking he may have blown a tire on his right main landing gear, he glanced over to visually confirm it. He then checked his rotor rpm and found it had decreased to 80. At that same time, the gyroplane began to shake and then quickly turned over on its right side and came to rest on the left side of the runway, which resulted in substantial damage to the empennage and main rotor. &#x0D;
According to the manufacturer’s pilot operating handbook (POH), when taxiing the rotor is to be aligned with the gyroplane (stationary). The rotor pre-rotation procedure instructs the pilot to “increase engine power slowly until reaching 220 rotor rpm” and has a caution message that states, “CAUTION Start the take-off with the rotor between 150-200 rpm requires a high skill. It is forbidden to proceed with take-off operations if the rotor is under 150 rpm.”&#x0D;
It is likely that the pilot did not have sufficient rotor rpm to avoid rotor flap during the takeoff roll based on his statement. Whether the flat tire occurred during the takeoff or as a result of the gyroplane rolling over on its side was not determined.",The pilot’s failure obtain the proper rotor rpm before applying power for the takeoff roll which resulted in a loss of control.,"Personnel issues - Task performance - Use of equip/info - Use of policy/procedure - Pilot, Aircraft - Aircraft propeller/rotor - Main rotor system - Main rotor blade system - Incorrect use/operation"," The pilot taxied to the runway with the rotor still spinning from his previous landing, maintaining above a 100 rotor rpm on his gyroplane. As he taxied onto the runway, he noted his rotor rpm at 117 and he began to accelerate to build rotor speed, pitching back slightly. The pilot heard a loud pop and thinking he may have blown a tire on his right main landing gear, he glanced over to visually confirm it. He then checked his rotor rpm and found it had decreased to 80. At that same time, the gyroplane began to shake and then quickly turned over on its right side and came to rest on the left side of the runway, which resulted in substantial damage to the empennage and main rotor. &#x0D;
According to the manufacturer’s pilot operating handbook (POH), when taxiing the rotor is to be aligned with the gyroplane (stationary). The rotor pre-rotation procedure instructs the pilot to “increase engine power slowly until reaching 220 rotor rpm” and has a caution message that states, “CAUTION Start the take-off with the rotor between 150-200 rpm requires a high skill. It is forbidden to proceed with take-off operations if the rotor is under 150 rpm.”&#x0D;
It is likely that the pilot did not have sufficient rotor rpm to avoid rotor flap during the takeoff roll based on his statement. Whether the flat tire occurred during the takeoff or as a result of the gyroplane rolling over on its side was not determined. The pilot’s failure obtain the proper rotor rpm before applying power for the takeoff roll which resulted in a loss of control. Personnel issues - Task performance - Use of equip/info - Use of policy/procedure - Pilot, Aircraft - Aircraft propeller/rotor - Main rotor system - Main rotor blade system - Incorrect use/operation",False,False,True,False,True,True,False,False,False,False,9.00,1109,23.0,2026-04-03 04:05:44.570293+00:00
1119,202207,GAA26WA055,2025-12-23,2025,12,Chuy,OTHER FOREIGN,Uruguay,,,,,CESSNA,A188,CESSNA,A188,CESSNA A188,AIR,N,,False,,,000,,,,Substantial,3,None,0,0,0,0,,,False,,N/A,,,,,   ,False,False,False,False,False,False,False,False,False,False,9.00,1110,24.0,2026-04-03 04:05:44.570293+00:00
1116,202203,WPR26FA068,2025-12-23,2025,12,Summer Lake,OREGON,United States,42.851771,,,,BEECH,K35,BEECH,K35,BEECH K35,AIR,N9540R,D-6103,False,1.0,,091,,PERS,,Substantial,3,Fatal,1,0,0,1,VMC,VMC,False,,In work,,,,,   ,False,False,False,False,False,False,False,False,False,False,26.00,1111,25.0,2026-04-03 04:05:44.570293+00:00
1115,202202,ERA26LA076,2025-12-22,2025,12,East Farmingdale,NEW YORK,United States,40.729274,,FRG,REPUBLIC,"CESSNA, CESSNA","172N, 152","CESSNA, CESSNA","172N, 152","CESSNA, CESSNA 172N,","AIR, AIR","N1517E, N65199","17271031, 15284323",,,,091,,"INST, INST","ACADEMY OF AVIATION, LONG ISLAND AVIATORS LLC","Minor, Substantial",0,None,0,0,0,0,VMC,VMC,False,,In work,,,,,   ,False,False,False,False,False,False,False,False,False,False,0.00,1112,26.0,2026-04-03 04:05:44.570293+00:00
1149,202258,ERA26LA086,2025-12-12,2025,12,Atlanta,GEORGIA,United States,33.780240,,FTY,FULTON COUNTY EXEC/CHARLIE BROWN FLD,PIPISTREL D O O,PANTHERA X152,PIPISTREL D O O,PANTHERA X152,PIPISTREL D O O PANTHERA,AIR,N37RR,PX1520006,False,1.0,,091,,PERS,,Substantial,3,None,0,0,0,0,VMC,VMC,False,,In work,,,,,   ,False,False,False,False,False,False,False,False,False,False,9.00,1153,67.0,2026-04-03 04:05:44.570293+00:00
1109,202194,WPR26LA066,2025-12-19,2025,12,El Cajon,CALIFORNIA,United States,32.827014,,SEE,GILLESPIE FLD,BOEING,PT-13D,BOEING,PT-13D,BOEING PT-13D,AIR,N68830,755667,False,1.0,REC,091,,PERS,,Substantial,3,None,0,0,0,0,VMC,VMC,False,DirectorBrief,Completed,,"The pilot of the tailwheel-equipped biplane reported that he was performing a three-point landing. After an uneventful touchdown the airplane drifted to the right. The pilot attempted to compensate using left aileron and full-aft elevator control inputs. He applied partial engine power and the airplane then veered to left. The airplane continued off the left side of the runway, and ground-looped to the left. During the sequence, both lower wings struck the ground. The left lower wing and aileron received substantial damage.&#x0D;
&#x0D;
The pilot reported that there were no preaccident mechanical failures or malfunctions with the airplane that would have precluded normal operation and stated that the accident was simply the result of a loss of control.",The pilot's failure to maintain directional control during the landing roll.,"Personnel issues - Task performance - Use of equip/info - Aircraft control - Pilot, Aircraft - Aircraft oper/perf/capability - Performance/control parameters - Directional control - Not attained/maintained, Environmental issues - Conditions/weather/phenomena - Wind - Crosswind - Effect on operation"," The pilot of the tailwheel-equipped biplane reported that he was performing a three-point landing. After an uneventful touchdown the airplane drifted to the right. The pilot attempted to compensate using left aileron and full-aft elevator control inputs. He applied partial engine power and the airplane then veered to left. The airplane continued off the left side of the runway, and ground-looped to the left. During the sequence, both lower wings struck the ground. The left lower wing and aileron received substantial damage.&#x0D;
&#x0D;
The pilot reported that there were no preaccident mechanical failures or malfunctions with the airplane that would have precluded normal operation and stated that the accident was simply the result of a loss of control. The pilot's failure to maintain directional control during the landing roll. Personnel issues - Task performance - Use of equip/info - Aircraft control - Pilot, Aircraft - Aircraft oper/perf/capability - Performance/control parameters - Directional control - Not attained/maintained, Environmental issues - Conditions/weather/phenomena - Wind - Crosswind - Effect on operation",False,False,True,False,True,True,True,False,False,False,9.00,1124,38.0,2026-04-03 04:05:44.570293+00:00
1114,202201,WPR26FA067,2025-12-22,2025,12,Galveston,TEXAS,United States,29.284937,,KGLS,Scholes International Airport at Galveston,Beechcraft,B300,BEECHCRAFT,B300,BEECHCRAFT B300,AIR,ANX1209,FL-936,False,2.0,,000,,OWRK,The country of Mexico,Destroyed,4,Fatal,6,2,0,8,IMC,IMC,False,,In work,,,,,   ,False,False,False,False,False,False,False,False,False,False,54.00,1113,27.0,2026-04-03 04:05:44.570293+00:00
1117,202205,DCA26WA078,2025-12-22,2025,12,Chiba,,Japan,,,,,BOEING,787,BOEING,787,BOEING 787,AIR,JA865J,38138,False,,,129,SCHD,,Japan Airlines,None,1,Serious,0,1,0,1,,,False,,N/A,,,,,   ,False,False,False,False,False,False,False,False,False,False,11.00,1114,28.0,2026-04-03 04:05:44.570293+00:00
1139,202232,ERA26LA082,2025-12-21,2025,12,Pembroke Pines,FLORIDA,United States,26.003805,,HWO,NORTH PERRY,PIPER,PA-44-180,PIPER,PA-44-180,PIPER PA-44-180,AIR,N156WM,4496156,False,2.0,,091,,INST,FIXED WING HOLDING COMPANY INC,Substantial,3,None,0,0,0,0,,,False,,In work,,,,,   ,False,False,False,False,False,False,False,False,False,False,9.00,1115,29.0,2026-04-03 04:05:44.570293+00:00
1151,202260,CEN26LA080,2025-12-21,2025,12,Prospect Heights,ILLINOIS,United States,42.114279,,KPWK,Chicago Executive Airport,CESSNA,150,CESSNA,150,CESSNA 150,AIR,N3103V,15076382,False,1.0,,091,,INST,N3103V LLC,Substantial,3,None,0,0,0,0,VMC,VMC,False,,In work,,,,,   ,False,False,False,False,False,False,False,False,False,False,9.00,1116,30.0,2026-04-03 04:05:44.570293+00:00
1113,202199,ERA26LA075,2025-12-20,2025,12,Hawthorne,FLORIDA,United States,29.563431,,N/A,,AVIAT AIRCRAFT INC,A-1C-200,AVIAT AIRCRAFT INC,A-1C-200,AVIAT AIRCRAFT INC A-1C-200,AIR,N656B,3199,False,1.0,,091,,PERS,,Substantial,3,None,0,0,0,0,,,False,,In work,,,,,   ,False,False,False,False,False,False,False,False,False,False,9.00,1117,31.0,2026-04-03 04:05:44.570293+00:00
1150,202259,GAA26WA063,2025-12-11,2025,12,Le Havre,OTHER FOREIGN,France,,,LFOF,,ROBIN,DR400,ROBIN,DR400,ROBIN DR400,AIR,F-GLVG,,False,,,000,,,,Destroyed,4,Fatal,1,0,0,1,,,False,,N/A,,,,,   ,False,False,False,False,False,False,False,False,False,False,29.00,1160,74.0,2026-04-03 04:05:44.570293+00:00
1134,202226,GAA26WA058,2025-12-20,2025,12,Porto Vehlo,OTHER FOREIGN,Brazil,-9.621389,,SSLL,Fazenda Vale Verde,BEECH,B200,BEECH,B200,BEECH B200,AIR,PS-GAC,,False,2.0,,000,,PERS,,Substantial,3,None,0,0,0,0,,,False,,N/A,,,,,   ,False,False,False,False,False,False,False,False,False,False,9.00,1121,35.0,2026-04-03 04:05:44.570293+00:00
1107,202192,WPR26LA065,2025-12-19,2025,12,South Park,CALIFORNIA,United States,33.559534,,NA,,CESSNA,150F,CESSNA,150F,CESSNA 150F,AIR,N8155S,15061755,False,1.0,,091,NSCH,PERS,,Substantial,3,None,0,0,0,0,,,False,,In work,,,,,   ,False,False,False,False,False,False,False,False,False,False,9.00,1122,36.0,2026-04-03 04:05:44.570293+00:00
1126,202218,CEN26LA069,2025-12-19,2025,12,Post,TEXAS,United States,33.199950,,5F1,Post-Garza County Municipal Airport,CESSNA,172D,CESSNA,172D,CESSNA 172D,AIR,N2536U,17250136,False,1.0,REC,091,,PERS,,Substantial,3,None,0,0,0,0,VMC,VMC,False,DirectorBrief,Completed,,"The pilot was delivering a recently purchased airplane for a friend and decided to land for fuel. While in the landing pattern the engine lost all power. The pilot immediately turned toward the runway, switched the fuel selector valve from both to the left tank position, then to the right tank, and back to both while he attempted to restart the engine, without success. The pilot conducted a forced landing to a field. During the landing the airplane struck and came to rest in Mesquite trees about 100 yards north of the airport. The airplane sustained substantial damage to the right wing outer leading edge, the left leading edge of the horizontal stabilizer, the firewall, and the fuselage lower skin. &#x0D;
After the accident, the pilot checked the fuel level. When he removed the first fuel cap, he noticed the sound of air rushing into the fuel tank. Further examination by the FAA revealed dry, hard dirt consistent with a Mud Dauber nest blocking the fuel tank vent tube. They also found the right fuel cap vent was deteriorated and inoperative and the left fuel cap was not a vented cap. The FAA stated about 6 gallons total fuel remained in both right and left fuel tanks. The airplane did not have a current annual inspection.",The pilot’s failure to see the blockage in the fuel tank vent tube during the preflight inspection which resulted in the loss of engine power due to fuel starvation. Contributing to the accident was the deterioration of the right fuel cap vent to the point where it was inoperative.,Aircraft - Fluids/misc hardware - Misc hardware - Hoses and tubes - Not inspected," The pilot was delivering a recently purchased airplane for a friend and decided to land for fuel. While in the landing pattern the engine lost all power. The pilot immediately turned toward the runway, switched the fuel selector valve from both to the left tank position, then to the right tank, and back to both while he attempted to restart the engine, without success. The pilot conducted a forced landing to a field. During the landing the airplane struck and came to rest in Mesquite trees about 100 yards north of the airport. The airplane sustained substantial damage to the right wing outer leading edge, the left leading edge of the horizontal stabilizer, the firewall, and the fuselage lower skin. &#x0D;
After the accident, the pilot checked the fuel level. When he removed the first fuel cap, he noticed the sound of air rushing into the fuel tank. Further examination by the FAA revealed dry, hard dirt consistent with a Mud Dauber nest blocking the fuel tank vent tube. They also found the right fuel cap vent was deteriorated and inoperative and the left fuel cap was not a vented cap. The FAA stated about 6 gallons total fuel remained in both right and left fuel tanks. The airplane did not have a current annual inspection. The pilot’s failure to see the blockage in the fuel tank vent tube during the preflight inspection which resulted in the loss of engine power due to fuel starvation. Contributing to the accident was the deterioration of the right fuel cap vent to the point where it was inoperative. Aircraft - Fluids/misc hardware - Misc hardware - Hoses and tubes - Not inspected",False,True,False,False,False,True,False,False,True,False,9.00,1123,37.0,2026-04-03 04:05:44.570293+00:00
1157,202275,ERA26LA089,2025-12-19,2025,12,Winter Haven,FLORIDA,United States,28.066326,,GIF,WINTER HAVEN RGNL,ALON,A-2A,ALON,A-2A,ALON A-2A,AIR,N818SW,B-279,False,1.0,,091,,PERS,,Substantial,3,None,0,0,0,0,VMC,VMC,False,,In work,,,,,   ,False,False,False,False,False,False,False,False,False,False,9.00,1125,39.0,2026-04-03 04:05:44.570293+00:00
1127,202219,CEN26LA070,2025-12-19,2025,12,Crabapple,TEXAS,United States,30.557170,,,,Glynn,RS-3,GLYNN,RS-3,GLYNN RS-3,AIR,N3012G,3001,True,1.0,REC,091,,PERS,,Destroyed,4,Serious,0,1,0,1,VMC,VMC,False,DirectorBrief,Completed,,"According to the pilot, while conducting a low-level flight over a river, and upon attempting a low-level pass over a riverbed sand bar in his tail wheel-equipped airplane, he did not see a high-water fence cable guy-line above the riverbed. The airplane’s main landing gear impacted the cable guy-line, and the airplane subsequently impacted the sand bar. The airplane came to rest upright, and the pilot and the passenger were able to egress from the airplane without further incident.&#x0D;
The airplane was destroyed due to a post impact fire that started forward of the firewall. The pilot reported that there were no preaccident mechanical failures or malfunctions with the airplane that would have precluded normal operation. The pilot further reported that the accident could have been prevented by maintaining a higher altitude to avoid objects.",The pilot's failure to maintain clearance from a fence cable guy-line during low-level maneuvering over a river.,"Personnel issues - Action/decision - Action - Incorrect action selection - Pilot, Personnel issues - Psychological - Attention/monitoring - Monitoring environment - Pilot, Environmental issues - Physical environment - Object/animal/substance - Wire - Effect on equipment"," According to the pilot, while conducting a low-level flight over a river, and upon attempting a low-level pass over a riverbed sand bar in his tail wheel-equipped airplane, he did not see a high-water fence cable guy-line above the riverbed. The airplane’s main landing gear impacted the cable guy-line, and the airplane subsequently impacted the sand bar. The airplane came to rest upright, and the pilot and the passenger were able to egress from the airplane without further incident.&#x0D;
The airplane was destroyed due to a post impact fire that started forward of the firewall. The pilot reported that there were no preaccident mechanical failures or malfunctions with the airplane that would have precluded normal operation. The pilot further reported that the accident could have been prevented by maintaining a higher altitude to avoid objects. The pilot's failure to maintain clearance from a fence cable guy-line during low-level maneuvering over a river. Personnel issues - Action/decision - Action - Incorrect action selection - Pilot, Personnel issues - Psychological - Attention/monitoring - Monitoring environment - Pilot, Environmental issues - Physical environment - Object/animal/substance - Wire - Effect on equipment",False,False,False,False,True,True,False,True,False,False,20.00,1126,40.0,2026-04-03 04:05:44.570293+00:00
1103,202186,CEN26LA065,2025-12-19,2025,12,Fort Worth,TEXAS,United States,32.748400,,,,BELL HELICOPTER TEXTRON CANADA,505,BELL HELICOPTER TEXTRON CANADA,505,BELL HELICOPTER TEXTRON CANADA 505,HELI,N505TZ,65012,False,1.0,,091,,INST,BELL TEXTRON INC,None,1,Minor,0,0,2,2,,,False,,In work,,,,,   ,False,False,False,False,False,False,False,False,False,False,7.00,1127,41.0,2026-04-03 04:05:44.570293+00:00
1161,202334,DCA26WA101,2025-12-19,2025,12,Mexico City,OTHER FOREIGN,Mexico,,,,,BOEING,737,BOEING,737,BOEING 737,AIR,XA-VDM,,False,,,129,,,Grupo Aereo Monterrey,Minor,2,None,0,0,0,0,,,False,,N/A,,,,,   ,False,False,False,False,False,False,False,False,False,False,6.00,1128,42.0,2026-04-03 04:05:44.570293+00:00
1087,202158,WPR26LA057,2025-12-13,2025,12,Carson City,NEVADA,United States,39.192269,,CXP,CARSON CITY,PORTO,Risen SV,PORTO,Risen SV,PORTO RISEN,AIR,N817D,46,True,1.0,REC,091,NSCH,FLTS,,Substantial,3,None,0,0,0,0,VMC,VMC,False,DirectorBrief,Completed,,"The pilot was conducting a maintenance test flight and had conducted several landings, all of which were uneventful. During the final approach to land, he thought he had lowered the landing gear but did not confirm whether the gear-down advisory lights were illuminated. He subsequently landed the airplane with the landing gear retracted, which resulted in substantial damage to the lower fuselage composite structure.  &#x0D;
The pilot reported no pre-accident mechanical failures or malfunctions with the airplane that would have precluded normal operation. The pilot added that the LED gear-down advisory lights were not very bright and that sunlight made them difficult to see.",The pilot's failure to extend the landing gear prior to landing.,"Personnel issues - Action/decision - Action - Forgotten action/omission - Pilot, Aircraft - Aircraft systems - Landing gear system - Gear extension and retract sys - Not used/operated, Personnel issues - Task performance - Use of equip/info - Use of equip/system - Pilot"," The pilot was conducting a maintenance test flight and had conducted several landings, all of which were uneventful. During the final approach to land, he thought he had lowered the landing gear but did not confirm whether the gear-down advisory lights were illuminated. He subsequently landed the airplane with the landing gear retracted, which resulted in substantial damage to the lower fuselage composite structure.  &#x0D;
The pilot reported no pre-accident mechanical failures or malfunctions with the airplane that would have precluded normal operation. The pilot added that the LED gear-down advisory lights were not very bright and that sunlight made them difficult to see. The pilot's failure to extend the landing gear prior to landing. Personnel issues - Action/decision - Action - Forgotten action/omission - Pilot, Aircraft - Aircraft systems - Landing gear system - Gear extension and retract sys - Not used/operated, Personnel issues - Task performance - Use of equip/info - Use of equip/system - Pilot",False,False,False,False,True,True,False,False,True,False,9.00,1148,62.0,2026-04-03 04:05:44.570293+00:00
1099,202182,WPR26MA063,2025-12-18,2025,12,Statesville,NORTH CAROLINA,United States,35.763788,,SVH,STATESVILLE RGNL,CESSNA,550,CESSNA,550,CESSNA 550,AIR,N257BW,5500283,False,2.0,,091,,PERS,GB AVIATION LEASING LLC,Substantial,3,Fatal,7,0,0,7,IMC,IMC,False,,In work,,,,,   ,False,False,False,False,False,False,False,False,False,False,56.00,1130,44.0,2026-04-03 04:05:44.570293+00:00
1102,202185,ERA26LA070,2025-12-17,2025,12,Nashua,NEW HAMPSHIRE,United States,42.783934,,ASH,BOIRE FLD,HOLTAWAY ROBERT F,VELOCITY V-TWIN,HOLTAWAY ROBERT F,VELOCITY V-TWIN,HOLTAWAY ROBERT F VELOCITY,AIR,N22EU,VT005,True,2.0,,091,,PERS,TEAM FLYER LLC,Substantial,3,Minor,0,0,1,1,VMC,VMC,False,,In work,,,,,   ,False,False,False,False,False,False,False,False,False,False,13.00,1131,45.0,2026-04-03 04:05:44.570293+00:00
1098,202178,CEN26FA064,2025-12-17,2025,12,West Chicago,ILLINOIS,United States,41.905108,,DPA,DUPAGE,PIPER,PA-30,PIPER,PA-30,PIPER PA-30,AIR,N8693Y,30-1839,False,2.0,,091,,PERS,,Substantial,3,Fatal,2,0,0,2,VMC,VMC,False,,In work,,,,,   ,False,False,False,False,False,False,False,False,False,False,31.00,1132,46.0,2026-04-03 04:05:44.570293+00:00
1100,202183,WPR26LA064,2025-12-17,2025,12,Silver Springs,NEVADA,United States,39.410717,,SPZ,,MOONEY,M20J,MOONEY,M20J,MOONEY M20J,AIR,N87PM,24-1386,False,1.0,,091,,PERS,,Substantial,3,Serious,0,2,0,2,VMC,VMC,False,,In work,,,,,   ,False,False,False,False,False,False,False,False,False,False,17.00,1133,47.0,2026-04-03 04:05:44.570293+00:00
1123,202215,GAA26WA057,2025-12-17,2025,12,Mazarambroz,,Spain,,,,,LANCAIR,360,LANCAIR,360,LANCAIR 360,AIR,EC-XXD,22017-2959,False,1.0,REC,000,,PERS,,Substantial,3,Fatal,1,0,0,1,,,False,,N/A,,,,,   ,False,False,False,False,False,False,False,False,False,False,26.00,1134,48.0,2026-04-03 04:05:44.570293+00:00
1121,202210,GAA26WA056,2025-12-16,2025,12,Port Harcourt,OTHER FOREIGN,Nigeria,,,,,CESSNA,172,CESSNA,172,CESSNA 172,AIR,5N-ASR,,False,,,091,,,,Substantial,3,,0,0,0,0,,,False,,N/A,,,,,   ,False,False,False,False,False,False,False,False,False,False,9.00,1135,49.0,2026-04-03 04:05:44.570293+00:00
1112,202198,ERA26LA074,2025-12-16,2025,12,Fort Lauderdale,FLORIDA,United States,26.071667,,FXE,FORT LAUDERDALE EXEC,PIPER AIRCRAFT INC,PA-28-181,PIPER AIRCRAFT INC,PA-28-181,PIPER AIRCRAFT INC PA-28-181,AIR,N472A,2843744,False,1.0,,091,,INST,ARCHER AIRCRAFT LLC,Substantial,3,None,0,0,0,0,VMC,VMC,False,,In work,,,,,   ,False,False,False,False,False,False,False,False,False,False,9.00,1136,50.0,2026-04-03 04:05:44.570293+00:00
1058,202106,DCA26WA051,2025-12-03,2025,12,Región De Magallanes Y De La Antártica Chilena,OTHER FOREIGN,Chile,,,,,BAE,BAE146,BAE,BAE146,BAE BAE146,,CC-ARN,,False,,,000,NSCH,,Aerovias Dap,,0,None,0,0,0,0,,,False,,N/A,,,,,   ,False,False,False,False,False,False,False,False,False,False,0.00,1180,94.0,2026-04-03 04:05:44.570293+00:00
1108,202193,CEN26LA067,2025-12-16,2025,12,Denver,COLORADO,United States,39.784194,,CFO,Colorado Air and Space Port Airport,MARK O TREIDEL,American Ranger AR-1,MARK O TREIDEL,American Ranger AR-1,MARK O TREIDEL AMERICAN,GYRO,N529MW,0014,True,1.0,REC,091,,PERS,,Substantial,3,None,0,0,0,0,VMC,VMC,False,DirectorBrief,Completed,,"The pilot stated that it was a very windy day with winds above 20 mph and gusts to 30 mph when he attempted a takeoff in his gyroplane. He stated that during the takeoff roll with the pre-rotor engaged to 130 to140 RPM, he gently eased back on the cyclic and a gust of wind caught the rotors. He felt the rotor flap and then a bump. He immediately arrested the rotor flap and then continued the takeoff roll. When the gyroplane became airborne, he realized there was less rudder authority and returned to land at the departure airport without further incident. After landing, the pilot noticed that rudder had been damaged due to a rotor strike, which likely occurred when the rotor flapped during takeoff, resulting in substantial damage to the rudder. The pilot stated that he should have had the rotors pre-rotated to 160 RPM or greater prior to pulling back on the cyclic, and there were no preaccident mechanical malfunctions or failures of the gyroplane that would have precluded normal operation.",The pilot’s failure to attain rotor RPM and maintain proper rotor disc angle during takeoff which resulted in a rotor strike with the rudder.,Aircraft - Aircraft oper/perf/capability - Performance/control parameters - (general) - Not attained/maintained," The pilot stated that it was a very windy day with winds above 20 mph and gusts to 30 mph when he attempted a takeoff in his gyroplane. He stated that during the takeoff roll with the pre-rotor engaged to 130 to140 RPM, he gently eased back on the cyclic and a gust of wind caught the rotors. He felt the rotor flap and then a bump. He immediately arrested the rotor flap and then continued the takeoff roll. When the gyroplane became airborne, he realized there was less rudder authority and returned to land at the departure airport without further incident. After landing, the pilot noticed that rudder had been damaged due to a rotor strike, which likely occurred when the rotor flapped during takeoff, resulting in substantial damage to the rudder. The pilot stated that he should have had the rotors pre-rotated to 160 RPM or greater prior to pulling back on the cyclic, and there were no preaccident mechanical malfunctions or failures of the gyroplane that would have precluded normal operation. The pilot’s failure to attain rotor RPM and maintain proper rotor disc angle during takeoff which resulted in a rotor strike with the rudder. Aircraft - Aircraft oper/perf/capability - Performance/control parameters - (general) - Not attained/maintained",False,False,False,False,True,True,False,False,False,False,9.00,1137,51.0,2026-04-03 04:05:44.570293+00:00
1095,202172,CEN26LA063,2025-12-16,2025,12,Gonzales,LOUISIANA,United States,30.173063,,REG,Louisiana Regional,MOONEY,M20E,MOONEY,M20E,MOONEY M20E,AIR,N9081V,690015,False,1.0,REC,091,,PERS,,Substantial,3,Minor,0,0,2,2,VMC,VMC,False,DirectorBrief,Completed,,"The pilot and his safety pilot were conducting a proficiency flight for insurance purposes. According to the pilot, he began the landing flare too high and the airplane bounced when the main wheels touched down. The safety pilot reported that he monitored the pilot’s remedial action to the bounced landing. According to the safety pilot, the pilot increased airplane pitch but did not increase engine power which resulted in a second bounced landing. The safety pilot then took over the flight controls and advanced the throttle to maximum rpm. The safety pilot stated that he was unable to regain directional control and the airplane touched down a third time, veered left, passed through a fence, and impacted trees. The airplane sustained substantial damage to both wings, the fuselage, and the horizontal stabilizer. Both pilots reported that there were no mechanical malfunctions or failures with the airplane that would have precluded normal operation. Additionally, the safety pilot stated that the accident might have been prevented had he taken over controls and/or called for an aborted landing sooner.","The pilot’s improper pitch control that resulted in a hard landing, and his improper recovery from multiple bounced landings. Contributing to the accident was the safety pilot’s delayed response to the initial bounced landing which led to the runway excursion.","Personnel issues - Task performance - Use of equip/info - Aircraft control - Pilot, Aircraft - Aircraft oper/perf/capability - Performance/control parameters - Pitch control - Incorrect use/operation, Personnel issues - Action/decision - Action - Delayed action - Other"," The pilot and his safety pilot were conducting a proficiency flight for insurance purposes. According to the pilot, he began the landing flare too high and the airplane bounced when the main wheels touched down. The safety pilot reported that he monitored the pilot’s remedial action to the bounced landing. According to the safety pilot, the pilot increased airplane pitch but did not increase engine power which resulted in a second bounced landing. The safety pilot then took over the flight controls and advanced the throttle to maximum rpm. The safety pilot stated that he was unable to regain directional control and the airplane touched down a third time, veered left, passed through a fence, and impacted trees. The airplane sustained substantial damage to both wings, the fuselage, and the horizontal stabilizer. Both pilots reported that there were no mechanical malfunctions or failures with the airplane that would have precluded normal operation. Additionally, the safety pilot stated that the accident might have been prevented had he taken over controls and/or called for an aborted landing sooner. The pilot’s improper pitch control that resulted in a hard landing, and his improper recovery from multiple bounced landings. Contributing to the accident was the safety pilot’s delayed response to the initial bounced landing which led to the runway excursion. Personnel issues - Task performance - Use of equip/info - Aircraft control - Pilot, Aircraft - Aircraft oper/perf/capability - Performance/control parameters - Pitch control - Incorrect use/operation, Personnel issues - Action/decision - Action - Delayed action - Other",False,False,False,False,True,True,True,False,True,False,13.00,1138,52.0,2026-04-03 04:05:44.570293+00:00
1148,202257,GAA26WA062,2025-12-16,2025,12,Katanning,OTHER FOREIGN,Australia,,,,,LOCKHEED MARTIN,C-130H,LOCKHEED MARTIN,C-130H,LOCKHEED MARTIN C-130H,AIR,N382CG,382-4336,False,4.0,,129,,,CSC DELAWARE TRUST CO TRUSTEE,None,1,,0,0,0,0,,,False,,N/A,,,,,   ,False,False,False,False,False,False,False,False,False,False,3.00,1139,53.0,2026-04-03 04:05:44.570293+00:00
1092,202166,GAA26WA052,2025-12-15,2025,12,Toluca,OTHER FOREIGN,Mexico,19.304442,,TLC,Toluca Airport,CESSNA,650,CESSNA,650,CESSNA 650,AIR,XA-PRO,650-0032,False,2.0,,000,,,,Destroyed,4,Fatal,10,0,0,10,,,False,,N/A,,,,,   ,False,False,False,False,False,False,False,False,False,False,74.00,1140,54.0,2026-04-03 04:05:44.570293+00:00
1096,202173,WPR26LA060,2025-12-15,2025,12,Tracy,CALIFORNIA,United States,37.692888,,TCY,Tracy Municipal,BEECHCRAFT CORP,G36,BEECHCRAFT CORP,G36,BEECHCRAFT CORP G36,AIR,N360FV,E-4035,False,1.0,,091,,PERS,,Substantial,3,Minor,0,0,1,1,IMC,IMC,False,,In work,,,,,   ,False,False,False,False,False,False,False,False,False,False,13.00,1141,55.0,2026-04-03 04:05:44.570293+00:00
1085,202155,GAA26WA050,2025-12-15,2025,12,Waterford,,Ireland,,,EIWF,,CESSNA,172,CESSNA,172,CESSNA 172,AIR,EI-DDX,172S8313,False,1.0,REC,000,,,,Substantial,3,None,0,0,0,0,,,False,,N/A,,,,,   ,False,False,False,False,False,False,False,False,False,False,9.00,1142,56.0,2026-04-03 04:05:44.570293+00:00
1075,202141,DCA26WA067,2025-12-08,2025,12,Barquisimeto,,Venezuela,10.046300,,SVBM,Jacinto Lara International Airport,BOEING,737,BOEING,737,BOEING 737,AIR,YV3063,,False,2.0,TF,000,,,,None,1,,0,0,0,0,,,False,,N/A,,,,,   ,False,False,False,False,False,False,False,False,False,False,3.00,1171,85.0,2026-04-03 04:05:44.570293+00:00
1097,202177,WPR26LA062,2025-12-15,2025,12,Las Vegas,NEVADA,United States,36.134057,,NV86,,BELL,407,BELL,407,BELL 407,HELI,N404LL,53446,False,1.0,TS,135,NSCH,BUS,Air Methods LLC,Substantial,3,None,0,0,0,0,VMC,VMC,False,DirectorBrief,Completed,,"The aircrew conducted an air medical flight and landed at a hospital, received a patient from the hospital, and flew the patient to a different medical facility. During the post-flight inspection of the helicopter following the second flight, a dent was found in the vertical stabilizer, and a dent was found in one of the tail rotor blades, which was substantial damage. The time and source of the damage was not determined.",Tail rotor blade impact from an unidentified object at an undetermined time.,"Not determined - Not determined - (general) - (general) - Unknown/Not determined, Aircraft - Aircraft propeller/rotor - Tail rotor - Tail rotor blade - Damaged/degraded"," The aircrew conducted an air medical flight and landed at a hospital, received a patient from the hospital, and flew the patient to a different medical facility. During the post-flight inspection of the helicopter following the second flight, a dent was found in the vertical stabilizer, and a dent was found in one of the tail rotor blades, which was substantial damage. The time and source of the damage was not determined. Tail rotor blade impact from an unidentified object at an undetermined time. Not determined - Not determined - (general) - (general) - Unknown/Not determined, Aircraft - Aircraft propeller/rotor - Tail rotor - Tail rotor blade - Damaged/degraded",False,False,False,False,False,False,False,False,False,False,9.00,1143,57.0,2026-04-03 04:05:44.570293+00:00
1079,202148,GAA26WA047,2025-12-11,2025,12,Trinidad,OTHER FOREIGN,Bolivia,,,,,CESSNA,172,CESSNA,172,CESSNA 172,AIR,CP-2959,,False,,,000,,,,Substantial,3,Minor,0,0,1,1,,,False,,N/A,,,,,   ,False,False,False,False,False,False,False,False,False,False,13.00,1161,75.0,2026-04-03 04:05:44.570293+00:00
1083,202153,GAA26WA049,2025-12-12,2025,12,Lake Mavrovo,OTHER FOREIGN,Macedonia,41.683333,,,,PIPER,PA-28-160,PIPER,PA-28-160,PIPER PA-28-160,AIR,N5005W,28-6,False,1.0,REC,000,,PERS,,Unknown,0,Minor,0,0,2,2,,,False,,N/A,,,,,   ,False,False,False,False,False,False,False,False,False,False,4.00,1154,68.0,2026-04-03 04:05:44.570293+00:00
1088,202160,DCA26WA071,2025-12-12,2025,12,Soledad,,Colombia,10.886801,,SKBQ,Ernesto Cortissoz Barranquilla International Airport,BOEING,727,BOEING,727,BOEING 727,AIR,HK5216,21996,False,3.0,,000,SCHD,,Aerosucre,Minor,2,None,0,0,0,0,VMC,VMC,False,,N/A,,,,,   ,False,False,False,False,False,False,False,False,False,False,6.00,1155,69.0,2026-04-03 04:05:44.570293+00:00
1163,202345,GAA26WA081,2025-12-12,2025,12,Bibi,OTHER FOREIGN,Japan,,,,,GULFSTREAM,G-VSP,GULFSTREAM,G-VSP,GULFSTREAM G-VSP,AIR,VH-PFL,,False,,,000,,,,Minor,2,,0,0,0,0,,,False,,N/A,,,,,   ,False,False,False,False,False,False,False,False,False,False,6.00,1156,70.0,2026-04-03 04:05:44.570293+00:00
1078,202145,ERA26LA066,2025-12-11,2025,12,Pell City,ALABAMA,United States,33.569128,,,,CESSNA,TU206,CESSNA,TU206,CESSNA TU206,AIR,N917WC,U20602032,False,1.0,,091,,AOBV,BARR AIR PATROL LLC,Substantial,3,Minor,0,0,1,1,VMC,VMC,False,,In work,,,,,   ,False,False,False,False,False,False,False,False,False,False,13.00,1157,71.0,2026-04-03 04:05:44.570293+00:00
1168,202557,DCA26WA138,2025-12-11,2025,12,Hakodate,OTHER FOREIGN,Japan,41.770000,,,,ATR,ATR42,ATR,ATR42,ATR ATR42,AIR,JA14HC,,False,2.0,,000,SCHD,,,None,1,None,0,0,0,0,,,False,,N/A,,,,,   ,False,False,False,False,False,False,False,False,False,False,3.00,1158,72.0,2026-04-03 04:05:44.570293+00:00
1074,202138,CEN26LA058,2025-12-10,2025,12,Conroe,TEXAS,United States,30.353396,,CXO,CONROE/NORTH HOUSTON RGNL,PIPER,PA28,PIPER,PA28,PIPER PA28,AIR,N6058F,28020150,False,1.0,REC,091,,INST,AMERIFLYERS OF TEXAS INC,Substantial,3,None,0,0,0,0,IMC,IMC,False,DirectorBrief,Completed,,"The student pilot was performing a takeoff and during the takeoff roll, the flight instructor saw a deer run onto the runway from right to left. While attempting to avoid the first deer, a second deer collided with the airplane. The deer was struck by the propeller and damaged the left main landing gear. The left main landing gear collapsed, and the airplane skidded to a stop. The airplane sustained substantial damage to the left wing.",The collision with a deer during takeoff.,Environmental issues - Physical environment - Object/animal/substance - Animal(s)/bird(s) - Ability to respond/compensate," The student pilot was performing a takeoff and during the takeoff roll, the flight instructor saw a deer run onto the runway from right to left. While attempting to avoid the first deer, a second deer collided with the airplane. The deer was struck by the propeller and damaged the left main landing gear. The left main landing gear collapsed, and the airplane skidded to a stop. The airplane sustained substantial damage to the left wing. The collision with a deer during takeoff. Environmental issues - Physical environment - Object/animal/substance - Animal(s)/bird(s) - Ability to respond/compensate",False,False,False,False,True,False,False,False,False,False,9.00,1164,78.0,2026-04-03 04:05:44.570293+00:00
1089,202162,WPR26LA059,2025-12-14,2025,12,Phoenix,ARIZONA,United States,33.688306,,DVT,Phoenix Deer Valley Airport,"WACO, CIRRUS","RNF, SR20","WACO, CIRRUS","RNF, SR20","WACO, CIRRUS RNF,","AIR, AIR","N110Y, N506AV","3298, 9469",,,"REC, REC",091,,"PERS, INST",WESTWIND SCHOOL OF AERONAUTICS PHOENIX LLC DBA,"Substantial, Substantial",0,None,0,0,0,0,VMC,VMC,False,DirectorBrief,Completed,,"The pilot of the tailwheel equipped biplane reported that while taxiing behind a low-wing airplane, he was performing s-turns to improve forward visibility. During the s-turns, the pilot momentarily lost sight of the low-wing airplane, and when he regained sight of it, he realized it had stopped. The pilot applied full right rudder and braking to avoid a collision; however, the biplane’s upper left wing struck the low-wing airplane’s rudder. During the collision sequence, the biplane’s propeller struck the low-wing airplane’s horizontal stabilizer and elevator. The biplane sustained substantial damage to the upper left wing, and the low-wing airplane sustained substantial damage to the empennage. The pilots of both airplanes reported that there were no preaccident mechanical malfunctions or failures with their airplanes that would have precluded normal operation.",The biplane pilot’s failure to maintain adequate clearance from the low-wing airplane while taxiing.,"Personnel issues - Psychological - Attention/monitoring - Monitoring other aircraft - Pilot, Environmental issues - Task environment - Physical workspace - Visibility - Contributed to outcome"," The pilot of the tailwheel equipped biplane reported that while taxiing behind a low-wing airplane, he was performing s-turns to improve forward visibility. During the s-turns, the pilot momentarily lost sight of the low-wing airplane, and when he regained sight of it, he realized it had stopped. The pilot applied full right rudder and braking to avoid a collision; however, the biplane’s upper left wing struck the low-wing airplane’s rudder. During the collision sequence, the biplane’s propeller struck the low-wing airplane’s horizontal stabilizer and elevator. The biplane sustained substantial damage to the upper left wing, and the low-wing airplane sustained substantial damage to the empennage. The pilots of both airplanes reported that there were no preaccident mechanical malfunctions or failures with their airplanes that would have precluded normal operation. The biplane pilot’s failure to maintain adequate clearance from the low-wing airplane while taxiing. Personnel issues - Psychological - Attention/monitoring - Monitoring other aircraft - Pilot, Environmental issues - Task environment - Physical workspace - Visibility - Contributed to outcome",False,False,False,False,True,True,False,False,False,False,0.00,1144,58.0,2026-04-03 04:05:44.570293+00:00
1093,202167,CEN26LA061,2025-12-13,2025,12,Divot,TEXAS,United States,28.796944,,PVT,,BELL TEXTRON CANADA LTD,505,BELL TEXTRON CANADA LTD,505,BELL TEXTRON CANADA LTD 505,HELI,N865S,65428,False,1.0,,091,,PERS,B&H EQUIPMENT RENTAL LLC,Substantial,3,Serious,0,1,1,2,VMC,VMC,False,,In work,,,,,   ,False,False,False,False,False,False,False,False,False,False,17.00,1145,59.0,2026-04-03 04:05:44.570293+00:00
1142,202241,CEN26LA073,2025-12-13,2025,12,Stroud,OKLAHOMA,United States,35.789583,,SUD,Stroud Municipal Airport,ROCKWELL INTERNATIONAL,114,ROCKWELL INTERNATIONAL,114,ROCKWELL INTERNATIONAL 114,AIR,N5879N,14424,False,1.0,REC,091,,PERS,,Substantial,3,Minor,0,0,1,1,VMC,VMC,False,DirectorBrief,Completed,,"The pilot reported that he contacted air traffic control (ATC) and told them that he had an emergency fuel situation. ATC diverted him to the closest airport. The pilot landed the airplane short of the runway, the landing gear collapsed, the airplane skidded across the runway threshold, and came to rest on the runway. The fuselage and left wing were substantially damaged.&#x0D;
A postaccident inspection revealed that both the left and right wing fuel tanks were empty. Neither fuel tank was compromised. The pilot stated that he recently purchased the airplane and he was surprised that it burned more fuel than he anticipated. The pilot reported that there were no preaccident mechanical failures or malfunctions with the airplane that would have precluded normal operation.","The pilot’s inadequate fuel planning, which resulted in a total loss of power due to fuel exhaustion.","Personnel issues - Task performance - Planning/preparation - Fuel planning - Pilot, Aircraft - Fluids/misc hardware - Fluids - Fuel - Fluid level, Environmental issues - Physical environment - Terrain - Rough terrain - Contributed to outcome"," The pilot reported that he contacted air traffic control (ATC) and told them that he had an emergency fuel situation. ATC diverted him to the closest airport. The pilot landed the airplane short of the runway, the landing gear collapsed, the airplane skidded across the runway threshold, and came to rest on the runway. The fuselage and left wing were substantially damaged.&#x0D;
A postaccident inspection revealed that both the left and right wing fuel tanks were empty. Neither fuel tank was compromised. The pilot stated that he recently purchased the airplane and he was surprised that it burned more fuel than he anticipated. The pilot reported that there were no preaccident mechanical failures or malfunctions with the airplane that would have precluded normal operation. The pilot’s inadequate fuel planning, which resulted in a total loss of power due to fuel exhaustion. Personnel issues - Task performance - Planning/preparation - Fuel planning - Pilot, Aircraft - Fluids/misc hardware - Fluids - Fuel - Fluid level, Environmental issues - Physical environment - Terrain - Rough terrain - Contributed to outcome",False,True,False,False,True,True,False,False,True,False,13.00,1146,60.0,2026-04-03 04:05:44.570293+00:00
1080,202150,ERA26FA067,2025-12-13,2025,12,Irvington,ALABAMA,United States,30.449245,,5R7,ROY E RAY,AMERICAN CHAMPION AIRCRAFT,8KCAB,AMERICAN CHAMPION AIRCRAFT,8KCAB,AMERICAN CHAMPION AIRCRAFT 8KCAB,AIR,N157WB,1139-2014,False,1.0,,091,,PERS,,Substantial,3,Fatal,1,0,0,1,VMC,VMC,False,,In work,,,,,   ,False,False,False,False,False,False,False,False,False,False,26.00,1147,61.0,2026-04-03 04:05:44.570293+00:00
1081,202151,GAA26WA048,2025-12-13,2025,12,Serakseevo Township,OTHER FOREIGN,Russia,,,,,CESSNA,172N,CESSNA,172N,CESSNA 172N,AIR,RA-67438,,False,,,000,,PERS,,Destroyed,4,Minor,0,0,1,1,,,False,,N/A,,,,,   ,False,False,False,False,False,False,False,False,False,False,16.00,1149,63.0,2026-04-03 04:05:44.570293+00:00
1086,202156,ANC26LA008,2025-12-12,2025,12,Palmer,ALASKA,United States,61.588913,,PAQ,Palmer Municipal Airport,CESSNA,172M,CESSNA,172M,CESSNA 172M,AIR,N20305,17261176,False,1.0,,091,,INST,,Substantial,3,None,0,0,0,0,VMC,VMC,False,,In work,,,,,   ,False,False,False,False,False,False,False,False,False,False,9.00,1151,65.0,2026-04-03 04:05:44.570293+00:00
1084,202154,CEN26LA060,2025-12-12,2025,12,Cresson,TEXAS,United States,32.581833,,50F,,Sonerai,II,SONERAI,II,SONERAI II,AIR,N28MD,141,True,1.0,,091,,PERS,,Substantial,3,Serious,0,1,0,1,VMC,VMC,False,,In work,,,,,   ,False,False,False,False,False,False,False,False,False,False,17.00,1152,66.0,2026-04-03 04:05:44.570293+00:00
1162,202342,CEN25LA407,2025-08-26,2025,8,Maryville,MISSOURI,United States,40.353291,,EVU,Northwest Missouri Regional,CESSNA,414,CESSNA,414,CESSNA 414,AIR,N1668T,414-0461,False,2.0,REC,091,,PERS,,Substantial,3,None,0,0,0,0,VMC,VMC,False,DirectorBrief,Completed,,"The pilot stated that during landing rollout, he felt the airplane wobble. When he applied the brakes, the left main landing gear collapsed. The airplane veered left off the runway and went down a grassy embankment where it came to rest. The airplane sustained substantial damage to the left aileron and a left outboard wing spar.&#x0D;
A postaccident examination of the airplane revealed that the retract bellcrank on the left landing gear lower fork assembly fractured. The pilot reported that the landing gear was serviced during an annual inspection and the accident flight was the third flight after the landing gear was serviced.",The left landing gear collapsed on landing rollout due to a fractured retract bellcrank on the left landing gear lower fork assembly.,Aircraft - Aircraft systems - Landing gear system - Main landing gear - Failure," The pilot stated that during landing rollout, he felt the airplane wobble. When he applied the brakes, the left main landing gear collapsed. The airplane veered left off the runway and went down a grassy embankment where it came to rest. The airplane sustained substantial damage to the left aileron and a left outboard wing spar.&#x0D;
A postaccident examination of the airplane revealed that the retract bellcrank on the left landing gear lower fork assembly fractured. The pilot reported that the landing gear was serviced during an annual inspection and the accident flight was the third flight after the landing gear was serviced. The left landing gear collapsed on landing rollout due to a fractured retract bellcrank on the left landing gear lower fork assembly. Aircraft - Aircraft systems - Landing gear system - Main landing gear - Failure",False,False,False,False,True,False,True,False,True,False,9.00,1587,133.0,2026-04-03 04:05:44.570293+00:00
1082,202152,ERA26LA068,2025-12-11,2025,12,Fort Pierce,FLORIDA,United States,27.488684,,FPR,TREASURE COAST INTL,PIPER,PA-28-181,PIPER,PA-28-181,PIPER PA-28-181,AIR,N620AC,2843755,False,1.0,,091,,PERS,ARI BEN AVIATOR INC,Substantial,3,None,0,0,0,0,VMC,VMC,False,,In work,,,,,   ,False,False,False,False,False,False,False,False,False,False,9.00,1159,73.0,2026-04-03 04:05:44.570293+00:00
1076,202143,WPR26LA055,2025-12-09,2025,12,Eureka,MONTANA,United States,48.968479,,88M,EUREKA,MAULE,M-5-210C,MAULE,M-5-210C,MAULE M-5-210C,AIR,N339X,6151,False,1.0,REC,091,NSCH,FERY,,Substantial,3,None,0,0,0,0,VMC,VMC,False,DirectorBrief,Completed,,"The pilot reported that upon landing in the tailwheel-equipped airplane, it encountered a crosswind. The right wing lifted, and the left wing dropped and struck the runway, contacting the asphalt surface. The pilot reported that he did not apply appropriate crosswind control inputs during landing. The airplane subsequently ground looped and exited the runway, resulting in substantial damage to the left wing and aileron. &#x0D;
The pilot reported no pre-accident mechanical failures or malfunctions that would have precluded normal operation. At the time of the accident, the pilot was landing on runway 19 with light and variable wind at 5 knots. &#x0D;
The pilot added that the accident flight was his first flight in about 7 years, but could not remember exactly when his last flight was.",The pilot’s failure to maintain directional control during landing in crosswind conditions.  Contributing to the accident was the pilot's lack of recent flight experience.,"Aircraft - Aircraft oper/perf/capability - Performance/control parameters - Directional control - Not attained/maintained, Personnel issues - Task performance - Use of equip/info - Use of equip/system - Pilot, Personnel issues - Experience/knowledge - Experience/qualifications - Recent experience - Pilot"," The pilot reported that upon landing in the tailwheel-equipped airplane, it encountered a crosswind. The right wing lifted, and the left wing dropped and struck the runway, contacting the asphalt surface. The pilot reported that he did not apply appropriate crosswind control inputs during landing. The airplane subsequently ground looped and exited the runway, resulting in substantial damage to the left wing and aileron. &#x0D;
The pilot reported no pre-accident mechanical failures or malfunctions that would have precluded normal operation. At the time of the accident, the pilot was landing on runway 19 with light and variable wind at 5 knots. &#x0D;
The pilot added that the accident flight was his first flight in about 7 years, but could not remember exactly when his last flight was. The pilot’s failure to maintain directional control during landing in crosswind conditions.  Contributing to the accident was the pilot's lack of recent flight experience. Aircraft - Aircraft oper/perf/capability - Performance/control parameters - Directional control - Not attained/maintained, Personnel issues - Task performance - Use of equip/info - Use of equip/system - Pilot, Personnel issues - Experience/knowledge - Experience/qualifications - Recent experience - Pilot",False,False,False,False,True,True,False,False,False,False,9.00,1165,79.0,2026-04-03 04:05:44.570293+00:00
1073,202132,ERA26LA065,2025-12-09,2025,12,Cocoa,FLORIDA,United States,28.367694,,,,BEECH,95-C55,BEECH,95-C55,BEECH 95-C55,AIR,N95KC,TE-203,False,2.0,,091,,INST,,Substantial,3,Minor,0,0,1,0,,,False,,In work,,,,,   ,False,False,False,False,False,False,False,False,False,False,13.00,1166,80.0,2026-04-03 04:05:44.570293+00:00
1111,202197,DCA26WA076,2025-12-08,2025,12,Leeds,OTHER FOREIGN,United Kingdom,,,,,BOEING,737,BOEING,737,BOEING 737,AIR,G-JZHT,,False,,,129,,,Jet2 Airlines,Substantial,3,,0,0,0,0,,,False,,N/A,,,,,   ,False,False,False,False,False,False,False,False,False,False,9.00,1167,81.0,2026-04-03 04:05:44.570293+00:00
1070,202129,ERA26LA063,2025-12-08,2025,12,Deland,FLORIDA,United States,29.067031,,DED,DeLand Municipal Airport,CESSNA,172,CESSNA,172,CESSNA 172,AIR,N64859,17275636,False,1.0,,091,,INST,,Substantial,3,Serious,0,1,1,2,,,False,,In work,,,,,   ,False,False,False,False,False,False,False,False,False,False,17.00,1168,82.0,2026-04-03 04:05:44.570293+00:00
1094,202171,DCA26WA075,2025-12-08,2025,12,Balice,,Poland,,,,,BOEING,737,BOEING,737,BOEING 737,,9H-VUE,,False,,,000,SCHD,,Malta Air,,0,,0,0,0,0,,,False,,N/A,,,,,   ,False,False,False,False,False,False,False,False,False,False,0.00,1169,83.0,2026-04-03 04:05:44.570293+00:00
1077,202144,WPR26LA056,2025-12-08,2025,12,Lake Havasu City,ARIZONA,United States,34.528889,,49x,Chemehuevi Valley,ROTORWAY,EXEC,ROTORWAY,EXEC,ROTORWAY EXEC,HELI,C-GBZD,6614,True,1.0,REC,091,,PERS,,Substantial,3,None,0,0,0,0,VMC,VMC,False,DirectorBrief,Completed,,"The pilot/owner of an amateur-built helicopter reported that, while transitioning through translational lift for landing at about 30 ft above ground level with near-zero forward airspeed, the engine experienced a loss of power. The pilot/owner attempted to perform an autorotative landing by increasing collective and applying left pedal, and the helicopter subsequently experienced a hard landing, bounced, and came to rest on the edge of the runway at an 45° angle. The helicopter then rocked backward, resulting in substantial damage to the tailboom and tail rotor blades. &#x0D;
The pilot’s post-accident examination of the engine revealed that it started normally during a test run; however, the engine would not accelerate above idle power. Further examination determined that the throttle cable was disconnected due to a missing retaining nut. The pilot reported that he had installed a nyloc self-locking nut, but the bolt threads did not extend sufficiently into the nut to engage the nylon insert and secure the nut. As a result, the nut separated in flight, which allowed the throttle to move to the idle position and resulted in a loss of engine power.","The pilot’s improper securing hardware installation, which resulted in a loss of throttle control and a loss of engine power.","Aircraft - Aircraft power plant - Engine fuel and control - Fuel control/carburetor - Incorrect service/maintenance, Personnel issues - Task performance - Maintenance - Modification/alteration - Owner/builder, Personnel issues - Task performance - (general) - (general) - Pilot, Aircraft - Aircraft power plant - Engine fuel and control - (general) - Failure"," The pilot/owner of an amateur-built helicopter reported that, while transitioning through translational lift for landing at about 30 ft above ground level with near-zero forward airspeed, the engine experienced a loss of power. The pilot/owner attempted to perform an autorotative landing by increasing collective and applying left pedal, and the helicopter subsequently experienced a hard landing, bounced, and came to rest on the edge of the runway at an 45° angle. The helicopter then rocked backward, resulting in substantial damage to the tailboom and tail rotor blades. &#x0D;
The pilot’s post-accident examination of the engine revealed that it started normally during a test run; however, the engine would not accelerate above idle power. Further examination determined that the throttle cable was disconnected due to a missing retaining nut. The pilot reported that he had installed a nyloc self-locking nut, but the bolt threads did not extend sufficiently into the nut to engage the nylon insert and secure the nut. As a result, the nut separated in flight, which allowed the throttle to move to the idle position and resulted in a loss of engine power. The pilot’s improper securing hardware installation, which resulted in a loss of throttle control and a loss of engine power. Aircraft - Aircraft power plant - Engine fuel and control - Fuel control/carburetor - Incorrect service/maintenance, Personnel issues - Task performance - Maintenance - Modification/alteration - Owner/builder, Personnel issues - Task performance - (general) - (general) - Pilot, Aircraft - Aircraft power plant - Engine fuel and control - (general) - Failure",False,False,False,False,False,True,False,False,False,False,9.00,1170,84.0,2026-04-03 04:05:44.570293+00:00
1072,202131,ERA26LA064,2025-12-07,2025,12,Blue Bell,PENNSYLVANIA,United States,40.136757,,LOM,Wings Field Airport,CIRRUS DESIGN CORP,SR22,CIRRUS DESIGN CORP,SR22,CIRRUS DESIGN CORP SR22,AIR,N19SK,10862,False,1.0,,091,,PERS,EAGLE CAPITAL HOLDINGS LLC,Substantial,3,None,0,0,0,0,,,False,,In work,,,,,   ,False,False,False,False,False,False,False,False,False,False,9.00,1172,86.0,2026-04-03 04:05:44.570293+00:00
1065,202124,ERA26LA062,2025-12-07,2025,12,Pensacola,FLORIDA,United States,30.477163,,PNS,PENSACOLA INTL,CESSNA,172M,CESSNA,172M,CESSNA 172M,AIR,N6542H,17265482,False,1.0,,091,,PERS,OWENS FLIGHT TRAINING LLC,Substantial,3,Minor,0,0,4,4,IMC,IMC,False,,In work,,,,,   ,False,False,False,False,False,False,False,False,False,False,13.00,1173,87.0,2026-04-03 04:05:44.570293+00:00
1158,202280,GAA26WA069,2025-12-07,2025,12,Boca De Mao,OTHER FOREIGN,Dominican Republic,,,,,CESSNA,A188,CESSNA,A188,CESSNA A188,AIR,HI799,,False,,,000,,,,Substantial,3,None,0,0,0,0,,,False,,N/A,,,,,   ,False,False,False,False,False,False,False,False,False,False,9.00,1174,88.0,2026-04-03 04:05:44.570293+00:00
1090,202163,DCA26WA072,2025-12-06,2025,12,Bogotá,,Colombia,4.702321,,,,BOEING,727,BOEING,727,BOEING 727,AIR,HK5216,21996,False,3.0,,000,SCHD,,Aerosucre,None,1,None,0,0,0,0,,,False,,N/A,,,,,   ,False,False,False,False,False,False,False,False,False,False,3.00,1175,89.0,2026-04-03 04:05:44.570293+00:00
1068,202127,CEN26LA057,2025-12-06,2025,12,Weatherford,OKLAHOMA,United States,35.545806,,OJA,Weatherford Stafford Airport,ZENITH STOL,CH701,ZENITH STOL,CH701,ZENITH STOL CH701,AIR,N701SA,7-6054,True,1.0,REC,091,,PERS,,Substantial,3,None,0,0,0,0,VMC,VMC,False,DirectorBrief,Completed,,"The pilot diverted to an alternate airport due to foggy weather along his route of flight. The pilot stated that while descending to land, the weather was getting worse and he wanted to get on the ground quickly. While landing on runway 35, the airplane dropped from about 20 ft above ground level and the left landing gear hit first. The pilot was unable to maintain control, and the airplane nosed over which resulted in substantial damage to the fuselage, vertical stabilizer, rudder, and wings. The pilot stated the accident could have been prevented by noting the windsock direction and wind speed and that he would never rush a landing again.&#x0D;
The pilot reported that there were no preaccident mechanical malfunctions or failures with the airplane that would have precluded normal operation. &#x0D;
Weather reports indicated that the pilot landed the airplane with a 10-knot right quartering tailwind.",The pilot’s improper landing flare which resulted in a hard landing. Contributing to the accident was the pilot being in a rush and failing to note the wind direction and speed.,"Personnel issues - Psychological - Attention/monitoring - Monitoring environment - Pilot, Personnel issues - Task performance - Use of equip/info - Aircraft control - Pilot, Aircraft - Aircraft oper/perf/capability - Performance/control parameters - Landing flare - Not attained/maintained, Personnel issues - Psychological - Mental/emotional state - (general) - Pilot, Environmental issues - Conditions/weather/phenomena - Wind - Tailwind - Awareness of condition"," The pilot diverted to an alternate airport due to foggy weather along his route of flight. The pilot stated that while descending to land, the weather was getting worse and he wanted to get on the ground quickly. While landing on runway 35, the airplane dropped from about 20 ft above ground level and the left landing gear hit first. The pilot was unable to maintain control, and the airplane nosed over which resulted in substantial damage to the fuselage, vertical stabilizer, rudder, and wings. The pilot stated the accident could have been prevented by noting the windsock direction and wind speed and that he would never rush a landing again.&#x0D;
The pilot reported that there were no preaccident mechanical malfunctions or failures with the airplane that would have precluded normal operation. &#x0D;
Weather reports indicated that the pilot landed the airplane with a 10-knot right quartering tailwind. The pilot’s improper landing flare which resulted in a hard landing. Contributing to the accident was the pilot being in a rush and failing to note the wind direction and speed. Personnel issues - Psychological - Attention/monitoring - Monitoring environment - Pilot, Personnel issues - Task performance - Use of equip/info - Aircraft control - Pilot, Aircraft - Aircraft oper/perf/capability - Performance/control parameters - Landing flare - Not attained/maintained, Personnel issues - Psychological - Mental/emotional state - (general) - Pilot, Environmental issues - Conditions/weather/phenomena - Wind - Tailwind - Awareness of condition",False,False,False,False,True,True,False,False,True,False,9.00,1176,90.0,2026-04-03 04:05:44.570293+00:00
1066,202125,GAA26WA042,2025-12-06,2025,12,Maracaibo,OTHER FOREIGN,Venezuela,,,,,PIPER,PA32RT,PIPER,PA32RT,PIPER PA32RT,AIR,YV1560,,False,,,000,,PERS,,Substantial,3,None,0,0,0,0,,,False,,N/A,,,,,   ,False,False,False,False,False,False,False,False,False,False,9.00,1177,91.0,2026-04-03 04:05:44.570293+00:00
1061,202111,WPR26FA054,2025-12-05,2025,12,Pryor,OKLAHOMA,United States,36.221413,,,,HUGHES,369D,HUGHES,369D,HUGHES 369D,HELI,N161LA,711015D,False,1.0,,091,,AOBV,,Substantial,3,Fatal,1,0,0,1,VMC,VMC,False,,In work,,,,,   ,False,False,False,False,False,False,False,False,False,False,26.00,1178,92.0,2026-04-03 04:05:44.570293+00:00
1071,202130,GAA26WA045,2025-12-05,2025,12,Buenos Aires,OTHER FOREIGN,Argentina,,,,,ROBINSON,R44,ROBINSON,R44,ROBINSON R44,,LV-JKR,,False,,,,,,,,0,Minor,0,0,2,2,,,False,,N/A,,,,,   ,False,False,False,False,False,False,False,False,False,False,4.00,1179,93.0,2026-04-03 04:05:44.570293+00:00
1060,202109,ERA26LA061,2025-12-03,2025,12,Foley,ALABAMA,United States,30.427667,,1R8,BAY MINETTE MUNI,MOONEY AIRCRAFT CORP.,M20K,MOONEY AIRCRAFT CORP.,M20K,MOONEY AIRCRAFT CORP. M20K,AIR,N57229,25-0795,False,1.0,,091,,PERS,,Substantial,3,Minor,0,0,1,1,VMC,VMC,False,,In work,,,,,   ,False,False,False,False,False,False,False,False,False,False,13.00,1181,95.0,2026-04-03 04:05:44.570293+00:00
1054,202096,GAA26WA035,2025-12-02,2025,12,Chillagoe,,Australia,,,,,ROBINSON,R22,ROBINSON,R22,ROBINSON R22,,VH-HFQ,,False,,,,,,,,0,,0,0,0,0,,,False,,N/A,,,,,   ,False,False,False,False,False,False,False,False,False,False,0.00,1182,96.0,2026-04-03 04:05:44.570293+00:00
1062,202113,GAA26WA040,2025-12-01,2025,12,Rio Grande,OTHER FOREIGN,Argentina,,,,,BOEING,DC3C-S1C3G,BOEING,DC3C-S1C3G,BOEING DC3C-S1C3G,,LV-VYL,,False,,,000,,INST,,,0,None,0,0,0,0,,,False,,N/A,,,,,   ,False,False,False,False,False,False,False,False,False,False,0.00,1183,97.0,2026-04-03 04:05:44.570293+00:00
623,200918,CEN25LA356,2025-08-31,2025,8,Round Mountain,TEXAS,United States,30.343587,,TA22,MIRASOL HILLS,SIKORSKY AIRCRAFT CORP,S-76,SIKORSKY AIRCRAFT CORP,S-76,SIKORSKY AIRCRAFT CORP S-76,HELI,N36RP,761037,False,2.0,,135,NSCH,,Paradigm Helicopters LLC,Substantial,3,Serious,0,3,0,3,VMC,VMC,False,,In work,,,,,   ,False,False,False,False,False,False,False,False,False,False,17.00,1552,98.0,2026-04-03 04:05:44.570293+00:00
620,200914,CEN25LA353,2025-08-31,2025,8,Pittsfield,ILLINOIS,United States,39.638890,,PPQ,Pittsfield Penstone Municipal Airport,PIPER,PA-28-140,PIPER,PA-28-140,PIPER PA-28-140,AIR,N5714F,28-24928,False,1.0,REC,091,,INST,Piston Aviation,Substantial,3,None,0,0,0,0,VMC,VMC,False,DirectorBrief,Completed,,"The flight instructor and the pilot-receiving-instruction were conducting a night landing in visual meteorological conditions when upon touchdown a deer ran across the runway ahead of the airplane. They aborted the landing due to insufficient distance to slow the airplane and avoid the deer. Shortly after liftoff, a second deer attempted to cross the runway and struck the front left side of the airplane. Without sufficient runway remaining to land, the flight instructor continued with the takeoff, entered the traffic pattern, and made an uneventful landing. The flight instructor did not report any preimpact mechanical malfunctions or failures that would have precluded normal operation of the airplane. The airplane’s left wing sustained substantial damage where it struck the deer.&#x0D;
&#x0D;
The publicly owned airport does not have wildlife fencing installed to exclude deer and other mammals, nor is it required to. The FAA Airport/Facility Directory does include a remark for deer and migratory waterfowl on and in the vicinity of the airport. According to FAA CertAlert No. 16-03, Recommended Wildlife Exclusion Fencing, the installation of a 10-foot-high fence with 3-strand barbed wire outriggers is the best way of keeping deer out of aircraft movement areas.",The collision with a deer during the aborted landing in night visual meteorological conditions.,"Environmental issues - Physical environment - Object/animal/substance - Animal(s)/bird(s) - Ability to respond/compensate, Environmental issues - Physical environment - Object/animal/substance - Animal(s)/bird(s) - Effect on equipment, Environmental issues - Physical environment - Object/animal/substance - Animal(s)/bird(s) - Contributed to outcome"," The flight instructor and the pilot-receiving-instruction were conducting a night landing in visual meteorological conditions when upon touchdown a deer ran across the runway ahead of the airplane. They aborted the landing due to insufficient distance to slow the airplane and avoid the deer. Shortly after liftoff, a second deer attempted to cross the runway and struck the front left side of the airplane. Without sufficient runway remaining to land, the flight instructor continued with the takeoff, entered the traffic pattern, and made an uneventful landing. The flight instructor did not report any preimpact mechanical malfunctions or failures that would have precluded normal operation of the airplane. The airplane’s left wing sustained substantial damage where it struck the deer.&#x0D;
&#x0D;
The publicly owned airport does not have wildlife fencing installed to exclude deer and other mammals, nor is it required to. The FAA Airport/Facility Directory does include a remark for deer and migratory waterfowl on and in the vicinity of the airport. According to FAA CertAlert No. 16-03, Recommended Wildlife Exclusion Fencing, the installation of a 10-foot-high fence with 3-strand barbed wire outriggers is the best way of keeping deer out of aircraft movement areas. The collision with a deer during the aborted landing in night visual meteorological conditions. Environmental issues - Physical environment - Object/animal/substance - Animal(s)/bird(s) - Ability to respond/compensate, Environmental issues - Physical environment - Object/animal/substance - Animal(s)/bird(s) - Effect on equipment, Environmental issues - Physical environment - Object/animal/substance - Animal(s)/bird(s) - Contributed to outcome",False,False,False,False,True,False,False,False,False,False,9.00,1553,99.0,2026-04-03 04:05:44.570293+00:00
553,200839,ERA25FA309,2025-08-22,2025,8,Bangor,MAINE,United States,44.800000,,BGR,BANGOR INTL,CESSNA,A185F,CESSNA,A185F,CESSNA A185F,AIR,N714HE,18504396,False,1.0,,091,,FERY,,Substantial,3,Fatal,1,0,0,1,VMC,VMC,False,,In work,,,,,   ,False,False,False,False,False,False,False,False,False,False,26.00,1617,163.0,2026-04-03 04:05:44.570293+00:00
614,200907,WPR25FA269,2025-08-31,2025,8,Alta,UTAH,United States,40.589586,,,,PIPER,PA-28R-200,PIPER,PA-28R-200,PIPER PA-28R-200,AIR,N1147X,28R-7535259,False,1.0,,091,NSCH,PERS,,Substantial,3,Fatal,1,1,0,2,VMC,VMC,False,,In work,,,,,   ,False,False,False,False,False,False,False,False,False,False,26.00,1554,100.0,2026-04-03 04:05:44.570293+00:00
656,200961,ANC25LA100,2025-08-31,2025,8,Sutton,ALASKA,United States,61.705650,,,,CHAMPION,7GCBC,CHAMPION,7GCBC,CHAMPION 7GCBC,AIR,N5267X,192,False,1.0,,091,,PERS,,Substantial,3,None,0,0,0,0,VMC,VMC,False,,In work,,,,,   ,False,False,False,False,False,False,False,False,False,False,9.00,1555,101.0,2026-04-03 04:05:44.570293+00:00
627,200923,WPR25LA272,2025-08-31,2025,8,Jamesburg,CALIFORNIA,United States,36.344939,,SNS,SALINAS MUNI,AMERICAN CHAMPION AIRCRAFT,8KCAB,AMERICAN CHAMPION AIRCRAFT,8KCAB,AMERICAN CHAMPION AIRCRAFT 8KCAB,AIR,N15WJ,824-99,False,1.0,,091,,PERS,,Substantial,3,Minor,0,0,2,2,VMC,VMC,False,,In work,,,,,   ,False,False,False,False,False,False,False,False,False,False,13.00,1556,102.0,2026-04-03 04:05:44.570293+00:00
615,200908,ERA25LA325,2025-08-31,2025,8,Lebanon,OHIO,United States,39.461515,,I68,WARREN COUNTY/JOHN LANE FLD,CESSNA,182,CESSNA,182,CESSNA 182,AIR,N628FN,18280227,False,1.0,REC,091,,PERS,Steven Immerman,Substantial,3,None,0,0,0,0,VMC,VMC,False,DirectorBrief,Completed,,"The pilot was preparing to depart for a personal flight but had not correctly set the airplane’s flaps for takeoff. During the takeoff the pilot rotated the airplane, but it would not climb due to the incorrect flap setting and it remained in ground effect. The airplane drifted off the side of the runway in the prevailing crosswind and struck a taxiway sign with the left main landing gear and empennage, which resulted in substantial damage to the left horizontal stabilizer. The pilot subsequently landed the airplane in a field that was off to the side of the runway uneventfully.","The pilot’s failure to maintain directional control of the airplane during takeoff, which resulted in a runway excursion and collision with a sign.","Personnel issues - Task performance - Use of equip/info - Aircraft control - Pilot, Aircraft - Aircraft oper/perf/capability - Performance/control parameters - Directional control - Not attained/maintained"," The pilot was preparing to depart for a personal flight but had not correctly set the airplane’s flaps for takeoff. During the takeoff the pilot rotated the airplane, but it would not climb due to the incorrect flap setting and it remained in ground effect. The airplane drifted off the side of the runway in the prevailing crosswind and struck a taxiway sign with the left main landing gear and empennage, which resulted in substantial damage to the left horizontal stabilizer. The pilot subsequently landed the airplane in a field that was off to the side of the runway uneventfully. The pilot’s failure to maintain directional control of the airplane during takeoff, which resulted in a runway excursion and collision with a sign. Personnel issues - Task performance - Use of equip/info - Aircraft control - Pilot, Aircraft - Aircraft oper/perf/capability - Performance/control parameters - Directional control - Not attained/maintained",False,False,False,False,True,True,True,False,False,False,9.00,1557,103.0,2026-04-03 04:05:44.570293+00:00
613,200906,WPR25FA268,2025-08-31,2025,8,Fort Morgan,COLORADO,United States,40.340540,,FMM,FORT MORGAN MUNI,"CESSNA, EXTRA FLUGZEUGPRODUKTIONS-UND","172M, EA 300/LC","CESSNA, EXTRA FLUGZEUGPRODUKTIONS-UND","172M, EA 300/LC","CESSNA, EXTRA FLUGZEUGPRODUKTIONS-UND 172M,","AIR, AIR","N61657, N330AN","17264706, LC051",,,,091,,"PERS, PERS",BELL ORNITHOPTERS FLYING CLUB INC,"Destroyed, Destroyed",0,Fatal,1,1,2,4,VMC,VMC,False,,In work,,,,,   ,False,False,False,False,False,False,False,False,False,False,17.00,1558,104.0,2026-04-03 04:05:44.570293+00:00
542,200826,CEN25LA327,2025-08-19,2025,8,Centerview,MISSOURI,United States,38.780000,,RCM,Skyhaven Airport,MARSHALL ALLEN L,RV6A,MARSHALL ALLEN L,RV6A,MARSHALL ALLEN L RV6A,AIR,N692AC,24350,True,1.0,,091,,PERS,,Substantial,3,Minor,0,0,1,1,VMC,VMC,False,,In work,,,,,   ,False,False,False,False,False,False,False,False,False,False,13.00,1633,179.0,2026-04-03 04:05:44.570293+00:00
655,200960,ANC25LA099,2025-08-29,2025,8,Petersville,ALASKA,United States,62.542430,,,,ROBINSON HELICOPTER COMPANY,R44 II,ROBINSON HELICOPTER COMPANY,R44 II,ROBINSON HELICOPTER COMPANY R44,HELI,N74435,10718,False,1.0,,135,NSCH,,POLLUX AVIATION LTD,Substantial,3,None,0,0,0,0,VMC,VMC,False,,In work,,,,,   ,False,False,False,False,False,False,False,False,False,False,9.00,1566,112.0,2026-04-03 04:05:44.570293+00:00
877,201860,GAA25WA275,2025-08-16,2025,8,Islamabad,,Pakistan,,,OPIS,,CESSNA,172,CESSNA,172,CESSNA 172,AIR,AP-BLO,,False,,,000,,,,Destroyed,4,,0,0,0,0,,,False,,N/A,,,,,   ,False,False,False,False,False,False,False,False,False,False,12.00,1652,198.0,2026-04-03 04:05:44.570293+00:00
580,200869,WPR25LA261,2025-08-16,2025,8,San Diego,CALIFORNIA,United States,32.894354,,,,PIPER,PA-28-181,PIPER,PA-28-181,PIPER PA-28-181,AIR,N8150J,28-8090229,False,1.0,,091,,PERS,,Substantial,3,None,0,0,0,0,VMC,VMC,False,,In work,,,,,   ,False,False,False,False,False,False,False,False,False,False,9.00,1653,199.0,2026-04-03 04:05:44.570293+00:00
628,200924,CEN25LA357,2025-08-28,2025,8,Gregory,MICHIGAN,United States,42.442083,,69G,RICHMOND FLD,PIPER,PA-24-250,PIPER,PA-24-250,PIPER PA-24-250,AIR,N7412P,24-2600,False,1.0,,091,,PERS,ESPYESS AVIATION LLC,Substantial,3,Serious,0,1,0,1,VMC,VMC,False,,In work,,,,,   ,False,False,False,False,False,False,False,False,False,False,17.00,1571,117.0,2026-04-03 04:05:44.570293+00:00
612,200905,DCA25LA308,2025-08-31,2025,8,Denver,COLORADO,United States,39.877438,,KDEN,Denver International Airport,AIRBUS CANADA,BD500,AIRBUS CANADA,BD500,AIRBUS CANADA BD500,AIR,C-GYLQ,55355,False,2.0,TF,129,SCHD,,Air Canada,None,1,Serious,0,1,0,1,VMC,VMC,False,DirectorBrief,Completed,,"Air Canada flight 1038, a scheduled international passenger flight from Denver International Airport (DEN), Denver, Colorado, to Toronto Pearson International Airport (YYZ), Mississauga, Ontario, Canada, experienced smoke and an electrical odor in the cabin, resulting in an air turnback. After landing, an evacuation was initiated, and one passenger sustained a serious injury.&#x0D;
According to the flight crew, during climb out, the flight attendants (FAs) informed them of an electrical burning odor in the aft cabin. The flight crew turned the power to the aft galley off, but the FAs stated the odor was getting stronger and that they observed haze in the cabin. At that time, the flight crew declared an emergency and coordinated with air traffic control for a return to DEN. &#x0D;
After landing, the flight crew stopped the aircraft on the runway and contacted the flight attendants to get an update on the situation in the cabin. The FAs stated that the situation was worse and that passengers were experiencing eye irritation. At that time, the captain commanded an evacuation.&#x0D;
During the evacuation, FAs observed passengers standing on both wings. One FA exited onto each wing and assisted with the overwing evacuations. A passenger sustained a serious injury to their right ankle and was unable to move away from the slide. At that time, passengers were redirected into the cabin and out the left overwing exit. The remainder of the evacuation was uneventful.&#x0D;
Post-event evaluation revealed burned debris on the baffle plate, carriers, and tray installed in an aft galley oven.","Unidentified burned debris in an aft galley oven, which generated smoke and odor in the cabin and led to an air turnback and subsequent evacuation, during which a serious injury occurred.","Aircraft - Aircraft systems - Equipment/furnishings - Buffet/galleys - Inadequate inspection, Environmental issues - Task environment - Physical workspace - Air quality/dust/smoke - Contributed to outcome, Personnel issues - Physical - Impairment/incapacitation - Illness/injury - Passenger"," Air Canada flight 1038, a scheduled international passenger flight from Denver International Airport (DEN), Denver, Colorado, to Toronto Pearson International Airport (YYZ), Mississauga, Ontario, Canada, experienced smoke and an electrical odor in the cabin, resulting in an air turnback. After landing, an evacuation was initiated, and one passenger sustained a serious injury.&#x0D;
According to the flight crew, during climb out, the flight attendants (FAs) informed them of an electrical burning odor in the aft cabin. The flight crew turned the power to the aft galley off, but the FAs stated the odor was getting stronger and that they observed haze in the cabin. At that time, the flight crew declared an emergency and coordinated with air traffic control for a return to DEN. &#x0D;
After landing, the flight crew stopped the aircraft on the runway and contacted the flight attendants to get an update on the situation in the cabin. The FAs stated that the situation was worse and that passengers were experiencing eye irritation. At that time, the captain commanded an evacuation.&#x0D;
During the evacuation, FAs observed passengers standing on both wings. One FA exited onto each wing and assisted with the overwing evacuations. A passenger sustained a serious injury to their right ankle and was unable to move away from the slide. At that time, passengers were redirected into the cabin and out the left overwing exit. The remainder of the evacuation was uneventful.&#x0D;
Post-event evaluation revealed burned debris on the baffle plate, carriers, and tray installed in an aft galley oven. Unidentified burned debris in an aft galley oven, which generated smoke and odor in the cabin and led to an air turnback and subsequent evacuation, during which a serious injury occurred. Aircraft - Aircraft systems - Equipment/furnishings - Buffet/galleys - Inadequate inspection, Environmental issues - Task environment - Physical workspace - Air quality/dust/smoke - Contributed to outcome, Personnel issues - Physical - Impairment/incapacitation - Illness/injury - Passenger",False,False,False,False,False,True,False,True,False,False,11.00,1559,105.0,2026-04-03 04:05:44.570293+00:00
626,200922,WPR25LA271,2025-08-31,2025,8,Red Lodge,MONTANA,United States,45.177554,,RED,RED LODGE,NAVAL AIRCRAFT FACTORY,N3N-3,NAVAL AIRCRAFT FACTORY,N3N-3,NAVAL AIRCRAFT FACTORY N3N-3,AIR,N45254,2601,False,1.0,REC,091,,PERS,,Substantial,3,Minor,0,0,2,2,VMC,VMC,False,DirectorBrief,Completed,,"The pilot reported that, while landing he executed a go around due to numerous people on the grass runway. On the second approach the airplane touched down hard and bounced so the pilot added power and initiated a go-around. During the go-around, the airplane impacted a wire fence at the end of the runway and subsequently struck powerlines before it came to rest. The airplane sustained substantial damage to the wings and fuselage. The pilot reported that he had previously only flown low approaches at the airport, and he had not landed there before. He also reported there were no preaccident mechanical malfunctions or failures with the airplane that would have precluded normal operation. The nearest weather reporting station, about 27 miles southeast of the accident site, reported around the time of the accident, altimeter setting of 30.31 inches of mercury, and temperature of 68° F. The calculated density altitude was 7,349 ft.",The pilot’s failure to maintain clearance from obstacles during an aborted landing. Contributing to the accident was the high density altitude weather condition.,"Aircraft - Aircraft oper/perf/capability - Performance/control parameters - Climb rate - Not attained/maintained, Environmental issues - Conditions/weather/phenomena - Temp/humidity/pressure - High density altitude - Effect on operation"," The pilot reported that, while landing he executed a go around due to numerous people on the grass runway. On the second approach the airplane touched down hard and bounced so the pilot added power and initiated a go-around. During the go-around, the airplane impacted a wire fence at the end of the runway and subsequently struck powerlines before it came to rest. The airplane sustained substantial damage to the wings and fuselage. The pilot reported that he had previously only flown low approaches at the airport, and he had not landed there before. He also reported there were no preaccident mechanical malfunctions or failures with the airplane that would have precluded normal operation. The nearest weather reporting station, about 27 miles southeast of the accident site, reported around the time of the accident, altimeter setting of 30.31 inches of mercury, and temperature of 68° F. The calculated density altitude was 7,349 ft. The pilot’s failure to maintain clearance from obstacles during an aborted landing. Contributing to the accident was the high density altitude weather condition. Aircraft - Aircraft oper/perf/capability - Performance/control parameters - Climb rate - Not attained/maintained, Environmental issues - Conditions/weather/phenomena - Temp/humidity/pressure - High density altitude - Effect on operation",False,False,False,False,True,True,False,False,True,False,13.00,1560,106.0,2026-04-03 04:05:44.570293+00:00
596,200887,CEN25LA347,2025-08-26,2025,8,Lakeview,TEXAS,United States,34.683333,,None,N/A,BEECH,C35,BEECH,C35,BEECH C35,AIR,N655D,D-2923,False,1.0,REC,091,,POSI,,Substantial,3,Minor,0,0,2,2,VMC,VMC,False,DirectorBrief,Completed,,"The pilot reported the engine start, run-up, and takeoff were routine. About 35 minutes after takeoff, the pilot changed from the right to the left fuel tank. About 2 hours after taking off while in cruise flight at 6,500 ft mean sea level, the engine sputtered accompanied by a reduction in the fuel flow. The pilot activated the fuel boost pump with no effect on the fuel flow. He subsequently changed from the left fuel tank to the right fuel tank again with no effect and then returned the fuel selector to the left fuel tank. The propeller continued to windmill and further trouble shooting did not restore engine power so the pilot executed a forced landing to an open field populated with vegetation and sparse brush. The airframe sustained substantial damage to both wings and the fuselage.&#x0D;
ADS-B data revealed the airplane departed at 1647:43 and ultimately climbed to a cruise altitude of about 6,500 ft msl. About 1853, the airplane entered a gradual descent which continued until the final data point consistent with a loss of engine power about that time. The final ADS-B data point was recorded at 1857:31. The altitude associated with that final data point was about 2,475 ft msl, which was about 50 ft above ground level.&#x0D;
A postaccident examination did not reveal any evidence of a fuel leak or vegetation blight. The fuel caps were securely installed, and the fuel system appeared to be intact. About 8 gallons of fuel were recovered from the left tank and 3 gallons were recovered from the auxiliary tank. The right fuel tank was empty. The FAA inspector observed the fuel selector set to the left fuel tank when on scene after the accident.&#x0D;
Postrecovery airframe fuel system and engine examinations did not reveal any anomalies consistent with a loss of engine power.  &#x0D;
According to the Pilot Operating Handbook, the engine was expected to burn about 9.7 gallons per hour (gph) and 11.2 gph at 65% and 75% engine power, respectively.  The unusable fuel was 3 gallons in each main tank.  The pilot stated that about 33 gallons of fuel were onboard at takeoff.&#x0D;
Since about 11 gallons remained in the airplane at the time of the accident, the engine had burned about 22 gallons which was consistent with the flight time of 2 hours and 5 minutes from takeoff until the loss of engine power.&#x0D;
In light of the lack of anomalies with respect to the engine and the fuel system, it is likely the pilot inadvertently ran the right fuel tank dry and was not able to reestablish fuel flow to the engine from the left fuel tank.",The pilot’s fuel system mismanagement which resulted in a loss of engine power due to fuel starvation.,"Aircraft - Fluids/misc hardware - Fluids - Fuel - Fluid management, Personnel issues - Task performance - Use of equip/info - Use of equip/system - Pilot, Personnel issues - Task performance - Planning/preparation - Fuel planning - Pilot"," The pilot reported the engine start, run-up, and takeoff were routine. About 35 minutes after takeoff, the pilot changed from the right to the left fuel tank. About 2 hours after taking off while in cruise flight at 6,500 ft mean sea level, the engine sputtered accompanied by a reduction in the fuel flow. The pilot activated the fuel boost pump with no effect on the fuel flow. He subsequently changed from the left fuel tank to the right fuel tank again with no effect and then returned the fuel selector to the left fuel tank. The propeller continued to windmill and further trouble shooting did not restore engine power so the pilot executed a forced landing to an open field populated with vegetation and sparse brush. The airframe sustained substantial damage to both wings and the fuselage.&#x0D;
ADS-B data revealed the airplane departed at 1647:43 and ultimately climbed to a cruise altitude of about 6,500 ft msl. About 1853, the airplane entered a gradual descent which continued until the final data point consistent with a loss of engine power about that time. The final ADS-B data point was recorded at 1857:31. The altitude associated with that final data point was about 2,475 ft msl, which was about 50 ft above ground level.&#x0D;
A postaccident examination did not reveal any evidence of a fuel leak or vegetation blight. The fuel caps were securely installed, and the fuel system appeared to be intact. About 8 gallons of fuel were recovered from the left tank and 3 gallons were recovered from the auxiliary tank. The right fuel tank was empty. The FAA inspector observed the fuel selector set to the left fuel tank when on scene after the accident.&#x0D;
Postrecovery airframe fuel system and engine examinations did not reveal any anomalies consistent with a loss of engine power.  &#x0D;
According to the Pilot Operating Handbook, the engine was expected to burn about 9.7 gallons per hour (gph) and 11.2 gph at 65% and 75% engine power, respectively.  The unusable fuel was 3 gallons in each main tank.  The pilot stated that about 33 gallons of fuel were onboard at takeoff.&#x0D;
Since about 11 gallons remained in the airplane at the time of the accident, the engine had burned about 22 gallons which was consistent with the flight time of 2 hours and 5 minutes from takeoff until the loss of engine power.&#x0D;
In light of the lack of anomalies with respect to the engine and the fuel system, it is likely the pilot inadvertently ran the right fuel tank dry and was not able to reestablish fuel flow to the engine from the left fuel tank. The pilot’s fuel system mismanagement which resulted in a loss of engine power due to fuel starvation. Aircraft - Fluids/misc hardware - Fluids - Fuel - Fluid management, Personnel issues - Task performance - Use of equip/info - Use of equip/system - Pilot, Personnel issues - Task performance - Planning/preparation - Fuel planning - Pilot",False,True,False,False,False,False,False,False,True,False,13.00,1586,132.0,2026-04-03 04:05:44.570293+00:00
720,201039,DCA25WA332,2025-08-26,2025,8,Alicante,OTHER FOREIGN,Spain,38.282222,,,,"BOEING, BOEING","737, 737","BOEING, BOEING","737, 737","BOEING, BOEING 737,","AIR, AIR","EI-IJX, G-DRTF",67112,,2.0,,000,,,"Ryanair, Jet2","None, None",0,,0,0,0,0,,,False,,N/A,,,,,   ,False,False,False,False,False,False,False,False,False,False,0.00,1588,134.0,2026-04-03 04:05:44.570293+00:00
629,200928,CEN25LA359,2025-08-30,2025,8,Nashville,ARKANSAS,United States,34.045000,,None,Grass lot,ROBINSON HELICOPTER COMPANY,R44 II,ROBINSON HELICOPTER COMPANY,R44 II,ROBINSON HELICOPTER COMPANY R44,HELI,N442PR,11278,False,1.0,REC,091,,PERS,A&E AERIAL LLC,Substantial,3,None,0,0,0,0,VMC,VMC,False,DirectorBrief,Completed,,"The pilot reported that while enroute, about two minutes from his planned landing zone, the low-fuel light illuminated. He flew past the intended landing zone, which was unlit, and continued searching for the landing zone until the engine suffered a total loss of power due to fuel exhaustion. The pilot initiated an autorotation, and, while searching for a landing reference,  the helicopter impacted a power pole. The helicopter came to rest upright and sustained substantial damage to the tail boom, fuselage, and main rotor system.&#x0D;
The pilot reported that the accident could have been prevented by monitoring the fuel level and having lighting at his landing zone.",The pilot’s inadequate fuel planning which resulted in a total loss of power due to fuel exhaustion. Contributing to the accident was the landing zone being unlit.,"Personnel issues - Task performance - Planning/preparation - Fuel planning - Pilot, Aircraft - Fluids/misc hardware - Fluids - Fuel - Fluid level, Environmental issues - Physical environment - Object/animal/substance - Pole - Contributed to outcome"," The pilot reported that while enroute, about two minutes from his planned landing zone, the low-fuel light illuminated. He flew past the intended landing zone, which was unlit, and continued searching for the landing zone until the engine suffered a total loss of power due to fuel exhaustion. The pilot initiated an autorotation, and, while searching for a landing reference,  the helicopter impacted a power pole. The helicopter came to rest upright and sustained substantial damage to the tail boom, fuselage, and main rotor system.&#x0D;
The pilot reported that the accident could have been prevented by monitoring the fuel level and having lighting at his landing zone. The pilot’s inadequate fuel planning which resulted in a total loss of power due to fuel exhaustion. Contributing to the accident was the landing zone being unlit. Personnel issues - Task performance - Planning/preparation - Fuel planning - Pilot, Aircraft - Fluids/misc hardware - Fluids - Fuel - Fluid level, Environmental issues - Physical environment - Object/animal/substance - Pole - Contributed to outcome",False,True,False,False,False,True,False,False,True,False,9.00,1561,107.0,2026-04-03 04:05:44.570293+00:00
636,200940,ERA25LA331,2025-08-30,2025,8,Farmingdale,NEW YORK,United States,40.729471,,FRG,FARMINGDALE REPUBLIC AIRPORT,"CESSNA, CESSNA","150, 172","CESSNA, CESSNA","150, 172","CESSNA, CESSNA 150,","AIR, AIR","N22998, N6185U","15068670, 172S10719",,,,091,NSCH,"PERS, INST","BUSY BEES AIRWAYS CORP, Academy of Aviation","Minor, Substantial",0,None,0,0,0,0,VMC,VMC,False,,In work,,,,,   ,False,False,False,False,False,False,False,False,False,False,0.00,1562,108.0,2026-04-03 04:05:44.570293+00:00
787,201755,ANC25LA115,2025-08-30,2025,8,Kanab,UTAH,United States,37.009500,,KNB,KANAB MUNI,CESSNA,182M,CESSNA,182M,CESSNA 182M,AIR,N71331,18259582,False,1.0,,091,,PERS,,Substantial,3,None,0,0,0,0,VMC,VMC,False,,In work,,,,,   ,False,False,False,False,False,False,False,False,False,False,9.00,1563,109.0,2026-04-03 04:05:44.570293+00:00
606,200898,DCA25LA306,2025-08-28,2025,8,Chase City,VIRGINIA,United States,36.790898,,,,AIRBUS INDUSTRIE,A320-212,AIRBUS INDUSTRIE,A320-212,AIRBUS INDUSTRIE A320-212,AIR,N373NW,1641,False,2.0,,121,SCHD,,DELTA AIR LINES INC,None,1,Serious,0,1,2,3,,,False,,In work,,,,,   ,False,False,False,False,False,False,False,False,False,False,11.00,1572,118.0,2026-04-03 04:05:44.570293+00:00
630,200929,DCA25WA311,2025-08-28,2025,8,Helsinki,,Finland,,,,,BOEING,787,BOEING,787,BOEING 787,AIR,B-20DI,64316,False,,,000,SCHD,,Juneyao Air,Minor,2,None,0,0,0,0,,,False,,N/A,,,,,   ,False,False,False,False,False,False,False,False,False,False,6.00,1573,119.0,2026-04-03 04:05:44.570293+00:00
1173,202581,CEN25LA408,2025-08-22,2025,8,Picayune,MISSISSIPPI,United States,30.528231,,MJD,Picayune Municipal,BELL HELICOPTER TEXTRON CANADA,206L-3,BELL HELICOPTER TEXTRON CANADA,206L-3,BELL HELICOPTER TEXTRON CANADA 206L-3,HELI,N17TL,51603,False,1.0,,091,,PERS,925DT LLC,Substantial,3,None,0,0,0,0,VMC,VMC,False,,In work,,,,,   ,False,False,False,False,False,False,False,False,False,False,9.00,1619,165.0,2026-04-03 04:05:44.570293+00:00
621,200916,CEN25LA354,2025-08-30,2025,8,Baldwin City,KANSAS,United States,38.835788,,K64,VINLAND VALLEY AERODROME,CESSNA,152,CESSNA,152,CESSNA 152,AIR,N89585,15282796,False,1.0,REC,091,,PERS,VINLAND FLIGHT SCHOOL LLC,Substantial,3,None,0,0,0,0,VMC,VMC,False,DirectorBrief,Completed,,"The pilot reported that he rented the accident airplane for the purpose of gaining night cross-country flight experience. He flew to two other airports and made successful landings at each airport. On the accident flight, as the airplane approached the airport, the pilot attempted to activate the pilot-controlled runway lights but was unsuccessful. He elected to continue the landing attempt to the grass runway. He stated that the landing approach was on-speed per the airplane flight manual, and he touched down on the runway but was unable to stop the airplane before it impacted trees at the end of the runway. The pilot reported that there were no mechanical malfunctions or failures of the airplane that would have precluded normal operations. The airplane received substantial damage to the left wing.&#x0D;
&#x0D;
The destination airport had a 3,303 ft. by 80 ft. turf runway equipped with non-standard low-intensity runway lighting. The airport manager reported that the functionality of the pilot-controlled runway lighting system was confirmed following the accident.",The pilot’s decision to continue the night landing without runway lights which resulted in the runway overrun.,"Environmental issues - Conditions/weather/phenomena - Light condition - Dark - Decision related to condition, Environmental issues - Operating environment - Airport facilities/design - Runway lighting - Decision related to condition, Personnel issues - Action/decision - Info processing/decision - Decision making/judgment - Pilot, Aircraft - Aircraft oper/perf/capability - Performance/control parameters - Descent/approach/glide path - Not attained/maintained"," The pilot reported that he rented the accident airplane for the purpose of gaining night cross-country flight experience. He flew to two other airports and made successful landings at each airport. On the accident flight, as the airplane approached the airport, the pilot attempted to activate the pilot-controlled runway lights but was unsuccessful. He elected to continue the landing attempt to the grass runway. He stated that the landing approach was on-speed per the airplane flight manual, and he touched down on the runway but was unable to stop the airplane before it impacted trees at the end of the runway. The pilot reported that there were no mechanical malfunctions or failures of the airplane that would have precluded normal operations. The airplane received substantial damage to the left wing.&#x0D;
&#x0D;
The destination airport had a 3,303 ft. by 80 ft. turf runway equipped with non-standard low-intensity runway lighting. The airport manager reported that the functionality of the pilot-controlled runway lighting system was confirmed following the accident. The pilot’s decision to continue the night landing without runway lights which resulted in the runway overrun. Environmental issues - Conditions/weather/phenomena - Light condition - Dark - Decision related to condition, Environmental issues - Operating environment - Airport facilities/design - Runway lighting - Decision related to condition, Personnel issues - Action/decision - Info processing/decision - Decision making/judgment - Pilot, Aircraft - Aircraft oper/perf/capability - Performance/control parameters - Descent/approach/glide path - Not attained/maintained",False,False,False,False,True,False,True,False,False,False,9.00,1564,110.0,2026-04-03 04:05:44.570293+00:00
731,201052,DCA25WA335,2025-08-29,2025,8,Gran Canaria,OTHER FOREIGN,Spain,27.931944,,GCLP,Gran Canaria,"EMBRAER, BEECH","ERJ190, 300","EMBRAER, BEECH","ERJ190, 300","EMBRAER, BEECH ERJ190,","AIR, AIR","EC-OEC, EC-KJQ",,,,,000,SCHD,,"Binter Canarias S.A., SENASA","None, None",0,,0,0,0,0,,,False,,N/A,,,,,   ,False,False,False,False,False,False,False,False,False,False,0.00,1565,111.0,2026-04-03 04:05:44.570293+00:00
611,200904,ERA25LA324,2025-08-29,2025,8,New Smyrna Beach,FLORIDA,United States,29.057135,,EVB,NEW SMYRNA BEACH MUNI (JACK BOLT FLD),CESSNA,172,CESSNA,172,CESSNA 172,AIR,N1607F,17255002,False,1.0,REC,091,,PERS,,Substantial,3,Minor,0,0,2,2,VMC,VMC,False,DirectorBrief,Completed,,"The pilot/owner stated she had recently purchased the airplane and that during the preflight inspection, had found water in the fuel tanks. She then drained fuel from the sumps until no water was observed.  Engine start, taxi, run up, and one circuit of the traffic pattern were uneventful. After completing a touch-and-go landing, during initial climb, the engine experienced a total loss of power. The pilot elected to land straight ahead and transferred control of the airplane to the pilot in the right seat. When he cycled the throttle from idle to full the engine sputtered before losing power again. The airplane subsequently struck a fence, nosed over, and came to reset inverted resulting in substantial to the airplane’s fuselage and both wings.&#x0D;
Postaccident examination of the airplane found water in the fuel lines from the right wing fuel tank, in the strainer, and in the carburetor bowl. The fuel filler caps, and filler necks were corroded and the mechanic who had last performed maintenance on the airplane reported that he had removed water from the airplane’s fuel system and had changed the gaskets on the fuel tank caps one month prior to the accident. No maintenance log entries documenting this work were found in the supplied maintenance logbooks; the last entry was for the annual inspection completed about 9 months before the accident. Fueling records showed the airplane had last been fueled about 5 months before the accident. The examination otherwise found no evidence of any preaccident mechanical malfunctions or failures that would have precluded normal operation of the airframe or engine. Based on this information, the loss of engine power was likely the result of water contamination of the airplane’s fuel system that had not been detected or addressed by the mechanic.","Maintenance personnel’s failure to detect and address water contamination of the airplane’s fuel system, which resulted in a total loss of engine power during initial climb.","Aircraft - Fluids/misc hardware - Fluids - Fuel - Fluid condition, Aircraft - Fluids/misc hardware - Fluids - Fuel - Inadequate inspection, Personnel issues - Task performance - Inspection - Scheduled/routine inspection - Maintenance personnel"," The pilot/owner stated she had recently purchased the airplane and that during the preflight inspection, had found water in the fuel tanks. She then drained fuel from the sumps until no water was observed.  Engine start, taxi, run up, and one circuit of the traffic pattern were uneventful. After completing a touch-and-go landing, during initial climb, the engine experienced a total loss of power. The pilot elected to land straight ahead and transferred control of the airplane to the pilot in the right seat. When he cycled the throttle from idle to full the engine sputtered before losing power again. The airplane subsequently struck a fence, nosed over, and came to reset inverted resulting in substantial to the airplane’s fuselage and both wings.&#x0D;
Postaccident examination of the airplane found water in the fuel lines from the right wing fuel tank, in the strainer, and in the carburetor bowl. The fuel filler caps, and filler necks were corroded and the mechanic who had last performed maintenance on the airplane reported that he had removed water from the airplane’s fuel system and had changed the gaskets on the fuel tank caps one month prior to the accident. No maintenance log entries documenting this work were found in the supplied maintenance logbooks; the last entry was for the annual inspection completed about 9 months before the accident. Fueling records showed the airplane had last been fueled about 5 months before the accident. The examination otherwise found no evidence of any preaccident mechanical malfunctions or failures that would have precluded normal operation of the airframe or engine. Based on this information, the loss of engine power was likely the result of water contamination of the airplane’s fuel system that had not been detected or addressed by the mechanic. Maintenance personnel’s failure to detect and address water contamination of the airplane’s fuel system, which resulted in a total loss of engine power during initial climb. Aircraft - Fluids/misc hardware - Fluids - Fuel - Fluid condition, Aircraft - Fluids/misc hardware - Fluids - Fuel - Inadequate inspection, Personnel issues - Task performance - Inspection - Scheduled/routine inspection - Maintenance personnel",False,False,False,False,True,True,False,False,True,False,13.00,1567,113.0,2026-04-03 04:05:44.570293+00:00
607,200899,DCA25LA307,2025-08-28,2025,8,Peaster,TEXAS,United States,32.865325,,,,EMBRAER S A,ERJ 170-200 LL,EMBRAER S A,ERJ 170-200 LL,EMBRAER S A ERJ,AIR,N110SY,17000405,False,2.0,,121,SCHD,,SKYWEST AIRLINES INC,None,1,Serious,0,1,1,2,VMC,VMC,False,,In work,,,,,   ,False,False,False,False,False,False,False,False,False,False,11.00,1568,114.0,2026-04-03 04:05:44.570293+00:00
608,200900,CEN25LA351,2025-08-27,2025,8,Nora Springs,IOWA,United States,43.138906,,05IA,Spotts Field,CIRRUS DESIGN CORP,SR22,CIRRUS DESIGN CORP,SR22,CIRRUS DESIGN CORP SR22,AIR,N45JN,0489,False,1.0,REC,091,,PERS,,Substantial,3,None,0,0,0,0,VMC,VMC,False,DirectorBrief,Completed,,"The pilot reported that while landing on a wet grass runway, the airplane touched down “a little long.” The pilot was unable to stop the airplane, and it departed the end of the runway surface into an agricultural field. He then attempted to avoid the agricultural vegetation off the end of the runway by turning the airplane to the left; however, the airplane entered a skid and subsequently impacted the vegetation which resulted in substantial damage to the fuselage. The pilot reported the airplane’s braking was ineffective due to the runway being wet and recently rolled.  The pilot reported that there were no preaccident mechanical failures or malfunctions with the airplane that would have precluded normal operation. &#x0D;
At the time of the accident, the pilot was landing the airplane on runway 09 with wind from 230° at 6 knots. The calculated total landing distance required from the landing distance performance chart was 3,943 ft, which was 1,493 ft more than the available runway distance.","The pilot’s improper decision-making for the attempted landing, which resulted in a runway overrun due to inadequate runway landing distance with a quartering tailwind. Contributing to the accident was the wet condition of the runway.","Aircraft - Aircraft oper/perf/capability - Aircraft capability - Landing distance - Capability exceeded, Aircraft - Aircraft systems - Landing gear system - Brake - Capability exceeded, Environmental issues - Physical environment - Runway/land/takeoff/taxi surface - Wet surface - Effect on operation, Personnel issues - Action/decision - Info processing/decision - Decision making/judgment - Pilot, Personnel issues - Action/decision - Action - Incorrect action selection - Pilot"," The pilot reported that while landing on a wet grass runway, the airplane touched down “a little long.” The pilot was unable to stop the airplane, and it departed the end of the runway surface into an agricultural field. He then attempted to avoid the agricultural vegetation off the end of the runway by turning the airplane to the left; however, the airplane entered a skid and subsequently impacted the vegetation which resulted in substantial damage to the fuselage. The pilot reported the airplane’s braking was ineffective due to the runway being wet and recently rolled.  The pilot reported that there were no preaccident mechanical failures or malfunctions with the airplane that would have precluded normal operation. &#x0D;
At the time of the accident, the pilot was landing the airplane on runway 09 with wind from 230° at 6 knots. The calculated total landing distance required from the landing distance performance chart was 3,943 ft, which was 1,493 ft more than the available runway distance. The pilot’s improper decision-making for the attempted landing, which resulted in a runway overrun due to inadequate runway landing distance with a quartering tailwind. Contributing to the accident was the wet condition of the runway. Aircraft - Aircraft oper/perf/capability - Aircraft capability - Landing distance - Capability exceeded, Aircraft - Aircraft systems - Landing gear system - Brake - Capability exceeded, Environmental issues - Physical environment - Runway/land/takeoff/taxi surface - Wet surface - Effect on operation, Personnel issues - Action/decision - Info processing/decision - Decision making/judgment - Pilot, Personnel issues - Action/decision - Action - Incorrect action selection - Pilot",False,False,False,False,True,True,True,False,True,False,9.00,1577,123.0,2026-04-03 04:05:44.570293+00:00
625,200921,WPR25LA270,2025-08-27,2025,8,Everett,WASHINGTON,United States,47.908838,,PAE,SEATTLE PAINE FLD INTL,CESSNA,170A,CESSNA,170A,CESSNA 170A,AIR,N1755D,20198,False,1.0,REC,091,,INST,Boeing Employees Flying Association,Substantial,3,None,0,0,0,0,VMC,VMC,False,DirectorBrief,Completed,,"The flight instructor reported that while landing with a crosswind the airplane bounced and while airborne she felt a wind gust. Subsequently, the airplane touched down and veered to the right into the wind. The flight instructor took control of the airplane and applied full left rudder then applied left brake. Despite her efforts the airplane ground looped, and the left wing contacted the runway surface resulting in substantial damage to the left wing.&#x0D;
The flight instructor reported no preimpact mechanical malfunctions or anomalies that could have precluded normal operation. At about the time of the accident, the airplane was landing on runway 16R, with the wind variable from 230° to 270° at 6-8 knots.",The pilot’s failure to maintain directional control during landing in crosswind conditions.,"Environmental issues - Conditions/weather/phenomena - Wind - Crosswind - Effect on operation, Aircraft - Aircraft oper/perf/capability - Performance/control parameters - Crosswind correction - Not attained/maintained, Personnel issues - Task performance - Use of equip/info - Aircraft control - Pilot"," The flight instructor reported that while landing with a crosswind the airplane bounced and while airborne she felt a wind gust. Subsequently, the airplane touched down and veered to the right into the wind. The flight instructor took control of the airplane and applied full left rudder then applied left brake. Despite her efforts the airplane ground looped, and the left wing contacted the runway surface resulting in substantial damage to the left wing.&#x0D;
The flight instructor reported no preimpact mechanical malfunctions or anomalies that could have precluded normal operation. At about the time of the accident, the airplane was landing on runway 16R, with the wind variable from 230° to 270° at 6-8 knots. The pilot’s failure to maintain directional control during landing in crosswind conditions. Environmental issues - Conditions/weather/phenomena - Wind - Crosswind - Effect on operation, Aircraft - Aircraft oper/perf/capability - Performance/control parameters - Crosswind correction - Not attained/maintained, Personnel issues - Task performance - Use of equip/info - Aircraft control - Pilot",False,False,False,False,True,True,True,False,False,False,9.00,1580,126.0,2026-04-03 04:05:44.570293+00:00
497,200767,ERA25LA295,2025-08-08,2025,8,Memphis,TENNESSEE,United States,35.033674,,MEM,MEMPHIS INTL,CESSNA,195,CESSNA,195,CESSNA 195,AIR,N1950C,16183,False,1.0,,091,,PERS,,Substantial,3,None,0,0,0,0,VMC,VMC,False,,In work,,,,,   ,False,False,False,False,False,False,False,False,False,False,9.00,1703,249.0,2026-04-03 04:05:44.570293+00:00
610,200903,CEN25LA352,2025-08-28,2025,8,Hearne,TEXAS,United States,30.872083,,LHB,Hearne Municipal,Glasair,GlaStar,GLASAIR,GlaStar,GLASAIR GLASTAR,AIR,N605MN,5368,True,1.0,REC,091,,PERS,,Substantial,3,Minor,0,0,1,1,VMC,VMC,False,DirectorBrief,Completed,,"The pilot reported that about 30 minutes into the local flight, he heard some crackling in the radio reception and then the cockpit flight displays went blank. The engine stumbled and lost power completely. The pilot was operating the airplane in the airport traffic pattern at that time and decided to secure the engine to set up for a forced landing to the runway. Smoke began entering the cockpit during the landing flare, and then the pilot noticed flames on the right side of the airplane. After he stopped the airplane, he exited, obtained a fire extinguisher, and called the fire department. The airplane sustained substantial fire damage to the fuselage, empennage, and engine mounts.&#x0D;
A postaccident examination revealed extensive thermal damage to the engine and within the engine compartment. The damage extended into the cockpit and cabin area, and then along the right side to the aft fuselage. While clear that the fire started within the engine compartment, the extent of the damage prevented a determination of the exact location and source of the fire.",The inflight engine compartment fire for reasons that could not be determined.,Not determined - Not determined - (general) - (general) - Unknown/Not determined," The pilot reported that about 30 minutes into the local flight, he heard some crackling in the radio reception and then the cockpit flight displays went blank. The engine stumbled and lost power completely. The pilot was operating the airplane in the airport traffic pattern at that time and decided to secure the engine to set up for a forced landing to the runway. Smoke began entering the cockpit during the landing flare, and then the pilot noticed flames on the right side of the airplane. After he stopped the airplane, he exited, obtained a fire extinguisher, and called the fire department. The airplane sustained substantial fire damage to the fuselage, empennage, and engine mounts.&#x0D;
A postaccident examination revealed extensive thermal damage to the engine and within the engine compartment. The damage extended into the cockpit and cabin area, and then along the right side to the aft fuselage. While clear that the fire started within the engine compartment, the extent of the damage prevented a determination of the exact location and source of the fire. The inflight engine compartment fire for reasons that could not be determined. Not determined - Not determined - (general) - (general) - Unknown/Not determined",False,False,False,False,False,False,False,True,True,False,13.00,1569,115.0,2026-04-03 04:05:44.570293+00:00
605,200897,CEN25LA350,2025-08-27,2025,8,Ardmore,OKLAHOMA,United States,34.303504,,ADM,ARDMORE MUNI,CESSNA,172R,CESSNA,172R,CESSNA 172R,AIR,N5181A,17281102,False,1.0,REC,091,,INST,SOUTHEASTERN OKLAHOMA STATE UNIVERSITY,Substantial,3,None,0,0,0,0,VMC,VMC,False,DirectorBrief,Completed,,"The purpose of the flight was for the pilot to conduct solo night training to include takeoff and landing practice. The flight school reported that during the landing, the airplane bounced 3 to 4 times on the runway before coming to a stop. As a result of the hard landing, the airplane sustained substantial damage to the lower fuselage. The flight school chief pilot stated that a greater emphasis should have been placed on training for night illusions and that there were no mechanical malfunctions or failures that would have precluded normal operation.","The pilot’s improper landing flare, which resulted in a hard, bounced landing.","Environmental issues - Conditions/weather/phenomena - Light condition - Dark - Effect on operation, Personnel issues - Task performance - Use of equip/info - Aircraft control - Pilot, Aircraft - Aircraft oper/perf/capability - Performance/control parameters - Landing flare - Not attained/maintained"," The purpose of the flight was for the pilot to conduct solo night training to include takeoff and landing practice. The flight school reported that during the landing, the airplane bounced 3 to 4 times on the runway before coming to a stop. As a result of the hard landing, the airplane sustained substantial damage to the lower fuselage. The flight school chief pilot stated that a greater emphasis should have been placed on training for night illusions and that there were no mechanical malfunctions or failures that would have precluded normal operation. The pilot’s improper landing flare, which resulted in a hard, bounced landing. Environmental issues - Conditions/weather/phenomena - Light condition - Dark - Effect on operation, Personnel issues - Task performance - Use of equip/info - Aircraft control - Pilot, Aircraft - Aircraft oper/perf/capability - Performance/control parameters - Landing flare - Not attained/maintained",False,False,False,False,True,True,False,False,True,False,9.00,1574,120.0,2026-04-03 04:05:44.570293+00:00
522,200803,WPR25FA257,2025-08-17,2025,8,Shelter Cove,CALIFORNIA,United States,40.018245,,0Q5,SHELTER COVE,CESSNA,140,CESSNA,140,CESSNA 140,AIR,N89447,8479,False,1.0,,091,,PERS,,Unknown,0,Fatal,1,1,0,2,VMC,VMC,False,,In work,,,,,   ,False,False,False,False,False,False,False,False,False,False,17.00,1650,196.0,2026-04-03 04:05:44.570293+00:00
758,201721,GAA25WA267,2025-08-27,2025,8,Barsaloi,,Kenya,1.322100,,HKNW,Nairobi Wilson Airport,CESSNA,172,CESSNA,172,CESSNA 172,AIR,5Y-GMM,172-68443,False,,REC,000,,INST,,Minor,2,None,0,0,0,0,,,False,,N/A,,,,,   ,False,False,False,False,False,False,False,False,False,False,6.00,1575,121.0,2026-04-03 04:05:44.570293+00:00
601,200893,CEN25FA348,2025-08-27,2025,8,Kearney,NEBRASKA,United States,40.817500,,EAR,,CESSNA,210D,CESSNA,210D,CESSNA 210D,AIR,N3806Y,21058306,False,1.0,,091,,PERS,,Substantial,3,Fatal,2,0,0,2,IMC,IMC,False,,In work,,,,,   ,False,False,False,False,False,False,False,False,False,False,31.00,1576,122.0,2026-04-03 04:05:44.570293+00:00
898,201890,CEN25LA406,2025-08-25,2025,8,Beaman,IOWA,United States,42.256974,,36IA,TONNER FLD,AYRES CORPORATION,S2R-T34,AYRES CORPORATION,S2R-T34,AYRES CORPORATION S2R-T34,AIR,N393KW,T34-267,False,1.0,TP,137,,AAPL,HOPPE AIR LLC,Substantial,3,None,0,0,0,0,VMC,VMC,False,DirectorBrief,Completed,,The pilot reported that he had completed an agricultural spray operation and was returning to land. He stated that the airplane got too low on the approach and descended into the soybean crop off the approach end of the runway. The airplane impacted the end of the airstrip and the landing gear collapsed. He stated that everything on the airplane was operating normally and that the accident resulted from pilot error by coming in too low and allowing the airplane to contact the soybean crop. The airplane sustained substantial damage to the fuselage near the landing gear mounting area.,The pilot’s failure to maintain a proper glidepath during landing which resulted in a landing short of the runway.,"Aircraft - Aircraft oper/perf/capability - Performance/control parameters - Descent/approach/glide path - Not attained/maintained, Personnel issues - Task performance - Use of equip/info - Aircraft control - Pilot"," The pilot reported that he had completed an agricultural spray operation and was returning to land. He stated that the airplane got too low on the approach and descended into the soybean crop off the approach end of the runway. The airplane impacted the end of the airstrip and the landing gear collapsed. He stated that everything on the airplane was operating normally and that the accident resulted from pilot error by coming in too low and allowing the airplane to contact the soybean crop. The airplane sustained substantial damage to the fuselage near the landing gear mounting area. The pilot’s failure to maintain a proper glidepath during landing which resulted in a landing short of the runway. Aircraft - Aircraft oper/perf/capability - Performance/control parameters - Descent/approach/glide path - Not attained/maintained, Personnel issues - Task performance - Use of equip/info - Aircraft control - Pilot",False,False,False,False,True,True,False,False,True,False,9.00,1593,139.0,2026-04-03 04:05:44.570293+00:00
632,200934,CEN25LA360,2025-08-27,2025,8,Goliad,TEXAS,United States,28.691420,,None,,CESSNA,172H,CESSNA,172H,CESSNA 172H,AIR,N8078L,17256278,False,1.0,,091,,PERS,,Substantial,3,None,0,0,0,0,VMC,VMC,False,,In work,,,,,   ,False,False,False,False,False,False,False,False,False,False,9.00,1578,124.0,2026-04-03 04:05:44.570293+00:00
641,200945,DCA25WA318,2025-08-27,2025,8,Frankfurt,,Germany,,,EDDF,Frankfurt International Airport,BOEING,787,BOEING,787,BOEING 787,AIR,VT-TSD,,False,,,129,SCHD,,Air India,None,1,,0,0,0,0,,,False,,N/A,,,,,   ,False,False,False,False,False,False,False,False,False,False,3.00,1579,125.0,2026-04-03 04:05:44.570293+00:00
575,200864,ERA25LA316,2025-08-26,2025,8,Seneca,SOUTH CAROLINA,United States,34.683524,,CEU,OCONEE COUNTY RGNL,PIPER,PA-28-140,PIPER,PA-28-140,PIPER PA-28-140,AIR,N1684J,28-24086,False,1.0,,091,,INST,JARRIEL INVESTMENTS INC,Substantial,3,Minor,0,0,1,1,VMC,VMC,False,,In work,,,,,   ,False,False,False,False,False,False,False,False,False,False,13.00,1589,135.0,2026-04-03 04:05:44.570293+00:00
544,200828,CEN25LA329,2025-08-18,2025,8,Erie,COLORADO,United States,40.008798,,EIK,ERIE MUNI,JMB AIRCRAFT S R O,VL-3LSA-912,JMB AIRCRAFT S R O,VL-3LSA-912,JMB AIRCRAFT S R O VL-3LSA-912,AIR,N593TT,VL-3-520,False,1.0,REC,091,,PERS,N593TT RENTAL LLC,Substantial,3,None,0,0,0,0,VMC,VMC,False,DirectorBrief,Completed,,"The pilot receiving instruction reported that the flight was a cross-country instructional flight in preparation for a commercial pilot certificate. The flight progressed uneventfully to several airports and returned to the original departure airport. The pilot and flight instructor discussed the approach to the airport and decided on a straight-in approach. When they descended to about 1,000 ft above ground level (agl), the turbulence intensified. The pilot flew the approach manually, at 60 to 65 kts., and maintained a stable glidepath using the precision approach path indicator (PAPI) to aid guidance. At 400 ft agl a rapid sink rate started and the pilot added power to regain the glideslope. When the airplane crossed the runway threshold, the pilot reduced engine power to idle and initiated a flare. A gust of wind caused momentary instability, and she called “go-around” and added power to initiate a go-around. Just as she did this, the flight instructor pulled aft on the control stick, but no positive transfer of control occurred. The airplane’s nose pitched up abruptly which resulted in a tail strike, aerodynamic stall, and right-wing drop.&#x0D;
In an earlier telephone interview with the pilot, she said that during the landing approach, the autopilot was disengaged about 1,000 ft agl.  Just as they were about to touch down, a gust of wind caused the approach to become unstable, and she applied power to go-around when the CFI took control of the airplane. She noted that she did not hear a “my airplane” command or similar. The CFI pulled back on the controls and she thinks the airplane stalled and it also struck the ground tail first. When asked if there were any mechanical problems with the airplane, she said there were not any.&#x0D;
During a telephone interview with the flight instructor, he stated that the approach to the runway was a little “rocky” due to winds, and just as they were about to touch down, a gust of wind caused the airplane to balloon up. He said the pilot did not recover and he did not react quickly enough, and the airplane struck the runway. When asked if there were mechanical issues with the airplane, he said there were none. The flight instructor did not submit a written report of the accident.&#x0D;
The airplane sustained substantial damage to the fuselage.",The flight instructors inadequate supervision of the flight and delayed remedial action and the pilot’s improper landing flare during which resulted in a hard landing.,"Aircraft - Aircraft oper/perf/capability - Performance/control parameters - Landing flare - Not attained/maintained, Personnel issues - Task performance - Use of equip/info - Aircraft control - Pilot, Personnel issues - Action/decision - Action - Delayed action - Instructor/check pilot, Personnel issues - Psychological - Attention/monitoring - Monitoring other person - Instructor/check pilot"," The pilot receiving instruction reported that the flight was a cross-country instructional flight in preparation for a commercial pilot certificate. The flight progressed uneventfully to several airports and returned to the original departure airport. The pilot and flight instructor discussed the approach to the airport and decided on a straight-in approach. When they descended to about 1,000 ft above ground level (agl), the turbulence intensified. The pilot flew the approach manually, at 60 to 65 kts., and maintained a stable glidepath using the precision approach path indicator (PAPI) to aid guidance. At 400 ft agl a rapid sink rate started and the pilot added power to regain the glideslope. When the airplane crossed the runway threshold, the pilot reduced engine power to idle and initiated a flare. A gust of wind caused momentary instability, and she called “go-around” and added power to initiate a go-around. Just as she did this, the flight instructor pulled aft on the control stick, but no positive transfer of control occurred. The airplane’s nose pitched up abruptly which resulted in a tail strike, aerodynamic stall, and right-wing drop.&#x0D;
In an earlier telephone interview with the pilot, she said that during the landing approach, the autopilot was disengaged about 1,000 ft agl.  Just as they were about to touch down, a gust of wind caused the approach to become unstable, and she applied power to go-around when the CFI took control of the airplane. She noted that she did not hear a “my airplane” command or similar. The CFI pulled back on the controls and she thinks the airplane stalled and it also struck the ground tail first. When asked if there were any mechanical problems with the airplane, she said there were not any.&#x0D;
During a telephone interview with the flight instructor, he stated that the approach to the runway was a little “rocky” due to winds, and just as they were about to touch down, a gust of wind caused the airplane to balloon up. He said the pilot did not recover and he did not react quickly enough, and the airplane struck the runway. When asked if there were mechanical issues with the airplane, he said there were none. The flight instructor did not submit a written report of the accident.&#x0D;
The airplane sustained substantial damage to the fuselage. The flight instructors inadequate supervision of the flight and delayed remedial action and the pilot’s improper landing flare during which resulted in a hard landing. Aircraft - Aircraft oper/perf/capability - Performance/control parameters - Landing flare - Not attained/maintained, Personnel issues - Task performance - Use of equip/info - Aircraft control - Pilot, Personnel issues - Action/decision - Action - Delayed action - Instructor/check pilot, Personnel issues - Psychological - Attention/monitoring - Monitoring other person - Instructor/check pilot",False,False,False,False,False,True,False,False,True,False,9.00,1642,188.0,2026-04-03 04:05:44.570293+00:00
488,200756,WPR25LA245,2025-08-08,2025,8,Parma,IDAHO,United States,43.771041,,50S,PARMA,DENNEY,KITFOX,DENNEY,KITFOX,DENNEY KITFOX,AIR,N300KF,C9904-0300,True,,,091,,PERS,,Substantial,3,Serious,0,1,0,1,VMC,VMC,False,,In work,,,,,   ,False,False,False,False,False,False,False,False,False,False,17.00,1704,250.0,2026-04-03 04:05:44.570293+00:00
433,200687,ANC25LA083,2025-08-02,2025,8,Chisana,ALASKA,United States,62.282155,,,,AVIAT AIRCRAFT INC,A-1B,AVIAT AIRCRAFT INC,A-1B,AVIAT AIRCRAFT INC A-1B,AIR,N900HY,2362,False,1.0,REC,091,,PERS,,Substantial,3,None,0,0,0,0,VMC,VMC,False,DirectorBrief,Completed,,"The pilot reported that he was flying low-level over various remote gravel bars looking for a suitable one to land on. During a low pass over a gravel bar, the airplane’s tailwheel impacted an area of rough, uneven terrain, which pivoted the nose of the airplane down, resulting in a hard, inadvertent landing. The main landing gear wheels subsequently impacted a 3 ft high gravel berm, and the main landing gear collapsed resulting in substantial damage to the fuselage and left wing lift struts.&#x0D;
A postaccident examination of the landing gear by the NTSB investigator-in-charge revealed all fractures in the landing gear were from overload forces from the hard landing.",The pilot’s failure to maintain clearance from terrain while maneuvering at low altitude.,"Personnel issues - Action/decision - Info processing/decision - Decision making/judgment - Pilot, Personnel issues - Psychological - Attention/monitoring - Attention - Pilot, Personnel issues - Psychological - Perception/orientation/illusion - Situational awareness - Pilot, Personnel issues - Action/decision - Info processing/decision - Identification/recognition - Pilot, Personnel issues - Psychological - Personality/attitude - Self confidence - Pilot, Personnel issues - Task performance - Use of equip/info - Aircraft control - Pilot, Aircraft - Aircraft oper/perf/capability - Aircraft capability - (general) - Capability exceeded, Aircraft - Aircraft oper/perf/capability - Performance/control parameters - Altitude - Not attained/maintained, Environmental issues - Physical environment - Terrain - Rough terrain - Effect on equipment"," The pilot reported that he was flying low-level over various remote gravel bars looking for a suitable one to land on. During a low pass over a gravel bar, the airplane’s tailwheel impacted an area of rough, uneven terrain, which pivoted the nose of the airplane down, resulting in a hard, inadvertent landing. The main landing gear wheels subsequently impacted a 3 ft high gravel berm, and the main landing gear collapsed resulting in substantial damage to the fuselage and left wing lift struts.&#x0D;
A postaccident examination of the landing gear by the NTSB investigator-in-charge revealed all fractures in the landing gear were from overload forces from the hard landing. The pilot’s failure to maintain clearance from terrain while maneuvering at low altitude. Personnel issues - Action/decision - Info processing/decision - Decision making/judgment - Pilot, Personnel issues - Psychological - Attention/monitoring - Attention - Pilot, Personnel issues - Psychological - Perception/orientation/illusion - Situational awareness - Pilot, Personnel issues - Action/decision - Info processing/decision - Identification/recognition - Pilot, Personnel issues - Psychological - Personality/attitude - Self confidence - Pilot, Personnel issues - Task performance - Use of equip/info - Aircraft control - Pilot, Aircraft - Aircraft oper/perf/capability - Aircraft capability - (general) - Capability exceeded, Aircraft - Aircraft oper/perf/capability - Performance/control parameters - Altitude - Not attained/maintained, Environmental issues - Physical environment - Terrain - Rough terrain - Effect on equipment",False,False,False,False,True,True,False,False,True,False,9.00,1737,479.0,2026-04-03 04:05:44.570293+00:00
694,201009,CEN25LA381,2025-08-27,2025,8,Fort Worth,TEXAS,United States,32.796442,,XS04,BELL SOUTH AIRFIELD,BELL HELICOPTER TEXTRON CANADA,505,BELL HELICOPTER TEXTRON CANADA,505,BELL HELICOPTER TEXTRON CANADA 505,HELI,N505GR,65011,False,1.0,TS,091,,INST,Bell Training Academy,Substantial,3,None,0,0,0,0,VMC,VMC,False,DirectorBrief,Completed,,"The purpose of the flight with the manufacturer flight training academy was for a flight instructor to provide instruction to another flight instructor, who was a customer. About one hour into the flight at the manufacturer’s private flight training heliport, the manufacturer flight instructor was demonstrating a hover out of ground effect (HOGE) autorotation from a straight-in approach with termination on the lane. This was the first HOGE autorotation for the manufacturer flight instructor of the day. At the time of the maneuver, the manufacturer flight instructor reported the wind direction was variable, and the wind speed was light and variable with no gusting.&#x0D;
He reported that he was late entering the HOGE autorotation due to a heliport traffic pattern restriction for noise abatement purposes. Near the end of the HOGE autorotation, with about 35 kts airspeed, he performed a small flare by pulling the nose up slightly. About 45 ft agl, he noticed the descent rate accelerated, requiring him to make a small input with the collective. He further noticed that the descent rate became excessive. About 20 ft agl he began pulling the collective to the top stop and he leveled the skids. The helicopter landed hard on the dry asphalt lane, the skids partially collapsed, and the helicopter came to rest upright on the right side of the lane with little forward motion.&#x0D;
The helicopter sustained substantial damage to the underside of the fuselage. The manufacturer flight instructor reported there were no preimpact mechanical malfunctions or failures with the airframe or the engine that would have precluded normal operation.&#x0D;
The manufacturer flight training academy reported that the accident was a mismanagement of the flight controls, and the manufacturer flight instructor should have identified the situation the helicopter was in sooner and executed a power recovery to arrest the descent rate. Postaccident investigation revealed that the manufacturer flight instructor, who had been employed with the manufacturer flight training academy for nine years, did not complete the required flight risk assessment tool before the instructional flight.&#x0D;
The estimated density altitude for the closest meteorological reporting station was 2,484 ft.","The manufacturer flight instructor’s failure to maintain proper airspeed and a proper descent rate during a demonstrated hover out of ground effect (HOGE) autorotation, which resulted in a hard landing. Contributing to the accident was the manufacturer flight instructor’s failure to perform corrective action during the HOGE autorotation with a power recovery in a timely manner.","Personnel issues - Task performance - Use of equip/info - Aircraft control - Instructor/check pilot, Aircraft - Aircraft oper/perf/capability - Performance/control parameters - Descent rate - Not attained/maintained, Personnel issues - Psychological - Attention/monitoring - Task monitoring/vigilance - Instructor/check pilot, Personnel issues - Action/decision - Action - Incorrect action performance - Instructor/check pilot, Aircraft - Aircraft oper/perf/capability - Performance/control parameters - Airspeed - Not attained/maintained, Personnel issues - Action/decision - Info processing/decision - Identification/recognition - Instructor/check pilot"," The purpose of the flight with the manufacturer flight training academy was for a flight instructor to provide instruction to another flight instructor, who was a customer. About one hour into the flight at the manufacturer’s private flight training heliport, the manufacturer flight instructor was demonstrating a hover out of ground effect (HOGE) autorotation from a straight-in approach with termination on the lane. This was the first HOGE autorotation for the manufacturer flight instructor of the day. At the time of the maneuver, the manufacturer flight instructor reported the wind direction was variable, and the wind speed was light and variable with no gusting.&#x0D;
He reported that he was late entering the HOGE autorotation due to a heliport traffic pattern restriction for noise abatement purposes. Near the end of the HOGE autorotation, with about 35 kts airspeed, he performed a small flare by pulling the nose up slightly. About 45 ft agl, he noticed the descent rate accelerated, requiring him to make a small input with the collective. He further noticed that the descent rate became excessive. About 20 ft agl he began pulling the collective to the top stop and he leveled the skids. The helicopter landed hard on the dry asphalt lane, the skids partially collapsed, and the helicopter came to rest upright on the right side of the lane with little forward motion.&#x0D;
The helicopter sustained substantial damage to the underside of the fuselage. The manufacturer flight instructor reported there were no preimpact mechanical malfunctions or failures with the airframe or the engine that would have precluded normal operation.&#x0D;
The manufacturer flight training academy reported that the accident was a mismanagement of the flight controls, and the manufacturer flight instructor should have identified the situation the helicopter was in sooner and executed a power recovery to arrest the descent rate. Postaccident investigation revealed that the manufacturer flight instructor, who had been employed with the manufacturer flight training academy for nine years, did not complete the required flight risk assessment tool before the instructional flight.&#x0D;
The estimated density altitude for the closest meteorological reporting station was 2,484 ft. The manufacturer flight instructor’s failure to maintain proper airspeed and a proper descent rate during a demonstrated hover out of ground effect (HOGE) autorotation, which resulted in a hard landing. Contributing to the accident was the manufacturer flight instructor’s failure to perform corrective action during the HOGE autorotation with a power recovery in a timely manner. Personnel issues - Task performance - Use of equip/info - Aircraft control - Instructor/check pilot, Aircraft - Aircraft oper/perf/capability - Performance/control parameters - Descent rate - Not attained/maintained, Personnel issues - Psychological - Attention/monitoring - Task monitoring/vigilance - Instructor/check pilot, Personnel issues - Action/decision - Action - Incorrect action performance - Instructor/check pilot, Aircraft - Aircraft oper/perf/capability - Performance/control parameters - Airspeed - Not attained/maintained, Personnel issues - Action/decision - Info processing/decision - Identification/recognition - Instructor/check pilot",False,False,False,False,True,True,False,False,True,False,9.00,1581,127.0,2026-04-03 04:05:44.570293+00:00
590,200880,CEN25FA346,2025-08-27,2025,8,Kearney,MISSOURI,United States,39.349484,,GPH,MIDWEST NTL AIR CENTER,CESSNA,340,CESSNA,340,CESSNA 340,AIR,N888MT,340A0763,False,2.0,,091,,PERS,,Substantial,3,Fatal,2,0,0,2,VMC,VMC,False,,In work,,,,,   ,False,False,False,False,False,False,False,False,False,False,31.00,1582,128.0,2026-04-03 04:05:44.570293+00:00
622,200917,CEN25LA355,2025-08-26,2025,8,Lubbock,TEXAS,United States,33.649871,,LBB,,CESSNA,172M,CESSNA,172M,CESSNA 172M,AIR,N92356,17261567,False,1.0,REC,091,,PERS,HUB CITY AVIATION ACADEMY LLC,Substantial,3,Minor,0,0,1,1,VMC,VMC,False,DirectorBrief,Completed,,"The pilot reported that he completed a 200 nautical mile cross country flight, then returned to the departure airport for touch-and-go landings. During the second touch-and-go, the engine experienced a loss of power about 200 to 300 ft agl. The pilot was unable to restore engine power and executed a forced landing to a field, which resulted in substantial damage to the fuselage and empennage. The pilot reported that there were no preaccident mechanical malfunctions or failures with the airplane that would have precluded normal operation. After the accident the pilot reported that he did not switch the fuel selector to the tank with available fuel.&#x0D;
The airplane contained about 36 gallons of fuel; 18 gallons in each fuel tank. The total flight time was about 2 hours and 20 minutes. The estimated fuel consumption rate for this engine was 8 gallons per hour.","The pilot’s mismanagement of available fuel, which resulted in a loss of engine power due to fuel starvation.","Aircraft - Fluids/misc hardware - Fluids - Fuel - Fluid management, Personnel issues - Action/decision - Action - Lack of action - Pilot, Personnel issues - Task performance - Use of equip/info - Use of equip/system - Pilot"," The pilot reported that he completed a 200 nautical mile cross country flight, then returned to the departure airport for touch-and-go landings. During the second touch-and-go, the engine experienced a loss of power about 200 to 300 ft agl. The pilot was unable to restore engine power and executed a forced landing to a field, which resulted in substantial damage to the fuselage and empennage. The pilot reported that there were no preaccident mechanical malfunctions or failures with the airplane that would have precluded normal operation. After the accident the pilot reported that he did not switch the fuel selector to the tank with available fuel.&#x0D;
The airplane contained about 36 gallons of fuel; 18 gallons in each fuel tank. The total flight time was about 2 hours and 20 minutes. The estimated fuel consumption rate for this engine was 8 gallons per hour. The pilot’s mismanagement of available fuel, which resulted in a loss of engine power due to fuel starvation. Aircraft - Fluids/misc hardware - Fluids - Fuel - Fluid management, Personnel issues - Action/decision - Action - Lack of action - Pilot, Personnel issues - Task performance - Use of equip/info - Use of equip/system - Pilot",False,True,False,False,True,False,False,False,True,False,13.00,1583,129.0,2026-04-03 04:05:44.570293+00:00
618,200912,ERA25LA328,2025-08-26,2025,8,Montauk,NEW YORK,United States,41.080028,,MTP,MONTAUK,CIRRUS DESIGN CORP,SR20,CIRRUS DESIGN CORP,SR20,CIRRUS DESIGN CORP SR20,AIR,N88SP,8861,False,1.0,REC,091,,PERS,Nassau Flyers,Substantial,3,None,0,0,0,0,VMC,VMC,False,DirectorBrief,Completed,,"Shortly after sunset, the pilot overflew the destination airport to ensure that there was no wildlife on the runway and to check the direction of the windsock. The windsock was dimly lit, and because there was an airplane lined up on one of airport’s runways, he assumed that the wind was favoring that runway. He approached the runway but performed a go-around because he was not lined up with the runway. On the second attempt, he noted that the airplane’s speed was high and as he touched down on the runway, the airplane bounced. On the second bounce, he applied the brakes, and the airplane began to skid before overrunning the runway and impacting vegetation, which resulted in substantial damage to the airplane’s wings. The pilot reported that after the accident, the operator who had rented the airplane to him reviewed the flight data recorded by the airplane’s avionics, which showed that he had landed with a 6-knot tailwind. The pilot also reported that there were no preimpact mechanical malfunctions or failures with the airplane prior to the accident.","The pilot’s failure to verify the wind direction and maintain an appropriate approach speed, which resulted in a long landing and subsequent runway excursion.","Personnel issues - Action/decision - Info processing/decision - Expectation/assumption - Pilot, Environmental issues - Conditions/weather/phenomena - Wind - Tailwind - Awareness of condition, Aircraft - Aircraft oper/perf/capability - Performance/control parameters - Descent/approach/glide path - Not attained/maintained, Personnel issues - Task performance - Use of equip/info - Aircraft control - Pilot"," Shortly after sunset, the pilot overflew the destination airport to ensure that there was no wildlife on the runway and to check the direction of the windsock. The windsock was dimly lit, and because there was an airplane lined up on one of airport’s runways, he assumed that the wind was favoring that runway. He approached the runway but performed a go-around because he was not lined up with the runway. On the second attempt, he noted that the airplane’s speed was high and as he touched down on the runway, the airplane bounced. On the second bounce, he applied the brakes, and the airplane began to skid before overrunning the runway and impacting vegetation, which resulted in substantial damage to the airplane’s wings. The pilot reported that after the accident, the operator who had rented the airplane to him reviewed the flight data recorded by the airplane’s avionics, which showed that he had landed with a 6-knot tailwind. The pilot also reported that there were no preimpact mechanical malfunctions or failures with the airplane prior to the accident. The pilot’s failure to verify the wind direction and maintain an appropriate approach speed, which resulted in a long landing and subsequent runway excursion. Personnel issues - Action/decision - Info processing/decision - Expectation/assumption - Pilot, Environmental issues - Conditions/weather/phenomena - Wind - Tailwind - Awareness of condition, Aircraft - Aircraft oper/perf/capability - Performance/control parameters - Descent/approach/glide path - Not attained/maintained, Personnel issues - Task performance - Use of equip/info - Aircraft control - Pilot",False,False,False,False,True,True,True,False,False,False,9.00,1584,130.0,2026-04-03 04:05:44.570293+00:00
585,200875,WPR25FA264,2025-08-26,2025,8,Los Banos,CALIFORNIA,United States,36.989284,,,,CESSNA,172S,CESSNA,172S,CESSNA 172S,AIR,N5203H,172S9732,False,1.0,,091,,PERS,Trade Winds Aviation,Destroyed,4,Fatal,1,0,0,1,VMC,VMC,False,,In work,,,,,   ,False,False,False,False,False,False,False,False,False,False,29.00,1585,131.0,2026-04-03 04:05:44.570293+00:00
583,200873,WPR25LA263,2025-08-23,2025,8,Lakeview,OREGON,United States,42.156240,,LKV,Lake County Airport,CESSNA,A185F,CESSNA,A185F,CESSNA A185F,AIR,N185GG,18502787,False,1.0,REC,091,,PERS,,Substantial,3,None,0,0,0,0,VMC,VMC,False,DirectorBrief,Completed,,"The pilot of the tailwheel equipped airplane reported that during the landing roll, the airplane experienced a wind gust from the right. The airplane veered to the right and the pilot attempted to regain directional control using rudder and aileron inputs. The airplane continued to the right, exited the runway surface and ground looped. The left wing and aileron sustained substantial damage. The pilot reported that there were no preaccident mechanical malfunctions or failures that would have precluded normal operation. At the time of the accident, the pilot was landing on runway 17 with wind from 260° at 6 knots, gusting to 20 knots.","The pilot’s failure to maintain directional control during the landing roll, in gusting crosswind conditions.","Aircraft - Aircraft oper/perf/capability - Performance/control parameters - Directional control - Not attained/maintained, Personnel issues - Task performance - Use of equip/info - Aircraft control - Pilot, Environmental issues - Conditions/weather/phenomena - Wind - Crosswind - Effect on operation"," The pilot of the tailwheel equipped airplane reported that during the landing roll, the airplane experienced a wind gust from the right. The airplane veered to the right and the pilot attempted to regain directional control using rudder and aileron inputs. The airplane continued to the right, exited the runway surface and ground looped. The left wing and aileron sustained substantial damage. The pilot reported that there were no preaccident mechanical malfunctions or failures that would have precluded normal operation. At the time of the accident, the pilot was landing on runway 17 with wind from 260° at 6 knots, gusting to 20 knots. The pilot’s failure to maintain directional control during the landing roll, in gusting crosswind conditions. Aircraft - Aircraft oper/perf/capability - Performance/control parameters - Directional control - Not attained/maintained, Personnel issues - Task performance - Use of equip/info - Aircraft control - Pilot, Environmental issues - Conditions/weather/phenomena - Wind - Crosswind - Effect on operation",False,False,False,False,True,True,True,False,False,False,9.00,1606,152.0,2026-04-03 04:05:44.570293+00:00
584,200874,CEN25LA345,2025-08-26,2025,8,Hartford,WISCONSIN,United States,43.350047,,HXF,HARTFORD MUNI,VANS AIRCRAFT INC,RV-12IS,VANS AIRCRAFT INC,RV-12IS,VANS AIRCRAFT INC RV-12IS,AIR,N18HS,121381,True,1.0,REC,091,,PERS,KETTLE MORAINE YOUTH AVIATION INC,Substantial,3,None,0,0,0,0,VMC,VMC,False,DirectorBrief,Completed,,"The student pilot was performing a landing after a solo flight. He attempted to land on runway 27 twice but there were trucks on the runway. He performed a go-around and switched to runway 18 which is a turf/grass runway. Immediately following touchdown, the airplane hit a bump on the runway and the airplane to become airborne again. The airplane porposied twice and the nose landing gear contacted the ground and collapsed which resulted in substantial damage to the fuselage. &#x0D;
The student pilot reported that there were no preaccident mechanical malfunctions or failures with the airplane that would have precluded normal operation.",The student pilot’s failure to maintain airplane control while landing on a turf runway.,"Personnel issues - Task performance - Use of equip/info - Aircraft control - Pilot, Aircraft - Aircraft oper/perf/capability - Performance/control parameters - Pitch control - Not attained/maintained"," The student pilot was performing a landing after a solo flight. He attempted to land on runway 27 twice but there were trucks on the runway. He performed a go-around and switched to runway 18 which is a turf/grass runway. Immediately following touchdown, the airplane hit a bump on the runway and the airplane to become airborne again. The airplane porposied twice and the nose landing gear contacted the ground and collapsed which resulted in substantial damage to the fuselage. &#x0D;
The student pilot reported that there were no preaccident mechanical malfunctions or failures with the airplane that would have precluded normal operation. The student pilot’s failure to maintain airplane control while landing on a turf runway. Personnel issues - Task performance - Use of equip/info - Aircraft control - Pilot, Aircraft - Aircraft oper/perf/capability - Performance/control parameters - Pitch control - Not attained/maintained",False,False,False,False,True,True,False,False,True,False,9.00,1590,136.0,2026-04-03 04:05:44.570293+00:00
595,200885,ENG25WA051,2025-08-26,2025,8,Caracas,OTHER FOREIGN,Venezuela,,,,,BOEING,727,BOEING,727,BOEING 727,AIR,YV665T,22609,False,,TJ,000,,,Solar Cargo,None,1,,0,0,0,0,,,False,,N/A,,,,,   ,False,False,False,False,False,False,False,False,False,False,3.00,1591,137.0,2026-04-03 04:05:44.570293+00:00
578,200867,WPR25LA260,2025-08-26,2025,8,Lincoln,MONTANA,United States,46.955134,,S69,Lincoln Airport,BELL TEXTRON CANADA LTD,407,BELL TEXTRON CANADA LTD,407,BELL TEXTRON CANADA LTD 407,HELI,N38AJ,56317,False,1.0,,135,NSCH,PUBU,Life Flight Network,Substantial,3,None,0,0,0,0,VMC,VMC,False,,In work,,,,,   ,False,False,False,False,False,False,False,False,False,False,9.00,1592,138.0,2026-04-03 04:05:44.570293+00:00
562,200849,GAA25WA243,2025-08-24,2025,8,Mitu,OTHER FOREIGN,Colombia,0.415001,,,,CESSNA,TU206,CESSNA,TU206,CESSNA TU206,AIR,HK1833,CU20603274,False,1.0,,000,,OWRK,SERVICIOS AEROEOS ESPECIALES GLOBAL LIFE AMBULANCIAS S.A.S.,Destroyed,4,Fatal,4,0,0,4,,,False,,N/A,,,,,   ,False,False,False,False,False,False,False,False,False,False,44.00,1599,145.0,2026-04-03 04:05:44.570293+00:00
576,200865,ERA25LA317,2025-08-25,2025,8,Knoxville,TENNESSEE,United States,36.000000,,EKQ,WAYNE COUNTY,CESSNA,170B,CESSNA,170B,CESSNA 170B,AIR,N4584C,25528,False,1.0,REC,091,,PERS,,Substantial,3,None,0,0,0,0,VMC,VMC,False,DirectorBrief,Completed,,"The pilot of the tailwheel-equipped airplane approached the destination airport, and while in the traffic pattern there, the airplane encountered a crosswind. During the base-to-final turn, he was dissatisfied with the airplane’s altitude and performed a go-around. On the subsequent approach, he used rudder inputs to maintain alignment with the runway centerline. After touchdown, the airplane drifted right, and as it decelerated, he applied right rudder but was unable to maintain directional control. The airplane veered off the left side of the runway and ground-looped, coming to rest on the adjacent terrain. The airplane sustained substantial damage to the right wingtip and aileron. The pilot reported that there were no preaccident mechanical malfunctions or failures of the airplane that would have precluded normal operation.","The pilot’s failure to maintain directional control during landing roll in a crosswind, which resulted in a runway excursion and a subsequent ground loop.","Personnel issues - Task performance - Use of equip/info - Aircraft control - Pilot, Aircraft - Aircraft oper/perf/capability - Performance/control parameters - Directional control - Not attained/maintained, Environmental issues - Conditions/weather/phenomena - Wind - Crosswind - Response/compensation"," The pilot of the tailwheel-equipped airplane approached the destination airport, and while in the traffic pattern there, the airplane encountered a crosswind. During the base-to-final turn, he was dissatisfied with the airplane’s altitude and performed a go-around. On the subsequent approach, he used rudder inputs to maintain alignment with the runway centerline. After touchdown, the airplane drifted right, and as it decelerated, he applied right rudder but was unable to maintain directional control. The airplane veered off the left side of the runway and ground-looped, coming to rest on the adjacent terrain. The airplane sustained substantial damage to the right wingtip and aileron. The pilot reported that there were no preaccident mechanical malfunctions or failures of the airplane that would have precluded normal operation. The pilot’s failure to maintain directional control during landing roll in a crosswind, which resulted in a runway excursion and a subsequent ground loop. Personnel issues - Task performance - Use of equip/info - Aircraft control - Pilot, Aircraft - Aircraft oper/perf/capability - Performance/control parameters - Directional control - Not attained/maintained, Environmental issues - Conditions/weather/phenomena - Wind - Crosswind - Response/compensation",False,False,False,False,True,True,True,False,False,False,9.00,1594,140.0,2026-04-03 04:05:44.570293+00:00
574,200863,WPR25LA259,2025-08-25,2025,8,Puyallup,WASHINGTON,United States,47.103920,,PLU,PIERCE COUNTY/THUN FLD,CZECH AIRCRAFT GROUP SRO,SPORTCRUISER,CZECH AIRCRAFT GROUP SRO,SPORTCRUISER,CZECH AIRCRAFT GROUP SRO SPORTCRUISER,AIR,N538SF,C0694,False,1.0,,091,,FLTS,Spana Flight,Substantial,3,Serious,0,1,1,2,VMC,VMC,False,,In work,,,,,   ,False,False,False,False,False,False,False,False,False,False,17.00,1595,141.0,2026-04-03 04:05:44.570293+00:00
668,200976,ERA25LA339,2025-08-24,2025,8,Charleston,WEST VIRGINIA,United States,38.376013,,CRW,WEST VIRGINIA INTL YEAGER,CIRRUS DESIGN CORP,SR20,CIRRUS DESIGN CORP,SR20,CIRRUS DESIGN CORP SR20,AIR,N241MU,10052,False,1.0,REC,091,,INST,MARSHALL UNIVERSITY,Substantial,3,None,0,0,0,0,VMC,VMC,False,DirectorBrief,Completed,,"The flight instructor reported that he and the student pilot were on the return leg of a cross-country flight. As the student pilot was landing the airplane at their home airport, the touchdown was normal, but the airplane immediately veered left. The flight instructor took control of the airplane and attempted to correct, but the airplane continued off the left side of the runway. The left wing struck a runway sign, resulting substantial damage to the left wing, and the airplane came to rest upright in a grass area off the left side of the runway. Examination of the wreckage by a mechanic and a Federal Aviation Administration inspector revealed a flat spot and gashes on the left main landing gear tire, consistent with the tire being flat upon touchdown.","A flat left main landing gear tire, which resulted in a loss of directional control and runway excursion during landing.","Aircraft - Aircraft systems - Landing gear system - Tire casing - Failure, Aircraft - Aircraft oper/perf/capability - Performance/control parameters - Directional control - Attain/maintain not possible"," The flight instructor reported that he and the student pilot were on the return leg of a cross-country flight. As the student pilot was landing the airplane at their home airport, the touchdown was normal, but the airplane immediately veered left. The flight instructor took control of the airplane and attempted to correct, but the airplane continued off the left side of the runway. The left wing struck a runway sign, resulting substantial damage to the left wing, and the airplane came to rest upright in a grass area off the left side of the runway. Examination of the wreckage by a mechanic and a Federal Aviation Administration inspector revealed a flat spot and gashes on the left main landing gear tire, consistent with the tire being flat upon touchdown. A flat left main landing gear tire, which resulted in a loss of directional control and runway excursion during landing. Aircraft - Aircraft systems - Landing gear system - Tire casing - Failure, Aircraft - Aircraft oper/perf/capability - Performance/control parameters - Directional control - Attain/maintain not possible",False,False,False,False,True,False,True,False,False,False,9.00,1596,142.0,2026-04-03 04:05:44.570293+00:00
561,200848,CEN25FA339,2025-08-24,2025,8,Concordia,KANSAS,United States,39.550083,,CNK,Blosser Municipal Airport,RANS,S-12 Airaile,RANS,S-12 Airaile,RANS S-12,AIR,N2757A,0494491,False,1.0,,091,,PERS,,Substantial,3,Fatal,1,0,0,1,VMC,VMC,False,,In work,,,,,   ,False,False,False,False,False,False,False,False,False,False,26.00,1597,143.0,2026-04-03 04:05:44.570293+00:00
631,200930,DCA25LA312,2025-08-23,2025,8,Miami,FLORIDA,United States,25.799028,,,,MCDONNELL DOUGLAS AIRCRAFT CO,MD 83,MCDONNELL DOUGLAS AIRCRAFT CO,MD 83,MCDONNELL DOUGLAS AIRCRAFT CO MD,AIR,N805WA,53470,False,2.0,,121,SCHD,,World Atlantic Airlines,None,1,Serious,0,1,0,1,,,False,,In work,,,,,   ,False,False,False,False,False,False,False,False,False,False,11.00,1608,154.0,2026-04-03 04:05:44.570293+00:00
598,200889,GAA25WA246,2025-08-23,2025,8,Sanat Ana Del Yacuma,OTHER FOREIGN,Bolivia,,,,,ROCKWELL,112,ROCKWELL,112,ROCKWELL 112,,CP-2872,,False,,,000,,,,,0,None,0,0,0,0,,,False,,N/A,,,,,   ,False,False,False,False,False,False,False,False,False,False,0.00,1607,153.0,2026-04-03 04:05:44.570293+00:00
565,200853,CEN25LA342,2025-08-24,2025,8,Granbury,TEXAS,United States,32.492622,,,,CIRRUS DESIGN CORP,SR22,CIRRUS DESIGN CORP,SR22,CIRRUS DESIGN CORP SR22,AIR,N376CD,1425,False,1.0,REC,091,,PERS,,Substantial,3,None,0,0,0,0,VMC,VMC,False,DirectorBrief,Completed,,"The pilot reported that the purpose of the flight was to continue the new engine break-in process. He departed with 46 total gallons of fuel but did not know the exact amount in each tank. During the flight he switched fuel tanks at a fuel consumption interval of 10 gallons. As he turned back toward the airport, he noted 14 gallons in the right tank and 4.5 gallons in the left tank. He intended to utilize the left tank until he started a descent, at which time he would switch to the right tank. About 18 miles from the airport, he felt the airplane decelerate so he turned on the fuel boost pump, and advanced the mixture and throttle controls, but did not switch fuel tanks. He diverted to a nearby airport but was unable to reach it, so he activated the Cirrus Airframe Parachute System (CAPS). The airplane descended to the ground under the parachute canopy and landed hard, which resulted in substantial damage to the right wing. The pilot reported that there were no preaccident mechanical malfunctions or failures that would have precluded normal operation. He added that he forgot to switch fuel tanks as he had intended and exhausted the fuel in the left tank. &#x0D;
Postaccident examination revealed 14 gallons of fuel in the right tank, which was breached, and trace amounts of fuel in the left tank, which remained intact.","The pilot’s inadequate fuel management, which resulted in a total loss of engine power due to fuel starvation.","Aircraft - Fluids/misc hardware - Fluids - Fuel - Fluid management, Personnel issues - Task performance - Use of equip/info - Use of equip/system - Pilot, Personnel issues - Action/decision - Action - Lack of action - Pilot"," The pilot reported that the purpose of the flight was to continue the new engine break-in process. He departed with 46 total gallons of fuel but did not know the exact amount in each tank. During the flight he switched fuel tanks at a fuel consumption interval of 10 gallons. As he turned back toward the airport, he noted 14 gallons in the right tank and 4.5 gallons in the left tank. He intended to utilize the left tank until he started a descent, at which time he would switch to the right tank. About 18 miles from the airport, he felt the airplane decelerate so he turned on the fuel boost pump, and advanced the mixture and throttle controls, but did not switch fuel tanks. He diverted to a nearby airport but was unable to reach it, so he activated the Cirrus Airframe Parachute System (CAPS). The airplane descended to the ground under the parachute canopy and landed hard, which resulted in substantial damage to the right wing. The pilot reported that there were no preaccident mechanical malfunctions or failures that would have precluded normal operation. He added that he forgot to switch fuel tanks as he had intended and exhausted the fuel in the left tank. &#x0D;
Postaccident examination revealed 14 gallons of fuel in the right tank, which was breached, and trace amounts of fuel in the left tank, which remained intact. The pilot’s inadequate fuel management, which resulted in a total loss of engine power due to fuel starvation. Aircraft - Fluids/misc hardware - Fluids - Fuel - Fluid management, Personnel issues - Task performance - Use of equip/info - Use of equip/system - Pilot, Personnel issues - Action/decision - Action - Lack of action - Pilot",False,True,False,False,True,True,False,False,True,False,9.00,1598,144.0,2026-04-03 04:05:44.570293+00:00
568,200856,ERA25LA313,2025-08-24,2025,8,Gulf Shores,ALABAMA,United States,30.290225,,JKA,GULF SHORES INTL/JACK EDWARDS FLD,Raytheon Aircraft Company,A36,RAYTHEON AIRCRAFT COMPANY,A36,RAYTHEON AIRCRAFT COMPANY A36,AIR,N855DC,E-3585,False,1.0,,091,,PERS,,Substantial,3,Serious,0,2,0,2,VMC,VMC,False,,In work,,,,,   ,False,False,False,False,False,False,False,False,False,False,17.00,1600,146.0,2026-04-03 04:05:44.570293+00:00
586,200876,WPR25LA265,2025-08-24,2025,8,Taylor,ARIZONA,United States,34.467277,,TYL,,CESSNA,120,CESSNA,120,CESSNA 120,AIR,N3151N,13409,False,1.0,,091,,PERS,JOHNSON RANDON E,Substantial,3,None,0,0,0,0,,,False,,In work,,,,,   ,False,False,False,False,False,False,False,False,False,False,9.00,1601,147.0,2026-04-03 04:05:44.570293+00:00
557,200844,CEN25LA337,2025-08-23,2025,8,Caseville,MICHIGAN,United States,43.930752,,,,BELL,OH-58A,BELL,OH-58A,BELL OH-58A,HELI,N707EE,72-21159,False,1.0,TS,091,,PERS,,Substantial,3,Minor,0,0,1,1,VMC,VMC,False,DirectorBrief,Completed,,"The pilot reported that while on a local flight he noticed a squall line approaching and elected to return to the private strip from which he had departed. During the approach, rain intensity increased, and the wind began gusting to about 15 knots. The pilot landed the helicopter, lowered the collective, and reduced power. While the main rotor was turning about 420 rpm, the helicopter suddenly rolled over onto its right side, resulting in substantial damage to the main rotor system and fuselage.&#x0D;
The pilot reported that the dynamic rollover was likely caused by the front seat passenger inadvertently contacting the cyclic control while turning to speak with the rear seat passenger.&#x0D;
The OH-58A flight manual notes that when carrying non-rated passengers unfamiliar with helicopter operation, the pilot should evaluate the advantages and disadvantages of stowing the copilot controls or accepting the potential hazard of leaving them installed.&#x0D;
The Federal Aviation Administration Helicopter Flying Handbook (FAA-H-8083-21B) states, “If possible, remove front passenger flight controls and ensure all passenger personal items, such as cameras and mobile phones, are secure.”&#x0D;
Bell Helicopter Operational Safety Notice GEN-20-50 advises that pilots emphasize avoidance of flight and engine controls during preflight briefings, especially when dual controls are installed, and further notes that removing the dual controls, if installed, remains an option to prevent inadvertent interference.&#x0D;
The pilot reported that there were no preaccident mechanical anomalies or failures that would have precluded normal operation.",The front seat passenger’s inadvertent movement of the cyclic control resulting in a dynamic rollover after landing. Contributing to the accident was the pilot’s decision to leave the dual flight controls installed with a non-pilot passenger in the front seat.,"Personnel issues - Experience/knowledge - Knowledge - Knowledge of equipment - Passenger, Personnel issues - Action/decision - (general) - (general) - Pilot, Aircraft - Aircraft oper/perf/capability - Performance/control parameters - Lateral/bank control - Not attained/maintained, Personnel issues - Task performance - Use of equip/info - Aircraft control - Pilot, Aircraft - Aircraft systems - Flight control system - Control column section - Unintentional use/operation"," The pilot reported that while on a local flight he noticed a squall line approaching and elected to return to the private strip from which he had departed. During the approach, rain intensity increased, and the wind began gusting to about 15 knots. The pilot landed the helicopter, lowered the collective, and reduced power. While the main rotor was turning about 420 rpm, the helicopter suddenly rolled over onto its right side, resulting in substantial damage to the main rotor system and fuselage.&#x0D;
The pilot reported that the dynamic rollover was likely caused by the front seat passenger inadvertently contacting the cyclic control while turning to speak with the rear seat passenger.&#x0D;
The OH-58A flight manual notes that when carrying non-rated passengers unfamiliar with helicopter operation, the pilot should evaluate the advantages and disadvantages of stowing the copilot controls or accepting the potential hazard of leaving them installed.&#x0D;
The Federal Aviation Administration Helicopter Flying Handbook (FAA-H-8083-21B) states, “If possible, remove front passenger flight controls and ensure all passenger personal items, such as cameras and mobile phones, are secure.”&#x0D;
Bell Helicopter Operational Safety Notice GEN-20-50 advises that pilots emphasize avoidance of flight and engine controls during preflight briefings, especially when dual controls are installed, and further notes that removing the dual controls, if installed, remains an option to prevent inadvertent interference.&#x0D;
The pilot reported that there were no preaccident mechanical anomalies or failures that would have precluded normal operation. The front seat passenger’s inadvertent movement of the cyclic control resulting in a dynamic rollover after landing. Contributing to the accident was the pilot’s decision to leave the dual flight controls installed with a non-pilot passenger in the front seat. Personnel issues - Experience/knowledge - Knowledge - Knowledge of equipment - Passenger, Personnel issues - Action/decision - (general) - (general) - Pilot, Aircraft - Aircraft oper/perf/capability - Performance/control parameters - Lateral/bank control - Not attained/maintained, Personnel issues - Task performance - Use of equip/info - Aircraft control - Pilot, Aircraft - Aircraft systems - Flight control system - Control column section - Unintentional use/operation",False,False,False,False,True,False,False,False,True,False,13.00,1610,156.0,2026-04-03 04:05:44.570293+00:00
501,200772,WPR25FA253,2025-08-12,2025,8,Goodyear,ARIZONA,United States,33.250008,,GYR,PHOENIX GOODYEAR,PITTS,S-1T,PITTS,S-1T,PITTS S-1T,AIR,N51HC,1026,True,1.0,,091,,PERS,,Substantial,3,Fatal,1,0,0,1,VMC,VMC,False,,In work,,,,,   ,False,False,False,False,False,False,False,False,False,False,26.00,1683,229.0,2026-04-03 04:05:44.570293+00:00
563,200850,CEN25LA340,2025-08-24,2025,8,Highland,ILLINOIS,United States,38.777074,,H07,HIGHLAND-WINET,BURKHART GROB FLUGZEUGBAU,G102 CLUB ASTIR IIIB,BURKHART GROB FLUGZEUGBAU,G102 CLUB ASTIR IIIB,BURKHART GROB FLUGZEUGBAU G102,GLI,N424BG,5548CB,False,0.0,,091,,PERS,ST LOUIS SOARING ASSOCIATION INC,Substantial,3,None,0,0,0,0,VMC,VMC,False,DirectorBrief,Completed,,"The pilot reported that the glider was preparing to take off and was connected to a tow airplane. As the tow began, the glider began to drift to the left due to a crosswind, and the glider moved out of position behind the towplane. As the tow progressed the glider’s left wing dropped to the ground, and the glider began to ground loop. The pilot released from the towplane and the right wing of the glider struck a parked golf cart. The glider received substantial damage to the right wing. The pilot stated that there were no mechanical anomalies with the glider that would have precluded normal operations.",The pilot’s failure to maintain directional control during takeoff which resulted in a collision with a parked vehicle.,"Aircraft - Aircraft oper/perf/capability - Performance/control parameters - Directional control - Not attained/maintained, Personnel issues - Task performance - Use of equip/info - Aircraft control - Pilot"," The pilot reported that the glider was preparing to take off and was connected to a tow airplane. As the tow began, the glider began to drift to the left due to a crosswind, and the glider moved out of position behind the towplane. As the tow progressed the glider’s left wing dropped to the ground, and the glider began to ground loop. The pilot released from the towplane and the right wing of the glider struck a parked golf cart. The glider received substantial damage to the right wing. The pilot stated that there were no mechanical anomalies with the glider that would have precluded normal operations. The pilot’s failure to maintain directional control during takeoff which resulted in a collision with a parked vehicle. Aircraft - Aircraft oper/perf/capability - Performance/control parameters - Directional control - Not attained/maintained, Personnel issues - Task performance - Use of equip/info - Aircraft control - Pilot",False,False,False,False,False,True,False,False,False,False,9.00,1602,148.0,2026-04-03 04:05:44.570293+00:00
572,200861,ANC25LA094,2025-08-24,2025,8,Chicken,ALASKA,United States,64.075670,,CKX,Chicken,PIPER,PA-28-180,PIPER,PA-28-180,PIPER PA-28-180,AIR,N7771N,28-5218,False,1.0,,091,,PERS,,Substantial,3,Minor,0,0,2,2,VMC,VMC,False,,In work,,,,,   ,False,False,False,False,False,False,False,False,False,False,13.00,1603,149.0,2026-04-03 04:05:44.570293+00:00
555,200841,CEN25LA334,2025-08-22,2025,8,Eagle,COLORADO,United States,39.655260,,,,KAMAN AEROSPACE CORP,K-1200,KAMAN AEROSPACE CORP,K-1200,KAMAN AEROSPACE CORP K-1200,HELI,N171PL,A94-0047,False,1.0,TS,133,,FIRF,Columbia Basin Helicopter,Substantial,3,None,0,0,0,0,VMC,VMC,False,DirectorBrief,Completed,,"The pilot stated that during a rotorcraft external load operation for firefighting, he was refilling the helicopter bucket at a lake. He stated that there had been wind gusts throughout the day and a right quartering tailwind of approximately 15 kts was present when he was refilling the bucket. He said that when another helicopter flew by his helicopter about 50-100 yds right and 150 ft above his position, he felt a push to the left. He pulled back on the cyclic control, but he could not recover the helicopter, which continued pitching to the left. The helicopter descended into the lake and sustained substantial to the main rotor blades. The pilot stated there was no mechanical malfunction/failure of the helicopter that would have precluded normal operation.",The pilot’s failure to maintain helicopter control which resulted in an uncontrolled descent and impact with terrain.,"Personnel issues - Task performance - Use of equip/info - Aircraft control - Pilot, Aircraft - Aircraft oper/perf/capability - Performance/control parameters - Lateral/bank control - Not attained/maintained"," The pilot stated that during a rotorcraft external load operation for firefighting, he was refilling the helicopter bucket at a lake. He stated that there had been wind gusts throughout the day and a right quartering tailwind of approximately 15 kts was present when he was refilling the bucket. He said that when another helicopter flew by his helicopter about 50-100 yds right and 150 ft above his position, he felt a push to the left. He pulled back on the cyclic control, but he could not recover the helicopter, which continued pitching to the left. The helicopter descended into the lake and sustained substantial to the main rotor blades. The pilot stated there was no mechanical malfunction/failure of the helicopter that would have precluded normal operation. The pilot’s failure to maintain helicopter control which resulted in an uncontrolled descent and impact with terrain. Personnel issues - Task performance - Use of equip/info - Aircraft control - Pilot, Aircraft - Aircraft oper/perf/capability - Performance/control parameters - Lateral/bank control - Not attained/maintained",False,False,True,False,True,True,False,False,False,False,9.00,1615,161.0,2026-04-03 04:05:44.570293+00:00
560,200847,ERA25FA310,2025-08-23,2025,8,Milledgeville,GEORGIA,United States,33.145364,,MLJ,BALDWIN COUNTY RGNL,CESSNA,310Q,CESSNA,310Q,CESSNA 310Q,AIR,N7664Q,310Q0443,False,2.0,,091,,PERS,,Destroyed,4,Fatal,1,0,0,1,VMC,VMC,False,,In work,,,,,   ,False,False,False,False,False,False,False,False,False,False,29.00,1604,150.0,2026-04-03 04:05:44.570293+00:00
589,200879,ERA25LA320,2025-08-23,2025,8,Livermore Falls,MAINE,United States,44.409762,,B10,Bowman Field Airport,CESSNA,170B,CESSNA,170B,CESSNA 170B,AIR,N170JL,25560,False,1.0,,091,,PERS,,Substantial,3,None,0,0,0,0,VMC,VMC,False,,In work,,,,,   ,False,False,False,False,False,False,False,False,False,False,9.00,1605,151.0,2026-04-03 04:05:44.570293+00:00
437,200691,CEN25LA300,2025-08-01,2025,8,Gainesville,TEXAS,United States,33.673900,,GLE,Gainesville Municipal Airport,CESSNA,172P,CESSNA,172P,CESSNA 172P,AIR,N62296,17275249,False,1.0,,091,,INST,In The Pattern,Substantial,3,None,0,0,0,0,VMC,VMC,False,,In work,,,,,   ,False,False,False,False,False,False,False,False,False,False,9.00,1747,293.0,2026-04-03 04:05:44.570293+00:00
558,200845,CEN25LA338,2025-08-22,2025,8,Fargo,NORTH DAKOTA,United States,46.926966,,FAR,Hector International,CIRRUS DESIGN CORP,SR22T,CIRRUS DESIGN CORP,SR22T,CIRRUS DESIGN CORP SR22T,AIR,N561RT,2355,False,1.0,REC,091,,PERS,,Substantial,3,None,0,0,0,0,VMC,VMC,False,DirectorBrief,Completed,,"The pilot reported that, while performing a crosswind landing, the airplane touched down upwind wheel first before ballooning due to a gust. The airplane was subsequently pushed towards the left side of the runway after becoming airborne. The pilot elected to execute a go-around, however, the airplane continued to the left and impacted the grass on the left side of the runway which resulted in substantial damage to the left wing. The pilot reported that there were no preaccident mechanical malfunctions or failures with the airplane that would have precluded normal operation. At the time of the accident the pilot was landing the airplane on runway 18 with wind from 250 at 13 knots gusting 23 knots. The Cirrus SR22T Airplane Flight Manual states that the max demonstrated crosswind is 21 knots. The calculated crosswind was 12.2 to 21.6 knots. &#x0D;
The pilot also reported that contributing to the accident was the closure of runway 27 and that an alternate airport with an appropriate runway for the wind conditions should have been chosen.",The pilot’s failure to maintain directional control during landing with a gusting crosswind. Contributing to the accident was the closure of the wind aligned runway 27.,"Aircraft - Aircraft oper/perf/capability - Performance/control parameters - Directional control - Not attained/maintained, Environmental issues - Conditions/weather/phenomena - Wind - Crosswind - Effect on operation, Environmental issues - Conditions/weather/phenomena - Wind - Gusts - Effect on operation, Personnel issues - Task performance - Use of equip/info - Aircraft control - Pilot"," The pilot reported that, while performing a crosswind landing, the airplane touched down upwind wheel first before ballooning due to a gust. The airplane was subsequently pushed towards the left side of the runway after becoming airborne. The pilot elected to execute a go-around, however, the airplane continued to the left and impacted the grass on the left side of the runway which resulted in substantial damage to the left wing. The pilot reported that there were no preaccident mechanical malfunctions or failures with the airplane that would have precluded normal operation. At the time of the accident the pilot was landing the airplane on runway 18 with wind from 250 at 13 knots gusting 23 knots. The Cirrus SR22T Airplane Flight Manual states that the max demonstrated crosswind is 21 knots. The calculated crosswind was 12.2 to 21.6 knots. &#x0D;
The pilot also reported that contributing to the accident was the closure of runway 27 and that an alternate airport with an appropriate runway for the wind conditions should have been chosen. The pilot’s failure to maintain directional control during landing with a gusting crosswind. Contributing to the accident was the closure of the wind aligned runway 27. Aircraft - Aircraft oper/perf/capability - Performance/control parameters - Directional control - Not attained/maintained, Environmental issues - Conditions/weather/phenomena - Wind - Crosswind - Effect on operation, Environmental issues - Conditions/weather/phenomena - Wind - Gusts - Effect on operation, Personnel issues - Task performance - Use of equip/info - Aircraft control - Pilot",False,False,False,False,True,True,False,False,False,False,9.00,1616,162.0,2026-04-03 04:05:44.570293+00:00
559,200846,ANC25LA093,2025-08-23,2025,8,Anchorage,ALASKA,United States,61.216436,,MRI,,PIPER,PA-20,PIPER,PA-20,PIPER PA-20,AIR,N7050K,20-158,False,1.0,,091,,INST,,Substantial,3,None,0,0,0,0,,,False,,In work,,,,,   ,False,False,False,False,False,False,False,False,False,False,9.00,1609,155.0,2026-04-03 04:05:44.570293+00:00
554,200840,ANC25LA092,2025-08-22,2025,8,Juneau,ALASKA,United States,58.550000,,JNU,,EUROCOPTER,AS 350 B2,EUROCOPTER,AS 350 B2,EUROCOPTER AS,HELI,N149TH,9071,False,1.0,,091,,POSI,TEMSCO HELICOPTERS INC,Substantial,3,None,0,0,0,0,VMC,VMC,False,,In work,,,,,   ,False,False,False,False,False,False,False,False,False,False,9.00,1618,164.0,2026-04-03 04:05:44.570293+00:00
545,200829,CEN25LA330,2025-08-20,2025,8,Grove,OKLAHOMA,United States,36.606778,,GMJ,GROVE RGNL,EXP,Supercub,EXP,Supercub,EXP SUPERCUB,AIR,N633JC,MA-1,True,1.0,REC,091,,FLTS,,Substantial,3,Minor,0,0,1,1,VMC,VMC,False,DirectorBrief,Completed,,"During the landing roll on the dry grass strip, the pilot relaxed elevator pressure from the control stick before applying brakes and the airplane nosed over, coming to rest inverted. The airplane sustained substantial damage to the left wing, vertical stabilizer and the rudder. The pilot reported there were no preimpact mechanical malfunctions or failures with the airframe or the engine that would have precluded normal operation. The pilot reported that he should not have released elevator back pressure before coming to a complete stop.","The pilot’s failure to maintain elevator control during the landing, which resulted in a nose over.",Personnel issues - Task performance - Use of equip/info - Aircraft control - Pilot," During the landing roll on the dry grass strip, the pilot relaxed elevator pressure from the control stick before applying brakes and the airplane nosed over, coming to rest inverted. The airplane sustained substantial damage to the left wing, vertical stabilizer and the rudder. The pilot reported there were no preimpact mechanical malfunctions or failures with the airframe or the engine that would have precluded normal operation. The pilot reported that he should not have released elevator back pressure before coming to a complete stop. The pilot’s failure to maintain elevator control during the landing, which resulted in a nose over. Personnel issues - Task performance - Use of equip/info - Aircraft control - Pilot",False,False,False,False,True,True,False,False,True,False,13.00,1630,176.0,2026-04-03 04:05:44.570293+00:00
566,200854,ERA25LA312,2025-08-23,2025,8,Fitchburg,MASSACHUSETTS,United States,42.552158,,FIT,FITCHBURG MUNI,CESSNA,170,CESSNA,170,CESSNA 170,AIR,N2589V,18094,False,1.0,REC,091,,PERS,,Substantial,3,None,0,0,0,0,VMC,VMC,False,DirectorBrief,Completed,,"The pilot of the tailwheel-equipped airplane was approaching his destination airport for landing. During the landing roll, the airplane lifted off but then descended back to the runway and veered to the left. The pilot attempted to correct with opposite rudder, but the airplane then ground looped to the left and exited the left side of the runway. The airplane subsequently nosed over, which resulted in substantial damage to the rudder, aft fuselage, and right-wing lift strut. The pilot reported that there were no preaccident mechanical failures or malfunctions with the airplane that would have precluded normal operation. At the time of the accident, the pilot was landing on runway 32 and the report wind was from 210° at 8 knots, which would have resulted in the left quartering tailwind.",The pilot’s failure to maintain directional control during the landing roll with a quartering tailwind.,"Environmental issues - Conditions/weather/phenomena - Wind - Tailwind - Effect on operation, Aircraft - Aircraft oper/perf/capability - Performance/control parameters - Directional control - Not attained/maintained, Personnel issues - Task performance - Use of equip/info - Aircraft control - Pilot"," The pilot of the tailwheel-equipped airplane was approaching his destination airport for landing. During the landing roll, the airplane lifted off but then descended back to the runway and veered to the left. The pilot attempted to correct with opposite rudder, but the airplane then ground looped to the left and exited the left side of the runway. The airplane subsequently nosed over, which resulted in substantial damage to the rudder, aft fuselage, and right-wing lift strut. The pilot reported that there were no preaccident mechanical failures or malfunctions with the airplane that would have precluded normal operation. At the time of the accident, the pilot was landing on runway 32 and the report wind was from 210° at 8 knots, which would have resulted in the left quartering tailwind. The pilot’s failure to maintain directional control during the landing roll with a quartering tailwind. Environmental issues - Conditions/weather/phenomena - Wind - Tailwind - Effect on operation, Aircraft - Aircraft oper/perf/capability - Performance/control parameters - Directional control - Not attained/maintained, Personnel issues - Task performance - Use of equip/info - Aircraft control - Pilot",False,False,False,False,True,True,True,False,True,False,9.00,1611,157.0,2026-04-03 04:05:44.570293+00:00
556,200843,CEN25LA336,2025-08-23,2025,8,Argusville,NORTH DAKOTA,United States,47.052200,,NA60,Dakota Airport,PIPER,PA-25-235,PIPER,PA-25-235,PIPER PA-25-235,AIR,N7239Z,25-3163,False,1.0,REC,137,,AAPL,Zachary Wolf,Substantial,3,None,0,0,0,0,VMC,VMC,False,DirectorBrief,Completed,,"The pilot reported that while maneuvering at low altitude during aerial application to a field, he noticed power lines. He pushed the control stick forward to maneuver the airplane underneath the power lines and then attempted to pull back on the control stick; however, due to the proximity to the ground, the airplane impacted terrain. The fuselage and left wing sustained substantial damage. The pilot reported that there were no preaccident mechanical malfunctions or failures with the airplane that would have precluded normal operation.",The pilot’s failure to maintain clearance from terrain while maneuvering at low altitude.,"Personnel issues - Psychological - Attention/monitoring - Monitoring environment - Pilot, Aircraft - Aircraft oper/perf/capability - Performance/control parameters - Altitude - Not attained/maintained, Environmental issues - Physical environment - Object/animal/substance - Wire - Awareness of condition"," The pilot reported that while maneuvering at low altitude during aerial application to a field, he noticed power lines. He pushed the control stick forward to maneuver the airplane underneath the power lines and then attempted to pull back on the control stick; however, due to the proximity to the ground, the airplane impacted terrain. The fuselage and left wing sustained substantial damage. The pilot reported that there were no preaccident mechanical malfunctions or failures with the airplane that would have precluded normal operation. The pilot’s failure to maintain clearance from terrain while maneuvering at low altitude. Personnel issues - Psychological - Attention/monitoring - Monitoring environment - Pilot, Aircraft - Aircraft oper/perf/capability - Performance/control parameters - Altitude - Not attained/maintained, Environmental issues - Physical environment - Object/animal/substance - Wire - Awareness of condition",False,False,False,False,True,True,False,False,True,False,9.00,1612,158.0,2026-04-03 04:05:44.570293+00:00
819,201791,ERA25LA378,2025-08-18,2025,8,Albany,GEORGIA,United States,31.530000,,ABY,Southwest Georgia Regional Airport,THRUSH AIRCRAFT LLC,S2R-T660,THRUSH AIRCRAFT LLC,S2R-T660,THRUSH AIRCRAFT LLC S2R-T660,AIR,N7001B,T660-191DC,False,1.0,,091,,FLTS,Thrush Aircraft LLC,Substantial,3,Minor,0,0,1,1,VMC,VMC,False,,In work,,,,,   ,False,False,False,False,False,False,False,False,False,False,13.00,1647,193.0,2026-04-03 04:05:44.570293+00:00
514,200793,ERA25LA300,2025-08-14,2025,8,Inverness,FLORIDA,United States,28.808021,,INF,Inverness Airport,PIPER,PA-12,PIPER,PA-12,PIPER PA-12,AIR,N4014M,12-2892,False,1.0,,091,,PERS,,Substantial,3,Serious,0,1,1,2,VMC,VMC,False,,In work,,,,,   ,False,False,False,False,False,False,False,False,False,False,17.00,1661,207.0,2026-04-03 04:05:44.570293+00:00
512,200791,DCA25LA291,2025-08-14,2025,8,Nashville,TENNESSEE,United States,36.125207,,BNA,NASHVILLE INTL,AIRBUS,A319,AIRBUS,A319,AIRBUS A319,AIR,C-GSJB,,False,2.0,,129,SCHD,,Air Canada Rouge LP,None,1,None,0,0,0,0,VMC,VMC,False,,In work,,,,,   ,False,False,False,False,False,False,False,False,False,False,3.00,1662,208.0,2026-04-03 04:05:44.570293+00:00
517,200796,ERA25LA301,2025-08-14,2025,8,Oakland Park,FLORIDA,United States,26.169000,,FXE,Fort Lauderdale Executive,CESSNA,560XL,CESSNA,560XL,CESSNA 560XL,AIR,N802TD,560-5153,False,2.0,,091,,BUS,ALLIANCE AVIATION GROUP LLC,Substantial,3,None,0,0,0,0,VMC,VMC,False,,In work,,,,,   ,False,False,False,False,False,False,False,False,False,False,9.00,1663,209.0,2026-04-03 04:05:44.570293+00:00
592,200882,ERA25LA321,2025-08-22,2025,8,Walbridge,OHIO,United States,41.566168,,TDZ,TOLEDO EXEC,AIR FLY BALONISMO E INFLAVEIS,AF-SS-94,AIR FLY BALONISMO E INFLAVEIS,AF-SS-94,AIR FLY BALONISMO E INFLAVEIS AF-SS-94,BALL,N591KY,LP2025-03,False,0.0,,091,,PERS,,Substantial,3,None,0,0,0,0,VMC,VMC,False,DirectorBrief,Completed,,"The pilot of the hot air balloon planned for a local sightseeing flight that departed and returned to the same airport. During the flight, the pilot realized that the balloon would not be able to return to the airport as planned, so he selected a field for an off-airport landing. During the final portion of the landing approach, one of the passengers alerted the pilot to the presence of a previously unseen powerline. Due to the balloon’s close proximity to the ground and the powerline, the pilot elected to vent the envelope and allow it to drape over the power line rather than risk the parts of the balloon between the envelope and the basket contacting the powerline. After touchdown, the envelope and the upper portion of one (steel) riser cable contacted two wires. The pilot heard a pop and saw an arc, which ultimately resulted in substantial damage to the riser cable, a quick link connector, and the envelope. The pilot and passengers were not injured. The pilot reported that there were no preimpact mechanical malfunctions or failures of the balloon that would have precluded normal operation.",The balloon pilot’s failure to see and avoid powerlines during an off-field airport landing.,"Personnel issues - Action/decision - Info processing/decision - Identification/recognition - Pilot, Personnel issues - Psychological - Attention/monitoring - Monitoring environment - Pilot"," The pilot of the hot air balloon planned for a local sightseeing flight that departed and returned to the same airport. During the flight, the pilot realized that the balloon would not be able to return to the airport as planned, so he selected a field for an off-airport landing. During the final portion of the landing approach, one of the passengers alerted the pilot to the presence of a previously unseen powerline. Due to the balloon’s close proximity to the ground and the powerline, the pilot elected to vent the envelope and allow it to drape over the power line rather than risk the parts of the balloon between the envelope and the basket contacting the powerline. After touchdown, the envelope and the upper portion of one (steel) riser cable contacted two wires. The pilot heard a pop and saw an arc, which ultimately resulted in substantial damage to the riser cable, a quick link connector, and the envelope. The pilot and passengers were not injured. The pilot reported that there were no preimpact mechanical malfunctions or failures of the balloon that would have precluded normal operation. The balloon pilot’s failure to see and avoid powerlines during an off-field airport landing. Personnel issues - Action/decision - Info processing/decision - Identification/recognition - Pilot, Personnel issues - Psychological - Attention/monitoring - Monitoring environment - Pilot",False,False,False,False,True,True,False,False,False,False,9.00,1613,159.0,2026-04-03 04:05:44.570293+00:00
602,200894,ERA25LA323,2025-08-22,2025,8,Spring Hill,FLORIDA,United States,28.469326,,BKV,BROOKSVILLE-TAMPA BAY RGNL,CESSNA,172,CESSNA,172,CESSNA 172,AIR,N2460A,17280932,False,1.0,REC,091,,INST,AMERICAN AVIATION INC,Substantial,3,None,0,0,0,0,VMC,VMC,False,DirectorBrief,Completed,,"The student pilot was on his second solo flight in the airport traffic pattern practicing takeoffs and landings. During his second touch-and-go attempt, as he was landing, the airplane bounced several times, resulting in substantial damage to the underside of the fuselage. The pilot stated that there were no preimpact mechanical malfunctions or failures with the airplane that would have precluded normal operation.","The pilot’s improper landing flare, which resulted in a hard, bounced landing and substantial damage to the airplane’s fuselage.","Aircraft - Aircraft oper/perf/capability - Performance/control parameters - Landing flare - Not attained/maintained, Personnel issues - Task performance - Use of equip/info - Aircraft control - Pilot"," The student pilot was on his second solo flight in the airport traffic pattern practicing takeoffs and landings. During his second touch-and-go attempt, as he was landing, the airplane bounced several times, resulting in substantial damage to the underside of the fuselage. The pilot stated that there were no preimpact mechanical malfunctions or failures with the airplane that would have precluded normal operation. The pilot’s improper landing flare, which resulted in a hard, bounced landing and substantial damage to the airplane’s fuselage. Aircraft - Aircraft oper/perf/capability - Performance/control parameters - Landing flare - Not attained/maintained, Personnel issues - Task performance - Use of equip/info - Aircraft control - Pilot",False,False,False,False,True,True,False,False,True,False,9.00,1614,160.0,2026-04-03 04:05:44.570293+00:00
552,200837,CEN25LA333,2025-08-22,2025,8,Englewood,COLORADO,United States,39.570961,,KAPA,CENTENNIAL,PARKS,FOKKER D-VII REPLICA,PARKS,FOKKER D-VII REPLICA,PARKS FOKKER,AIR,N18852,20,True,1.0,REC,091,,POSI,,Substantial,3,None,0,0,0,0,VMC,VMC,False,DirectorBrief,Completed,,"The pilot reported that during the landing roll the tailwheel malfunctioned, which resulted in a runway excursion and ground loop. The airplane sustained substantial damage to the upper left wing and lower right wing. The pilot submitted a photo taken just before touch down that showed the tailwheel not locked into position and was deflected to the left as the rudder was deflected to the right.",A malfunction of the tailwheel which resulted in a runway excursion and ground loop.,"Aircraft - Aircraft systems - Landing gear system - Nose/tail landing gear - Malfunction, Aircraft - Aircraft oper/perf/capability - Performance/control parameters - Directional control - Attain/maintain not possible"," The pilot reported that during the landing roll the tailwheel malfunctioned, which resulted in a runway excursion and ground loop. The airplane sustained substantial damage to the upper left wing and lower right wing. The pilot submitted a photo taken just before touch down that showed the tailwheel not locked into position and was deflected to the left as the rudder was deflected to the right. A malfunction of the tailwheel which resulted in a runway excursion and ground loop. Aircraft - Aircraft systems - Landing gear system - Nose/tail landing gear - Malfunction, Aircraft - Aircraft oper/perf/capability - Performance/control parameters - Directional control - Attain/maintain not possible",False,False,False,False,True,False,True,False,False,False,9.00,1620,166.0,2026-04-03 04:05:44.570293+00:00
549,200833,ANC25LA091,2025-08-20,2025,8,Ninilchik,ALASKA,United States,60.020000,,,,VU HOLDINGS LLC/DBA VANILLA UN,VA 001,VU HOLDINGS LLC/DBA VANILLA UN,VA 001,VU HOLDINGS LLC/DBA VANILLA UN VA,UNMANNED,N246VU,18656A26444,False,1.0,,000,,PUBF,VU HOLDINGS LLC,Substantial,3,None,0,0,0,0,VMC,VMC,False,,In work,,,,,   ,False,False,False,False,False,False,False,False,False,False,9.00,1631,177.0,2026-04-03 04:05:44.570293+00:00
564,200852,ERA25LA311,2025-08-21,2025,8,Gaithersburg,MARYLAND,United States,39.168333,,GAI,MONTGOMERY COUNTY AIRPARK,CESSNA,172,CESSNA,172,CESSNA 172,AIR,N505LP,172S8546,False,1.0,REC,091,,INST,WIFA (WASHINGTON INTERNATIONAL FLIGHT ACADEMY) LLC,Substantial,3,None,0,0,0,0,VMC,VMC,False,DirectorBrief,Completed,,"The flight instructor reported that the student pilot had an tablet computer in her lap. During the landing flare, the tablet interfered with the student pilot’s control input. In an attempt to assist the student, the flight instructor briefly diverted her attention from the landing, to shift the tablet away from the control yoke. When the flight instructor looked back outside, she realized that the airplane had floated more than halfway down the runway and had not touched down. She took control of the airplane but decided not to attempt a go-around due to trees at the runway end. The flight instructor applied full braking, but when she realized that the airplane was not going to stop on the runway, she steered left down a small embankment, rather than risk a larger embankment at the end of the runway. The nose landing gear partially collapsed, and the airplane came to rest upright off the left side end of the runway. The forward portion of the airplane’s fuselage was substantially damaged during the accident sequence. The flight instructor added that there were no preimpact mechanical malfunctions with the airplane.","The flight instructor’s distraction during landing, which resulted in a long landing and subsequent runway excursion.",Personnel issues - Psychological - Attention/monitoring - Attention - Instructor/check pilot," The flight instructor reported that the student pilot had an tablet computer in her lap. During the landing flare, the tablet interfered with the student pilot’s control input. In an attempt to assist the student, the flight instructor briefly diverted her attention from the landing, to shift the tablet away from the control yoke. When the flight instructor looked back outside, she realized that the airplane had floated more than halfway down the runway and had not touched down. She took control of the airplane but decided not to attempt a go-around due to trees at the runway end. The flight instructor applied full braking, but when she realized that the airplane was not going to stop on the runway, she steered left down a small embankment, rather than risk a larger embankment at the end of the runway. The nose landing gear partially collapsed, and the airplane came to rest upright off the left side end of the runway. The forward portion of the airplane’s fuselage was substantially damaged during the accident sequence. The flight instructor added that there were no preimpact mechanical malfunctions with the airplane. The flight instructor’s distraction during landing, which resulted in a long landing and subsequent runway excursion. Personnel issues - Psychological - Attention/monitoring - Attention - Instructor/check pilot",False,False,False,False,True,False,True,False,True,False,9.00,1621,167.0,2026-04-03 04:05:44.570293+00:00
508,200785,ERA25LA299,2025-08-12,2025,8,Fordsville,KENTUCKY,United States,37.643246,,,,CESSNA,150,CESSNA,150,CESSNA 150,AIR,N9400U,15078348,False,1.0,,091,,PERS,,Substantial,3,None,0,0,0,0,VMC,VMC,False,,In work,,,,,   ,False,False,False,False,False,False,False,False,False,False,9.00,1678,224.0,2026-04-03 04:05:44.570293+00:00
528,200810,CEN25LA322,2025-08-14,2025,8,Joliet,ILLINOIS,United States,41.515013,,,,PIPER,PA-18-150,PIPER,PA-18-150,PIPER PA-18-150,AIR,N476SM,18-7509080,False,1.0,,091,,BANT,DRAKE AERIAL ENTERPRISES LLC,Substantial,3,None,0,0,0,0,VMC,VMC,False,,In work,,,,,   ,False,False,False,False,False,False,False,False,False,False,9.00,1664,210.0,2026-04-03 04:05:44.570293+00:00
534,200817,DCA25WA299,2025-08-14,2025,8,Bickenhill,,United Kingdom,52.453889,,BHX,Birmingham Airport,BOEING,737,BOEING,737,BOEING 737,AIR,G-TUKR,37260,False,,,129,SCHD,,TUI Airways,None,1,,0,0,0,0,,,False,,N/A,,,,,   ,False,False,False,False,False,False,False,False,False,False,3.00,1665,211.0,2026-04-03 04:05:44.570293+00:00
509,200786,CEN25FA320,2025-08-14,2025,8,Walters,OKLAHOMA,United States,34.495833,,,,CESSNA,172L,CESSNA,172L,CESSNA 172L,AIR,N2860Q,17259860,False,1.0,,091,,PERS,Pilot,Destroyed,4,Fatal,1,0,0,1,VMC,VMC,False,,In work,,,,,   ,False,False,False,False,False,False,False,False,False,False,29.00,1666,212.0,2026-04-03 04:05:44.570293+00:00
569,200858,CEN25LA344,2025-08-21,2025,8,Markesan,WISCONSIN,United States,43.698452,,13WI,NOWATZSKI FLD,CESSNA,210,CESSNA,210,CESSNA 210,AIR,N761SV,21062489,False,1.0,REC,091,,PERS,,Substantial,3,None,0,0,0,0,VMC,VMC,False,DirectorBrief,Completed,,"During the approach, the pilot landed long. He evaluated the remaining runway, determined it was sufficient to stop the airplane, and decided to continue the landing. The airplane overran the end of the runway, impacted a small ditch, crossed a road, and came to rest upright in a larger ditch. During the runway overrun, the airplane sustained substantial damage to the lower fuselage. &#x0D;
The pilot reported that there were no preaccident mechanical failures or malfunctions with the airplane that would have precluded normal operation.",The pilot’s failure to attain a proper touchdown point which resulted in a long landing and subsequent runway overrun.,"Personnel issues - Action/decision - (general) - (general) - Pilot, Aircraft - Aircraft oper/perf/capability - Aircraft capability - Landing distance - Capability exceeded, Personnel issues - Action/decision - Action - Incorrect action performance - Pilot"," During the approach, the pilot landed long. He evaluated the remaining runway, determined it was sufficient to stop the airplane, and decided to continue the landing. The airplane overran the end of the runway, impacted a small ditch, crossed a road, and came to rest upright in a larger ditch. During the runway overrun, the airplane sustained substantial damage to the lower fuselage. &#x0D;
The pilot reported that there were no preaccident mechanical failures or malfunctions with the airplane that would have precluded normal operation. The pilot’s failure to attain a proper touchdown point which resulted in a long landing and subsequent runway overrun. Personnel issues - Action/decision - (general) - (general) - Pilot, Aircraft - Aircraft oper/perf/capability - Aircraft capability - Landing distance - Capability exceeded, Personnel issues - Action/decision - Action - Incorrect action performance - Pilot",False,False,False,False,True,True,True,False,True,False,9.00,1622,168.0,2026-04-03 04:05:44.570293+00:00
510,200789,WPR25LA255,2025-08-14,2025,8,Anza,CALIFORNIA,United States,33.521603,,54CL,LAKE RIVERSIDE ESTATES,PIPER,PA-28-180,PIPER,PA-28-180,PIPER PA-28-180,AIR,N2691T,28-7205065,False,1.0,,091,,PERS,,Substantial,3,None,0,0,0,0,VMC,VMC,False,,In work,,,,,   ,False,False,False,False,False,False,False,False,False,False,9.00,1667,213.0,2026-04-03 04:05:44.570293+00:00
551,200835,CEN25LA332,2025-08-21,2025,8,Air Force Academy,COLORADO,United States,38.970032,,KAFF,USAF ACADEMY DAVIS AIRFIELD,CESSNA,172,CESSNA,172,CESSNA 172,AIR,N1401E,17270986,False,1.0,REC,091,,PERS,,Substantial,3,None,0,0,0,0,VMC,VMC,False,DirectorBrief,Completed,,"The student pilot departed on a solo flight, and after takeoff, he saw the airplane’s wheel chocks hanging on the right wing strut. Due to the proximity of the chocks to the wing flaps, a no-flap landing was performed. The airplane landed without further incident. A postaccident examination of the airplane revealed the underside of the right wing had been struck numerous times by the wheel chocks which resulted in substantial damage to a wing rib.&#x0D;
The flight school allowed for the storage of wheel chocks on the wing struts, then relying on the pilot to stow them inside the airplane during the preflight inspection. Following the accident, the flight school manager prohibited this practice and the chocks would be stowed inside the airplane when not in use.",The student pilot’s failure to perform an adequate preflight inspection.,Personnel issues - Task performance - Inspection - Preflight inspection - Student/instructed pilot," The student pilot departed on a solo flight, and after takeoff, he saw the airplane’s wheel chocks hanging on the right wing strut. Due to the proximity of the chocks to the wing flaps, a no-flap landing was performed. The airplane landed without further incident. A postaccident examination of the airplane revealed the underside of the right wing had been struck numerous times by the wheel chocks which resulted in substantial damage to a wing rib.&#x0D;
The flight school allowed for the storage of wheel chocks on the wing struts, then relying on the pilot to stow them inside the airplane during the preflight inspection. Following the accident, the flight school manager prohibited this practice and the chocks would be stowed inside the airplane when not in use. The student pilot’s failure to perform an adequate preflight inspection. Personnel issues - Task performance - Inspection - Preflight inspection - Student/instructed pilot",False,False,False,False,False,True,False,False,False,False,9.00,1623,169.0,2026-04-03 04:05:44.570293+00:00
570,200859,ERA25LA314,2025-08-20,2025,8,Miami,FLORIDA,United States,25.650000,,TMB,MIAMI EXEC,PIPER,PA32R,PIPER,PA32R,PIPER PA32R,AIR,N990DM,32R-7780357,False,1.0,REC,091,,PERS,,Substantial,3,None,0,0,0,0,VMC,VMC,False,DirectorBrief,Completed,,"The pilot reported that while enroute the “Warn Gear Unsafe” indicator illuminated and a decrease in airspeed was observed. After confirming that the airplane had enough fuel to reach the destination the pilot attempted to lower the landing gear. He placed the landing gear selector in the down position, but the landing gear position indicator lights were not illuminated. The pilot then followed the checklist for the emergency landing gear extension, but the gear indicator lights still did not illuminate, so he attempted multiple high G maneuvers to attempt to lock the landing gear to no avail. He then performed a low pass of the air traffic control tower who reported that the gear appeared to be down and locked. Upon touchdown the landing gear collapsed, and the airplane sustained substantial damage to the fuselage.&#x0D;
Postaccident examination of the airplane revealed that the hydraulic system contained only trace amounts of fluid. The system was then serviced with hydraulic fluid and operated successfully. Further examination of the hydraulic system found that hydraulic fluid was leaking from a cracked fitting. Based on this information, it is likely that the inflight loss of hydraulic fluid through the cracked fitting resulted in the system failing to operate as intended.","An inflight loss of hydraulic fluid from the landing gear system through a cracked fitting, which resulted in a landing gear collapse upon touchdown.",Aircraft - Fluids/misc hardware - Fluids - Hydraulic fluid - Fluid level," The pilot reported that while enroute the “Warn Gear Unsafe” indicator illuminated and a decrease in airspeed was observed. After confirming that the airplane had enough fuel to reach the destination the pilot attempted to lower the landing gear. He placed the landing gear selector in the down position, but the landing gear position indicator lights were not illuminated. The pilot then followed the checklist for the emergency landing gear extension, but the gear indicator lights still did not illuminate, so he attempted multiple high G maneuvers to attempt to lock the landing gear to no avail. He then performed a low pass of the air traffic control tower who reported that the gear appeared to be down and locked. Upon touchdown the landing gear collapsed, and the airplane sustained substantial damage to the fuselage.&#x0D;
Postaccident examination of the airplane revealed that the hydraulic system contained only trace amounts of fluid. The system was then serviced with hydraulic fluid and operated successfully. Further examination of the hydraulic system found that hydraulic fluid was leaking from a cracked fitting. Based on this information, it is likely that the inflight loss of hydraulic fluid through the cracked fitting resulted in the system failing to operate as intended. An inflight loss of hydraulic fluid from the landing gear system through a cracked fitting, which resulted in a landing gear collapse upon touchdown. Aircraft - Fluids/misc hardware - Fluids - Hydraulic fluid - Fluid level",False,False,False,False,True,False,False,False,True,False,9.00,1624,170.0,2026-04-03 04:05:44.570293+00:00
573,200862,ANC25LA095,2025-08-20,2025,8,Becharof Lake,ALASKA,United States,57.750000,,,,HELIO,H-395,HELIO,H-395,HELIO H-395,AIR,N44344,597,False,1.0,,091,,BUS,Daniel J Michels,Substantial,3,None,0,0,0,0,,,False,,In work,,,,,   ,False,False,False,False,False,False,False,False,False,False,9.00,1625,171.0,2026-04-03 04:05:44.570293+00:00
582,200872,ANC25LA096,2025-08-18,2025,8,Haines,ALASKA,United States,59.200965,,,,CESSNA,A185F,CESSNA,A185F,CESSNA A185F,AIR,N9BB,18503356,False,1.0,REC,091,NSCH,PERS,,Substantial,3,None,0,0,0,0,VMC,VMC,False,DirectorBrief,Completed,,"The pilot reported that he was landing a tailwheel-equipped airplane in an area of tidal, grass-covered terrain. After touchdown, during the landing rollout, the left main landing gear wheel struck a large log that was obscured by the tall grass, which resulted in the left main landing gear separation. The airplane sustained substantial damage to the left main landing gear attachment point (gearbox assembly). The pilot reported that there were no preaccident mechanical failures or malfunctions with the airplane that would have precluded normal operation.",The pilot’s selection of an unsuitable landing area resulting in an on-ground collision with an obscured log and a main landing gear separation.,"Environmental issues - Physical environment - Object/animal/substance - Hidden/submerged object - Contributed to outcome, Personnel issues - Action/decision - Action - Incorrect action selection - Pilot, Aircraft - Aircraft structures - Fuselage - Gear attach fittings (on fus) - Capability exceeded"," The pilot reported that he was landing a tailwheel-equipped airplane in an area of tidal, grass-covered terrain. After touchdown, during the landing rollout, the left main landing gear wheel struck a large log that was obscured by the tall grass, which resulted in the left main landing gear separation. The airplane sustained substantial damage to the left main landing gear attachment point (gearbox assembly). The pilot reported that there were no preaccident mechanical failures or malfunctions with the airplane that would have precluded normal operation. The pilot’s selection of an unsuitable landing area resulting in an on-ground collision with an obscured log and a main landing gear separation. Environmental issues - Physical environment - Object/animal/substance - Hidden/submerged object - Contributed to outcome, Personnel issues - Action/decision - Action - Incorrect action selection - Pilot, Aircraft - Aircraft structures - Fuselage - Gear attach fittings (on fus) - Capability exceeded",False,False,False,False,True,False,False,False,True,False,9.00,1641,187.0,2026-04-03 04:05:44.570293+00:00
459,200721,GAA25WA230,2025-08-05,2025,8,Montevideo,,Uruguay,,,SUMU,,BEECH,A36,BEECH,A36,BEECH A36,AIR,N4970M,E-1277,False,1.0,,000,,,,Unknown,0,,0,0,0,0,,,False,,N/A,,,,,   ,False,False,False,False,False,False,False,False,False,False,0.00,1723,269.0,2026-04-03 04:05:44.570293+00:00
460,200722,ANC25LA084,2025-08-05,2025,8,Willow,ALASKA,United States,61.751876,,UUO,Willow Airport,AERONCA,7AC,AERONCA,7AC,AERONCA 7AC,AIR,N84726,7AC-3432,False,1.0,,091,,PERS,,Substantial,3,Serious,0,1,0,1,VMC,VMC,False,,In work,,,,,   ,False,False,False,False,False,False,False,False,False,False,17.00,1724,270.0,2026-04-03 04:05:44.570293+00:00
455,200716,WPR25FA240,2025-08-05,2025,8,Chinle,ARIZONA,United States,36.115060,,E91,Chinle Municipal Airport,BEECH,300,BEECH,300,BEECH 300,AIR,N534AW,FA154,False,2.0,,135,SCHD,POSI,CSI AVIATION INC,Destroyed,4,Fatal,4,0,0,4,,,False,,In work,,,,,   ,False,False,False,False,False,False,False,False,False,False,44.00,1725,271.0,2026-04-03 04:05:44.570293+00:00
593,200883,ANC25LA097,2025-08-20,2025,8,Skwentna,ALASKA,United States,61.769167,,,,AIRBUS HELICOPTERS,AS350B3e,AIRBUS HELICOPTERS,AS350B3e,AIRBUS HELICOPTERS AS350B3E,HELI,N589SH,7745,False,1.0,TS,133,NSCH,EXLD,Soloy Helicopters LLC,Substantial,3,None,0,0,0,0,VMC,VMC,False,DirectorBrief,Completed,,"The operator reported that the helicopter was being used to sling construction equipment to a remote mine site located in an area of steep mountainous terrain. After the pilot placed the external load at a prearranged site next to the drill pad, he maneuvered the helicopter to a landing site in an area of rock-covered terrain to disconnect and stow the lightweight Kevlar long line that was still attached to the helicopter’s cargo hook. After a successful landing, the pilot reduced the engine throttle to ground idle, locked the flight controls, then exited the helicopter with the engine and rotor still operating. As the pilot coiled the Kevlar long line into the helicopter, a portion of the line became entangled in the rock covered terrain, and the pilot pulled hard to free it. As the Kevlar long line suddenly released from the rocks, the recoiling line became entangled in the operating main rotor blades which resulted in a severe main rotor imbalance. As a result, the main rotor gearbox and entire main rotor system were subsequently ripped from the helicopter. The helicopter sustained substantial damage to the fuselage, tail boom assembly, and main rotor drive system. The pilot reported that there were no preaccident mechanical failures or malfunctions with the helicopter that would have precluded normal operation.","The pilot’s inadvertent entanglement of a lightweight Kevlar long line into the helicopters operating main rotor system, resulting in a severe imbalance and separation of the main rotor gearbox.","Personnel issues - Action/decision - Action - Incorrect action performance - Pilot, Environmental issues - Physical environment - Terrain - Rough terrain - Effect on operation"," The operator reported that the helicopter was being used to sling construction equipment to a remote mine site located in an area of steep mountainous terrain. After the pilot placed the external load at a prearranged site next to the drill pad, he maneuvered the helicopter to a landing site in an area of rock-covered terrain to disconnect and stow the lightweight Kevlar long line that was still attached to the helicopter’s cargo hook. After a successful landing, the pilot reduced the engine throttle to ground idle, locked the flight controls, then exited the helicopter with the engine and rotor still operating. As the pilot coiled the Kevlar long line into the helicopter, a portion of the line became entangled in the rock covered terrain, and the pilot pulled hard to free it. As the Kevlar long line suddenly released from the rocks, the recoiling line became entangled in the operating main rotor blades which resulted in a severe main rotor imbalance. As a result, the main rotor gearbox and entire main rotor system were subsequently ripped from the helicopter. The helicopter sustained substantial damage to the fuselage, tail boom assembly, and main rotor drive system. The pilot reported that there were no preaccident mechanical failures or malfunctions with the helicopter that would have precluded normal operation. The pilot’s inadvertent entanglement of a lightweight Kevlar long line into the helicopters operating main rotor system, resulting in a severe imbalance and separation of the main rotor gearbox. Personnel issues - Action/decision - Action - Incorrect action performance - Pilot, Environmental issues - Physical environment - Terrain - Rough terrain - Effect on operation",False,False,False,False,True,False,False,False,True,False,9.00,1626,172.0,2026-04-03 04:05:44.570293+00:00
547,200831,CEN25LA331,2025-08-20,2025,8,South Saint Paul,MINNESOTA,United States,44.857251,,SGS,Richard E Fleming Field,ELMWOOD,CHRISTAVIA,ELMWOOD,CHRISTAVIA,ELMWOOD CHRISTAVIA,AIR,N383JA,JA 001,True,1.0,REC,091,,PERS,,Substantial,3,Minor,0,0,1,1,VMC,VMC,False,DirectorBrief,Completed,,"The pilot reported that while rolling out on the grass between the runway and taxiway, the airplane began to slowly pitch forward until it nosed over. The pilot attempted to correct with full back pressure on the yoke; however, the airplane did not respond to the control input. The pilot reported that he touched the brakes during the roll out. The airplane came to rest inverted which resulted in substantial damage to the vertical stabilizer, rudder, left wing, and lift struts. The pilot reported that there were no preaccident mechanical failures or malfunctions with the airplane that would have precluded normal operations. &#x0D;
Contributing to the accident was the pilot’s decision to land the airplane on a non-approved landing surface between the runway and taxiway.",The pilot’s failure to maintain airplane control during the landing roll. Contributing to the accident was the pilot’s decision to land the airplane on a non-approved landing surface.,"Aircraft - Aircraft oper/perf/capability - Performance/control parameters - (general) - Not attained/maintained, Personnel issues - Task performance - Use of equip/info - Aircraft control - Pilot, Environmental issues - Operating environment - Airport facilities/design - Runway/landing area condition - Contributed to outcome"," The pilot reported that while rolling out on the grass between the runway and taxiway, the airplane began to slowly pitch forward until it nosed over. The pilot attempted to correct with full back pressure on the yoke; however, the airplane did not respond to the control input. The pilot reported that he touched the brakes during the roll out. The airplane came to rest inverted which resulted in substantial damage to the vertical stabilizer, rudder, left wing, and lift struts. The pilot reported that there were no preaccident mechanical failures or malfunctions with the airplane that would have precluded normal operations. &#x0D;
Contributing to the accident was the pilot’s decision to land the airplane on a non-approved landing surface between the runway and taxiway. The pilot’s failure to maintain airplane control during the landing roll. Contributing to the accident was the pilot’s decision to land the airplane on a non-approved landing surface. Aircraft - Aircraft oper/perf/capability - Performance/control parameters - (general) - Not attained/maintained, Personnel issues - Task performance - Use of equip/info - Aircraft control - Pilot, Environmental issues - Operating environment - Airport facilities/design - Runway/landing area condition - Contributed to outcome",False,False,False,False,True,True,False,False,False,False,13.00,1627,173.0,2026-04-03 04:05:44.570293+00:00
495,200763,ANC25FA086,2025-08-11,2025,8,Monticello,IOWA,United States,42.236967,,,,NORTH AMERICAN,T-28B,NORTH AMERICAN,T-28B,NORTH AMERICAN T-28B,AIR,N28XT,138339,False,1.0,,091,,PERS,,Substantial,3,Fatal,1,0,0,1,VMC,VMC,False,,In work,,,,,   ,False,False,False,False,False,False,False,False,False,False,26.00,1684,230.0,2026-04-03 04:05:44.570293+00:00
503,200775,ERA25LA297,2025-08-11,2025,8,Ponce Inlet,FLORIDA,United States,29.078353,,EVB,New Smyrna Beach Municipal Airport,PIPER,PA-12,PIPER,PA-12,PIPER PA-12,AIR,N2504M,12-1002,False,1.0,,091,,BANT,AERIAL MESSAGES LEASING CO,Substantial,3,None,0,0,0,0,VMC,VMC,False,,In work,,,,,   ,False,False,False,False,False,False,False,False,False,False,9.00,1686,232.0,2026-04-03 04:05:44.570293+00:00
496,200764,WPR25LA250,2025-08-11,2025,8,San Celmente,CALIFORNIA,United States,33.022800,,NUC,SAN CLEMENTE ISLAND NALF,DE HAVILLAND,DHC-6-300,DE HAVILLAND,DHC-6-300,DE HAVILLAND DHC-6-300,AIR,N344CS,334,False,2.0,,135,NSCH,,Rampart Aviation,Substantial,3,None,0,0,0,0,IMC,IMC,False,,In work,,,,,   ,False,False,False,False,False,False,False,False,False,False,9.00,1687,233.0,2026-04-03 04:05:44.570293+00:00
675,200984,ERA25LA343,2025-08-20,2025,8,St. Petersburg,FLORIDA,United States,27.765114,,SPG,ALBERT WHITTED,BEECH,95-B55 (T42A),BEECH,95-B55 (T42A),BEECH 95-B55,AIR,N8313N,TC-1070,False,2.0,REC,091,,PERS,ST PETE AVIATION SERVICES LLC,Substantial,3,None,0,0,0,0,VMC,VMC,False,DirectorBrief,Completed,,"The pilot of the multi-engine airplane departed from the airplane’s home airport on a cross-country flight. The pilot stated that the takeoff and initial climb were normal; however, shortly after departure, he noted that the alternators went offline and the battery began to discharge. The pilot attempted to restore the alternators by resetting the switches and field circuit breakers. Unable to regain alternator functionality, the pilot elected to abort the flight and return to the departure airport. The pilot reported that he attempted to extend the landing gear and heard the gear motor operate. During the return to the airport, the pilot reported additional electrical issues, such as the airplane’s primary flight display turning off and rebooting. While on final approach to the airport, the pilot reported that the landing gear down and locked light was not illuminated; however, the mechanical tab on the floorboard indicated the landing gear was down. Upon touchdown, the landing gear collapsed, and the airplane skidded down the runway to a stop resulting in substantial damage to the fuselage. Surveillance images of the airplane as it was on final approach revealed that the nose landing gear was not extended and the main landing gear appeared to be at least partially extended. Had the pilot coordinated with the control tower to observe the landing gear position, it is possible that they would have been able to alert the pilot that all of the landing gear were not fully extended.&#x0D;
Postaccident examination of the airplane revealed that the landing gear motor circuit breaker had tripped and that the landing gear was capable of being extended and locked in place using the emergency extension system. The examination also revealed that both alternator belts were in place on the alternators, and the battery had sufficient voltage to operate the airplane’s electrical system. Since the landing gear was able to be extended using the emergency extension system, it is likely that the landing gear circuit breaker had tripped due to an electrical wiring issue or an issue with the landing gear motor.","The pilot’s failure to extend the landing gear prior to landing. Contributing to the accident was a malfunction of the landing gear’s electrical retraction/extension system, which tripped the circuit breaker.","Aircraft - Aircraft systems - Landing gear system - Gear extension and retract sys - Malfunction, Personnel issues - Task performance - Use of equip/info - Use of equip/system - Pilot, Aircraft - Aircraft systems - Landing gear system - Gear extension and retract sys - Not used/operated"," The pilot of the multi-engine airplane departed from the airplane’s home airport on a cross-country flight. The pilot stated that the takeoff and initial climb were normal; however, shortly after departure, he noted that the alternators went offline and the battery began to discharge. The pilot attempted to restore the alternators by resetting the switches and field circuit breakers. Unable to regain alternator functionality, the pilot elected to abort the flight and return to the departure airport. The pilot reported that he attempted to extend the landing gear and heard the gear motor operate. During the return to the airport, the pilot reported additional electrical issues, such as the airplane’s primary flight display turning off and rebooting. While on final approach to the airport, the pilot reported that the landing gear down and locked light was not illuminated; however, the mechanical tab on the floorboard indicated the landing gear was down. Upon touchdown, the landing gear collapsed, and the airplane skidded down the runway to a stop resulting in substantial damage to the fuselage. Surveillance images of the airplane as it was on final approach revealed that the nose landing gear was not extended and the main landing gear appeared to be at least partially extended. Had the pilot coordinated with the control tower to observe the landing gear position, it is possible that they would have been able to alert the pilot that all of the landing gear were not fully extended.&#x0D;
Postaccident examination of the airplane revealed that the landing gear motor circuit breaker had tripped and that the landing gear was capable of being extended and locked in place using the emergency extension system. The examination also revealed that both alternator belts were in place on the alternators, and the battery had sufficient voltage to operate the airplane’s electrical system. Since the landing gear was able to be extended using the emergency extension system, it is likely that the landing gear circuit breaker had tripped due to an electrical wiring issue or an issue with the landing gear motor. The pilot’s failure to extend the landing gear prior to landing. Contributing to the accident was a malfunction of the landing gear’s electrical retraction/extension system, which tripped the circuit breaker. Aircraft - Aircraft systems - Landing gear system - Gear extension and retract sys - Malfunction, Personnel issues - Task performance - Use of equip/info - Use of equip/system - Pilot, Aircraft - Aircraft systems - Landing gear system - Gear extension and retract sys - Not used/operated",False,False,False,False,True,True,False,False,True,False,9.00,1628,174.0,2026-04-03 04:05:44.570293+00:00
767,201731,WPR25LA296,2025-08-18,2025,8,Albany,OREGON,United States,44.640000,,S12,Albany Municipal Airport,CESSNA,172M,CESSNA,172M,CESSNA 172M,AIR,N20490,17261333,False,1.0,REC,091,,PERS,,Substantial,3,None,0,0,0,0,VMC,VMC,False,DirectorBrief,Completed,,"The pilot reported that, during landing, the airplane bounced, and the pilot attempted to hold the airplane level to bleed off airspeed. The airplane then bounced three more times, and its pitch increased after each bounce. After the fourth bounce, the airplane ballooned, and the pilot applied back pressure to the yoke. Subsequently, the airplane’s pitch decreased rapidly, and the airplane impacted the runway surface in a nose low attitude. The airplane sustained substantial damage to the forward fuselage. &#x0D;
The pilot reported that there were no preaccident mechanical malfunctions or failures with the airplane that would have precluded normal operations.",The pilot’s improper landing flare and subsequent improper recovery from a bounced landing.,"Aircraft - Aircraft oper/perf/capability - Performance/control parameters - Landing flare - Not attained/maintained, Personnel issues - Task performance - Use of equip/info - Aircraft control - Pilot, Personnel issues - Action/decision - Action - Incorrect action performance - Pilot"," The pilot reported that, during landing, the airplane bounced, and the pilot attempted to hold the airplane level to bleed off airspeed. The airplane then bounced three more times, and its pitch increased after each bounce. After the fourth bounce, the airplane ballooned, and the pilot applied back pressure to the yoke. Subsequently, the airplane’s pitch decreased rapidly, and the airplane impacted the runway surface in a nose low attitude. The airplane sustained substantial damage to the forward fuselage. &#x0D;
The pilot reported that there were no preaccident mechanical malfunctions or failures with the airplane that would have precluded normal operations. The pilot’s improper landing flare and subsequent improper recovery from a bounced landing. Aircraft - Aircraft oper/perf/capability - Performance/control parameters - Landing flare - Not attained/maintained, Personnel issues - Task performance - Use of equip/info - Aircraft control - Pilot, Personnel issues - Action/decision - Action - Incorrect action performance - Pilot",False,False,False,False,True,True,False,False,True,False,9.00,1639,185.0,2026-04-03 04:05:44.570293+00:00
511,200790,WPR25FA256,2025-08-14,2025,8,Des Moines,NEW MEXICO,United States,36.713680,,,,BEECH,M35,BEECH,M35,BEECH M35,AIR,N951T,D-6341,False,1.0,,091,,PERS,,Destroyed,4,Fatal,2,0,0,2,UNKNOWN,Unknown,False,,In work,,,,,   ,False,False,False,False,False,False,False,False,False,False,34.00,1669,215.0,2026-04-03 04:05:44.570293+00:00
571,200860,ERA25LA315,2025-08-20,2025,8,Centreville,ALABAMA,United States,32.940000,,0A8,BIBB COUNTY,PATRIOT AIRCRAFT LLC,CX1900A,PATRIOT AIRCRAFT LLC,CX1900A,PATRIOT AIRCRAFT LLC CX1900A,AIR,N150SP,CX1900A-0001,False,1.0,REC,091,,BUS,,Substantial,3,Serious,0,1,1,2,VMC,VMC,False,DirectorBrief,Completed,,"The pilot, who was also the owner of the experimental amateur-built airplane’s kit manufacturer, was performing a demonstration flight for potential buyers. The pilot reported that after fueling the airplane, a preflight inspection was performed and no anomalies were found; however, he stated that he did not sump the fuel tanks or the low-point drains. The pilot stated that after performing the engine runup and allowing the engine to reach operating temperatures, he performed a normal take off. At around 300 ft above ground level, the pilot reported that the engine began to “cut out,” and the pilot pulled the throttle bringing the engine to idle. He then began a left turn back toward the runway and advanced the throttle; however, the engine lost complete power. The pilot realized that he would not make it back to the runway and performed a forced landing into a wooded area. &#x0D;
A postaccident examination of the airplane revealed that it had sustained substantial damage to the wings. Examination of the engine found evidence of water in the fuel flow divider. After draining both wing fuel tanks, a significant amount of water was observed in the right wing fuel tank. According to the pilot, there were no fueling services available at the departure airport, and so he would fill barrels with fuel and store the barrels at the airport. According to the individuals who fueled the airplane that morning, when fueling the right fuel tank, they needed to tip the fuel barrel all the way on its side to get the last remaining fuel. Based on this information, it is likely that when the right fuel tank was filled, water that had accumulated in the fuel barrel was poured into the right fuel tank, which was then not drained during the preflight inspection. Subsequently, during takeoff, water likely entered the engine’s fuel system and cylinders, resulting in the reported loss of power.","The pilot’s failure to detect and remove water contamination from the airplane’s fuel system before the flight, which resulted in a total loss of engine power during initial climb.","Personnel issues - Task performance - Inspection - Preflight inspection - Pilot, Aircraft - Fluids/misc hardware - Fluids - Fuel - Fluid condition, Aircraft - Fluids/misc hardware - Fluids - Fuel - Inadequate inspection"," The pilot, who was also the owner of the experimental amateur-built airplane’s kit manufacturer, was performing a demonstration flight for potential buyers. The pilot reported that after fueling the airplane, a preflight inspection was performed and no anomalies were found; however, he stated that he did not sump the fuel tanks or the low-point drains. The pilot stated that after performing the engine runup and allowing the engine to reach operating temperatures, he performed a normal take off. At around 300 ft above ground level, the pilot reported that the engine began to “cut out,” and the pilot pulled the throttle bringing the engine to idle. He then began a left turn back toward the runway and advanced the throttle; however, the engine lost complete power. The pilot realized that he would not make it back to the runway and performed a forced landing into a wooded area. &#x0D;
A postaccident examination of the airplane revealed that it had sustained substantial damage to the wings. Examination of the engine found evidence of water in the fuel flow divider. After draining both wing fuel tanks, a significant amount of water was observed in the right wing fuel tank. According to the pilot, there were no fueling services available at the departure airport, and so he would fill barrels with fuel and store the barrels at the airport. According to the individuals who fueled the airplane that morning, when fueling the right fuel tank, they needed to tip the fuel barrel all the way on its side to get the last remaining fuel. Based on this information, it is likely that when the right fuel tank was filled, water that had accumulated in the fuel barrel was poured into the right fuel tank, which was then not drained during the preflight inspection. Subsequently, during takeoff, water likely entered the engine’s fuel system and cylinders, resulting in the reported loss of power. The pilot’s failure to detect and remove water contamination from the airplane’s fuel system before the flight, which resulted in a total loss of engine power during initial climb. Personnel issues - Task performance - Inspection - Preflight inspection - Pilot, Aircraft - Fluids/misc hardware - Fluids - Fuel - Fluid condition, Aircraft - Fluids/misc hardware - Fluids - Fuel - Inadequate inspection",False,False,False,False,False,True,False,False,False,False,17.00,1629,175.0,2026-04-03 04:05:44.570293+00:00
458,200719,ERA25LA290,2025-08-05,2025,8,Tellico Plains,TENNESSEE,United States,35.383647,,85TN,TELLICO PLAINS MUNI,GARY W LEWINSKI,SONEX,GARY W LEWINSKI,SONEX,GARY W LEWINSKI SONEX,AIR,N67BG,1599,True,1.0,,091,,PERS,,Substantial,3,Serious,0,1,0,1,VMC,VMC,False,,In work,,,,,   ,False,False,False,False,False,False,False,False,False,False,17.00,1726,272.0,2026-04-03 04:05:44.570293+00:00
449,200710,ERA25LA288,2025-08-05,2025,8,Pembroke Pines,FLORIDA,United States,25.989438,,HWO,NORTH PERRY,CESSNA,172N,CESSNA,172N,CESSNA 172N,AIR,N1213F,17272972,False,1.0,,091,,INST,FLIGHT ANSWERS LLC,Substantial,3,None,0,0,0,0,VMC,VMC,False,,In work,,,,,   ,False,False,False,False,False,False,False,False,False,False,9.00,1727,273.0,2026-04-03 04:05:44.570293+00:00
594,200884,ERA25LA322,2025-08-19,2025,8,Edgartown,MASSACHUSETTS,United States,41.358451,,1B2,KATAMA AIRPARK,CESSNA,182,CESSNA,182,CESSNA 182,AIR,N691DM,18263984,False,1.0,REC,091,,PERS,,Substantial,3,Minor,0,0,2,2,VMC,VMC,False,DirectorBrief,Completed,,"The pilot reported completing a preflight inspection, taxi, and engine runup with no anomalies observed. The pilot reported that he then taxied to the end of the grass runway, held the yoke in the full aft position, and applied full throttle to perform a soft-field takeoff. The pilot stated that while rolling down the runway, he experienced pitching and bouncing of the airplane. At an airspeed of 60 mph, he began to relieve the yoke back pressure, expecting the airplane to begin to liftoff; however, the airplane remained on the runway at 70 mph. At this point, the pilot elected to abort the takeoff and he brought the engine throttle to idle, then applied brake pressure to both brakes, but the airplane began to skid. The airplane continued past the end of the runway, and impacted vegetation and a wire fence. The pilot reported there were no mechanical malfunctions or failures that would have precluded normal operation. &#x0D;
A postaccident examination of the airplane revealed it had sustained substantial damage to the left wing and the fuselage. A photograph taken of the airplane shortly after the accident revealed that the flaps were in the retracted position. According to the airplane’s Pilot’s Operating Handbook, “Soft field takeoffs are performed with 20° of flaps.” Additionally, according to the FAA Airplane Flying Handbook, for a soft field takeoff, the pilot should lower the wing flaps prior to starting the takeoff to provide additional lift and to transfer the airplane’s weight from the wheels to the wings as early as possible. It is likely, that due to the flaps being retracted, the rough grass conditions resulted in additional drag on the wheels, preventing the airplane from accelerating sufficiently for flight.","The accident was the pilot’s failure to properly configure the airplane for a soft-field takeoff, which resulted in his decision to abort the takeoff and the subsequent runway overrun.","Aircraft - Aircraft systems - Flight control system - TE flap control system - Not used/operated, Personnel issues - Task performance - Use of equip/info - Use of checklist - Pilot"," The pilot reported completing a preflight inspection, taxi, and engine runup with no anomalies observed. The pilot reported that he then taxied to the end of the grass runway, held the yoke in the full aft position, and applied full throttle to perform a soft-field takeoff. The pilot stated that while rolling down the runway, he experienced pitching and bouncing of the airplane. At an airspeed of 60 mph, he began to relieve the yoke back pressure, expecting the airplane to begin to liftoff; however, the airplane remained on the runway at 70 mph. At this point, the pilot elected to abort the takeoff and he brought the engine throttle to idle, then applied brake pressure to both brakes, but the airplane began to skid. The airplane continued past the end of the runway, and impacted vegetation and a wire fence. The pilot reported there were no mechanical malfunctions or failures that would have precluded normal operation. &#x0D;
A postaccident examination of the airplane revealed it had sustained substantial damage to the left wing and the fuselage. A photograph taken of the airplane shortly after the accident revealed that the flaps were in the retracted position. According to the airplane’s Pilot’s Operating Handbook, “Soft field takeoffs are performed with 20° of flaps.” Additionally, according to the FAA Airplane Flying Handbook, for a soft field takeoff, the pilot should lower the wing flaps prior to starting the takeoff to provide additional lift and to transfer the airplane’s weight from the wheels to the wings as early as possible. It is likely, that due to the flaps being retracted, the rough grass conditions resulted in additional drag on the wheels, preventing the airplane from accelerating sufficiently for flight. The accident was the pilot’s failure to properly configure the airplane for a soft-field takeoff, which resulted in his decision to abort the takeoff and the subsequent runway overrun. Aircraft - Aircraft systems - Flight control system - TE flap control system - Not used/operated, Personnel issues - Task performance - Use of equip/info - Use of checklist - Pilot",False,False,False,False,True,True,True,False,True,False,13.00,1634,180.0,2026-04-03 04:05:44.570293+00:00
538,200822,WPR25LA258,2025-08-19,2025,8,Vacaville,CALIFORNIA,United States,38.378235,,VCB,NUT TREE,BOEING,B75N1,BOEING,B75N1,BOEING B75N1,AIR,N14GC,75-6503,False,1.0,REC,091,,PERS,,Substantial,3,None,0,0,0,0,VMC,VMC,False,DirectorBrief,Completed,,"The pilot of the tailwheel equipped airplane reported that he performed a wheel landing, and that during the landing roll, as the tailwheel contacted the ground, he felt the left wing start to get low. The pilot attempted to correct with aileron input; however, the lower left wing struck the runway.  The pilot applied full power to abort the landing; however, airplane veered to the right and exited the right side of the runway. The left main landing gear struck rough terrain and the airplane subsequently nosed over and came to rest inverted, which resulted in substantial damage to the left lower wing and rudder. The pilot reported that there were no preaccident mechanical failures or malfunctions with the airplane that would have precluded normal operation. At the time of the accident, the pilot was landing the airplane on runway 02 with wind from 180° at 7 knots.",The pilot's failure to maintain directional control during the landing roll with a quartering tailwind.,"Personnel issues - Task performance - Use of equip/info - Aircraft control - Pilot, Aircraft - Aircraft oper/perf/capability - Performance/control parameters - Directional control - Not attained/maintained, Environmental issues - Conditions/weather/phenomena - Wind - Crosswind - Effect on operation"," The pilot of the tailwheel equipped airplane reported that he performed a wheel landing, and that during the landing roll, as the tailwheel contacted the ground, he felt the left wing start to get low. The pilot attempted to correct with aileron input; however, the lower left wing struck the runway.  The pilot applied full power to abort the landing; however, airplane veered to the right and exited the right side of the runway. The left main landing gear struck rough terrain and the airplane subsequently nosed over and came to rest inverted, which resulted in substantial damage to the left lower wing and rudder. The pilot reported that there were no preaccident mechanical failures or malfunctions with the airplane that would have precluded normal operation. At the time of the accident, the pilot was landing the airplane on runway 02 with wind from 180° at 7 knots. The pilot's failure to maintain directional control during the landing roll with a quartering tailwind. Personnel issues - Task performance - Use of equip/info - Aircraft control - Pilot, Aircraft - Aircraft oper/perf/capability - Performance/control parameters - Directional control - Not attained/maintained, Environmental issues - Conditions/weather/phenomena - Wind - Crosswind - Effect on operation",False,False,False,False,True,True,True,False,False,False,9.00,1635,181.0,2026-04-03 04:05:44.570293+00:00
535,200819,ANC25LA087,2025-08-19,2025,8,Homer,ALASKA,United States,59.824300,,NONE,Sheep River Airstrip,PIPER,PA-22-160,PIPER,PA-22-160,PIPER PA-22-160,AIR,N9314D,22-6325,False,1.0,REC,091,,PERS,,Substantial,3,None,0,0,0,0,VMC,VMC,False,DirectorBrief,Completed,,"The pilot reported that, while landing a tailwheel-equipped airplane at a remote airstrip, the airplane encountered an area of rough and uneven terrain and the main landing gear collapsed, which resulted in substantial damage to both wing lift struts and the fuselage near the left main landing gear mount. After exiting the airplane, the pilot observed that the left main gear had fractured at the fuselage attach point. The pilot reported that there were no preaccident mechanical failures or malfunctions with the airplane that would have precluded normal operation. &#x0D;
Photos of the fracture surfaces from the main landing gear spring and fuselage attach point exhibited features that were consistent with extensive corrosion. It is likely that a fatigue crack initiated due to the corrosion damage at the fracture origin.",The failure of the left main landing gear mount due to extensive corrosion while landing in an area of rough terrain.,"Aircraft - Aircraft systems - Landing gear system - Main landing gear attach sec - Fatigue/wear/corrosion, Environmental issues - Physical environment - Terrain - Rough terrain - Effect on operation"," The pilot reported that, while landing a tailwheel-equipped airplane at a remote airstrip, the airplane encountered an area of rough and uneven terrain and the main landing gear collapsed, which resulted in substantial damage to both wing lift struts and the fuselage near the left main landing gear mount. After exiting the airplane, the pilot observed that the left main gear had fractured at the fuselage attach point. The pilot reported that there were no preaccident mechanical failures or malfunctions with the airplane that would have precluded normal operation. &#x0D;
Photos of the fracture surfaces from the main landing gear spring and fuselage attach point exhibited features that were consistent with extensive corrosion. It is likely that a fatigue crack initiated due to the corrosion damage at the fracture origin. The failure of the left main landing gear mount due to extensive corrosion while landing in an area of rough terrain. Aircraft - Aircraft systems - Landing gear system - Main landing gear attach sec - Fatigue/wear/corrosion, Environmental issues - Physical environment - Terrain - Rough terrain - Effect on operation",False,False,False,False,True,False,False,False,True,False,9.00,1636,182.0,2026-04-03 04:05:44.570293+00:00
526,200808,CEN25FA321,2025-08-18,2025,8,Bradley,ARKANSAS,United States,33.057000,,,,LANCAIR,NLA-275-FR-C,LANCAIR,NLA-275-FR-C,LANCAIR NLA-275-FR-C,AIR,N345LA,1004,True,1.0,,091,,PERS,FIVE LIME ALPHA LLC,Destroyed,4,Fatal,1,0,0,1,VMC,VMC,False,,In work,,,,,   ,False,False,False,False,False,False,False,False,False,False,29.00,1638,184.0,2026-04-03 04:05:44.570293+00:00
597,200888,GAA25WA245,2025-08-18,2025,8,Cano Negro,OTHER FOREIGN,Bolivia,,,,,EMBRAER,EMB721,EMBRAER,EMB721,EMBRAER EMB721,AIR,CP-2003,,False,,,000,,,,Substantial,3,None,0,0,0,0,,,False,,N/A,,,,,   ,False,False,False,False,False,False,False,False,False,False,9.00,1640,186.0,2026-04-03 04:05:44.570293+00:00
440,200694,GAA25WA224,2025-08-02,2025,8,Guayabal-Meta,OTHER FOREIGN,Colombia,,,,,CESSNA,188,CESSNA,188,CESSNA 188,AIR,HK1635,,False,,,000,,,AGRICOLA DE SERVICIOS AEREOS DEL META ASAM S.A.S,Substantial,3,None,0,0,0,0,,,False,,N/A,,,,,   ,False,False,False,False,False,False,False,False,False,False,9.00,1735,281.0,2026-04-03 04:05:44.570293+00:00
531,200814,CEN25LA325,2025-08-18,2025,8,Monroe,MICHIGAN,United States,41.939889,,TTF,Custer Airport,HELIO,H-391B,HELIO,H-391B,HELIO H-391B,AIR,N4431U,091,False,1.0,REC,091,,PERS,,Substantial,3,None,0,0,0,0,VMC,VMC,False,DirectorBrief,Completed,,"The pilot reported that while landing his tailwheel airplane in a crosswind, the airplane bounced upon touchdown. The right wing lifted, the airplane drifted down the runway on the left wheel, and the airplane exited the runway into the grass. The left wheel dug into the grass and the airplane pivoted. During the accident sequence, the left landing gear separated from the fuselage, and the left wing struck the ground. The left wing was substantially damaged. The pilot reported that there were no preaccident mechanical failures or malfunctions with the airplane that would have precluded normal operation. At the time of the accident, the pilot was landing the airplane on runway 03 with wind from 100° at 10 knots gusting 15 knots.",The pilot’s failure to maintain directional control during the landing roll with a crosswind.,"Personnel issues - Task performance - Use of equip/info - Aircraft control - Pilot, Aircraft - Aircraft oper/perf/capability - Performance/control parameters - Directional control - Not attained/maintained, Environmental issues - Conditions/weather/phenomena - Wind - Crosswind - Effect on operation"," The pilot reported that while landing his tailwheel airplane in a crosswind, the airplane bounced upon touchdown. The right wing lifted, the airplane drifted down the runway on the left wheel, and the airplane exited the runway into the grass. The left wheel dug into the grass and the airplane pivoted. During the accident sequence, the left landing gear separated from the fuselage, and the left wing struck the ground. The left wing was substantially damaged. The pilot reported that there were no preaccident mechanical failures or malfunctions with the airplane that would have precluded normal operation. At the time of the accident, the pilot was landing the airplane on runway 03 with wind from 100° at 10 knots gusting 15 knots. The pilot’s failure to maintain directional control during the landing roll with a crosswind. Personnel issues - Task performance - Use of equip/info - Aircraft control - Pilot, Aircraft - Aircraft oper/perf/capability - Performance/control parameters - Directional control - Not attained/maintained, Environmental issues - Conditions/weather/phenomena - Wind - Crosswind - Effect on operation",False,False,False,False,True,True,False,False,True,False,9.00,1643,189.0,2026-04-03 04:05:44.570293+00:00
523,200804,ERA25LA304,2025-08-08,2025,8,Rangeley,MAINE,United States,44.988905,,8B0,STEPHEN A BEAN MUNI,CESSNA,140,CESSNA,140,CESSNA 140,AIR,N89351,8379,False,1.0,,091,,PERS,,Substantial,3,None,0,0,0,0,VMC,VMC,False,DirectorBrief,Completed,,"The solo student pilot stated that while landing, the airplane bounced hard upon touchdown. After the bounce, the airplane veered off the side of the runway into the grass. The pilot tried to gain altitude but was unable, so he ""cut"" the engine. The airplane hit a bump and nosed over, coming to rest inverted. The airplane sustained substantial damage to the wings, forward fuselage, tail and engine mount. The pilot did not report any pre-impact mechanical malfunctions or failures that would have precluded normal operation.","The pilot’s failure to maintain control of the airplane during landing, which resulted in a runway excursion and subsequent nose over.","Personnel issues - Task performance - Use of equip/info - Aircraft control - Pilot, Aircraft - Aircraft oper/perf/capability - Performance/control parameters - Directional control - Not attained/maintained"," The solo student pilot stated that while landing, the airplane bounced hard upon touchdown. After the bounce, the airplane veered off the side of the runway into the grass. The pilot tried to gain altitude but was unable, so he ""cut"" the engine. The airplane hit a bump and nosed over, coming to rest inverted. The airplane sustained substantial damage to the wings, forward fuselage, tail and engine mount. The pilot did not report any pre-impact mechanical malfunctions or failures that would have precluded normal operation. The pilot’s failure to maintain control of the airplane during landing, which resulted in a runway excursion and subsequent nose over. Personnel issues - Task performance - Use of equip/info - Aircraft control - Pilot, Aircraft - Aircraft oper/perf/capability - Performance/control parameters - Directional control - Not attained/maintained",False,False,False,False,True,True,True,False,True,False,9.00,1705,251.0,2026-04-03 04:05:44.570293+00:00
577,200866,ERA25LA318,2025-08-18,2025,8,Portsmouth,NEW HAMPSHIRE,United States,43.068081,,PSM,PORTSMOUTH INTL AT PEASE,SCODA AERONAUTICA LTDA,SUPER PETREL LS,SCODA AERONAUTICA LTDA,SUPER PETREL LS,SCODA AERONAUTICA LTDA SUPER,AIR,N999XX,S0370,False,1.0,REC,091,,PERS,,Substantial,3,None,0,0,0,0,VMC,VMC,False,DirectorBrief,Completed,,The pilot stated that he was attempting to land on a hard surface runway in his amphibious airplane when he got distracted and failed to use the before landing checklist and extend the landing gear. The pilot subsequently landed on the hull resulting in substantial damage to the composite structure. The pilot reported there were no preimpact mechanical malfunctions or failures of the airplane that would have precluded normal operation.,The pilot’s failure to extend the airplane’s landing gear before landing.,"Personnel issues - Action/decision - Action - Forgotten action/omission - Pilot, Aircraft - Aircraft systems - Landing gear system - Gear extension and retract sys - Not used/operated"," The pilot stated that he was attempting to land on a hard surface runway in his amphibious airplane when he got distracted and failed to use the before landing checklist and extend the landing gear. The pilot subsequently landed on the hull resulting in substantial damage to the composite structure. The pilot reported there were no preimpact mechanical malfunctions or failures of the airplane that would have precluded normal operation. The pilot’s failure to extend the airplane’s landing gear before landing. Personnel issues - Action/decision - Action - Forgotten action/omission - Pilot, Aircraft - Aircraft systems - Landing gear system - Gear extension and retract sys - Not used/operated",False,False,False,False,True,True,False,False,False,False,9.00,1644,190.0,2026-04-03 04:05:44.570293+00:00
504,200777,ERA25LA298,2025-08-12,2025,8,Columbia,SOUTH CAROLINA,United States,33.941175,,CAE,Columbia Metro Airport,PASCHAL JR ROY E,VELOCITY XL RG,PASCHAL JR ROY E,VELOCITY XL RG,PASCHAL JR ROY E VELOCITY,AIR,N7778M,3RX095,True,1.0,REC,091,,PERS,,Substantial,3,None,0,0,0,0,VMC,VMC,False,DirectorBrief,Completed,,"According to the pilot, he was selling the experimental amateur-built airplane and delivering it to the new owner at the time of the accident. During the landing roll, the airplane’s retractable main landing gear collapsed, followed by the nose landing gear collapsing a few seconds later. The airplane sustained substantial damage to the bottom of the fuselage. After the accident, aircraft recovery personnel lifted the airplane and all three-landing gear came down and locked into place. A mechanic then placed the airplane on jacks in a hangar and cycled the landing gear handle to the up position. The main landing gear raised and locked into place. The nose landing gear started to retract but the actuator was bent from impact and did not cycle all the way up. The landing gear handle was lowered to the down position, and the main landing gear came down and locked into place. The nose landing gear came down and locked into place. No evidence of any preimpact mechanical malfunctions or failures were identified with the airplane during the examination.",A landing gear collapse during landing.,Not determined - Not determined - (general) - (general) - Unknown/Not determined," According to the pilot, he was selling the experimental amateur-built airplane and delivering it to the new owner at the time of the accident. During the landing roll, the airplane’s retractable main landing gear collapsed, followed by the nose landing gear collapsing a few seconds later. The airplane sustained substantial damage to the bottom of the fuselage. After the accident, aircraft recovery personnel lifted the airplane and all three-landing gear came down and locked into place. A mechanic then placed the airplane on jacks in a hangar and cycled the landing gear handle to the up position. The main landing gear raised and locked into place. The nose landing gear started to retract but the actuator was bent from impact and did not cycle all the way up. The landing gear handle was lowered to the down position, and the main landing gear came down and locked into place. The nose landing gear came down and locked into place. No evidence of any preimpact mechanical malfunctions or failures were identified with the airplane during the examination. A landing gear collapse during landing. Not determined - Not determined - (general) - (general) - Unknown/Not determined",False,False,False,False,True,False,False,False,True,False,9.00,1682,228.0,2026-04-03 04:05:44.570293+00:00
600,200891,WPR25LA267,2025-08-18,2025,8,Albany,OREGON,United States,44.690440,,,,DAVID ULLMAN,JABIRWATT,DAVID ULLMAN,JABIRWATT,DAVID ULLMAN JABIRWATT,AIR,N824DW,001,True,1.0,,091,,PERS,,Substantial,3,None,0,0,0,0,VMC,VMC,False,,In work,,,,,   ,False,False,False,False,False,False,False,False,False,False,9.00,1645,191.0,2026-04-03 04:05:44.570293+00:00
485,200752,ERA25LA294,2025-08-09,2025,8,Chamblee,GEORGIA,United States,33.875551,,PDK,DEKALB-PEACHTREE,PIPER,PA-28-151,PIPER,PA-28-151,PIPER PA-28-151,AIR,N1080H,28-7715306,False,1.0,,091,,INST,,Substantial,3,Serious,0,2,1,3,VMC,VMC,False,,In work,,,,,   ,False,False,False,False,False,False,False,False,False,False,17.00,1699,245.0,2026-04-03 04:05:44.570293+00:00
494,200762,WPR25LA249,2025-08-08,2025,8,Las Cruces,NEW MEXICO,United States,32.291994,,NM77,Memorial Medical Center Heliport,AMERICAN EUROCOPTER LLC,AS350B3,AMERICAN EUROCOPTER LLC,AS350B3,AMERICAN EUROCOPTER LLC AS350B3,HELI,N279AM,4685,False,1.0,,135,NSCH,,AIR METHODS LLC,Minor,2,None,0,0,0,0,VMC,VMC,False,,In work,,,,,   ,False,False,False,False,False,False,False,False,False,False,6.00,1700,246.0,2026-04-03 04:05:44.570293+00:00
581,200870,WPR25LA262,2025-08-18,2025,8,Burlington,WASHINGTON,United States,48.470526,,BVS,SKAGIT RGNL,ROBINSON HELICOPTER COMPANY,R44 II,ROBINSON HELICOPTER COMPANY,R44 II,ROBINSON HELICOPTER COMPANY R44,HELI,N877DR,12520,False,1.0,REC,091,,PERS,,Substantial,3,Minor,0,0,2,2,VMC,VMC,False,DirectorBrief,Completed,,"According to the pilot, prior to departure, while in a 10 ft hover, he maneuvered away from a parked vehicle when the helicopter struck a light pole to the aft and right side of the helicopter. Subsequently, the helicopter descended and impacted the ground, which resulted in substantial damage to the tailboom and fuselage.&#x0D;
The pilot reported that there were no preaccident mechanical malfunctions or failures with the helicopter that would have precluded normal operation.","The pilot’s failure to see and avoid the light pole, which resulted in a collision with the light pole and subsequent ground impact.","Personnel issues - Action/decision - Info processing/decision - Identification/recognition - Pilot, Personnel issues - Psychological - Attention/monitoring - Monitoring environment - Pilot"," According to the pilot, prior to departure, while in a 10 ft hover, he maneuvered away from a parked vehicle when the helicopter struck a light pole to the aft and right side of the helicopter. Subsequently, the helicopter descended and impacted the ground, which resulted in substantial damage to the tailboom and fuselage.&#x0D;
The pilot reported that there were no preaccident mechanical malfunctions or failures with the helicopter that would have precluded normal operation. The pilot’s failure to see and avoid the light pole, which resulted in a collision with the light pole and subsequent ground impact. Personnel issues - Action/decision - Info processing/decision - Identification/recognition - Pilot, Personnel issues - Psychological - Attention/monitoring - Monitoring environment - Pilot",False,False,False,False,True,True,False,False,True,False,13.00,1646,192.0,2026-04-03 04:05:44.570293+00:00
548,200832,ANC25LA090,2025-08-17,2025,8,Willow,ALASKA,United States,61.754613,,,,PIPER,PA-18-150,PIPER,PA-18-150,PIPER PA-18-150,AIR,N4387Z,18-8709,False,1.0,REC,000,,PUBS,STATE OF ALASKA,Substantial,3,None,0,0,0,0,VMC,VMC,False,DirectorBrief,Completed,,"The pilot was attempting to depart from an off-airport remote airstrip in a tailwheel-equipped airplane. The pilot reported that during the takeoff roll, the airplane encountered an area of rough and uneven terrain as the tail lifted off the ground, and as the airplane became airborne, he applied flaps and felt the airplane slow. The airplane descended and bounced on the airstrip. He felt he did not have sufficient airspeed for takeoff and aborted the takeoff. He reduced power and applied heavy braking, and the airplane subsequently nosed over and came to rest inverted, which resulted in substantial damage to the wings and vertical stabilizer. The pilot reported that there were no preaccident mechanical malfunctions or failures with the airplane that would have precluded normal operation.","The pilot’s loss of control after a rejected takeoff, which resulted in a noseover.","Personnel issues - Task performance - Use of equip/info - Aircraft control - Pilot, Aircraft - Aircraft oper/perf/capability - Performance/control parameters - Directional control - Not attained/maintained, Environmental issues - Physical environment - Terrain - Rough terrain - Contributed to outcome"," The pilot was attempting to depart from an off-airport remote airstrip in a tailwheel-equipped airplane. The pilot reported that during the takeoff roll, the airplane encountered an area of rough and uneven terrain as the tail lifted off the ground, and as the airplane became airborne, he applied flaps and felt the airplane slow. The airplane descended and bounced on the airstrip. He felt he did not have sufficient airspeed for takeoff and aborted the takeoff. He reduced power and applied heavy braking, and the airplane subsequently nosed over and came to rest inverted, which resulted in substantial damage to the wings and vertical stabilizer. The pilot reported that there were no preaccident mechanical malfunctions or failures with the airplane that would have precluded normal operation. The pilot’s loss of control after a rejected takeoff, which resulted in a noseover. Personnel issues - Task performance - Use of equip/info - Aircraft control - Pilot, Aircraft - Aircraft oper/perf/capability - Performance/control parameters - Directional control - Not attained/maintained, Environmental issues - Physical environment - Terrain - Rough terrain - Contributed to outcome",False,False,True,False,True,False,False,False,False,False,9.00,1648,194.0,2026-04-03 04:05:44.570293+00:00
603,200895,GAA25WA248,2025-08-17,2025,8,Phuket,,Thailand,8.021180,,,Phuket Airpark,QUICKSILVER,MX II,QUICKSILVER,MX II,QUICKSILVER MX,ULTR,U-M22,,False,,,000,,INST,Phuket Flying Club,Destroyed,4,Fatal,1,1,0,2,,,False,,N/A,,,,,   ,False,False,False,False,False,False,False,False,False,False,29.00,1649,195.0,2026-04-03 04:05:44.570293+00:00
541,200825,ERA25LA306,2025-08-17,2025,8,Baltimore,MARYLAND,United States,39.330038,,MTN,MARTIN STATE,CESSNA,172,CESSNA,172,CESSNA 172,AIR,N6208C,172S10820,False,1.0,,091,,PERS,,Substantial,3,None,0,0,0,0,VMC,VMC,False,,In work,,,,,   ,False,False,False,False,False,False,False,False,False,False,9.00,1651,197.0,2026-04-03 04:05:44.570293+00:00
521,200802,ERA25LA303,2025-08-16,2025,8,Springfield,VERMONT,United States,43.345403,,VSF,Hartness State Airport (Springfield),CENTRAIR,101A,CENTRAIR,101A,CENTRAIR 101A,GLI,N99KG,101A0225,False,0.0,NONE,091,,PERS,,Substantial,3,Serious,0,1,0,1,VMC,VMC,False,DirectorBrief,Completed,,"During his preflight assembly of the glider, the pilot got distracted and failed to connect the elevator control. During the subsequent takeoff, once the glider became airborne, the pilot realized there was no elevator control and immediately released himself from the tow airplane. The glider nosed down and impacted the ground resulting in substantial damage to the fuselage and tail boom.",The pilot’s failure to assemble the glider’s elevator control before takeoff.,"Personnel issues - Task performance - Inspection - Preflight inspection - Pilot, Aircraft - Aircraft systems - Flight control system - Elevator control system - Not installed/available"," During his preflight assembly of the glider, the pilot got distracted and failed to connect the elevator control. During the subsequent takeoff, once the glider became airborne, the pilot realized there was no elevator control and immediately released himself from the tow airplane. The glider nosed down and impacted the ground resulting in substantial damage to the fuselage and tail boom. The pilot’s failure to assemble the glider’s elevator control before takeoff. Personnel issues - Task performance - Inspection - Preflight inspection - Pilot, Aircraft - Aircraft systems - Flight control system - Elevator control system - Not installed/available",False,False,False,False,False,True,False,False,True,False,17.00,1654,200.0,2026-04-03 04:05:44.570293+00:00
728,201049,GAA25WA260,2025-08-16,2025,8,Orbe,OTHER FOREIGN,Switzerland,46.745069,,LSGY,,AEROSPOOL,WT9 DYNAMIC LSA,AEROSPOOL,WT9 DYNAMIC LSA,AEROSPOOL WT9,AIR,HB-WZN,,False,,,000,,,,Substantial,3,Fatal,1,0,0,1,,,False,,N/A,,,,,   ,False,False,False,False,False,False,False,False,False,False,26.00,1655,201.0,2026-04-03 04:05:44.570293+00:00
532,200815,CEN25LA326,2025-08-16,2025,8,Cape Girardeau,MISSOURI,United States,37.225225,,,,ROBINSON HELICOPTER COMPANY,R44 II,ROBINSON HELICOPTER COMPANY,R44 II,ROBINSON HELICOPTER COMPANY R44,HELI,N24DF,14246,False,1.0,,091,NSCH,BUS,CAPE COPTERS LLC,Substantial,3,None,0,0,0,0,VMC,VMC,False,,In work,,,,,   ,False,False,False,False,False,False,False,False,False,False,9.00,1656,202.0,2026-04-03 04:05:44.570293+00:00
619,200913,DCA25WA309,2025-08-16,2025,8,Villahermosa,,Mexico,,,MMVA,Villahermosa International Airport,"AIRBUS, LEONARDO","A320-214, AW139","AIRBUS, LEONARDO","A320-214, AW139","AIRBUS, LEONARDO A320-214,","AIR, HELI","N837VA, XA-KRY","4558, 41537",,2.0,TF,121,,,"Global Crossing Airlines, Transportes Aereos Pegaso","None, None",0,,0,0,0,0,,,False,,N/A,,,,,   ,False,False,False,False,False,False,False,False,False,False,0.00,1657,203.0,2026-04-03 04:05:44.570293+00:00
529,200811,CEN25LA323,2025-08-15,2025,8,Fowler,INDIANA,United States,40.614972,,,,GRUMMAN AMERICAN AVN. CORP.,G-164B,GRUMMAN AMERICAN AVN. CORP.,G-164B,GRUMMAN AMERICAN AVN. CORP. G-164B,AIR,N7015N,129B,False,1.0,,137,,AAPL,Christopher Larson,Substantial,3,None,0,0,0,0,VMC,VMC,False,,In work,,,,,   ,False,False,False,False,False,False,False,False,False,False,9.00,1658,204.0,2026-04-03 04:05:44.570293+00:00
520,200801,ERA25LA302,2025-08-15,2025,8,Titusville,FLORIDA,United States,28.514929,,TIX,Space Coast Regional Airport,CESSNA,172,CESSNA,172,CESSNA 172,AIR,N7205Q,17260505,False,1.0,,091,,INST,N7205Q LLC,Substantial,3,Serious,0,1,1,2,,,False,,In work,,,,,   ,False,False,False,False,False,False,False,False,False,False,17.00,1659,205.0,2026-04-03 04:05:44.570293+00:00
533,200816,GAA25WA242,2025-08-15,2025,8,Storrington,OTHER FOREIGN,United Kingdom,50.883000,,,,MD HELICOPTERS INC,600N,MD HELICOPTERS INC,600N,MD HELICOPTERS INC 600N,HELI,N600MW,RN064,False,1.0,TS,000,,UNK,RN064 INC OWNER TRUSTEE,Substantial,3,None,0,0,0,0,,,False,,N/A,,,,Not determined - Not determined - (general) - (general) - Other authority investigated,   Not determined - Not determined - (general) - (general) - Other authority investigated,False,False,False,False,False,False,False,False,False,False,9.00,1660,206.0,2026-04-03 04:05:44.570293+00:00
647,200951,ERA25LA334,2025-08-08,2025,8,Pottstown,PENNSYLVANIA,United States,40.260240,,PTW,HERITAGE FLD,CESSNA,152,CESSNA,152,CESSNA 152,AIR,N69200,15282548,False,1.0,REC,091,,PERS,,Substantial,3,None,0,0,0,0,VMC,VMC,False,DirectorBrief,Completed,,"The private pilot reported that the airplane was flown at a relatively high speed during final approach with flaps set to 10 degrees. Upon touchdown, the airplane bounced and porpoised, resulting in a nose landing gear collapse. The airplane’s engine mounts were substantially damaged during the accident sequence. The pilot reported that there were no pre-accident mechanical malfunctions or failures that would have precluded normal operation.","The pilot’s improper landing flare and subsequent improper recovery from a bounced landing, which resulted in substantial damage to the engine mounts.","Personnel issues - Task performance - Use of equip/info - Aircraft control - Pilot, Aircraft - Aircraft oper/perf/capability - Performance/control parameters - Landing flare - Not attained/maintained"," The private pilot reported that the airplane was flown at a relatively high speed during final approach with flaps set to 10 degrees. Upon touchdown, the airplane bounced and porpoised, resulting in a nose landing gear collapse. The airplane’s engine mounts were substantially damaged during the accident sequence. The pilot reported that there were no pre-accident mechanical malfunctions or failures that would have precluded normal operation. The pilot’s improper landing flare and subsequent improper recovery from a bounced landing, which resulted in substantial damage to the engine mounts. Personnel issues - Task performance - Use of equip/info - Aircraft control - Pilot, Aircraft - Aircraft oper/perf/capability - Performance/control parameters - Landing flare - Not attained/maintained",False,False,False,False,True,True,False,False,False,False,9.00,1701,247.0,2026-04-03 04:05:44.570293+00:00
525,200806,DCA25WA298,2025-08-13,2025,8,Comboyne,,Australia,-31.634247,,,,BOEING,737,BOEING,737,BOEING 737,AIR,VH-IJU,44219,False,,,129,,,,None,1,None,0,0,0,0,,,False,,N/A,,,,,   ,False,False,False,False,False,False,False,False,False,False,3.00,1670,216.0,2026-04-03 04:05:44.570293+00:00
506,200779,CEN25LA317,2025-08-13,2025,8,Zapata,TEXAS,United States,27.044000,,,,CESSNA,P210,CESSNA,P210,CESSNA P210,AIR,N92MS,P21000689,False,1.0,,091,,PERS,CIL N92MS LLC,Substantial,3,None,0,0,0,0,VMC,VMC,False,,In work,,,,,   ,False,False,False,False,False,False,False,False,False,False,9.00,1671,217.0,2026-04-03 04:05:44.570293+00:00
499,200769,WPR25LA251,2025-08-11,2025,8,Kalispell,MONTANA,United States,48.180275,,S27,Kalispell City Airport,SOCATA,TBM 700,SOCATA,TBM 700,SOCATA TBM,AIR,N860CA,596,False,1.0,TP,091,,BUS,Decagon Services INC,Destroyed,4,None,0,0,0,0,VMC,VMC,False,DirectorBrief,Completed,,"The pilot of the airplane reported that the airplane was too high during approach to the airport, and he responded by reducing the engine power to idle. When the airplane was about 40 ft above the runway, the “airspeed” aural caution sounded, and the pilot added engine power; however, the airspeed continued to decay, and the “stall” aural warning sounded. The airplane subsequently rolled left, impacted terrain alongside the left side of the runway, caught fire, and slid into the airport apron. The pilot and passengers were able to exit the airplane through the main cabin door before the airplane was destroyed by postaccident fire. &#x0D;
The pilot reported there were no preaccident mechanical failures or malfunctions with the airplane that would have precluded normal operation.","The pilot’s unstable approach to the runway, which resulted in an aerodynamic stall at low altitude and impact with terrain.","Personnel issues - Task performance - Use of equip/info - Aircraft control - Pilot, Aircraft - Aircraft oper/perf/capability - Performance/control parameters - Airspeed - Not attained/maintained, Aircraft - Aircraft oper/perf/capability - Performance/control parameters - Descent/approach/glide path - Not attained/maintained"," The pilot of the airplane reported that the airplane was too high during approach to the airport, and he responded by reducing the engine power to idle. When the airplane was about 40 ft above the runway, the “airspeed” aural caution sounded, and the pilot added engine power; however, the airspeed continued to decay, and the “stall” aural warning sounded. The airplane subsequently rolled left, impacted terrain alongside the left side of the runway, caught fire, and slid into the airport apron. The pilot and passengers were able to exit the airplane through the main cabin door before the airplane was destroyed by postaccident fire. &#x0D;
The pilot reported there were no preaccident mechanical failures or malfunctions with the airplane that would have precluded normal operation. The pilot’s unstable approach to the runway, which resulted in an aerodynamic stall at low altitude and impact with terrain. Personnel issues - Task performance - Use of equip/info - Aircraft control - Pilot, Aircraft - Aircraft oper/perf/capability - Performance/control parameters - Airspeed - Not attained/maintained, Aircraft - Aircraft oper/perf/capability - Performance/control parameters - Descent/approach/glide path - Not attained/maintained",False,False,False,False,True,False,False,False,False,False,12.00,1685,231.0,2026-04-03 04:05:44.570293+00:00
530,200813,CEN25LA324,2025-08-13,2025,8,Cleburne,TEXAS,United States,32.353750,,CPT,Cleburne Regional Airport,CIRRUS DESIGN CORP,SR22,CIRRUS DESIGN CORP,SR22,CIRRUS DESIGN CORP SR22,AIR,N654CD,1733,False,1.0,REC,091,,INST,,Substantial,3,None,0,0,0,0,VMC,VMC,False,DirectorBrief,Completed,,"The student pilot stated for the preparation for his initial solo flight, he successfully completed three takeoffs and landings with his flight instructor at the airport that was planned to be used for the solo flight. During the solo flight, the student pilot completed two full stop landings without any issues prior to attempting a third takeoff and landing. The student pilot stated that during the third attempt, the airplane crossed the runway threshold about 82 to 84 kts with full wing flaps. When the airplane crossed over the runway numbers, he reduced the engine power to idle, and the airplane entered a normal float but began to drift left. He tried to arrest the drift with rudder application, but he could not maintain the runway centerline. The student pilot added engine power to execute a go-around but could not stop the airplane’s left drift. The airplane impacted the ground in a left wing and nose down attitude, which resulted in substantial damage to the left wing, the engine firewall, and the rudder. The student pilot stated there was no mechanical malfunction/failure of the airplane that would have precluded normal airplane operation.",The student pilot’s failure to maintain airplane directional control during the approach and subsequent go-around.,"Personnel issues - Task performance - Use of equip/info - Aircraft control - Student/instructed pilot, Aircraft - Aircraft oper/perf/capability - Performance/control parameters - Directional control - Not attained/maintained"," The student pilot stated for the preparation for his initial solo flight, he successfully completed three takeoffs and landings with his flight instructor at the airport that was planned to be used for the solo flight. During the solo flight, the student pilot completed two full stop landings without any issues prior to attempting a third takeoff and landing. The student pilot stated that during the third attempt, the airplane crossed the runway threshold about 82 to 84 kts with full wing flaps. When the airplane crossed over the runway numbers, he reduced the engine power to idle, and the airplane entered a normal float but began to drift left. He tried to arrest the drift with rudder application, but he could not maintain the runway centerline. The student pilot added engine power to execute a go-around but could not stop the airplane’s left drift. The airplane impacted the ground in a left wing and nose down attitude, which resulted in substantial damage to the left wing, the engine firewall, and the rudder. The student pilot stated there was no mechanical malfunction/failure of the airplane that would have precluded normal airplane operation. The student pilot’s failure to maintain airplane directional control during the approach and subsequent go-around. Personnel issues - Task performance - Use of equip/info - Aircraft control - Student/instructed pilot, Aircraft - Aircraft oper/perf/capability - Performance/control parameters - Directional control - Not attained/maintained",False,False,False,False,True,True,False,False,False,False,9.00,1672,218.0,2026-04-03 04:05:44.570293+00:00
527,200809,GAA25WA241,2025-08-13,2025,8,Innsbruck,,Austria,47.259722,,LOWI,Innsbruck Airport,MOONEY,M20M,MOONEY,M20M,MOONEY M20M,AIR,N42FA,27-0279,False,1.0,REC,000,,PERS,Private Individual,Substantial,3,None,0,0,0,0,,,False,,N/A,,,,Personnel issues - Task performance - Use of equip/info - Use of equip/system - Pilot,   Personnel issues - Task performance - Use of equip/info - Use of equip/system - Pilot,False,False,False,False,False,False,False,False,False,False,9.00,1673,219.0,2026-04-03 04:05:44.570293+00:00
543,200827,CEN25LA328,2025-08-13,2025,8,Parker,COLORADO,United States,39.527563,,1CO8,Everitt,Vans Aircraft,RV14,VANS AIRCRAFT,RV14,VANS AIRCRAFT RV14,AIR,N29JM,141081,False,1.0,REC,091,,PERS,,Substantial,3,Minor,0,0,1,1,VMC,VMC,False,DirectorBrief,Completed,,"The pilot reported that the flight and approach for landing were uneventful. He executed a wheel landing in the tailwheel equipped airplane without any difficulties. However, during touchdown, he heard a “thunk” which, in hindsight, was the right landing gear wheel assembly separating from the strut. The airplane continued about 35 feet until the right landing gear strut contacted the ground and the airplane veered to the right and nosed over. The airframe sustained damage to the left wing, vertical stabilizer, and rudder.&#x0D;
A post-accident examination of the airplane confirmed that the right wheel assembly had separated from the landing gear strut. The four attachment bolts were retained by the wheel assembly and were bent. The corresponding nuts were not recovered. Damage to the landing gear strut was consistent with contact to the ground following separation of the wheel assembly. No evidence of a failure of the landing gear strut was observed. Similarly, there was no indication that the attachment hardware failed to perform as intended.&#x0D;
It is possible that the bolt torque was insufficient on installation or that the bolts loosened for another reason during operation. Once compromised, the nuts ultimately came off the bolts which allowed the wheel assembly to separate from the strut.",Separation of the right landing gear wheel assembly during landing.,"Aircraft - Aircraft systems - Landing gear system - Main landing gear attach sec - Unknown/Not determined, Not determined - Not determined - (general) - (general) - Unknown/Not determined"," The pilot reported that the flight and approach for landing were uneventful. He executed a wheel landing in the tailwheel equipped airplane without any difficulties. However, during touchdown, he heard a “thunk” which, in hindsight, was the right landing gear wheel assembly separating from the strut. The airplane continued about 35 feet until the right landing gear strut contacted the ground and the airplane veered to the right and nosed over. The airframe sustained damage to the left wing, vertical stabilizer, and rudder.&#x0D;
A post-accident examination of the airplane confirmed that the right wheel assembly had separated from the landing gear strut. The four attachment bolts were retained by the wheel assembly and were bent. The corresponding nuts were not recovered. Damage to the landing gear strut was consistent with contact to the ground following separation of the wheel assembly. No evidence of a failure of the landing gear strut was observed. Similarly, there was no indication that the attachment hardware failed to perform as intended.&#x0D;
It is possible that the bolt torque was insufficient on installation or that the bolts loosened for another reason during operation. Once compromised, the nuts ultimately came off the bolts which allowed the wheel assembly to separate from the strut. Separation of the right landing gear wheel assembly during landing. Aircraft - Aircraft systems - Landing gear system - Main landing gear attach sec - Unknown/Not determined, Not determined - Not determined - (general) - (general) - Unknown/Not determined",False,False,False,False,True,False,True,False,True,False,13.00,1674,220.0,2026-04-03 04:05:44.570293+00:00
516,200795,DCA25WA294,2025-08-13,2025,8,Madrid,,Spain,40.485118,,,,BOEING,737,BOEING,737,BOEING 737,AIR,9H-VVL,,False,2.0,,000,,,,Minor,2,,0,0,0,0,,,False,,N/A,,,,,   ,False,False,False,False,False,False,False,False,False,False,6.00,1675,221.0,2026-04-03 04:05:44.570293+00:00
524,200805,DCA25WA297,2025-08-13,2025,8,Taipei,,Taiwan,,,TPE,Taiwan Taoyuan International Airport,BOEING,747-8F,BOEING,747-8F,BOEING 747-8F,AIR,N613UP,64259,False,4.0,TF,121,,,UPS,Minor,2,None,0,0,0,0,,,False,,N/A,,,,,   ,False,False,False,False,False,False,False,False,False,False,6.00,1676,222.0,2026-04-03 04:05:44.570293+00:00
654,200959,GAA25WA252,2025-08-13,2025,8,Perth,OTHER FOREIGN,Australia,,,,,CESSNA,560,CESSNA,560,CESSNA 560,AIR,VH-OHE,,False,,,000,,,,None,1,None,0,0,0,0,,,False,,N/A,,,,,   ,False,False,False,False,False,False,False,False,False,False,3.00,1677,223.0,2026-04-03 04:05:44.570293+00:00
505,200778,CEN25LA316,2025-08-12,2025,8,Depew,IOWA,United States,43.189472,,,,XAG,P100 PRO,XAG,P100 PRO,XAG P100,HELI,N467GE,1863FPEG8219323A0Y25,False,4.0,ELEC,137,,AAPL,,Substantial,3,Serious,0,1,0,1,VMC,VMC,False,DirectorBrief,Completed,,"After the pilot completed the preflight of the quadcopter style unmanned aircraft system (UAS), he backed away from the UAS and initiated takeoff. As the UAS began to take off, the pilot walked back towards the UAS to retrieve old batteries. As he bent over to pick up the batteries, he sensed the UAS was too close to him, and he raised his hands to shield his face. The UAS rotor blade contacted his hand resulting in a serious injury. The operator also reported that one of the rotor blades needed to be replaced.",The pilot’s failure to maintain clearance from the unmanned aircraft system during takeoff.,"Personnel issues - Action/decision - Info processing/decision - Decision making/judgment - Pilot, Environmental issues - Task environment - Physical workspace - Positioning/available space - Awareness of condition"," After the pilot completed the preflight of the quadcopter style unmanned aircraft system (UAS), he backed away from the UAS and initiated takeoff. As the UAS began to take off, the pilot walked back towards the UAS to retrieve old batteries. As he bent over to pick up the batteries, he sensed the UAS was too close to him, and he raised his hands to shield his face. The UAS rotor blade contacted his hand resulting in a serious injury. The operator also reported that one of the rotor blades needed to be replaced. The pilot’s failure to maintain clearance from the unmanned aircraft system during takeoff. Personnel issues - Action/decision - Info processing/decision - Decision making/judgment - Pilot, Environmental issues - Task environment - Physical workspace - Positioning/available space - Awareness of condition",False,False,False,False,False,True,False,False,False,False,17.00,1679,225.0,2026-04-03 04:05:44.570293+00:00
500,200770,WPR25FA252,2025-08-12,2025,8,West Glacier,MONTANA,United States,48.483056,,2MT1,RYAN FLD,VANS,RV-7A,VANS,RV-7A,VANS RV-7A,AIR,N30SG,71130,True,1.0,,091,,PERS,,Substantial,3,Fatal,1,0,0,1,VMC,VMC,False,,In work,,,,,   ,False,False,False,False,False,False,False,False,False,False,26.00,1680,226.0,2026-04-03 04:05:44.570293+00:00
599,200890,WPR25LA266,2025-08-12,2025,8,San Diego,CALIFORNIA,United States,32.816801,,MYF,MONTGOMERY-GIBBS EXEC,CESSNA,TR182,CESSNA,TR182,CESSNA TR182,AIR,N619MW,R18200993,False,1.0,,091,,PERS,Mark Williams,Substantial,3,None,0,0,0,0,VMC,VMC,False,,In work,,,,,   ,False,False,False,False,False,False,False,False,False,False,9.00,1681,227.0,2026-04-03 04:05:44.570293+00:00
489,200757,WPR25LA246,2025-08-11,2025,8,Fobes Hill,WASHINGTON,United States,47.912412,,S43,HARVEY FLD,HILLER,UH-12E,HILLER,UH-12E,HILLER UH-12E,HELI,N703WA,2276,False,1.0,TS,137,,AAPL,ANTHONY GHIDOSSI CHEMICAL LLC,Substantial,3,None,0,0,0,0,VMC,VMC,False,DirectorBrief,Completed,,"The pilot reported that he was conducting an aerial application flight in a field that was crossed by three sets of powerlines.  The pilot had previously flown the helicopter under the powerlines, but as the helicopter once again approached them, the pilot perceived they were too low to fly under. The pilot began a hard turn to the right to avoid the wires, and the helicopter “lost lift due to excessive turn and bank.” As a result, the spray boom and main rotor contacted the ground, and the helicopter subsequently rolled over, resulting in substantial damage to the fuselage and tail boom.&#x0D;
The pilot reported that there were no preaccident mechanical failures or malfunctions with the helicopter that would have precluded normal operation.","The pilot’s abrupt maneuver to avoid a powerline during an aerial application flight, which resulted in the helicopter’s impact with terrain.","Personnel issues - Action/decision - Info processing/decision - Identification/recognition - Pilot, Personnel issues - Task performance - Use of equip/info - Aircraft control - Pilot, Environmental issues - Physical environment - Terrain - (general) - Contributed to outcome, Environmental issues - Physical environment - Object/animal/substance - Wire - Response/compensation"," The pilot reported that he was conducting an aerial application flight in a field that was crossed by three sets of powerlines.  The pilot had previously flown the helicopter under the powerlines, but as the helicopter once again approached them, the pilot perceived they were too low to fly under. The pilot began a hard turn to the right to avoid the wires, and the helicopter “lost lift due to excessive turn and bank.” As a result, the spray boom and main rotor contacted the ground, and the helicopter subsequently rolled over, resulting in substantial damage to the fuselage and tail boom.&#x0D;
The pilot reported that there were no preaccident mechanical failures or malfunctions with the helicopter that would have precluded normal operation. The pilot’s abrupt maneuver to avoid a powerline during an aerial application flight, which resulted in the helicopter’s impact with terrain. Personnel issues - Action/decision - Info processing/decision - Identification/recognition - Pilot, Personnel issues - Task performance - Use of equip/info - Aircraft control - Pilot, Environmental issues - Physical environment - Terrain - (general) - Contributed to outcome, Environmental issues - Physical environment - Object/animal/substance - Wire - Response/compensation",False,False,False,False,True,False,False,False,True,False,9.00,1688,234.0,2026-04-03 04:05:44.570293+00:00
540,200824,DCA25WA300,2025-08-11,2025,8,Caloundra,,Australia,-26.814792,,,,AIRBUS,A320,AIRBUS,A320,AIRBUS A320,AIR,VH-VQL,2642,False,,TF,129,SCHD,,Jetstar,None,1,,0,0,0,0,,,False,,N/A,,,,,   ,False,False,False,False,False,False,False,False,False,False,3.00,1689,235.0,2026-04-03 04:05:44.570293+00:00
481,200748,CEN25LA314,2025-08-10,2025,8,Goodland,KANSAS,United States,39.370741,,GLD,RENNER FLD/GOODLAND MUNI,AIR TRACTOR INC,AT-502B,AIR TRACTOR INC,AT-502B,AIR TRACTOR INC AT-502B,AIR,N502WF,502B-2646,False,1.0,TP,137,,,"Midwest Custom Ag Aviation, Inc",Substantial,3,None,0,0,0,0,VMC,VMC,False,DirectorBrief,Completed,,"The pilot stated that during the landing flare the airplane suddenly pitched up and climbed about 25 feet. She reported that after she re-stabilized, the nose of the airplane suddenly yawed 15-20° to the right. She corrected the nose back to align with the runway centerline and the nose suddenly yawed 15-20° to the left. She attempted to go around by adding engine power, but the airplane yawed about 90° to the right, impacted the ground and slid across the grass resulting in substantial damage to the left wing. The pilot reported that she believed a dust devil may have been the cause of the airplane upset. According to a Surface Analysis chart, a surface wind trough was observed near the accident site around the time of the accident.&#x0D;
The pilot reported that there were no preimpact mechanical failures or malfunctions that would have precluded normal operations.",The pilot’s failure to maintain aircraft control during the landing and go-around with variable wind direction and speed.,"Environmental issues - Conditions/weather/phenomena - Wind - Variable wind - Contributed to outcome, Personnel issues - Task performance - Use of equip/info - Aircraft control - Pilot"," The pilot stated that during the landing flare the airplane suddenly pitched up and climbed about 25 feet. She reported that after she re-stabilized, the nose of the airplane suddenly yawed 15-20° to the right. She corrected the nose back to align with the runway centerline and the nose suddenly yawed 15-20° to the left. She attempted to go around by adding engine power, but the airplane yawed about 90° to the right, impacted the ground and slid across the grass resulting in substantial damage to the left wing. The pilot reported that she believed a dust devil may have been the cause of the airplane upset. According to a Surface Analysis chart, a surface wind trough was observed near the accident site around the time of the accident.&#x0D;
The pilot reported that there were no preimpact mechanical failures or malfunctions that would have precluded normal operations. The pilot’s failure to maintain aircraft control during the landing and go-around with variable wind direction and speed. Environmental issues - Conditions/weather/phenomena - Wind - Variable wind - Contributed to outcome, Personnel issues - Task performance - Use of equip/info - Aircraft control - Pilot",False,False,False,False,True,True,False,False,False,False,9.00,1690,236.0,2026-04-03 04:05:44.570293+00:00
479,200746,CEN25LA313,2025-08-10,2025,8,Lawrenceville,ILLINOIS,United States,38.685947,,IL16,,AIR TRACTOR INC,AT-502,AIR TRACTOR INC,AT-502,AIR TRACTOR INC AT-502,AIR,N9193V,502-0231,False,1.0,,137,,AAPL,Klein Flying Services,Substantial,3,Minor,0,0,1,1,VMC,VMC,False,,In work,,,,,   ,False,False,False,False,False,False,False,False,False,False,13.00,1691,237.0,2026-04-03 04:05:44.570293+00:00
498,200768,ERA25LA296,2025-08-10,2025,8,Muskeget Island,MASSACHUSETTS,United States,41.334937,,MA55,Muskeget Island Airport,MAULE,MX-7-180A,MAULE,MX-7-180A,MAULE MX-7-180A,AIR,N1052T,20054C,False,1.0,REC,091,,PERS,,Substantial,3,None,0,0,0,0,VMC,VMC,False,DirectorBrief,Completed,,"The pilot of the tailwheel-equipped airplane reported that he was attempting to land on a 750-ft-long, rough turf airstrip. He added that he had not landed at that airstrip in about 3 years. The pilot rejected the first landing attempt as the airplane touched down too long. During the second approach, the airplane touched down slightly beyond the intended touchdown point. The pilot applied light braking at first, but two the airplane bounced twice after cresting two small humps in the runway. The pilot again attempted to reject the landing and added full power to clear 8-ft reeds at the end of the runway; however, the propeller contacted the reeds, and the airplane began to decelerate. As the airplane decelerated, it nosed over and came to rest inverted beyond the end of the runway, resulting in substantial damage to the left wing and rudder. The pilot stated that there were no preimpact mechanical malfunctions or failures with the airplane that would have precluded normal operation.","The pilot’s failure to obtain a proper touchdown point while attempting to land on a very short and rough turf runway, which resulted in a runway overrun and collision with vegetation and terrain.","Personnel issues - Task performance - Use of equip/info - Aircraft control - Pilot, Aircraft - Aircraft oper/perf/capability - Performance/control parameters - Descent/approach/glide path - Not attained/maintained"," The pilot of the tailwheel-equipped airplane reported that he was attempting to land on a 750-ft-long, rough turf airstrip. He added that he had not landed at that airstrip in about 3 years. The pilot rejected the first landing attempt as the airplane touched down too long. During the second approach, the airplane touched down slightly beyond the intended touchdown point. The pilot applied light braking at first, but two the airplane bounced twice after cresting two small humps in the runway. The pilot again attempted to reject the landing and added full power to clear 8-ft reeds at the end of the runway; however, the propeller contacted the reeds, and the airplane began to decelerate. As the airplane decelerated, it nosed over and came to rest inverted beyond the end of the runway, resulting in substantial damage to the left wing and rudder. The pilot stated that there were no preimpact mechanical malfunctions or failures with the airplane that would have precluded normal operation. The pilot’s failure to obtain a proper touchdown point while attempting to land on a very short and rough turf runway, which resulted in a runway overrun and collision with vegetation and terrain. Personnel issues - Task performance - Use of equip/info - Aircraft control - Pilot, Aircraft - Aircraft oper/perf/capability - Performance/control parameters - Descent/approach/glide path - Not attained/maintained",False,False,False,False,True,True,True,False,False,False,9.00,1692,238.0,2026-04-03 04:05:44.570293+00:00
550,200834,ERA25LA307,2025-08-08,2025,8,Wirt County,WEST VIRGINIA,United States,38.919344,,,,BEECH,A36,BEECH,A36,BEECH A36,AIR,N60357,E-1478,False,1.0,,091,,EXEC,CENTRAL FLYING SERVICE LLC,Substantial,3,None,0,0,0,0,VMC,VMC,False,,In work,,,,,   ,False,False,False,False,False,False,False,False,False,False,9.00,1702,248.0,2026-04-03 04:05:44.570293+00:00
490,200758,WPR25LA247,2025-08-10,2025,8,Etna,WYOMING,United States,43.083515,,32WY,DOUBLE L RANCH,AVIAT,A1,AVIAT,A1,AVIAT A1,AIR,N801RA,3169,False,1.0,REC,091,NSCH,PERS,,Substantial,3,Minor,0,0,2,2,VMC,VMC,False,DirectorBrief,Completed,,"The pilot was departing from a private grass airstrip when an animal ran onto the runway. In an attempt to avoid a collision, the pilot applied abrupt back pressure on the control yoke, and the airplane lifted off before reaching a sufficient airspeed for sustained flight. The airplane settled back onto the runway and bounced. With limited runway remaining, the pilot aborted the takeoff and applied heavy braking, and the airplane subsequently nosed over, resulting in substantial damage to the rudder and vertical stabilizer. &#x0D;
The pilot reported no preimpact mechanical malfunctions or failures with the airplane that would have precluded normal operation.","The pilot’s premature rotation at insufficient airspeed during takeoff to avoid an unexpected animal on the runway, which resulted in a loss of control and subsequent nose-over during the aborted takeoff. Contributing to the accident was the pilot’s excessive brake application.","Environmental issues - Physical environment - Object/animal/substance - Animal(s)/bird(s) - Contributed to outcome, Personnel issues - Task performance - Use of equip/info - Aircraft control - Pilot"," The pilot was departing from a private grass airstrip when an animal ran onto the runway. In an attempt to avoid a collision, the pilot applied abrupt back pressure on the control yoke, and the airplane lifted off before reaching a sufficient airspeed for sustained flight. The airplane settled back onto the runway and bounced. With limited runway remaining, the pilot aborted the takeoff and applied heavy braking, and the airplane subsequently nosed over, resulting in substantial damage to the rudder and vertical stabilizer. &#x0D;
The pilot reported no preimpact mechanical malfunctions or failures with the airplane that would have precluded normal operation. The pilot’s premature rotation at insufficient airspeed during takeoff to avoid an unexpected animal on the runway, which resulted in a loss of control and subsequent nose-over during the aborted takeoff. Contributing to the accident was the pilot’s excessive brake application. Environmental issues - Physical environment - Object/animal/substance - Animal(s)/bird(s) - Contributed to outcome, Personnel issues - Task performance - Use of equip/info - Aircraft control - Pilot",False,False,True,False,True,False,False,False,False,False,13.00,1693,239.0,2026-04-03 04:05:44.570293+00:00
515,200794,DCA25WA293,2025-08-10,2025,8,Abu Dhabi,,United Arab Emirates,24.449079,,,,"BOEING, AIRBUS","747-47UF, A320","BOEING, AIRBUS","747-47UF, A320","BOEING, AIRBUS 747-47UF,","AIR, AIR","N258SN, A6-EIV",29258,,,TF,129,,,,"None, None",0,,0,0,0,0,,,False,,N/A,,,,,   ,False,False,False,False,False,False,False,False,False,False,0.00,1694,240.0,2026-04-03 04:05:44.570293+00:00
492,200760,WPR25LA248,2025-08-09,2025,8,Whitmore,ARIZONA,United States,36.253488,,,,DE HAVILLAND,DHC-6-300,DE HAVILLAND,DHC-6-300,DE HAVILLAND DHC-6-300,AIR,N189GC,772,False,2.0,,135,NSCH,,GRAND CANYON AIRLINES INC,Substantial,3,Minor,0,0,6,6,VMC,VMC,False,,In work,,,,,   ,False,False,False,False,False,False,False,False,False,False,13.00,1695,241.0,2026-04-03 04:05:44.570293+00:00
466,200730,GAA25WA233,2025-08-06,2025,8,Birmingham,OTHER FOREIGN,United Kingdom,52.453333,,EGBB,Birmingham Airport,BEECH,B200,BEECH,B200,BEECH B200,AIR,G-NIAA,BB-897,False,2.0,,000,,,,Unknown,0,None,0,0,0,0,,,False,,N/A,,,,,   ,False,False,False,False,False,False,False,False,False,False,0.00,1721,267.0,2026-04-03 04:05:44.570293+00:00
507,200781,CEN25LA319,2025-08-09,2025,8,Lowell,MICHIGAN,United States,42.955625,,24C,LOWELL CITY,BEECH,S35,BEECH,S35,BEECH S35,AIR,N861T,D-7507,False,1.0,REC,091,,PERS,,Substantial,3,None,0,0,0,0,VMC,VMC,False,DirectorBrief,Completed,,"The pilot reported that while flying in the traffic pattern at the destination airport, he diverted his attention outside of the airplane and forgot to extend the landing gear. He did not recall hearing the landing gear warning horn during the landing. The airplane landed with the landing gear retracted and came to rest upright on the runway. The airplane sustained substantial damage to the bottom of the fuselage near the nose gear wheel well. The pilot reported that there were no preaccident mechanical malfunctions or failures with the airplane that would have precluded normal operation.",The pilot’s failure to extend the landing gear before landing.,"Personnel issues - Action/decision - Action - Lack of action - Pilot, Personnel issues - Task performance - Use of equip/info - Use of equip/system - Pilot, Aircraft - Aircraft systems - Landing gear system - Gear extension and retract sys - Not used/operated"," The pilot reported that while flying in the traffic pattern at the destination airport, he diverted his attention outside of the airplane and forgot to extend the landing gear. He did not recall hearing the landing gear warning horn during the landing. The airplane landed with the landing gear retracted and came to rest upright on the runway. The airplane sustained substantial damage to the bottom of the fuselage near the nose gear wheel well. The pilot reported that there were no preaccident mechanical malfunctions or failures with the airplane that would have precluded normal operation. The pilot’s failure to extend the landing gear before landing. Personnel issues - Action/decision - Action - Lack of action - Pilot, Personnel issues - Task performance - Use of equip/info - Use of equip/system - Pilot, Aircraft - Aircraft systems - Landing gear system - Gear extension and retract sys - Not used/operated",False,False,False,False,True,True,False,False,True,False,9.00,1696,242.0,2026-04-03 04:05:44.570293+00:00
478,200745,CEN25LA312,2025-08-09,2025,8,Ozark,ARKANSAS,United States,35.680217,,51AR,BYRDS BACKCOUNTRY AIRSTRIP,TAYLORCRAFT,BC12,TAYLORCRAFT,BC12,TAYLORCRAFT BC12,AIR,N95356,09756,False,1.0,REC,091,,PERS,,Substantial,3,Serious,0,1,0,1,VMC,VMC,False,DirectorBrief,Completed,,"The airplane departed from the backcountry airstrip, located in a national forest, with the intent of repositioning to another nearby backcountry airstrip by a river. Both privately-owned backcountry airstrips are located on the same property. While on the downwind leg, the pilot performed a turn to establish himself on the base leg. During the turn, the right wing impacted a standing dead tree with no leaves. The airplane came to rest on its right side in a forested area. The airplane sustained substantial damage to the fuselage, both wings, and the empennage.&#x0D;
The pilot reported there were no preimpact mechanical malfunctions or failures with the airframe or the engine that would have precluded normal operation. The pilot noted that the accident could have been prevented by operating at a higher altitude and paying more attention to the airplane’s proximity to the trees in the area.",The pilot’s failure to maintain clearance from a tree which resulted in the right wing impacting the tree and a subsequent collision with trees and terrain. Contributing to the accident was the pilot’s decision to operate the airplane at a low altitude over trees.,"Personnel issues - Psychological - Attention/monitoring - Monitoring environment - Pilot, Environmental issues - Physical environment - Object/animal/substance - Tree(s) - Awareness of condition, Environmental issues - Physical environment - Object/animal/substance - Tree(s) - Effect on equipment, Aircraft - Aircraft oper/perf/capability - Performance/control parameters - Altitude - Not attained/maintained, Personnel issues - Action/decision - Info processing/decision - Decision making/judgment - Pilot"," The airplane departed from the backcountry airstrip, located in a national forest, with the intent of repositioning to another nearby backcountry airstrip by a river. Both privately-owned backcountry airstrips are located on the same property. While on the downwind leg, the pilot performed a turn to establish himself on the base leg. During the turn, the right wing impacted a standing dead tree with no leaves. The airplane came to rest on its right side in a forested area. The airplane sustained substantial damage to the fuselage, both wings, and the empennage.&#x0D;
The pilot reported there were no preimpact mechanical malfunctions or failures with the airframe or the engine that would have precluded normal operation. The pilot noted that the accident could have been prevented by operating at a higher altitude and paying more attention to the airplane’s proximity to the trees in the area. The pilot’s failure to maintain clearance from a tree which resulted in the right wing impacting the tree and a subsequent collision with trees and terrain. Contributing to the accident was the pilot’s decision to operate the airplane at a low altitude over trees. Personnel issues - Psychological - Attention/monitoring - Monitoring environment - Pilot, Environmental issues - Physical environment - Object/animal/substance - Tree(s) - Awareness of condition, Environmental issues - Physical environment - Object/animal/substance - Tree(s) - Effect on equipment, Aircraft - Aircraft oper/perf/capability - Performance/control parameters - Altitude - Not attained/maintained, Personnel issues - Action/decision - Info processing/decision - Decision making/judgment - Pilot",False,False,False,False,True,True,False,False,True,False,17.00,1697,243.0,2026-04-03 04:05:44.570293+00:00
477,200744,ANC25LA085,2025-08-09,2025,8,Soldotna,ALASKA,United States,60.174017,,NONE,,DEHAVILLAND,DHC-2 MK 1,DEHAVILLAND,DHC-2 MK 1,DEHAVILLAND DHC-2,AIR,N232KT,52,False,1.0,REC,135,NSCH,BUS,"Rust's Flying Service, Inc",Substantial,3,None,0,0,0,0,VMC,VMC,False,DirectorBrief,Completed,,"While en route to a remote fishing lodge in a float-equipped airplane, one of the passengers reported that the pilot saw a pack of wolves chasing a herd of caribou. The passenger said that the pilot then reduced the airspeed and entered a right-hand, descending orbit to allow all the passengers to see the animals below. &#x0D;
The pilot reported that, during a right-hand turn, the airspeed was indicating about 75 knots and the airplane’s altitude was about 500 ft above ground level (agl), when the airplane encountered a downdraft and it began to descend. He added engine power and attempted to climb, but he realized he was not going to be able to clear the rising terrain ahead and performed a forced landing to an area of rock and tundra-covered terrain. During the forced landing, the airplane’s float struts and spreaderbars collapsed, resulting in substantial damage to the airplane’s fuselage. &#x0D;
A review of archived Federal Aviation Administration Automatic Dependent Surveillance-Broadcast (ADS-B) data revealed that the airplane entered the orbits at 300 feet agl and the groundspeed was about 80 knots. As the airplane exited the multiple orbits, it was about 97 feet agl, while traveling at 58 knots groundspeed.&#x0D;
The pilot reported no mechanical malfunctions or failures that would have precluded normal operation.",The pilot’s failure to maintain clearance from rising terrain while maneuvering at low altitude.,"Personnel issues - Action/decision - Action - Delayed action - Pilot, Environmental issues - Physical environment - Terrain - Mountainous/hilly terrain - Contributed to outcome, Aircraft - Aircraft oper/perf/capability - Aircraft capability - Climb capability - Not attained/maintained"," While en route to a remote fishing lodge in a float-equipped airplane, one of the passengers reported that the pilot saw a pack of wolves chasing a herd of caribou. The passenger said that the pilot then reduced the airspeed and entered a right-hand, descending orbit to allow all the passengers to see the animals below. &#x0D;
The pilot reported that, during a right-hand turn, the airspeed was indicating about 75 knots and the airplane’s altitude was about 500 ft above ground level (agl), when the airplane encountered a downdraft and it began to descend. He added engine power and attempted to climb, but he realized he was not going to be able to clear the rising terrain ahead and performed a forced landing to an area of rock and tundra-covered terrain. During the forced landing, the airplane’s float struts and spreaderbars collapsed, resulting in substantial damage to the airplane’s fuselage. &#x0D;
A review of archived Federal Aviation Administration Automatic Dependent Surveillance-Broadcast (ADS-B) data revealed that the airplane entered the orbits at 300 feet agl and the groundspeed was about 80 knots. As the airplane exited the multiple orbits, it was about 97 feet agl, while traveling at 58 knots groundspeed.&#x0D;
The pilot reported no mechanical malfunctions or failures that would have precluded normal operation. The pilot’s failure to maintain clearance from rising terrain while maneuvering at low altitude. Personnel issues - Action/decision - Action - Delayed action - Pilot, Environmental issues - Physical environment - Terrain - Mountainous/hilly terrain - Contributed to outcome, Aircraft - Aircraft oper/perf/capability - Aircraft capability - Climb capability - Not attained/maintained",False,False,False,False,True,True,False,False,True,False,9.00,1698,244.0,2026-04-03 04:05:44.570293+00:00
474,200741,WPR25LA243,2025-08-08,2025,8,Ronan,MONTANA,United States,47.566295,,7S0,RONAN,CESSNA,172N,CESSNA,172N,CESSNA 172N,AIR,N734SW,17269086,False,1.0,REC,091,,INST,Red Eagle Aviation,Substantial,3,None,0,0,0,0,VMC,VMC,False,DirectorBrief,Completed,,"The purpose of the flight was for the student pilot to perform a solo cross-country and land at the accident airport. The student pilot stated that following a stabilized approach, he did not properly maneuver the airplane into a flare. The airplane touched down hard on the runway surface and bounced back into the air. The airplane then touched down again and then bounced multiple times, porpoising along the runway. As a result of the impact, the airplane incurred damage to the firewall.&#x0D;
The student pilot noted that he failed to add engine power to correct the self-induced oscillation. He stated that there were no pre-impact mechanical malfunctions or failures that would have precluded normal operation.",The student pilot's inadequate landing flare and recovery from a bounced landing.,"Personnel issues - Task performance - Use of equip/info - Aircraft control - Student/instructed pilot, Aircraft - Aircraft oper/perf/capability - Performance/control parameters - Landing flare - Not attained/maintained"," The purpose of the flight was for the student pilot to perform a solo cross-country and land at the accident airport. The student pilot stated that following a stabilized approach, he did not properly maneuver the airplane into a flare. The airplane touched down hard on the runway surface and bounced back into the air. The airplane then touched down again and then bounced multiple times, porpoising along the runway. As a result of the impact, the airplane incurred damage to the firewall.&#x0D;
The student pilot noted that he failed to add engine power to correct the self-induced oscillation. He stated that there were no pre-impact mechanical malfunctions or failures that would have precluded normal operation. The student pilot's inadequate landing flare and recovery from a bounced landing. Personnel issues - Task performance - Use of equip/info - Aircraft control - Student/instructed pilot, Aircraft - Aircraft oper/perf/capability - Performance/control parameters - Landing flare - Not attained/maintained",False,False,False,False,True,True,False,False,False,False,9.00,1706,252.0,2026-04-03 04:05:44.570293+00:00
483,200750,GAA25WA235,2025-08-08,2025,8,Norwich,OTHER FOREIGN,United Kingdom,,,EGSH,,RAYTHEON AIRCRAFT COMPANY,B36TC,RAYTHEON AIRCRAFT COMPANY,B36TC,RAYTHEON AIRCRAFT COMPANY B36TC,AIR,N5073C,EA-667,False,1.0,REC,000,,,SOUTHERN AIRCRAFT CONSULTANCY INC TRUSTEE,Substantial,3,,0,0,0,0,,,False,,N/A,,,,,   ,False,False,False,False,False,False,False,False,False,False,9.00,1707,253.0,2026-04-03 04:05:44.570293+00:00
486,200754,WPR25LA244,2025-08-07,2025,8,West Wendover,NEVADA,United States,40.705666,,ENV,WENDOVER,NORTH AMERICAN,T-28C,NORTH AMERICAN,T-28C,NORTH AMERICAN T-28C,AIR,N9748Y,140551,False,1.0,,091,,PERS,,Substantial,3,Serious,0,2,0,2,VMC,VMC,False,,In work,,,,,   ,False,False,False,False,False,False,False,False,False,False,17.00,1708,254.0,2026-04-03 04:05:44.570293+00:00
482,200749,ERA25LA293,2025-08-07,2025,8,Inverness Highlands South,FLORIDA,United States,28.802593,,INF,INVERNESS,PIPER,PA-28-181,PIPER,PA-28-181,PIPER PA-28-181,AIR,N686JA,28020086,False,1.0,REC,091,,PERS,,Substantial,3,None,0,0,0,0,VMC,VMC,False,DirectorBrief,Completed,,"The pilot stated that he was practicing touch-and-go landings at different airports. After his second landing at the airport, he was taxing back to the runway for departure to a different airport. During the taxi, he was looking down at his tablet computer, loading in a new route, when the airplane  ran off the paved surface and into a sign. The collision resulted in substantial damage to the underside of the right wing. The pilot reported that there were no preimpact mechanical malfunctions or failures of the airplane that would have precluded normal operation.",The pilot’s inadequate monitoring of the airplane during taxi which resulted in collision with a sign.,Personnel issues - Psychological - Attention/monitoring - Monitoring environment - Pilot," The pilot stated that he was practicing touch-and-go landings at different airports. After his second landing at the airport, he was taxing back to the runway for departure to a different airport. During the taxi, he was looking down at his tablet computer, loading in a new route, when the airplane  ran off the paved surface and into a sign. The collision resulted in substantial damage to the underside of the right wing. The pilot reported that there were no preimpact mechanical malfunctions or failures of the airplane that would have precluded normal operation. The pilot’s inadequate monitoring of the airplane during taxi which resulted in collision with a sign. Personnel issues - Psychological - Attention/monitoring - Monitoring environment - Pilot",False,False,False,False,True,True,False,False,False,False,9.00,1709,255.0,2026-04-03 04:05:44.570293+00:00
487,200755,GAA25WA237,2025-08-07,2025,8,San Lorenzo,OTHER FOREIGN,Bolivia,-18.439311,,,,CESSNA,210,CESSNA,210,CESSNA 210,AIR,CP-3139,21063108,False,,,000,,PERS,,Substantial,3,None,0,0,0,0,,,False,,N/A,,,,,   ,False,False,False,False,False,False,False,False,False,False,9.00,1710,256.0,2026-04-03 04:05:44.570293+00:00
468,200732,CEN25FA307,2025-08-07,2025,8,West Alton,MISSOURI,United States,38.861520,,N/A,N/A,HUGHES,369D,HUGHES,369D,HUGHES 369D,HELI,N173AL,1160020D,False,1.0,,133,,OWRK,,Destroyed,4,Fatal,2,0,0,2,VMC,VMC,False,,In work,,,,,   ,False,False,False,False,False,False,False,False,False,False,34.00,1711,257.0,2026-04-03 04:05:44.570293+00:00
469,200733,CEN25FA308,2025-08-07,2025,8,Augusta,ARKANSAS,United States,35.301200,,,,CESSNA,T182T,CESSNA,T182T,CESSNA T182T,AIR,N35370,T18208094,False,1.0,,091,,PERS,,Substantial,3,Fatal,1,0,1,2,VMC,VMC,False,,In work,,,,,   ,False,False,False,False,False,False,False,False,False,False,26.00,1712,258.0,2026-04-03 04:05:44.570293+00:00
471,200736,CEN25LA310,2025-08-07,2025,8,Jaroso,COLORADO,United States,37.041012,,,,CIRRUS DESIGN CORP,SR22,CIRRUS DESIGN CORP,SR22,CIRRUS DESIGN CORP SR22,AIR,N412DJ,1433,False,1.0,,091,,INST,,Substantial,3,Serious,0,2,1,3,,,False,,In work,,,,,   ,False,False,False,False,False,False,False,False,False,False,17.00,1713,259.0,2026-04-03 04:05:44.570293+00:00
473,200739,GAA25WA234,2025-08-07,2025,8,Mwihoko,,Kenya,,,,,CESSNA,560,CESSNA,560,CESSNA 560,AIR,5Y-FDN,,False,,,000,,,African Medical and Research Foundation (AMREF) Flying Doctors,Substantial,3,Fatal,6,2,0,4,,,False,,N/A,,,,,   ,False,False,False,False,False,False,False,False,False,False,51.00,1714,260.0,2026-04-03 04:05:44.570293+00:00
467,200731,CEN25LA306,2025-08-06,2025,8,Davenport,NORTH DAKOTA,United States,46.743222,,,,AIR TRACTOR INC,AT-301,AIR TRACTOR INC,AT-301,AIR TRACTOR INC AT-301,AIR,N23069,301-0350,False,1.0,,137,,AAPL,AG SPRAY INC,Substantial,3,Serious,0,1,0,1,VMC,VMC,False,,In work,,,,,   ,False,False,False,False,False,False,False,False,False,False,17.00,1715,261.0,2026-04-03 04:05:44.570293+00:00
493,200761,GAA25WA238,2025-08-06,2025,8,Puerto Suarez,,Bolivia,,,SLET,,LANCAIR,ES,LANCAIR,ES,LANCAIR ES,AIR,CA-AD05,,False,,,000,,,,Substantial,3,Minor,0,0,2,2,,,False,,N/A,,,,,   ,False,False,False,False,False,False,False,False,False,False,13.00,1716,262.0,2026-04-03 04:05:44.570293+00:00
470,200735,CEN25LA309,2025-08-06,2025,8,Elgin,ILLINOIS,United States,42.016955,,,,VANS,RV4,VANS,RV4,VANS RV4,AIR,N595BS,3,True,1.0,,091,,PERS,,Substantial,3,None,0,0,0,0,VMC,VMC,False,,In work,,,,,   ,False,False,False,False,False,False,False,False,False,False,9.00,1717,263.0,2026-04-03 04:05:44.570293+00:00
463,200726,CEN25LA305,2025-08-06,2025,8,Marshall,ARKANSAS,United States,35.910500,,,,STOLP STARDUSTER,SA300,STOLP STARDUSTER,SA300,STOLP STARDUSTER SA300,AIR,N983AM,1374,True,1.0,,091,,PERS,,Substantial,3,None,0,0,0,0,VMC,VMC,False,,In work,,,,,   ,False,False,False,False,False,False,False,False,False,False,9.00,1718,264.0,2026-04-03 04:05:44.570293+00:00
472,200737,CEN25LA311,2025-08-06,2025,8,Monee,ILLINOIS,United States,41.377385,,C56,BULT FLD,SCHWEIZER,SGS 2-33A,SCHWEIZER,SGS 2-33A,SCHWEIZER SGS,GLI,N65818,303,False,0.0,,091,,INST,,Substantial,3,None,0,0,0,0,VMC,VMC,False,DirectorBrief,Completed,,"The solo student pilot reported she was on downwind to land and noted she was a bit lower than usual so she turned base early to compensate. While on the base leg her recollection of events wasn’t clear. She remembered feeling task saturated and that she may not have maintained her altitude and airspeed resulting in the glider impacting the ground during the base to final turn.  The glider came to rest upright on a flat grass field and the pilot was able to egress without further incident. The fuselage and right wing were substantially damaged.&#x0D;
The pilot reported there were no preimpact mechanical malfunctions of failures with the glider that would have precluded normal operation. The pilot further reported that the accident could have been prevented by paying closer attention to the glider’s altitude and airspeed while in the traffic pattern.",The student pilot’s failure to maintain airspeed and altitude resulting in a collision with the ground during the base to final turn.,Personnel issues - Task performance - Use of equip/info - Aircraft control - Pilot," The solo student pilot reported she was on downwind to land and noted she was a bit lower than usual so she turned base early to compensate. While on the base leg her recollection of events wasn’t clear. She remembered feeling task saturated and that she may not have maintained her altitude and airspeed resulting in the glider impacting the ground during the base to final turn.  The glider came to rest upright on a flat grass field and the pilot was able to egress without further incident. The fuselage and right wing were substantially damaged.&#x0D;
The pilot reported there were no preimpact mechanical malfunctions of failures with the glider that would have precluded normal operation. The pilot further reported that the accident could have been prevented by paying closer attention to the glider’s altitude and airspeed while in the traffic pattern. The student pilot’s failure to maintain airspeed and altitude resulting in a collision with the ground during the base to final turn. Personnel issues - Task performance - Use of equip/info - Aircraft control - Pilot",False,False,False,False,True,True,False,False,True,False,9.00,1719,265.0,2026-04-03 04:05:44.570293+00:00
462,200724,CEN25LA304,2025-08-06,2025,8,Slayton,MINNESOTA,United States,43.974412,,DVP,,AYRES CORPORATION,S2R-G6,AYRES CORPORATION,S2R-G6,AYRES CORPORATION S2R-G6,AIR,N2239V,G6-144,False,1.0,,137,,,NORTH STAR AVIATION INC,Substantial,3,Serious,0,1,0,1,VMC,VMC,False,,In work,,,,,   ,False,False,False,False,False,False,False,False,False,False,17.00,1720,266.0,2026-04-03 04:05:44.570293+00:00
464,200728,ERA25LA291,2025-08-06,2025,8,Kingston,TENNESSEE,United States,35.823265,,12TN,MEADOWLAKE,BEECH,35-C33,BEECH,35-C33,BEECH 35-C33,AIR,N500HT,CD-909,False,1.0,REC,091,,PERS,,Substantial,3,Minor,0,0,1,1,VMC,VMC,False,DirectorBrief,Completed,,"The pilot was attempting a take off from a 2,600-ft-long by 40-ft-wide, asphalt runway. He reported that during takeoff roll in calm wind, the airplane used about 800 ft of runway to accelerate to 65 mph. During that time, the pilot maintained a runway centerline direction with “heavy right rudder.” As he moved his right hand from the throttle lever to the yoke to rotate, the airplane turned hard left (about 45°) off the runway and struck haybales, coming to rest upright. Examination of the wreckage by a Federal Aviation Administration inspector revealed substantial damage to both wings. The inspector did not find any preimpact mechanical malfunctions to explain the airplane turning left during the takeoff roll. The left main landing gear tire was properly inflated. The left tire rotated, and no brake anomalies were noted. The inspector also established continuity from the rudder pedals, to the nosewheel and rudder steering, with no binding noted. The airplane was not equipped with a rudder trim.","The pilot’s failure to maintain directional control during takeoff roll, which resulted in a runway excursion and collision with haybales.","Personnel issues - Task performance - Use of equip/info - Aircraft control - Pilot, Aircraft - Aircraft oper/perf/capability - Performance/control parameters - Directional control - Not attained/maintained"," The pilot was attempting a take off from a 2,600-ft-long by 40-ft-wide, asphalt runway. He reported that during takeoff roll in calm wind, the airplane used about 800 ft of runway to accelerate to 65 mph. During that time, the pilot maintained a runway centerline direction with “heavy right rudder.” As he moved his right hand from the throttle lever to the yoke to rotate, the airplane turned hard left (about 45°) off the runway and struck haybales, coming to rest upright. Examination of the wreckage by a Federal Aviation Administration inspector revealed substantial damage to both wings. The inspector did not find any preimpact mechanical malfunctions to explain the airplane turning left during the takeoff roll. The left main landing gear tire was properly inflated. The left tire rotated, and no brake anomalies were noted. The inspector also established continuity from the rudder pedals, to the nosewheel and rudder steering, with no binding noted. The airplane was not equipped with a rudder trim. The pilot’s failure to maintain directional control during takeoff roll, which resulted in a runway excursion and collision with haybales. Personnel issues - Task performance - Use of equip/info - Aircraft control - Pilot, Aircraft - Aircraft oper/perf/capability - Performance/control parameters - Directional control - Not attained/maintained",False,False,False,False,True,True,True,False,False,False,13.00,1722,268.0,2026-04-03 04:05:44.570293+00:00
451,200712,WPR25LA239,2025-08-03,2025,8,Ponderosa Pines,MONTANA,United States,46.057328,,,,ROBINSON HELICOPTER COMPANY,R44 II,ROBINSON HELICOPTER COMPANY,R44 II,ROBINSON HELICOPTER COMPANY R44,HELI,N750GT,11783,False,1.0,REC,091,,PERS,Anna Kopp,Substantial,3,Minor,0,0,2,2,VMC,VMC,False,DirectorBrief,Completed,,"The pilot reported that he was transitioning the helicopter into a 4 ft hover when he encountered a wind gust. The pilot stated that he overreacted with too much right pedal and the helicopter rotated right, the left skid impacted the ground, which resulted in a dynamic rollover and impact with terrain. The helicopter sustained substantial damage to the fuselage and tailboom.&#x0D;
The pilot reported there were no preaccident mechanical failures or malfunctions with the helicopter that would have precluded normal operation.",The pilot’s improper pedal application during an approach to a hover.,"Personnel issues - Task performance - Use of equip/info - Aircraft control - Pilot, Aircraft - Aircraft oper/perf/capability - Performance/control parameters - Directional control - Not attained/maintained, Aircraft - Aircraft oper/perf/capability - Performance/control parameters - Yaw control - Incorrect use/operation"," The pilot reported that he was transitioning the helicopter into a 4 ft hover when he encountered a wind gust. The pilot stated that he overreacted with too much right pedal and the helicopter rotated right, the left skid impacted the ground, which resulted in a dynamic rollover and impact with terrain. The helicopter sustained substantial damage to the fuselage and tailboom.&#x0D;
The pilot reported there were no preaccident mechanical failures or malfunctions with the helicopter that would have precluded normal operation. The pilot’s improper pedal application during an approach to a hover. Personnel issues - Task performance - Use of equip/info - Aircraft control - Pilot, Aircraft - Aircraft oper/perf/capability - Performance/control parameters - Directional control - Not attained/maintained, Aircraft - Aircraft oper/perf/capability - Performance/control parameters - Yaw control - Incorrect use/operation",False,False,False,False,True,True,False,False,True,False,13.00,1728,274.0,2026-04-03 04:05:44.570293+00:00
465,200729,DCA25WA283,2025-08-03,2025,8,Madrid,OTHER FOREIGN,Spain,40.620000,,,,AIRBUS,A321,AIRBUS,A321,AIRBUS A321,AIR,EC-OOJ,12375,False,2.0,TF,000,SCHD,,Iberia,Unknown,0,None,0,0,0,0,,,False,,N/A,,,,,   ,False,False,False,False,False,False,False,False,False,False,0.00,1729,275.0,2026-04-03 04:05:44.570293+00:00
439,200693,CEN25LA302,2025-08-03,2025,8,Taylor,TEXAS,United States,30.572639,,T74,Taylor Municipal Airport,ROBINSON HELICOPTER,R22 BETA,ROBINSON HELICOPTER,R22 BETA,ROBINSON HELICOPTER R22,HELI,N4684S,2996,False,1.0,REC,091,,INST,,Substantial,3,Minor,0,0,1,1,VMC,VMC,False,DirectorBrief,Completed,,"During the instructional flight, the flight instructor demonstrated each flight control to the student pilot at an altitude of 1 to 4 ft above the ground, and then allowed the student pilot to manipulate one flight control at a time. The student pilot manipulated the cyclic control several times with no issue but later allowed a slow drift to occur, which moved the helicopter away from its initial ground reference point. The flight instructor then took the flight controls and returned the helicopter to the reference point. During the student pilot’s last attempt at manipulating the cyclic control, the helicopter drifted to a dirt area, descended, and its skid contacted the ground. The helicopter rolled over and impacted terrain resulting in substantial damage to the fuselage, main rotor, and main rotor gearbox. The flight instructor stated he was too slow to take the controls from the student pilot, which resulted in the helicopter’s impact with terrain. The flight instructor stated there was no mechanical malfunction/failure of the helicopter that would have precluded normal operation.&#x0D;
The Helicopter Instructor’s Handbook, FAA-H-8083-4, states in part, “…beginning the flight instruction at altitude is a good way to allow the student to manipulate all of the controls at one time and with a larger margin of error than beginning the flight instruction at a hover.”",The flight instructor’s inadequate supervision and delayed remedial action which resulted in a skid contacting the terrain. Contributing to the accident was the flight instructor’s improper judgement to allow the student pilot to manipulate the flight controls at a low altitude/hover.,"Personnel issues - Action/decision - Info processing/decision - Decision making/judgment - Instructor/check pilot, Aircraft - Aircraft oper/perf/capability - Performance/control parameters - (general) - Not attained/maintained, Personnel issues - Action/decision - Action - Delayed action - Instructor/check pilot, Personnel issues - Psychological - Attention/monitoring - Monitoring other person - Instructor/check pilot, Personnel issues - Task performance - Use of equip/info - Aircraft control - Instructor/check pilot"," During the instructional flight, the flight instructor demonstrated each flight control to the student pilot at an altitude of 1 to 4 ft above the ground, and then allowed the student pilot to manipulate one flight control at a time. The student pilot manipulated the cyclic control several times with no issue but later allowed a slow drift to occur, which moved the helicopter away from its initial ground reference point. The flight instructor then took the flight controls and returned the helicopter to the reference point. During the student pilot’s last attempt at manipulating the cyclic control, the helicopter drifted to a dirt area, descended, and its skid contacted the ground. The helicopter rolled over and impacted terrain resulting in substantial damage to the fuselage, main rotor, and main rotor gearbox. The flight instructor stated he was too slow to take the controls from the student pilot, which resulted in the helicopter’s impact with terrain. The flight instructor stated there was no mechanical malfunction/failure of the helicopter that would have precluded normal operation.&#x0D;
The Helicopter Instructor’s Handbook, FAA-H-8083-4, states in part, “…beginning the flight instruction at altitude is a good way to allow the student to manipulate all of the controls at one time and with a larger margin of error than beginning the flight instruction at a hover.” The flight instructor’s inadequate supervision and delayed remedial action which resulted in a skid contacting the terrain. Contributing to the accident was the flight instructor’s improper judgement to allow the student pilot to manipulate the flight controls at a low altitude/hover. Personnel issues - Action/decision - Info processing/decision - Decision making/judgment - Instructor/check pilot, Aircraft - Aircraft oper/perf/capability - Performance/control parameters - (general) - Not attained/maintained, Personnel issues - Action/decision - Action - Delayed action - Instructor/check pilot, Personnel issues - Psychological - Attention/monitoring - Monitoring other person - Instructor/check pilot, Personnel issues - Task performance - Use of equip/info - Aircraft control - Instructor/check pilot",False,False,False,False,True,True,False,False,True,False,13.00,1730,276.0,2026-04-03 04:05:44.570293+00:00
441,200696,CEN25LA303,2025-08-03,2025,8,Lamoni,IOWA,United States,40.632392,,LWD,Lamoni Municipal,AIR TRACTOR INC,AT-400A,AIR TRACTOR INC,AT-400A,AIR TRACTOR INC AT-400A,AIR,N3157B,400A-0449,False,1.0,TP,091,,AAPL,Black Dog Aviation,Substantial,3,None,0,0,0,0,VMC,VMC,False,DirectorBrief,Completed,,"The pilot reported that after loading the airplane with fuel and product, he taxied the full length of the runway and began the takeoff roll. After takeoff, he flew the airplane above the runway in ground effect; however, the airplane settled back to the runway. The pilot stated that he was uncomfortable continuing the takeoff, so he aborted the takeoff by applying brakes and reducing engine power. To avoid nosing the airplane over and locking the tailwheel, he abruptly pulled back on the control stick. The airplane ballooned and came back down hard on the runway. The pilot did not want to impact houses and buildings on the side of the runway, so he kept the airplane aligned with the remaining runway. The airplane impacted shrubs and trees and came to rest in a ditch at the end of the runway. The wings and fuselage sustained substantial damaged. The pilot reported that there were no mechanical failures or malfunctions with the airplane that would have precluded normal operation.",The pilot’s failure to maintain airplane control during an aborted takeoff.,"Personnel issues - Task performance - Use of equip/info - Aircraft control - Pilot, Aircraft - Aircraft oper/perf/capability - Performance/control parameters - (general) - Not attained/maintained"," The pilot reported that after loading the airplane with fuel and product, he taxied the full length of the runway and began the takeoff roll. After takeoff, he flew the airplane above the runway in ground effect; however, the airplane settled back to the runway. The pilot stated that he was uncomfortable continuing the takeoff, so he aborted the takeoff by applying brakes and reducing engine power. To avoid nosing the airplane over and locking the tailwheel, he abruptly pulled back on the control stick. The airplane ballooned and came back down hard on the runway. The pilot did not want to impact houses and buildings on the side of the runway, so he kept the airplane aligned with the remaining runway. The airplane impacted shrubs and trees and came to rest in a ditch at the end of the runway. The wings and fuselage sustained substantial damaged. The pilot reported that there were no mechanical failures or malfunctions with the airplane that would have precluded normal operation. The pilot’s failure to maintain airplane control during an aborted takeoff. Personnel issues - Task performance - Use of equip/info - Aircraft control - Pilot, Aircraft - Aircraft oper/perf/capability - Performance/control parameters - (general) - Not attained/maintained",False,False,False,False,True,True,False,False,True,False,9.00,1731,277.0,2026-04-03 04:05:44.570293+00:00
446,200704,WPR25LA236,2025-08-03,2025,8,Silver Springs,NEVADA,United States,39.372118,,,,PIPER,PA-28-180,PIPER,PA-28-180,PIPER PA-28-180,AIR,N8359W,28-2551,False,1.0,,091,,INST,,Substantial,3,None,0,0,0,0,VMC,VMC,False,,In work,,,,,   ,False,False,False,False,False,False,False,False,False,False,9.00,1732,278.0,2026-04-03 04:05:44.570293+00:00
435,200689,GAA25WA222,2025-08-02,2025,8,Mallorca,OTHER FOREIGN,Spain,,,LEIS,,LIONAL RAY WARD,WARD F-4 ROCKET,LIONAL RAY WARD,WARD F-4 ROCKET,LIONAL RAY WARD WARD,AIR,N31VX,00182,False,1.0,,000,,PERS,,Substantial,3,Fatal,2,0,0,2,,,False,,N/A,,,,,   ,False,False,False,False,False,False,False,False,False,False,31.00,1733,279.0,2026-04-03 04:05:44.570293+00:00
454,200715,ERA25LA289,2025-08-02,2025,8,Oak Island,NORTH CAROLINA,United States,33.900748,,SUT,CAPE FEAR RGNL JETPORT/HOWIE FRANKLIN FLD,JABIRU AIRCRAFT PTY LTD,J230-D,JABIRU AIRCRAFT PTY LTD,J230-D,JABIRU AIRCRAFT PTY LTD J230-D,AIR,N784J,980,False,1.0,,091,,PERS,,Substantial,3,Minor,0,0,1,1,VMC,VMC,False,,In work,,,,,   ,False,False,False,False,False,False,False,False,False,False,13.00,1734,280.0,2026-04-03 04:05:44.570293+00:00
450,200711,WPR25LA238,2025-08-02,2025,8,Warren,IDAHO,United States,45.268100,,3U1,Warren,CESSNA,A185E,CESSNA,A185E,CESSNA A185E,AIR,N2252T,185-1410,False,1.0,REC,091,,PERS,,Substantial,3,None,0,0,0,0,VMC,VMC,False,DirectorBrief,Completed,,"The pilot stated that during takeoff, the airplane encountered a large gust of wind. The airplane was pushed to the left of the runway’s center and continued off the edge of the runway. The left wing collided with trees, which resulted in substantial damage to the wings and fuselage.&#x0D;
&#x0D;
The pilot stated that there were no pre impact mechanical malfunctions or failures that would have precluded normal operation.","The pilot’s failure to adequately compensate for a wind gust during the departure roll, which resulted in a loss of directional control and a runway excursion.","Aircraft - Aircraft oper/perf/capability - Performance/control parameters - Directional control - Not attained/maintained, Environmental issues - Conditions/weather/phenomena - Wind - Gusts - Response/compensation, Environmental issues - Conditions/weather/phenomena - Wind - Gusts - Effect on operation"," The pilot stated that during takeoff, the airplane encountered a large gust of wind. The airplane was pushed to the left of the runway’s center and continued off the edge of the runway. The left wing collided with trees, which resulted in substantial damage to the wings and fuselage.&#x0D;
&#x0D;
The pilot stated that there were no pre impact mechanical malfunctions or failures that would have precluded normal operation. The pilot’s failure to adequately compensate for a wind gust during the departure roll, which resulted in a loss of directional control and a runway excursion. Aircraft - Aircraft oper/perf/capability - Performance/control parameters - Directional control - Not attained/maintained, Environmental issues - Conditions/weather/phenomena - Wind - Gusts - Response/compensation, Environmental issues - Conditions/weather/phenomena - Wind - Gusts - Effect on operation",False,False,False,False,True,True,True,False,True,False,9.00,1736,282.0,2026-04-03 04:05:44.570293+00:00
476,200743,DCA25WA287,2025-08-02,2025,8,Gauteng,OTHER FOREIGN,South Africa,-26.133333,,,,BOEING,737,BOEING,737,BOEING 737,AIR,ZS-ZWO,28373,False,2.0,TF,000,SCHD,,Safair Operations Pty Ltd,None,1,,0,0,0,0,,,False,,N/A,,,,,   ,False,False,False,False,False,False,False,False,False,False,3.00,1738,284.0,2026-04-03 04:05:44.570293+00:00
430,200684,WPR25FA233,2025-08-01,2025,8,Hornell,NEW YORK,United States,42.289870,,,,CESSNA,152,CESSNA,152,CESSNA 152,AIR,N6125B,15283904,False,1.0,,091,,UNK,BV ROAD AND SITE LLC,Destroyed,4,Fatal,1,0,0,1,,,False,,In work,,,,,   ,False,False,False,False,False,False,False,False,False,False,29.00,1739,285.0,2026-04-03 04:05:44.570293+00:00
432,200686,ANC25LA082,2025-08-01,2025,8,Yakutat,ALASKA,United States,60.079166,,PVT,Diericks Tsiu River Lodge Strip,CESSNA,U206F,CESSNA,U206F,CESSNA U206F,AIR,N206GR,U20601753,False,1.0,REC,091,,OWRK,,Substantial,3,None,0,0,0,0,VMC,VMC,False,DirectorBrief,Completed,,"The pilot reported that he was landing, in gusty windy conditions, on a remote airstrip that was surrounded by trees, and he made a circling approach to land into the wind. As the airplane approached the airstrip, the flaps were fully extended, and he slowed the airplane to about 50 knots. The pilot said that just before touchdown, the headwind suddenly dissipated, and the airplane landed about 20 ft short of the runway. The right wing then struck a stand of brush, resulting in a veer to the right.  After touching down, the airplane spun 180° before exiting the right side of the runway.  The airplane sustained substantial damage to the right wing and elevators. The pilot reported there were no preimpact mechanical malfunctions or failures with the airframe or the engine that would have precluded normal operation.","The pilot’s failure to maintain clearance during approach in gusting wind conditions to a remote airstrip, resulting in a collision with brush.","Personnel issues - Task performance - Use of equip/info - Aircraft control - Pilot, Personnel issues - Psychological - Attention/monitoring - Monitoring environment - Pilot, Aircraft - Aircraft oper/perf/capability - Performance/control parameters - Airspeed - Not attained/maintained, Personnel issues - Psychological - Perception/orientation/illusion - Situational awareness - Pilot, Environmental issues - Conditions/weather/phenomena - Wind - Variable wind - Contributed to outcome"," The pilot reported that he was landing, in gusty windy conditions, on a remote airstrip that was surrounded by trees, and he made a circling approach to land into the wind. As the airplane approached the airstrip, the flaps were fully extended, and he slowed the airplane to about 50 knots. The pilot said that just before touchdown, the headwind suddenly dissipated, and the airplane landed about 20 ft short of the runway. The right wing then struck a stand of brush, resulting in a veer to the right.  After touching down, the airplane spun 180° before exiting the right side of the runway.  The airplane sustained substantial damage to the right wing and elevators. The pilot reported there were no preimpact mechanical malfunctions or failures with the airframe or the engine that would have precluded normal operation. The pilot’s failure to maintain clearance during approach in gusting wind conditions to a remote airstrip, resulting in a collision with brush. Personnel issues - Task performance - Use of equip/info - Aircraft control - Pilot, Personnel issues - Psychological - Attention/monitoring - Monitoring environment - Pilot, Aircraft - Aircraft oper/perf/capability - Performance/control parameters - Airspeed - Not attained/maintained, Personnel issues - Psychological - Perception/orientation/illusion - Situational awareness - Pilot, Environmental issues - Conditions/weather/phenomena - Wind - Variable wind - Contributed to outcome",False,False,False,False,True,True,True,False,True,False,9.00,1740,286.0,2026-04-03 04:05:44.570293+00:00
426,200680,ERA25FA283,2025-08-01,2025,8,Rochester,NEW YORK,United States,43.193773,,,,PIPER,J5C,PIPER,J5C,PIPER J5C,AIR,N28151,5-119,False,1.0,,091,,PERS,,Substantial,3,Fatal,1,1,0,2,VMC,VMC,False,,In work,,,,,   ,False,False,False,False,False,False,False,False,False,False,26.00,1746,292.0,2026-04-03 04:05:44.570293+00:00
442,200698,ERA25LA285,2025-08-01,2025,8,Ellsworth,MAINE,United States,44.626148,,,,CESSNA,TU206,CESSNA,TU206,CESSNA TU206,AIR,N9493Z,U20606527,False,1.0,REC,091,,PERS,,Substantial,3,None,0,0,0,0,VMC,VMC,False,DirectorBrief,Completed,,"The pilot of the amphibious airplane reported that he and a passenger had departed earlier that morning from the lake where the airplane was based and flew to a local airport to meet with a mechanic where they discussed future work to the airplane. Afterwards, they departed and flew back to the lake and conducted a normal water landing. As the airplane settled into the water, the pilot reported a more than normal nose down tendency. As the airplane slowed to nearly a full stop with idle power, the forward section of the floats continued to sink, and the airplane subsequently nosed over resulting in substantial damage to the fuselage. &#x0D;
The pilot reported that he had noticed on previous flights that the floats seemed to accumulate a large amount of water in the forward three to four compartments of each float.  He stated “I feel like it was gallons of water per compartment,” but he had not measured the exact quantity of water that he had pumped from each compartment. The pilot described some steps he took to determine the nature of the issue and tried to learn, “what is considered [a lot] or too much water per compartment.” Following the accident, he reported that upon righting the airplane the forward 5 compartments of the floats were “completely flooded” and the aft 2 compartments contained no water. According to an advisory circular regarding seaplane safety published by the Federal Aviation Administration, “A small amount of water, e.g., a cupful, is not unusual and can occur from condensation or normal seepage.” It also stated, “Finding an excessive amount of water should cue the pilot to look for the source of the leak.” Based on this information, the pilot should have discontinued flying the airplane from water until the nature and source of the leaking floats had been appropriately addressed. Additionally, it is likely that the excessive water accumulation in the forward portion of the floats moved the airplane’s center of gravity forward such that it resulted in the noseover during landing.","The pilot’s decision to operate the airplane with a known deficiency of the floats, which resulted in an accumulation of water in the forward compartments of the floats, a forward center of gravity, and subsequent nose over during a water landing.","Aircraft - Aircraft systems - Landing gear system - Wheel/ski/float - Damaged/degraded, Personnel issues - Action/decision - Info processing/decision - Decision making/judgment - Pilot"," The pilot of the amphibious airplane reported that he and a passenger had departed earlier that morning from the lake where the airplane was based and flew to a local airport to meet with a mechanic where they discussed future work to the airplane. Afterwards, they departed and flew back to the lake and conducted a normal water landing. As the airplane settled into the water, the pilot reported a more than normal nose down tendency. As the airplane slowed to nearly a full stop with idle power, the forward section of the floats continued to sink, and the airplane subsequently nosed over resulting in substantial damage to the fuselage. &#x0D;
The pilot reported that he had noticed on previous flights that the floats seemed to accumulate a large amount of water in the forward three to four compartments of each float.  He stated “I feel like it was gallons of water per compartment,” but he had not measured the exact quantity of water that he had pumped from each compartment. The pilot described some steps he took to determine the nature of the issue and tried to learn, “what is considered [a lot] or too much water per compartment.” Following the accident, he reported that upon righting the airplane the forward 5 compartments of the floats were “completely flooded” and the aft 2 compartments contained no water. According to an advisory circular regarding seaplane safety published by the Federal Aviation Administration, “A small amount of water, e.g., a cupful, is not unusual and can occur from condensation or normal seepage.” It also stated, “Finding an excessive amount of water should cue the pilot to look for the source of the leak.” Based on this information, the pilot should have discontinued flying the airplane from water until the nature and source of the leaking floats had been appropriately addressed. Additionally, it is likely that the excessive water accumulation in the forward portion of the floats moved the airplane’s center of gravity forward such that it resulted in the noseover during landing. The pilot’s decision to operate the airplane with a known deficiency of the floats, which resulted in an accumulation of water in the forward compartments of the floats, a forward center of gravity, and subsequent nose over during a water landing. Aircraft - Aircraft systems - Landing gear system - Wheel/ski/float - Damaged/degraded, Personnel issues - Action/decision - Info processing/decision - Decision making/judgment - Pilot",False,False,False,False,True,False,False,False,True,False,9.00,1741,287.0,2026-04-03 04:05:44.570293+00:00
484,200751,GAA25WA236,2025-08-01,2025,8,Ontario,OTHER FOREIGN,Canada,,,CYXU,,BELL,206,BELL,206,BELL 206,HELI,C-GGAS,,False,,,000,,,,Substantial,3,Serious,0,1,0,1,,,False,,N/A,,,,,   ,False,False,False,False,False,False,False,False,False,False,17.00,1742,288.0,2026-04-03 04:05:44.570293+00:00
431,200685,ANC25LA081,2025-08-01,2025,8,Anchorage,ALASKA,United States,61.208500,,MRI,Merrill Field,CESSNA,208B,CESSNA,208B,CESSNA 208B,AIR,N645AT,208B5009,False,1.0,TP,135,SCHD,,J & M Alaska Air Tours,Substantial,3,None,0,0,0,0,VMC,VMC,False,DirectorBrief,Completed,,"The operator reported that to comply with the straight-in arrival procedure at the airport, the pilot was required to make a steeper approach to the runway, and he did not decelerate the airplane to a normal landing speed during the approach.  As the approach continued, the airplane passed over the runway threshold faster than anticipated, resulting in an inadvertent, midfield touchdown. After touchdown, the pilot determined that there was not enough runway to safely abort the landing, so he continued the landing roll. He applied reverse thrust and hard braking, but the airplane overran the runway, collided with an airport perimeter fence, crossed six lanes of traffic before coming to rest in an open grass field. The airplane sustained substantial damage to the right wing lift strut. &#x0D;
The operator reported that there were no preaccident mechanical malfunctions or failures with the airplane that would have precluded normal operation.","The pilot’s decision to continue an unstabilized approach, which resulted in a landing touchdown with insufficient runway remaining and a subsequent runway overrun and a collision with a fence.","Aircraft - Aircraft oper/perf/capability - Aircraft capability - Landing distance - Capability exceeded, Aircraft - Aircraft oper/perf/capability - Aircraft capability - Braking capability - Capability exceeded, Personnel issues - Action/decision - Info processing/decision - Decision making/judgment - Pilot, Personnel issues - Psychological - Perception/orientation/illusion - Situational awareness - Pilot, Personnel issues - Action/decision - Action - Delayed action - Pilot, Aircraft - Aircraft oper/perf/capability - Performance/control parameters - Airspeed - Not attained/maintained, Personnel issues - Task performance - Use of equip/info - Aircraft control - Pilot, Aircraft - Aircraft oper/perf/capability - Performance/control parameters - Descent/approach/glide path - Not attained/maintained, Personnel issues - Action/decision - Action - Incorrect action selection - Pilot"," The operator reported that to comply with the straight-in arrival procedure at the airport, the pilot was required to make a steeper approach to the runway, and he did not decelerate the airplane to a normal landing speed during the approach.  As the approach continued, the airplane passed over the runway threshold faster than anticipated, resulting in an inadvertent, midfield touchdown. After touchdown, the pilot determined that there was not enough runway to safely abort the landing, so he continued the landing roll. He applied reverse thrust and hard braking, but the airplane overran the runway, collided with an airport perimeter fence, crossed six lanes of traffic before coming to rest in an open grass field. The airplane sustained substantial damage to the right wing lift strut. &#x0D;
The operator reported that there were no preaccident mechanical malfunctions or failures with the airplane that would have precluded normal operation. The pilot’s decision to continue an unstabilized approach, which resulted in a landing touchdown with insufficient runway remaining and a subsequent runway overrun and a collision with a fence. Aircraft - Aircraft oper/perf/capability - Aircraft capability - Landing distance - Capability exceeded, Aircraft - Aircraft oper/perf/capability - Aircraft capability - Braking capability - Capability exceeded, Personnel issues - Action/decision - Info processing/decision - Decision making/judgment - Pilot, Personnel issues - Psychological - Perception/orientation/illusion - Situational awareness - Pilot, Personnel issues - Action/decision - Action - Delayed action - Pilot, Aircraft - Aircraft oper/perf/capability - Performance/control parameters - Airspeed - Not attained/maintained, Personnel issues - Task performance - Use of equip/info - Aircraft control - Pilot, Aircraft - Aircraft oper/perf/capability - Performance/control parameters - Descent/approach/glide path - Not attained/maintained, Personnel issues - Action/decision - Action - Incorrect action selection - Pilot",False,False,False,False,True,False,True,False,False,False,9.00,1743,289.0,2026-04-03 04:05:44.570293+00:00
429,200683,WPR25FA232,2025-08-01,2025,8,Morgan,UTAH,United States,41.129444,,42U,MORGAN COUNTY,SCHLEICHER,ASW27-18,SCHLEICHER,ASW27-18,SCHLEICHER ASW27-18,GLI,N929JK,29007,False,0.0,,091,,PERS,,Destroyed,4,Fatal,1,0,0,1,VMC,VMC,False,,In work,,,,,   ,False,False,False,False,False,False,False,False,False,False,29.00,1744,290.0,2026-04-03 04:05:44.570293+00:00
502,200774,GAA25WA240,2025-08-01,2025,8,"Vereda La Patera, Ubate",OTHER FOREIGN,Colombia,5.290333,,,,CESSNA,TR182,CESSNA,TR182,CESSNA TR182,AIR,HK2434G,R18201256,False,1.0,REC,000,,,,Substantial,3,Serious,0,1,0,1,VMC,VMC,False,,N/A,,,,,   ,False,False,False,False,False,False,False,False,False,False,17.00,1745,291.0,2026-04-03 04:05:44.570293+00:00
