event_key,mkey,vehicle_num,event_num,event_code,is_defining_event,tier1_name,tier1_num,tier2_name,tier2_num,soe_group,phase_group,silver_loaded_at
1,202248,1,1,550230,True,Landing,550,Loss of control on ground,230,Loss of Control (Ground),Landing,2026-04-03 04:05:44.570293+00:00
2,202247,1,1,500341,True,Approach,500,Loss of engine power (total),341,System/Component Failure (Powerplant),Approach,2026-04-03 04:05:44.570293+00:00
3,202249,1,1,152230,True,Standing-engine(s) start-up,152,Loss of control on ground,230,Loss of Control (Ground),Standing,2026-04-03 04:05:44.570293+00:00
4,202231,1,1,452341,True,Maneuvering-low-alt flying,452,Loss of engine power (total),341,System/Component Failure (Powerplant),Maneuvering,2026-04-03 04:05:44.570293+00:00
5,202228,1,2,402240,True,Enroute-cruise,402,Loss of control in flight,240,Loss of Control (Inflight),Enroute,2026-04-03 04:05:44.570293+00:00
6,200820,1,3,300490,True,Takeoff,300,Collision during takeoff/land,490,Collision on Takeoff or Landing,Takeoff,2026-04-03 04:05:44.570293+00:00
7,202233,1,1,550094,True,Landing,550,Landing gear collapse,094,Abnormal Runway Contact,Landing,2026-04-03 04:05:44.570293+00:00
8,202225,1,1,550230,True,Landing,550,Loss of control on ground,230,Loss of Control (Ground),Landing,2026-04-03 04:05:44.570293+00:00
9,202264,1,1,990000,True,Unknown,990,Unknown or undetermined,000,Other,Unknown,2026-04-03 04:05:44.570293+00:00
10,202224,1,1,300300,True,Takeoff,300,Runway excursion,300,Runway Excursion,Takeoff,2026-04-03 04:05:44.570293+00:00
11,202196,1,1,400341,True,Enroute,400,Loss of engine power (total),341,System/Component Failure (Powerplant),Enroute,2026-04-03 04:05:44.570293+00:00
12,202213,1,1,450250,True,Maneuvering,450,Midair collision,250,Midair,Maneuvering,2026-04-03 04:05:44.570293+00:00
13,202213,2,1,450250,True,Maneuvering,450,Midair collision,250,Midair,Maneuvering,2026-04-03 04:05:44.570293+00:00
14,202217,1,1,400341,True,Enroute,400,Loss of engine power (total),341,System/Component Failure (Powerplant),Enroute,2026-04-03 04:05:44.570293+00:00
15,202269,1,1,350361,True,Initial climb,350,Aircraft wake turb encounter,361,Turbulence,Initial Climb,2026-04-03 04:05:44.570293+00:00
16,202223,1,1,400342,True,Enroute,400,Loss of engine power (partial),342,System/Component Failure (Powerplant),Enroute,2026-04-03 04:05:44.570293+00:00
17,202223,1,2,550440,False,Landing,550,Off-field or emergency landing,440,Other,Landing,2026-04-03 04:05:44.570293+00:00
18,202223,1,3,550470,False,Landing,550,Collision with terr/obj (non-CFIT),470,Other,Landing,2026-04-03 04:05:44.570293+00:00
19,202222,1,1,402342,True,Enroute-cruise,402,Loss of engine power (partial),342,System/Component Failure (Powerplant),Enroute,2026-04-03 04:05:44.570293+00:00
20,202216,1,1,552230,True,Landing-landing roll,552,Loss of control on ground,230,Loss of Control (Ground),Landing,2026-04-03 04:05:44.570293+00:00
21,202216,1,2,552096,False,Landing-landing roll,552,Nose over/nose down,096,Abnormal Runway Contact,Landing,2026-04-03 04:05:44.570293+00:00
22,202227,1,1,990000,True,Unknown,990,Unknown or undetermined,000,Other,Unknown,2026-04-03 04:05:44.570293+00:00
23,202265,1,1,400341,True,Enroute,400,Loss of engine power (total),341,System/Component Failure (Powerplant),Enroute,2026-04-03 04:05:44.570293+00:00
24,202268,1,1,508341,True,Approach-VFR pattern final,508,Loss of engine power (total),341,System/Component Failure (Powerplant),Approach,2026-04-03 04:05:44.570293+00:00
25,202208,1,1,300470,True,Takeoff,300,Collision with terr/obj (non-CFIT),470,Other,Takeoff,2026-04-03 04:05:44.570293+00:00
26,202229,1,1,990000,True,Unknown,990,Unknown or undetermined,000,Other,Unknown,2026-04-03 04:05:44.570293+00:00
27,202221,1,2,402341,True,Enroute-cruise,402,Loss of engine power (total),341,System/Component Failure (Powerplant),Enroute,2026-04-03 04:05:44.570293+00:00
28,202220,1,1,550470,False,Landing,550,Collision with terr/obj (non-CFIT),470,Other,Landing,2026-04-03 04:05:44.570293+00:00
29,202220,1,2,400130,False,Enroute,400,Emergency descent initiated,130,Other,Enroute,2026-04-03 04:05:44.570293+00:00
30,202220,1,3,400240,True,Enroute,400,Loss of control in flight,240,Loss of Control (Inflight),Enroute,2026-04-03 04:05:44.570293+00:00
31,202220,1,4,600440,False,Emergency descent,600,Off-field or emergency landing,440,Other,Emergency Descent,2026-04-03 04:05:44.570293+00:00
32,202261,1,1,300900,True,Takeoff,300,Miscellaneous/other,900,,Takeoff,2026-04-03 04:05:44.570293+00:00
33,202207,1,1,400341,True,Enroute,400,Loss of engine power (total),341,System/Component Failure (Powerplant),Enroute,2026-04-03 04:05:44.570293+00:00
34,202203,1,3,402342,True,Enroute-cruise,402,Loss of engine power (partial),342,System/Component Failure (Powerplant),Enroute,2026-04-03 04:05:44.570293+00:00
35,202203,1,4,452240,False,Maneuvering-low-alt flying,452,Loss of control in flight,240,Loss of Control (Inflight),Maneuvering,2026-04-03 04:05:44.570293+00:00
36,202202,1,1,250200,True,Taxi,250,Ground collision,200,Ground Collision,Taxi,2026-04-03 04:05:44.570293+00:00
37,202202,2,1,251200,True,Taxi-to runway,251,Ground collision,200,Ground Collision,Taxi,2026-04-03 04:05:44.570293+00:00
38,202194,1,1,551230,True,Landing-flare/touchdown,551,Loss of control on ground,230,Loss of Control (Ground),Landing,2026-04-03 04:05:44.570293+00:00
39,202201,1,1,500120,True,Approach,500,Controlled flight into terr/obj (CFIT),120,CFIT,Approach,2026-04-03 04:05:44.570293+00:00
40,202205,1,1,402360,True,Enroute-cruise,402,Turbulence encounter,360,Turbulence,Enroute,2026-04-03 04:05:44.570293+00:00
41,202232,1,1,450901,True,Maneuvering,450,Birdstrike,901,Other,Maneuvering,2026-04-03 04:05:44.570293+00:00
42,202260,1,1,508333,True,Approach-VFR pattern final,508,Flight control sys malf/fail,333,System/Component Failure (Non-Powerplant),Approach,2026-04-03 04:05:44.570293+00:00
43,202199,1,1,551096,True,Landing-flare/touchdown,551,Nose over/nose down,096,Abnormal Runway Contact,Landing,2026-04-03 04:05:44.570293+00:00
44,202243,1,1,152150,True,Standing-engine(s) start-up,152,Fire/smoke (non-impact),150,Fire,Standing,2026-04-03 04:05:44.570293+00:00
45,202191,1,1,400341,True,Enroute,400,Loss of engine power (total),341,System/Component Failure (Powerplant),Enroute,2026-04-03 04:05:44.570293+00:00
46,202226,1,1,400150,True,Enroute,400,Fire/smoke (non-impact),150,Fire,Enroute,2026-04-03 04:05:44.570293+00:00
47,202192,1,1,402192,True,Enroute-cruise,402,Fuel exhaustion,192,Fuel,Enroute,2026-04-03 04:05:44.570293+00:00
48,202218,1,1,400191,True,Enroute,400,Fuel starvation,191,Fuel,Enroute,2026-04-03 04:05:44.570293+00:00
49,202275,1,1,552230,False,Landing-landing roll,552,Loss of control on ground,230,Loss of Control (Ground),Landing,2026-04-03 04:05:44.570293+00:00
50,202275,1,2,552333,True,Landing-landing roll,552,Flight control sys malf/fail,333,System/Component Failure (Non-Powerplant),Landing,2026-04-03 04:05:44.570293+00:00
51,202275,1,3,552300,False,Landing-landing roll,552,Runway excursion,300,Runway Excursion,Landing,2026-04-03 04:05:44.570293+00:00
52,202275,1,4,552093,False,Landing-landing roll,552,Dragged wing/rotor/float/other,093,Abnormal Runway Contact,Landing,2026-04-03 04:05:44.570293+00:00
53,202219,1,2,452220,True,Maneuvering-low-alt flying,452,Low altitude operation/event,220,Low Altitude,Maneuvering,2026-04-03 04:05:44.570293+00:00
54,202219,1,3,452470,False,Maneuvering-low-alt flying,452,Collision with terr/obj (non-CFIT),470,Other,Maneuvering,2026-04-03 04:05:44.570293+00:00
55,202186,1,1,550240,True,Landing,550,Loss of control in flight,240,Loss of Control (Inflight),Landing,2026-04-03 04:05:44.570293+00:00
56,202334,1,1,301330,True,Takeoff-rejected takeoff,301,Sys/Comp malf/fail (non-power),330,System/Component Failure (Non-Powerplant),Takeoff,2026-04-03 04:05:44.570293+00:00
57,202240,1,1,300230,True,Takeoff,300,Loss of control on ground,230,Loss of Control (Ground),Takeoff,2026-04-03 04:05:44.570293+00:00
58,202158,1,2,551095,True,Landing-flare/touchdown,551,Landing gear not configured,095,Abnormal Runway Contact,Landing,2026-04-03 04:05:44.570293+00:00
59,202182,1,1,550370,True,Landing,550,Landing area undershoot,370,Undershoot/Overshoot,Landing,2026-04-03 04:05:44.570293+00:00
60,202185,1,1,450240,True,Maneuvering,450,Loss of control in flight,240,Loss of Control (Inflight),Maneuvering,2026-04-03 04:05:44.570293+00:00
61,202178,1,1,990240,True,Unknown,990,Loss of control in flight,240,Loss of Control (Inflight),Unknown,2026-04-03 04:05:44.570293+00:00
62,202183,1,1,553900,True,Landing-aborted after touchdown,553,Miscellaneous/other,900,,Landing,2026-04-03 04:05:44.570293+00:00
63,202215,1,1,402240,True,Enroute-cruise,402,Loss of control in flight,240,Loss of Control (Inflight),Enroute,2026-04-03 04:05:44.570293+00:00
64,202210,1,1,990341,True,Unknown,990,Loss of engine power (total),341,System/Component Failure (Powerplant),Unknown,2026-04-03 04:05:44.570293+00:00
65,202198,1,1,551092,True,Landing-flare/touchdown,551,Hard landing,092,Abnormal Runway Contact,Landing,2026-04-03 04:05:44.570293+00:00
66,202193,1,1,300900,True,Takeoff,300,Miscellaneous/other,900,,Takeoff,2026-04-03 04:05:44.570293+00:00
67,202172,1,4,551092,True,Landing-flare/touchdown,551,Hard landing,092,Abnormal Runway Contact,Landing,2026-04-03 04:05:44.570293+00:00
68,202172,1,5,551240,False,Landing-flare/touchdown,551,Loss of control in flight,240,Loss of Control (Inflight),Landing,2026-04-03 04:05:44.570293+00:00
69,202172,1,6,550060,False,Landing,550,Attempted remediation/recovery,060,,Landing,2026-04-03 04:05:44.570293+00:00
70,202172,1,7,550300,False,Landing,550,Runway excursion,300,Runway Excursion,Landing,2026-04-03 04:05:44.570293+00:00
71,202172,1,8,550470,False,Landing,550,Collision with terr/obj (non-CFIT),470,Other,Landing,2026-04-03 04:05:44.570293+00:00
72,202257,1,1,404900,True,Enroute-descent,404,Miscellaneous/other,900,,Enroute,2026-04-03 04:05:44.570293+00:00
73,202166,1,1,500240,True,Approach,500,Loss of control in flight,240,Loss of Control (Inflight),Approach,2026-04-03 04:05:44.570293+00:00
74,202173,1,1,402342,True,Enroute-cruise,402,Loss of engine power (partial),342,System/Component Failure (Powerplant),Enroute,2026-04-03 04:05:44.570293+00:00
75,202155,1,1,990341,True,Unknown,990,Loss of engine power (total),341,System/Component Failure (Powerplant),Unknown,2026-04-03 04:05:44.570293+00:00
76,202177,1,1,990470,True,Unknown,990,Collision with terr/obj (non-CFIT),470,Other,Unknown,2026-04-03 04:05:44.570293+00:00
77,202162,1,1,250200,True,Taxi,250,Ground collision,200,Ground Collision,Taxi,2026-04-03 04:05:44.570293+00:00
78,202162,1,2,250402,False,Taxi,250,Loss of visual reference,402,Weather,Taxi,2026-04-03 04:05:44.570293+00:00
79,202162,2,1,250200,True,Taxi,250,Ground collision,200,Ground Collision,Taxi,2026-04-03 04:05:44.570293+00:00
80,202167,1,1,990000,True,Unknown,990,Unknown or undetermined,000,Other,Unknown,2026-04-03 04:05:44.570293+00:00
81,202167,1,2,600240,False,Emergency descent,600,Loss of control in flight,240,Loss of Control (Inflight),Emergency Descent,2026-04-03 04:05:44.570293+00:00
82,202167,1,3,551090,False,Landing-flare/touchdown,551,Abnormal runway contact,090,Abnormal Runway Contact,Landing,2026-04-03 04:05:44.570293+00:00
83,202167,1,4,551231,False,Landing-flare/touchdown,551,Dynamic rollover,231,Loss of Control (Ground),Landing,2026-04-03 04:05:44.570293+00:00
84,202241,1,1,400192,True,Enroute,400,Fuel exhaustion,192,Fuel,Enroute,2026-04-03 04:05:44.570293+00:00
85,202241,1,2,551440,False,Landing-flare/touchdown,551,Off-field or emergency landing,440,Other,Landing,2026-04-03 04:05:44.570293+00:00
86,202150,1,2,350240,True,Initial climb,350,Loss of control in flight,240,Loss of Control (Inflight),Initial Climb,2026-04-03 04:05:44.570293+00:00
87,202150,1,3,450240,False,Maneuvering,450,Loss of control in flight,240,Loss of Control (Inflight),Maneuvering,2026-04-03 04:05:44.570293+00:00
88,202151,1,1,400341,True,Enroute,400,Loss of engine power (total),341,System/Component Failure (Powerplant),Enroute,2026-04-03 04:05:44.570293+00:00
89,202164,1,1,400000,True,Enroute,400,Unknown or undetermined,000,Other,Enroute,2026-04-03 04:05:44.570293+00:00
90,202156,1,1,552300,True,Landing-landing roll,552,Runway excursion,300,Runway Excursion,Landing,2026-04-03 04:05:44.570293+00:00
91,202154,1,2,506341,True,Approach-VFR pattern downwind,506,Loss of engine power (total),341,System/Component Failure (Powerplant),Approach,2026-04-03 04:05:44.570293+00:00
92,202154,1,3,550090,False,Landing,550,Abnormal runway contact,090,Abnormal Runway Contact,Landing,2026-04-03 04:05:44.570293+00:00
93,202154,1,4,550300,False,Landing,550,Runway excursion,300,Runway Excursion,Landing,2026-04-03 04:05:44.570293+00:00
94,202258,1,1,550095,True,Landing,550,Landing gear not configured,095,Abnormal Runway Contact,Landing,2026-04-03 04:05:44.570293+00:00
95,202342,1,2,552300,False,Landing-landing roll,552,Runway excursion,300,Runway Excursion,Landing,2026-04-03 04:05:44.570293+00:00
96,202342,1,3,552094,True,Landing-landing roll,552,Landing gear collapse,094,Abnormal Runway Contact,Landing,2026-04-03 04:05:44.570293+00:00
97,202153,1,1,990341,True,Unknown,990,Loss of engine power (total),341,System/Component Failure (Powerplant),Unknown,2026-04-03 04:05:44.570293+00:00
98,202153,1,2,550441,False,Landing,550,Ditching,441,Other,Landing,2026-04-03 04:05:44.570293+00:00
99,202160,1,1,350330,True,Initial climb,350,Sys/Comp malf/fail (non-power),330,System/Component Failure (Non-Powerplant),Initial Climb,2026-04-03 04:05:44.570293+00:00
100,202345,1,1,552380,True,Landing-landing roll,552,Landing area overshoot,380,Undershoot/Overshoot,Landing,2026-04-03 04:05:44.570293+00:00
101,202145,1,1,551140,True,Landing-flare/touchdown,551,Engine shutdown,140,Other,Landing,2026-04-03 04:05:44.570293+00:00
102,202557,1,1,401341,True,Enroute-climb to cruise,401,Loss of engine power (total),341,System/Component Failure (Powerplant),Enroute,2026-04-03 04:05:44.570293+00:00
103,202152,1,1,251200,True,Taxi-to runway,251,Ground collision,200,Ground Collision,Taxi,2026-04-03 04:05:44.570293+00:00
104,202259,1,1,350000,True,Initial climb,350,Unknown or undetermined,000,Other,Initial Climb,2026-04-03 04:05:44.570293+00:00
105,202148,1,1,400341,True,Enroute,400,Loss of engine power (total),341,System/Component Failure (Powerplant),Enroute,2026-04-03 04:05:44.570293+00:00
106,202570,1,1,500341,True,Approach,500,Loss of engine power (total),341,System/Component Failure (Powerplant),Approach,2026-04-03 04:05:44.570293+00:00
107,202385,1,1,508240,True,Approach-VFR pattern final,508,Loss of control in flight,240,Loss of Control (Inflight),Approach,2026-04-03 04:05:44.570293+00:00
108,202138,1,2,300310,True,Takeoff,300,Wildlife encounter (non-bird),310,Other,Takeoff,2026-04-03 04:05:44.570293+00:00
109,202143,1,2,552093,False,Landing-landing roll,552,Dragged wing/rotor/float/other,093,Abnormal Runway Contact,Landing,2026-04-03 04:05:44.570293+00:00
110,202143,1,3,550240,True,Landing,550,Loss of control in flight,240,Loss of Control (Inflight),Landing,2026-04-03 04:05:44.570293+00:00
111,202143,1,4,552090,False,Landing-landing roll,552,Abnormal runway contact,090,Abnormal Runway Contact,Landing,2026-04-03 04:05:44.570293+00:00
112,202132,1,1,500341,False,Approach,500,Loss of engine power (total),341,System/Component Failure (Powerplant),Approach,2026-04-03 04:05:44.570293+00:00
113,202132,1,2,500191,True,Approach,500,Fuel starvation,191,Fuel,Approach,2026-04-03 04:05:44.570293+00:00
114,202197,1,1,100010,True,Prior to flight,100,Aircraft loading event,010,Ground Handling,Standing,2026-04-03 04:05:44.570293+00:00
115,202129,1,1,400341,False,Enroute,400,Loss of engine power (total),341,System/Component Failure (Powerplant),Enroute,2026-04-03 04:05:44.570293+00:00
116,202129,1,2,400192,True,Enroute,400,Fuel exhaustion,192,Fuel,Enroute,2026-04-03 04:05:44.570293+00:00
117,202129,1,3,600440,False,Emergency descent,600,Off-field or emergency landing,440,Other,Emergency Descent,2026-04-03 04:05:44.570293+00:00
118,202129,1,4,550470,False,Landing,550,Collision with terr/obj (non-CFIT),470,Other,Landing,2026-04-03 04:05:44.570293+00:00
119,202171,1,1,401341,True,Enroute-climb to cruise,401,Loss of engine power (total),341,System/Component Failure (Powerplant),Enroute,2026-04-03 04:05:44.570293+00:00
120,202144,1,1,550342,True,Landing,550,Loss of engine power (partial),342,System/Component Failure (Powerplant),Landing,2026-04-03 04:05:44.570293+00:00
121,202144,1,2,601342,False,Autorotation,601,Loss of engine power (partial),342,System/Component Failure (Powerplant),Emergency Descent,2026-04-03 04:05:44.570293+00:00
122,202144,1,3,601092,False,Autorotation,601,Hard landing,092,Abnormal Runway Contact,Emergency Descent,2026-04-03 04:05:44.570293+00:00
123,202141,1,1,301340,True,Takeoff-rejected takeoff,301,Powerplant sys/comp malf/fail,340,System/Component Failure (Powerplant),Takeoff,2026-04-03 04:05:44.570293+00:00
124,202131,1,1,550300,True,Landing,550,Runway excursion,300,Runway Excursion,Landing,2026-04-03 04:05:44.570293+00:00
125,202124,1,1,300241,True,Takeoff,300,Aerodynamic stall/spin,241,Loss of Control (Inflight),Takeoff,2026-04-03 04:05:44.570293+00:00
126,202280,1,1,550333,True,Landing,550,Flight control sys malf/fail,333,System/Component Failure (Non-Powerplant),Landing,2026-04-03 04:05:44.570293+00:00
127,202163,1,1,300332,True,Takeoff,300,Electrical system malf/failure,332,System/Component Failure (Non-Powerplant),Takeoff,2026-04-03 04:05:44.570293+00:00
128,202127,1,1,551090,True,Landing-flare/touchdown,551,Abnormal runway contact,090,Abnormal Runway Contact,Landing,2026-04-03 04:05:44.570293+00:00
129,202127,1,2,552230,False,Landing-landing roll,552,Loss of control on ground,230,Loss of Control (Ground),Landing,2026-04-03 04:05:44.570293+00:00
130,202127,1,3,552096,False,Landing-landing roll,552,Nose over/nose down,096,Abnormal Runway Contact,Landing,2026-04-03 04:05:44.570293+00:00
131,202125,1,1,400341,True,Enroute,400,Loss of engine power (total),341,System/Component Failure (Powerplant),Enroute,2026-04-03 04:05:44.570293+00:00
132,202111,1,1,452240,True,Maneuvering-low-alt flying,452,Loss of control in flight,240,Loss of Control (Inflight),Maneuvering,2026-04-03 04:05:44.570293+00:00
133,202111,1,2,452470,False,Maneuvering-low-alt flying,452,Collision with terr/obj (non-CFIT),470,Other,Maneuvering,2026-04-03 04:05:44.570293+00:00
134,202130,1,1,990000,True,Unknown,990,Unknown or undetermined,000,Other,Unknown,2026-04-03 04:05:44.570293+00:00
135,202106,1,1,551091,True,Landing-flare/touchdown,551,Tailstrike,091,Abnormal Runway Contact,Landing,2026-04-03 04:05:44.570293+00:00
136,202109,1,1,402341,True,Enroute-cruise,402,Loss of engine power (total),341,System/Component Failure (Powerplant),Enroute,2026-04-03 04:05:44.570293+00:00
137,202096,1,1,400130,True,Enroute,400,Emergency descent initiated,130,Other,Enroute,2026-04-03 04:05:44.570293+00:00
138,202113,1,1,552230,True,Landing-landing roll,552,Loss of control on ground,230,Loss of Control (Ground),Landing,2026-04-03 04:05:44.570293+00:00
139,200918,1,1,550490,True,Landing,550,Collision during takeoff/land,490,Collision on Takeoff or Landing,Landing,2026-04-03 04:05:44.570293+00:00
140,200918,1,2,700460,False,Post-impact,700,Evacuation,460,Other,Post-Impact,2026-04-03 04:05:44.570293+00:00
141,200918,1,4,550284,False,Landing,550,Wrong surface or wrong airport,284,Navigation Error,Landing,2026-04-03 04:05:44.570293+00:00
142,200918,1,5,550280,False,Landing,550,Navigation error,280,Navigation Error,Landing,2026-04-03 04:05:44.570293+00:00
143,200914,1,1,551310,False,Landing-flare/touchdown,551,Wildlife encounter (non-bird),310,Other,Landing,2026-04-03 04:05:44.570293+00:00
144,200914,1,2,553310,True,Landing-aborted after touchdown,553,Wildlife encounter (non-bird),310,Other,Landing,2026-04-03 04:05:44.570293+00:00
145,200839,1,2,553230,False,Landing-aborted after touchdown,553,Loss of control on ground,230,Loss of Control (Ground),Landing,2026-04-03 04:05:44.570293+00:00
146,200839,1,3,551230,True,Landing-flare/touchdown,551,Loss of control on ground,230,Loss of Control (Ground),Landing,2026-04-03 04:05:44.570293+00:00
147,200907,1,1,400120,True,Enroute,400,Controlled flight into terr/obj (CFIT),120,CFIT,Enroute,2026-04-03 04:05:44.570293+00:00
148,200961,1,1,400120,True,Enroute,400,Controlled flight into terr/obj (CFIT),120,CFIT,Enroute,2026-04-03 04:05:44.570293+00:00
149,200923,1,1,450240,True,Maneuvering,450,Loss of control in flight,240,Loss of Control (Inflight),Maneuvering,2026-04-03 04:05:44.570293+00:00
150,200908,1,2,300300,True,Takeoff,300,Runway excursion,300,Runway Excursion,Takeoff,2026-04-03 04:05:44.570293+00:00
151,200908,1,3,300470,False,Takeoff,300,Collision with terr/obj (non-CFIT),470,Other,Takeoff,2026-04-03 04:05:44.570293+00:00
152,200906,1,1,508250,True,Approach-VFR pattern final,508,Midair collision,250,Midair,Approach,2026-04-03 04:05:44.570293+00:00
153,200906,2,1,508250,True,Approach-VFR pattern final,508,Midair collision,250,Midair,Approach,2026-04-03 04:05:44.570293+00:00
154,200826,1,1,400341,True,Enroute,400,Loss of engine power (total),341,System/Component Failure (Powerplant),Enroute,2026-04-03 04:05:44.570293+00:00
155,200905,1,2,150460,True,Standing,150,Evacuation,460,Other,Standing,2026-04-03 04:05:44.570293+00:00
156,200905,1,3,350150,False,Initial climb,350,Fire/smoke (non-impact),150,Fire,Initial Climb,2026-04-03 04:05:44.570293+00:00
157,200922,1,2,551090,False,Landing-flare/touchdown,551,Abnormal runway contact,090,Abnormal Runway Contact,Landing,2026-04-03 04:05:44.570293+00:00
158,200922,1,3,553490,True,Landing-aborted after touchdown,553,Collision during takeoff/land,490,Collision on Takeoff or Landing,Landing,2026-04-03 04:05:44.570293+00:00
159,200928,1,1,452192,True,Maneuvering-low-alt flying,452,Fuel exhaustion,192,Fuel,Maneuvering,2026-04-03 04:05:44.570293+00:00
160,200928,1,3,601470,False,Autorotation,601,Collision with terr/obj (non-CFIT),470,Other,Emergency Descent,2026-04-03 04:05:44.570293+00:00
161,200940,1,1,251200,True,Taxi-to runway,251,Ground collision,200,Ground Collision,Taxi,2026-04-03 04:05:44.570293+00:00
162,200940,2,1,251200,True,Taxi-to runway,251,Ground collision,200,Ground Collision,Taxi,2026-04-03 04:05:44.570293+00:00
163,201755,1,1,550092,True,Landing,550,Hard landing,092,Abnormal Runway Contact,Landing,2026-04-03 04:05:44.570293+00:00
164,200916,1,1,552300,True,Landing-landing roll,552,Runway excursion,300,Runway Excursion,Landing,2026-04-03 04:05:44.570293+00:00
165,200916,1,2,552380,False,Landing-landing roll,552,Landing area overshoot,380,Undershoot/Overshoot,Landing,2026-04-03 04:05:44.570293+00:00
166,201052,1,1,252320,True,Taxi-into takeoff position,252,Runway incursion veh/AC/person,320,Runway Incursion,Taxi,2026-04-03 04:05:44.570293+00:00
167,200960,1,1,550244,True,Landing,550,Settling with power/vortex ring state,244,Loss of Control (Inflight),Landing,2026-04-03 04:05:44.570293+00:00
168,200904,1,2,100193,False,Prior to flight,100,Fuel contamination,193,Fuel,Standing,2026-04-03 04:05:44.570293+00:00
169,200904,1,3,350341,True,Initial climb,350,Loss of engine power (total),341,System/Component Failure (Powerplant),Initial Climb,2026-04-03 04:05:44.570293+00:00
170,200904,1,4,350470,False,Initial climb,350,Collision with terr/obj (non-CFIT),470,Other,Initial Climb,2026-04-03 04:05:44.570293+00:00
171,200899,1,1,400360,True,Enroute,400,Turbulence encounter,360,Turbulence,Enroute,2026-04-03 04:05:44.570293+00:00
172,200903,1,1,506150,True,Approach-VFR pattern downwind,506,Fire/smoke (non-impact),150,Fire,Approach,2026-04-03 04:05:44.570293+00:00
173,200941,1,1,300340,True,Takeoff,300,Powerplant sys/comp malf/fail,340,System/Component Failure (Powerplant),Takeoff,2026-04-03 04:05:44.570293+00:00
174,200924,1,1,400342,True,Enroute,400,Loss of engine power (partial),342,System/Component Failure (Powerplant),Enroute,2026-04-03 04:05:44.570293+00:00
175,200898,1,1,404260,True,Enroute-descent,404,Near midair/TCAS alert/loss of separation,260,Midair,Enroute,2026-04-03 04:05:44.570293+00:00
176,200929,1,1,250200,True,Taxi,250,Ground collision,200,Ground Collision,Taxi,2026-04-03 04:05:44.570293+00:00
177,200897,1,1,551092,True,Landing-flare/touchdown,551,Hard landing,092,Abnormal Runway Contact,Landing,2026-04-03 04:05:44.570293+00:00
178,200897,1,2,551090,False,Landing-flare/touchdown,551,Abnormal runway contact,090,Abnormal Runway Contact,Landing,2026-04-03 04:05:44.570293+00:00
179,200803,1,1,350401,True,Initial climb,350,VFR encounter with IMC,401,Weather,Initial Climb,2026-04-03 04:05:44.570293+00:00
180,200803,1,2,350241,False,Initial climb,350,Aerodynamic stall/spin,241,Loss of Control (Inflight),Initial Climb,2026-04-03 04:05:44.570293+00:00
181,200803,1,3,350470,False,Initial climb,350,Collision with terr/obj (non-CFIT),470,Other,Initial Climb,2026-04-03 04:05:44.570293+00:00
182,201721,1,1,990000,True,Unknown,990,Unknown or undetermined,000,Other,Unknown,2026-04-03 04:05:44.570293+00:00
183,200893,1,1,502000,True,Approach-IFR final approach,502,Unknown or undetermined,000,Other,Approach,2026-04-03 04:05:44.570293+00:00
184,200900,1,1,552300,True,Landing-landing roll,552,Runway excursion,300,Runway Excursion,Landing,2026-04-03 04:05:44.570293+00:00
185,200934,1,2,350342,True,Initial climb,350,Loss of engine power (partial),342,System/Component Failure (Powerplant),Initial Climb,2026-04-03 04:05:44.570293+00:00
186,200945,1,1,500282,True,Approach,500,Altitude deviation,282,Navigation Error,Approach,2026-04-03 04:05:44.570293+00:00
187,200921,1,1,551230,True,Landing-flare/touchdown,551,Loss of control on ground,230,Loss of Control (Ground),Landing,2026-04-03 04:05:44.570293+00:00
188,200687,1,5,452220,True,Maneuvering-low-alt flying,452,Low altitude operation/event,220,Low Altitude,Maneuvering,2026-04-03 04:05:44.570293+00:00
189,201009,1,2,508600,False,Approach-VFR pattern final,508,Simulated/training event,600,Other,Approach,2026-04-03 04:05:44.570293+00:00
190,201009,1,4,601060,False,Autorotation,601,Attempted remediation/recovery,060,,Emergency Descent,2026-04-03 04:05:44.570293+00:00
191,201009,1,5,601092,True,Autorotation,601,Hard landing,092,Abnormal Runway Contact,Emergency Descent,2026-04-03 04:05:44.570293+00:00
192,201009,1,6,700460,False,Post-impact,700,Evacuation,460,Other,Post-Impact,2026-04-03 04:05:44.570293+00:00
193,201009,1,7,601240,False,Autorotation,601,Loss of control in flight,240,Loss of Control (Inflight),Emergency Descent,2026-04-03 04:05:44.570293+00:00
194,200880,1,1,550000,True,Landing,550,Unknown or undetermined,000,Other,Landing,2026-04-03 04:05:44.570293+00:00
195,200917,1,2,350191,True,Initial climb,350,Fuel starvation,191,Fuel,Initial Climb,2026-04-03 04:05:44.570293+00:00
196,200917,1,3,350440,False,Initial climb,350,Off-field or emergency landing,440,Other,Initial Climb,2026-04-03 04:05:44.570293+00:00
197,200912,1,1,550380,True,Landing,550,Landing area overshoot,380,Undershoot/Overshoot,Landing,2026-04-03 04:05:44.570293+00:00
198,200912,1,4,552300,False,Landing-landing roll,552,Runway excursion,300,Runway Excursion,Landing,2026-04-03 04:05:44.570293+00:00
199,200875,1,1,990000,True,Unknown,990,Unknown or undetermined,000,Other,Unknown,2026-04-03 04:05:44.570293+00:00
200,200887,1,1,400191,True,Enroute,400,Fuel starvation,191,Fuel,Enroute,2026-04-03 04:05:44.570293+00:00
201,201039,1,1,990320,True,Unknown,990,Runway incursion veh/AC/person,320,Runway Incursion,Unknown,2026-04-03 04:05:44.570293+00:00
202,200864,1,1,506341,True,Approach-VFR pattern downwind,506,Loss of engine power (total),341,System/Component Failure (Powerplant),Approach,2026-04-03 04:05:44.570293+00:00
203,200874,1,1,551090,True,Landing-flare/touchdown,551,Abnormal runway contact,090,Abnormal Runway Contact,Landing,2026-04-03 04:05:44.570293+00:00
204,200885,1,1,400150,True,Enroute,400,Fire/smoke (non-impact),150,Fire,Enroute,2026-04-03 04:05:44.570293+00:00
205,200867,1,1,550490,True,Landing,550,Collision during takeoff/land,490,Collision on Takeoff or Landing,Landing,2026-04-03 04:05:44.570293+00:00
206,200849,1,1,400000,True,Enroute,400,Unknown or undetermined,000,Other,Enroute,2026-04-03 04:05:44.570293+00:00
207,201890,1,1,550370,True,Landing,550,Landing area undershoot,370,Undershoot/Overshoot,Landing,2026-04-03 04:05:44.570293+00:00
208,200865,1,2,552230,True,Landing-landing roll,552,Loss of control on ground,230,Loss of Control (Ground),Landing,2026-04-03 04:05:44.570293+00:00
209,200865,1,3,552300,False,Landing-landing roll,552,Runway excursion,300,Runway Excursion,Landing,2026-04-03 04:05:44.570293+00:00
210,200863,1,1,300342,True,Takeoff,300,Loss of engine power (partial),342,System/Component Failure (Powerplant),Takeoff,2026-04-03 04:05:44.570293+00:00
211,200863,1,2,452440,False,Maneuvering-low-alt flying,452,Off-field or emergency landing,440,Other,Maneuvering,2026-04-03 04:05:44.570293+00:00
212,200863,1,3,600120,False,Emergency descent,600,Controlled flight into terr/obj (CFIT),120,CFIT,Emergency Descent,2026-04-03 04:05:44.570293+00:00
213,200976,1,1,550300,False,Landing,550,Runway excursion,300,Runway Excursion,Landing,2026-04-03 04:05:44.570293+00:00
214,200976,1,2,550330,True,Landing,550,Sys/Comp malf/fail (non-power),330,System/Component Failure (Non-Powerplant),Landing,2026-04-03 04:05:44.570293+00:00
215,200976,1,3,550230,False,Landing,550,Loss of control on ground,230,Loss of Control (Ground),Landing,2026-04-03 04:05:44.570293+00:00
216,200976,1,4,550470,False,Landing,550,Collision with terr/obj (non-CFIT),470,Other,Landing,2026-04-03 04:05:44.570293+00:00
217,200848,1,2,450241,True,Maneuvering,450,Aerodynamic stall/spin,241,Loss of Control (Inflight),Maneuvering,2026-04-03 04:05:44.570293+00:00
218,200848,1,3,450470,False,Maneuvering,450,Collision with terr/obj (non-CFIT),470,Other,Maneuvering,2026-04-03 04:05:44.570293+00:00
219,200853,1,1,400191,True,Enroute,400,Fuel starvation,191,Fuel,Enroute,2026-04-03 04:05:44.570293+00:00
220,200856,1,2,508341,True,Approach-VFR pattern final,508,Loss of engine power (total),341,System/Component Failure (Powerplant),Approach,2026-04-03 04:05:44.570293+00:00
221,200856,1,3,600440,False,Emergency descent,600,Off-field or emergency landing,440,Other,Emergency Descent,2026-04-03 04:05:44.570293+00:00
222,200856,1,4,550470,False,Landing,550,Collision with terr/obj (non-CFIT),470,Other,Landing,2026-04-03 04:05:44.570293+00:00
223,200876,1,1,400440,True,Enroute,400,Off-field or emergency landing,440,Other,Enroute,2026-04-03 04:05:44.570293+00:00
224,200850,1,1,300230,True,Takeoff,300,Loss of control on ground,230,Loss of Control (Ground),Takeoff,2026-04-03 04:05:44.570293+00:00
225,200861,1,1,350342,True,Initial climb,350,Loss of engine power (partial),342,System/Component Failure (Powerplant),Initial Climb,2026-04-03 04:05:44.570293+00:00
226,200841,1,2,453240,True,Maneuvering-hover,453,Loss of control in flight,240,Loss of Control (Inflight),Maneuvering,2026-04-03 04:05:44.570293+00:00
227,200841,1,3,650470,False,Uncontrolled descent,650,Collision with terr/obj (non-CFIT),470,Other,Uncontrolled Descent,2026-04-03 04:05:44.570293+00:00
228,200847,1,1,500000,True,Approach,500,Unknown or undetermined,000,Other,Approach,2026-04-03 04:05:44.570293+00:00
229,200879,1,1,550241,True,Landing,550,Aerodynamic stall/spin,241,Loss of Control (Inflight),Landing,2026-04-03 04:05:44.570293+00:00
230,200879,1,2,551240,False,Landing-flare/touchdown,551,Loss of control in flight,240,Loss of Control (Inflight),Landing,2026-04-03 04:05:44.570293+00:00
231,200879,1,3,650470,False,Uncontrolled descent,650,Collision with terr/obj (non-CFIT),470,Other,Uncontrolled Descent,2026-04-03 04:05:44.570293+00:00
232,200873,1,2,552230,True,Landing-landing roll,552,Loss of control on ground,230,Loss of Control (Ground),Landing,2026-04-03 04:05:44.570293+00:00
233,200873,1,3,552400,False,Landing-landing roll,552,Other weather encounter,400,Weather,Landing,2026-04-03 04:05:44.570293+00:00
234,200873,1,4,552060,False,Landing-landing roll,552,Attempted remediation/recovery,060,,Landing,2026-04-03 04:05:44.570293+00:00
235,200873,1,5,552300,False,Landing-landing roll,552,Runway excursion,300,Runway Excursion,Landing,2026-04-03 04:05:44.570293+00:00
236,200889,1,1,500341,True,Approach,500,Loss of engine power (total),341,System/Component Failure (Powerplant),Approach,2026-04-03 04:05:44.570293+00:00
237,200930,1,1,404360,True,Enroute-descent,404,Turbulence encounter,360,Turbulence,Enroute,2026-04-03 04:05:44.570293+00:00
238,200845,1,1,550230,True,Landing,550,Loss of control on ground,230,Loss of Control (Ground),Landing,2026-04-03 04:05:44.570293+00:00
239,200845,1,2,553060,False,Landing-aborted after touchdown,553,Attempted remediation/recovery,060,,Landing,2026-04-03 04:05:44.570293+00:00
240,200845,1,3,550300,False,Landing,550,Runway excursion,300,Runway Excursion,Landing,2026-04-03 04:05:44.570293+00:00
241,200846,1,1,552230,True,Landing-landing roll,552,Loss of control on ground,230,Loss of Control (Ground),Landing,2026-04-03 04:05:44.570293+00:00
242,200844,1,2,154231,True,Standing-engine(s) shutdown,154,Dynamic rollover,231,Loss of Control (Ground),Standing,2026-04-03 04:05:44.570293+00:00
243,200854,1,2,552400,False,Landing-landing roll,552,Other weather encounter,400,Weather,Landing,2026-04-03 04:05:44.570293+00:00
244,200854,1,3,552230,True,Landing-landing roll,552,Loss of control on ground,230,Loss of Control (Ground),Landing,2026-04-03 04:05:44.570293+00:00
245,200854,1,4,552096,False,Landing-landing roll,552,Nose over/nose down,096,Abnormal Runway Contact,Landing,2026-04-03 04:05:44.570293+00:00
246,200854,1,5,552060,False,Landing-landing roll,552,Attempted remediation/recovery,060,,Landing,2026-04-03 04:05:44.570293+00:00
247,200854,1,6,552300,False,Landing-landing roll,552,Runway excursion,300,Runway Excursion,Landing,2026-04-03 04:05:44.570293+00:00
248,200843,1,1,452470,True,Maneuvering-low-alt flying,452,Collision with terr/obj (non-CFIT),470,Other,Maneuvering,2026-04-03 04:05:44.570293+00:00
249,200843,1,2,452060,False,Maneuvering-low-alt flying,452,Attempted remediation/recovery,060,,Maneuvering,2026-04-03 04:05:44.570293+00:00
250,200882,1,5,500900,True,Approach,500,Miscellaneous/other,900,,Approach,2026-04-03 04:05:44.570293+00:00
251,200894,1,1,550092,True,Landing,550,Hard landing,092,Abnormal Runway Contact,Landing,2026-04-03 04:05:44.570293+00:00
252,200840,1,1,300091,True,Takeoff,300,Tailstrike,091,Abnormal Runway Contact,Takeoff,2026-04-03 04:05:44.570293+00:00
253,202581,1,1,601092,True,Autorotation,601,Hard landing,092,Abnormal Runway Contact,Emergency Descent,2026-04-03 04:05:44.570293+00:00
254,200837,1,2,552330,True,Landing-landing roll,552,Sys/Comp malf/fail (non-power),330,System/Component Failure (Non-Powerplant),Landing,2026-04-03 04:05:44.570293+00:00
255,200852,1,2,550380,True,Landing,550,Landing area overshoot,380,Undershoot/Overshoot,Landing,2026-04-03 04:05:44.570293+00:00
256,200852,1,3,550300,False,Landing,550,Runway excursion,300,Runway Excursion,Landing,2026-04-03 04:05:44.570293+00:00
257,200852,1,4,550470,False,Landing,550,Collision with terr/obj (non-CFIT),470,Other,Landing,2026-04-03 04:05:44.570293+00:00
258,200858,1,3,552380,True,Landing-landing roll,552,Landing area overshoot,380,Undershoot/Overshoot,Landing,2026-04-03 04:05:44.570293+00:00
259,200789,1,1,552230,True,Landing-landing roll,552,Loss of control on ground,230,Loss of Control (Ground),Landing,2026-04-03 04:05:44.570293+00:00
260,200835,1,1,100030,True,Prior to flight,100,Preflight or dispatch event,030,Other,Standing,2026-04-03 04:05:44.570293+00:00
261,200859,1,1,550094,True,Landing,550,Landing gear collapse,094,Abnormal Runway Contact,Landing,2026-04-03 04:05:44.570293+00:00
262,200862,1,2,300490,True,Takeoff,300,Collision during takeoff/land,490,Collision on Takeoff or Landing,Takeoff,2026-04-03 04:05:44.570293+00:00
263,200883,1,1,153900,True,Standing-engine(s) operating,153,Miscellaneous/other,900,,Standing,2026-04-03 04:05:44.570293+00:00
264,200831,1,1,550096,False,Landing,550,Nose over/nose down,096,Abnormal Runway Contact,Landing,2026-04-03 04:05:44.570293+00:00
265,200831,1,2,550230,True,Landing,550,Loss of control on ground,230,Loss of Control (Ground),Landing,2026-04-03 04:05:44.570293+00:00
266,200797,1,1,400190,True,Enroute,400,Fuel related,190,Fuel,Enroute,2026-04-03 04:05:44.570293+00:00
267,200984,1,1,550094,False,Landing,550,Landing gear collapse,094,Abnormal Runway Contact,Landing,2026-04-03 04:05:44.570293+00:00
268,200984,1,2,550095,True,Landing,550,Landing gear not configured,095,Abnormal Runway Contact,Landing,2026-04-03 04:05:44.570293+00:00
269,200984,1,3,550332,False,Landing,550,Electrical system malf/failure,332,System/Component Failure (Non-Powerplant),Landing,2026-04-03 04:05:44.570293+00:00
270,200860,1,2,100020,False,Prior to flight,100,Aircraft servicing event,020,Ground Handling,Standing,2026-04-03 04:05:44.570293+00:00
271,200860,1,3,100193,True,Prior to flight,100,Fuel contamination,193,Fuel,Standing,2026-04-03 04:05:44.570293+00:00
272,200860,1,4,350341,False,Initial climb,350,Loss of engine power (total),341,System/Component Failure (Powerplant),Initial Climb,2026-04-03 04:05:44.570293+00:00
273,200829,1,1,550096,True,Landing,550,Nose over/nose down,096,Abnormal Runway Contact,Landing,2026-04-03 04:05:44.570293+00:00
274,200833,1,1,402341,True,Enroute-cruise,402,Loss of engine power (total),341,System/Component Failure (Powerplant),Enroute,2026-04-03 04:05:44.570293+00:00
275,200901,1,1,500360,True,Approach,500,Turbulence encounter,360,Turbulence,Approach,2026-04-03 04:05:44.570293+00:00
276,200884,1,1,301300,True,Takeoff-rejected takeoff,301,Runway excursion,300,Runway Excursion,Takeoff,2026-04-03 04:05:44.570293+00:00
277,200884,1,2,300900,False,Takeoff,300,Miscellaneous/other,900,,Takeoff,2026-04-03 04:05:44.570293+00:00
278,200822,1,1,552230,True,Landing-landing roll,552,Loss of control on ground,230,Loss of Control (Ground),Landing,2026-04-03 04:05:44.570293+00:00
279,200822,1,2,552400,False,Landing-landing roll,552,Other weather encounter,400,Weather,Landing,2026-04-03 04:05:44.570293+00:00
280,200822,1,3,552300,False,Landing-landing roll,552,Runway excursion,300,Runway Excursion,Landing,2026-04-03 04:05:44.570293+00:00
281,200822,1,4,552060,False,Landing-landing roll,552,Attempted remediation/recovery,060,,Landing,2026-04-03 04:05:44.570293+00:00
282,200822,1,5,552096,False,Landing-landing roll,552,Nose over/nose down,096,Abnormal Runway Contact,Landing,2026-04-03 04:05:44.570293+00:00
283,200819,1,2,550094,True,Landing,550,Landing gear collapse,094,Abnormal Runway Contact,Landing,2026-04-03 04:05:44.570293+00:00
284,200820,1,3,300490,True,Takeoff,300,Collision during takeoff/land,490,Collision on Takeoff or Landing,Takeoff,2026-04-03 04:05:44.570293+00:00
285,200808,1,1,402000,True,Enroute-cruise,402,Unknown or undetermined,000,Other,Enroute,2026-04-03 04:05:44.570293+00:00
286,201731,1,1,551090,True,Landing-flare/touchdown,551,Abnormal runway contact,090,Abnormal Runway Contact,Landing,2026-04-03 04:05:44.570293+00:00
287,201731,1,2,551060,False,Landing-flare/touchdown,551,Attempted remediation/recovery,060,,Landing,2026-04-03 04:05:44.570293+00:00
288,201731,1,3,551470,False,Landing-flare/touchdown,551,Collision with terr/obj (non-CFIT),470,Other,Landing,2026-04-03 04:05:44.570293+00:00
289,200790,1,1,402120,True,Enroute-cruise,402,Controlled flight into terr/obj (CFIT),120,CFIT,Enroute,2026-04-03 04:05:44.570293+00:00
290,200888,1,1,400341,True,Enroute,400,Loss of engine power (total),341,System/Component Failure (Powerplant),Enroute,2026-04-03 04:05:44.570293+00:00
291,200872,1,1,552470,True,Landing-landing roll,552,Collision with terr/obj (non-CFIT),470,Other,Landing,2026-04-03 04:05:44.570293+00:00
292,200828,1,2,551090,True,Landing-flare/touchdown,551,Abnormal runway contact,090,Abnormal Runway Contact,Landing,2026-04-03 04:05:44.570293+00:00
293,200814,1,1,551230,True,Landing-flare/touchdown,551,Loss of control on ground,230,Loss of Control (Ground),Landing,2026-04-03 04:05:44.570293+00:00
294,200814,1,2,552400,False,Landing-landing roll,552,Other weather encounter,400,Weather,Landing,2026-04-03 04:05:44.570293+00:00
295,200814,1,3,552300,False,Landing-landing roll,552,Runway excursion,300,Runway Excursion,Landing,2026-04-03 04:05:44.570293+00:00
296,200866,1,1,551095,True,Landing-flare/touchdown,551,Landing gear not configured,095,Abnormal Runway Contact,Landing,2026-04-03 04:05:44.570293+00:00
297,200777,1,1,552094,True,Landing-landing roll,552,Landing gear collapse,094,Abnormal Runway Contact,Landing,2026-04-03 04:05:44.570293+00:00
298,200891,1,1,400332,False,Enroute,400,Electrical system malf/failure,332,System/Component Failure (Non-Powerplant),Enroute,2026-04-03 04:05:44.570293+00:00
299,200891,1,2,400341,True,Enroute,400,Loss of engine power (total),341,System/Component Failure (Powerplant),Enroute,2026-04-03 04:05:44.570293+00:00
300,200870,1,2,250402,True,Taxi,250,Loss of visual reference,402,Weather,Taxi,2026-04-03 04:05:44.570293+00:00
301,200870,1,3,250470,False,Taxi,250,Collision with terr/obj (non-CFIT),470,Other,Taxi,2026-04-03 04:05:44.570293+00:00
302,201791,1,1,552230,False,Landing-landing roll,552,Loss of control on ground,230,Loss of Control (Ground),Landing,2026-04-03 04:05:44.570293+00:00
303,201791,1,2,552300,False,Landing-landing roll,552,Runway excursion,300,Runway Excursion,Landing,2026-04-03 04:05:44.570293+00:00
304,201791,1,3,552330,True,Landing-landing roll,552,Sys/Comp malf/fail (non-power),330,System/Component Failure (Non-Powerplant),Landing,2026-04-03 04:05:44.570293+00:00
305,201791,1,4,552094,False,Landing-landing roll,552,Landing gear collapse,094,Abnormal Runway Contact,Landing,2026-04-03 04:05:44.570293+00:00
306,201791,1,5,552093,False,Landing-landing roll,552,Dragged wing/rotor/float/other,093,Abnormal Runway Contact,Landing,2026-04-03 04:05:44.570293+00:00
307,200832,1,1,301096,False,Takeoff-rejected takeoff,301,Nose over/nose down,096,Abnormal Runway Contact,Takeoff,2026-04-03 04:05:44.570293+00:00
308,200832,1,2,301230,True,Takeoff-rejected takeoff,301,Loss of control on ground,230,Loss of Control (Ground),Takeoff,2026-04-03 04:05:44.570293+00:00
309,200895,1,1,350490,True,Initial climb,350,Collision during takeoff/land,490,Collision on Takeoff or Landing,Initial Climb,2026-04-03 04:05:44.570293+00:00
310,200825,1,1,551092,True,Landing-flare/touchdown,551,Hard landing,092,Abnormal Runway Contact,Landing,2026-04-03 04:05:44.570293+00:00
311,200825,1,2,551090,False,Landing-flare/touchdown,551,Abnormal runway contact,090,Abnormal Runway Contact,Landing,2026-04-03 04:05:44.570293+00:00
312,201860,1,1,300000,True,Takeoff,300,Unknown or undetermined,000,Other,Takeoff,2026-04-03 04:05:44.570293+00:00
313,200869,1,1,400342,True,Enroute,400,Loss of engine power (partial),342,System/Component Failure (Powerplant),Enroute,2026-04-03 04:05:44.570293+00:00
314,200869,1,2,600440,False,Emergency descent,600,Off-field or emergency landing,440,Other,Emergency Descent,2026-04-03 04:05:44.570293+00:00
315,200802,1,1,300333,True,Takeoff,300,Flight control sys malf/fail,333,System/Component Failure (Non-Powerplant),Takeoff,2026-04-03 04:05:44.570293+00:00
316,200802,1,2,100050,False,Prior to flight,100,Aircraft inspection event,050,Other,Standing,2026-04-03 04:05:44.570293+00:00
317,200802,1,3,650470,False,Uncontrolled descent,650,Collision with terr/obj (non-CFIT),470,Other,Uncontrolled Descent,2026-04-03 04:05:44.570293+00:00
318,201049,1,1,402470,True,Enroute-cruise,402,Collision with terr/obj (non-CFIT),470,Other,Enroute,2026-04-03 04:05:44.570293+00:00
319,200815,1,1,404330,True,Enroute-descent,404,Sys/Comp malf/fail (non-power),330,System/Component Failure (Non-Powerplant),Enroute,2026-04-03 04:05:44.570293+00:00
320,200913,1,1,300320,True,Takeoff,300,Runway incursion veh/AC/person,320,Runway Incursion,Takeoff,2026-04-03 04:05:44.570293+00:00
321,200811,1,1,450341,True,Maneuvering,450,Loss of engine power (total),341,System/Component Failure (Powerplant),Maneuvering,2026-04-03 04:05:44.570293+00:00
322,200801,1,1,300342,True,Takeoff,300,Loss of engine power (partial),342,System/Component Failure (Powerplant),Takeoff,2026-04-03 04:05:44.570293+00:00
323,200816,1,1,601900,True,Autorotation,601,Miscellaneous/other,900,,Emergency Descent,2026-04-03 04:05:44.570293+00:00
324,200793,1,1,300230,True,Takeoff,300,Loss of control on ground,230,Loss of Control (Ground),Takeoff,2026-04-03 04:05:44.570293+00:00
325,200791,1,1,551370,True,Landing-flare/touchdown,551,Landing area undershoot,370,Undershoot/Overshoot,Landing,2026-04-03 04:05:44.570293+00:00
326,200796,1,1,350333,True,Initial climb,350,Flight control sys malf/fail,333,System/Component Failure (Non-Powerplant),Initial Climb,2026-04-03 04:05:44.570293+00:00
327,200810,1,2,450341,True,Maneuvering,450,Loss of engine power (total),341,System/Component Failure (Powerplant),Maneuvering,2026-04-03 04:05:44.570293+00:00
328,200810,1,4,552490,False,Landing-landing roll,552,Collision during takeoff/land,490,Collision on Takeoff or Landing,Landing,2026-04-03 04:05:44.570293+00:00
329,200817,1,1,550320,True,Landing,550,Runway incursion veh/AC/person,320,Runway Incursion,Landing,2026-04-03 04:05:44.570293+00:00
330,200786,1,1,404000,True,Enroute-descent,404,Unknown or undetermined,000,Other,Enroute,2026-04-03 04:05:44.570293+00:00
331,200951,1,1,550094,False,Landing,550,Landing gear collapse,094,Abnormal Runway Contact,Landing,2026-04-03 04:05:44.570293+00:00
332,200951,1,3,550090,True,Landing,550,Abnormal runway contact,090,Abnormal Runway Contact,Landing,2026-04-03 04:05:44.570293+00:00
333,200806,1,1,402331,True,Enroute-cruise,402,Pressure/environ sys malf/fail,331,System/Component Failure (Non-Powerplant),Enroute,2026-04-03 04:05:44.570293+00:00
334,200779,1,1,402341,True,Enroute-cruise,402,Loss of engine power (total),341,System/Component Failure (Powerplant),Enroute,2026-04-03 04:05:44.570293+00:00
335,200813,1,1,509240,True,Approach-VFR go-around,509,Loss of control in flight,240,Loss of Control (Inflight),Approach,2026-04-03 04:05:44.570293+00:00
336,200809,1,1,550095,True,Landing,550,Landing gear not configured,095,Abnormal Runway Contact,Landing,2026-04-03 04:05:44.570293+00:00
337,200827,1,2,552338,True,Landing-landing roll,552,Part(s) separation from AC,338,System/Component Failure (Non-Powerplant),Landing,2026-04-03 04:05:44.570293+00:00
338,200827,1,3,552230,False,Landing-landing roll,552,Loss of control on ground,230,Loss of Control (Ground),Landing,2026-04-03 04:05:44.570293+00:00
339,200827,1,4,552096,False,Landing-landing roll,552,Nose over/nose down,096,Abnormal Runway Contact,Landing,2026-04-03 04:05:44.570293+00:00
340,200795,1,1,401901,True,Enroute-climb to cruise,401,Birdstrike,901,Other,Enroute,2026-04-03 04:05:44.570293+00:00
341,200805,1,1,551090,True,Landing-flare/touchdown,551,Abnormal runway contact,090,Abnormal Runway Contact,Landing,2026-04-03 04:05:44.570293+00:00
342,200959,1,1,500333,True,Approach,500,Flight control sys malf/fail,333,System/Component Failure (Non-Powerplant),Approach,2026-04-03 04:05:44.570293+00:00
343,200785,1,1,400342,True,Enroute,400,Loss of engine power (partial),342,System/Component Failure (Powerplant),Enroute,2026-04-03 04:05:44.570293+00:00
344,200785,1,2,600440,False,Emergency descent,600,Off-field or emergency landing,440,Other,Emergency Descent,2026-04-03 04:05:44.570293+00:00
345,200785,1,3,551093,False,Landing-flare/touchdown,551,Dragged wing/rotor/float/other,093,Abnormal Runway Contact,Landing,2026-04-03 04:05:44.570293+00:00
346,200778,1,1,300081,True,Takeoff,300,AC/prop/rotor contact w person,081,Ground Handling,Takeoff,2026-04-03 04:05:44.570293+00:00
347,200770,1,1,553470,True,Landing-aborted after touchdown,553,Collision with terr/obj (non-CFIT),470,Other,Landing,2026-04-03 04:05:44.570293+00:00
348,200890,1,1,552094,True,Landing-landing roll,552,Landing gear collapse,094,Abnormal Runway Contact,Landing,2026-04-03 04:05:44.570293+00:00
349,200772,1,1,451850,True,Maneuvering-aerobatics,451,Medical event,850,Other,Maneuvering,2026-04-03 04:05:44.570293+00:00
350,200763,1,1,990000,True,Unknown,990,Unknown or undetermined,000,Other,Unknown,2026-04-03 04:05:44.570293+00:00
351,200769,1,2,508241,True,Approach-VFR pattern final,508,Aerodynamic stall/spin,241,Loss of Control (Inflight),Approach,2026-04-03 04:05:44.570293+00:00
352,200775,1,1,402341,True,Enroute-cruise,402,Loss of engine power (total),341,System/Component Failure (Powerplant),Enroute,2026-04-03 04:05:44.570293+00:00
353,200775,1,2,551096,False,Landing-flare/touchdown,551,Nose over/nose down,096,Abnormal Runway Contact,Landing,2026-04-03 04:05:44.570293+00:00
354,200764,1,1,551240,True,Landing-flare/touchdown,551,Loss of control in flight,240,Loss of Control (Inflight),Landing,2026-04-03 04:05:44.570293+00:00
355,200757,1,1,452270,True,Maneuvering-low-alt flying,452,Abrupt maneuver,270,Abrupt Maneuver,Maneuvering,2026-04-03 04:05:44.570293+00:00
356,200824,1,1,500900,True,Approach,500,Miscellaneous/other,900,,Approach,2026-04-03 04:05:44.570293+00:00
357,200748,1,3,550240,True,Landing,550,Loss of control in flight,240,Loss of Control (Inflight),Landing,2026-04-03 04:05:44.570293+00:00
358,200748,1,4,551400,False,Landing-flare/touchdown,551,Other weather encounter,400,Weather,Landing,2026-04-03 04:05:44.570293+00:00
359,200746,1,1,300342,True,Takeoff,300,Loss of engine power (partial),342,System/Component Failure (Powerplant),Takeoff,2026-04-03 04:05:44.570293+00:00
360,200768,1,2,550380,True,Landing,550,Landing area overshoot,380,Undershoot/Overshoot,Landing,2026-04-03 04:05:44.570293+00:00
361,200768,1,5,553490,False,Landing-aborted after touchdown,553,Collision during takeoff/land,490,Collision on Takeoff or Landing,Landing,2026-04-03 04:05:44.570293+00:00
362,200768,1,6,553096,False,Landing-aborted after touchdown,553,Nose over/nose down,096,Abnormal Runway Contact,Landing,2026-04-03 04:05:44.570293+00:00
363,200758,1,2,301096,True,Takeoff-rejected takeoff,301,Nose over/nose down,096,Abnormal Runway Contact,Takeoff,2026-04-03 04:05:44.570293+00:00
364,200794,1,1,500260,True,Approach,500,Near midair/TCAS alert/loss of separation,260,Midair,Approach,2026-04-03 04:05:44.570293+00:00
365,200760,1,1,550230,True,Landing,550,Loss of control on ground,230,Loss of Control (Ground),Landing,2026-04-03 04:05:44.570293+00:00
366,200781,1,1,551095,True,Landing-flare/touchdown,551,Landing gear not configured,095,Abnormal Runway Contact,Landing,2026-04-03 04:05:44.570293+00:00
367,200745,1,1,507120,True,Approach-VFR pattern base,507,Controlled flight into terr/obj (CFIT),120,CFIT,Approach,2026-04-03 04:05:44.570293+00:00
368,200745,1,3,700460,False,Post-impact,700,Evacuation,460,Other,Post-Impact,2026-04-03 04:05:44.570293+00:00
369,200744,1,2,452220,True,Maneuvering-low-alt flying,452,Low altitude operation/event,220,Low Altitude,Maneuvering,2026-04-03 04:05:44.570293+00:00
370,200752,1,2,350341,True,Initial climb,350,Loss of engine power (total),341,System/Component Failure (Powerplant),Initial Climb,2026-04-03 04:05:44.570293+00:00
371,200752,1,3,600341,False,Emergency descent,600,Loss of engine power (total),341,System/Component Failure (Powerplant),Emergency Descent,2026-04-03 04:05:44.570293+00:00
372,200752,1,4,650470,False,Uncontrolled descent,650,Collision with terr/obj (non-CFIT),470,Other,Uncontrolled Descent,2026-04-03 04:05:44.570293+00:00
373,200762,1,1,550470,True,Landing,550,Collision with terr/obj (non-CFIT),470,Other,Landing,2026-04-03 04:05:44.570293+00:00
374,200834,1,1,400341,True,Enroute,400,Loss of engine power (total),341,System/Component Failure (Powerplant),Enroute,2026-04-03 04:05:44.570293+00:00
375,200767,1,1,550094,True,Landing,550,Landing gear collapse,094,Abnormal Runway Contact,Landing,2026-04-03 04:05:44.570293+00:00
376,200756,1,1,550340,True,Landing,550,Powerplant sys/comp malf/fail,340,System/Component Failure (Powerplant),Landing,2026-04-03 04:05:44.570293+00:00
377,200804,1,1,550096,True,Landing,550,Nose over/nose down,096,Abnormal Runway Contact,Landing,2026-04-03 04:05:44.570293+00:00
378,200804,1,2,550300,False,Landing,550,Runway excursion,300,Runway Excursion,Landing,2026-04-03 04:05:44.570293+00:00
379,200804,1,3,550092,False,Landing,550,Hard landing,092,Abnormal Runway Contact,Landing,2026-04-03 04:05:44.570293+00:00
380,200804,1,4,550230,False,Landing,550,Loss of control on ground,230,Loss of Control (Ground),Landing,2026-04-03 04:05:44.570293+00:00
381,200741,1,1,551092,False,Landing-flare/touchdown,551,Hard landing,092,Abnormal Runway Contact,Landing,2026-04-03 04:05:44.570293+00:00
382,200741,1,2,551090,True,Landing-flare/touchdown,551,Abnormal runway contact,090,Abnormal Runway Contact,Landing,2026-04-03 04:05:44.570293+00:00
383,200750,1,1,550092,True,Landing,550,Hard landing,092,Abnormal Runway Contact,Landing,2026-04-03 04:05:44.570293+00:00
384,200832,1,1,301096,False,Takeoff-rejected takeoff,301,Nose over/nose down,096,Abnormal Runway Contact,Takeoff,2026-04-03 04:05:44.570293+00:00
385,200832,1,2,301230,True,Takeoff-rejected takeoff,301,Loss of control on ground,230,Loss of Control (Ground),Takeoff,2026-04-03 04:05:44.570293+00:00
386,200754,1,1,300341,True,Takeoff,300,Loss of engine power (total),341,System/Component Failure (Powerplant),Takeoff,2026-04-03 04:05:44.570293+00:00
387,200749,1,1,253470,True,Taxi-from runway,253,Collision with terr/obj (non-CFIT),470,Other,Taxi,2026-04-03 04:05:44.570293+00:00
388,200755,1,1,300000,True,Takeoff,300,Unknown or undetermined,000,Other,Takeoff,2026-04-03 04:05:44.570293+00:00
389,200732,1,2,453470,False,Maneuvering-hover,453,Collision with terr/obj (non-CFIT),470,Other,Maneuvering,2026-04-03 04:05:44.570293+00:00
390,200732,1,3,453900,True,Maneuvering-hover,453,Miscellaneous/other,900,,Maneuvering,2026-04-03 04:05:44.570293+00:00
391,200732,1,4,650470,False,Uncontrolled descent,650,Collision with terr/obj (non-CFIT),470,Other,Uncontrolled Descent,2026-04-03 04:05:44.570293+00:00
392,200733,1,1,400000,True,Enroute,400,Unknown or undetermined,000,Other,Enroute,2026-04-03 04:05:44.570293+00:00
393,200736,1,1,400341,True,Enroute,400,Loss of engine power (total),341,System/Component Failure (Powerplant),Enroute,2026-04-03 04:05:44.570293+00:00
394,200739,1,1,990150,True,Unknown,990,Fire/smoke (non-impact),150,Fire,Unknown,2026-04-03 04:05:44.570293+00:00
395,200731,1,1,400341,True,Enroute,400,Loss of engine power (total),341,System/Component Failure (Powerplant),Enroute,2026-04-03 04:05:44.570293+00:00
396,200761,1,1,400000,True,Enroute,400,Unknown or undetermined,000,Other,Enroute,2026-04-03 04:05:44.570293+00:00
397,200735,1,1,400332,True,Enroute,400,Electrical system malf/failure,332,System/Component Failure (Non-Powerplant),Enroute,2026-04-03 04:05:44.570293+00:00
398,200735,1,2,402341,False,Enroute-cruise,402,Loss of engine power (total),341,System/Component Failure (Powerplant),Enroute,2026-04-03 04:05:44.570293+00:00
399,200735,1,3,402440,False,Enroute-cruise,402,Off-field or emergency landing,440,Other,Enroute,2026-04-03 04:05:44.570293+00:00
400,200735,1,4,550096,False,Landing,550,Nose over/nose down,096,Abnormal Runway Contact,Landing,2026-04-03 04:05:44.570293+00:00
401,200726,1,1,402341,True,Enroute-cruise,402,Loss of engine power (total),341,System/Component Failure (Powerplant),Enroute,2026-04-03 04:05:44.570293+00:00
402,200737,1,1,507120,True,Approach-VFR pattern base,507,Controlled flight into terr/obj (CFIT),120,CFIT,Approach,2026-04-03 04:05:44.570293+00:00
403,200724,1,1,450000,True,Maneuvering,450,Unknown or undetermined,000,Other,Maneuvering,2026-04-03 04:05:44.570293+00:00
404,200730,1,1,550094,True,Landing,550,Landing gear collapse,094,Abnormal Runway Contact,Landing,2026-04-03 04:05:44.570293+00:00
405,200728,1,1,300230,True,Takeoff,300,Loss of control on ground,230,Loss of Control (Ground),Takeoff,2026-04-03 04:05:44.570293+00:00
406,200721,1,1,550095,True,Landing,550,Landing gear not configured,095,Abnormal Runway Contact,Landing,2026-04-03 04:05:44.570293+00:00
407,200722,1,1,300241,True,Takeoff,300,Aerodynamic stall/spin,241,Loss of Control (Inflight),Takeoff,2026-04-03 04:05:44.570293+00:00
408,200716,1,2,509470,False,Approach-VFR go-around,509,Collision with terr/obj (non-CFIT),470,Other,Approach,2026-04-03 04:05:44.570293+00:00
409,200716,1,3,509240,True,Approach-VFR go-around,509,Loss of control in flight,240,Loss of Control (Inflight),Approach,2026-04-03 04:05:44.570293+00:00
410,200719,1,2,300333,True,Takeoff,300,Flight control sys malf/fail,333,System/Component Failure (Non-Powerplant),Takeoff,2026-04-03 04:05:44.570293+00:00
411,200719,1,4,650470,False,Uncontrolled descent,650,Collision with terr/obj (non-CFIT),470,Other,Uncontrolled Descent,2026-04-03 04:05:44.570293+00:00
412,200719,1,5,700170,False,Post-impact,700,Fire/smoke (post-impact),170,Fire,Post-Impact,2026-04-03 04:05:44.570293+00:00
413,200719,1,7,300240,False,Takeoff,300,Loss of control in flight,240,Loss of Control (Inflight),Takeoff,2026-04-03 04:05:44.570293+00:00
414,200719,1,8,300270,False,Takeoff,300,Abrupt maneuver,270,Abrupt Maneuver,Takeoff,2026-04-03 04:05:44.570293+00:00
415,200710,1,2,450341,True,Maneuvering,450,Loss of engine power (total),341,System/Component Failure (Powerplant),Maneuvering,2026-04-03 04:05:44.570293+00:00
416,200710,1,3,551230,False,Landing-flare/touchdown,551,Loss of control on ground,230,Loss of Control (Ground),Landing,2026-04-03 04:05:44.570293+00:00
417,200712,1,1,452240,True,Maneuvering-low-alt flying,452,Loss of control in flight,240,Loss of Control (Inflight),Maneuvering,2026-04-03 04:05:44.570293+00:00
418,200729,1,1,401901,True,Enroute-climb to cruise,401,Birdstrike,901,Other,Enroute,2026-04-03 04:05:44.570293+00:00
419,200693,1,1,452240,True,Maneuvering-low-alt flying,452,Loss of control in flight,240,Loss of Control (Inflight),Maneuvering,2026-04-03 04:05:44.570293+00:00
420,200696,1,1,301300,False,Takeoff-rejected takeoff,301,Runway excursion,300,Runway Excursion,Takeoff,2026-04-03 04:05:44.570293+00:00
421,200696,1,2,301230,True,Takeoff-rejected takeoff,301,Loss of control on ground,230,Loss of Control (Ground),Takeoff,2026-04-03 04:05:44.570293+00:00
422,200696,1,3,301060,False,Takeoff-rejected takeoff,301,Attempted remediation/recovery,060,,Takeoff,2026-04-03 04:05:44.570293+00:00
423,200704,1,1,400338,True,Enroute,400,Part(s) separation from AC,338,System/Component Failure (Non-Powerplant),Enroute,2026-04-03 04:05:44.570293+00:00
424,200689,1,1,451000,True,Maneuvering-aerobatics,451,Unknown or undetermined,000,Other,Maneuvering,2026-04-03 04:05:44.570293+00:00
425,200715,1,1,400341,True,Enroute,400,Loss of engine power (total),341,System/Component Failure (Powerplant),Enroute,2026-04-03 04:05:44.570293+00:00
426,200694,1,1,452341,True,Maneuvering-low-alt flying,452,Loss of engine power (total),341,System/Component Failure (Powerplant),Maneuvering,2026-04-03 04:05:44.570293+00:00
427,200711,1,1,300200,True,Takeoff,300,Ground collision,200,Ground Collision,Takeoff,2026-04-03 04:05:44.570293+00:00
428,200687,1,5,452220,True,Maneuvering-low-alt flying,452,Low altitude operation/event,220,Low Altitude,Maneuvering,2026-04-03 04:05:44.570293+00:00
429,200743,1,1,402331,True,Enroute-cruise,402,Pressure/environ sys malf/fail,331,System/Component Failure (Non-Powerplant),Enroute,2026-04-03 04:05:44.570293+00:00
430,200684,1,3,452240,True,Maneuvering-low-alt flying,452,Loss of control in flight,240,Loss of Control (Inflight),Maneuvering,2026-04-03 04:05:44.570293+00:00
431,200686,1,1,551470,True,Landing-flare/touchdown,551,Collision with terr/obj (non-CFIT),470,Other,Landing,2026-04-03 04:05:44.570293+00:00
432,200680,1,1,402341,True,Enroute-cruise,402,Loss of engine power (total),341,System/Component Failure (Powerplant),Enroute,2026-04-03 04:05:44.570293+00:00
433,200680,1,2,600440,False,Emergency descent,600,Off-field or emergency landing,440,Other,Emergency Descent,2026-04-03 04:05:44.570293+00:00
434,200680,1,3,550470,False,Landing,550,Collision with terr/obj (non-CFIT),470,Other,Landing,2026-04-03 04:05:44.570293+00:00
435,200698,1,2,552096,True,Landing-landing roll,552,Nose over/nose down,096,Abnormal Runway Contact,Landing,2026-04-03 04:05:44.570293+00:00
436,200698,1,3,100050,False,Prior to flight,100,Aircraft inspection event,050,Other,Standing,2026-04-03 04:05:44.570293+00:00
437,200751,1,1,452240,True,Maneuvering-low-alt flying,452,Loss of control in flight,240,Loss of Control (Inflight),Maneuvering,2026-04-03 04:05:44.570293+00:00
438,200685,1,1,552300,False,Landing-landing roll,552,Runway excursion,300,Runway Excursion,Landing,2026-04-03 04:05:44.570293+00:00
439,200685,1,2,550090,True,Landing,550,Abnormal runway contact,090,Abnormal Runway Contact,Landing,2026-04-03 04:05:44.570293+00:00
440,200683,1,1,400120,True,Enroute,400,Controlled flight into terr/obj (CFIT),120,CFIT,Enroute,2026-04-03 04:05:44.570293+00:00
441,200774,1,1,350342,True,Initial climb,350,Loss of engine power (partial),342,System/Component Failure (Powerplant),Initial Climb,2026-04-03 04:05:44.570293+00:00
442,200951,1,1,550094,False,Landing,550,Landing gear collapse,094,Abnormal Runway Contact,Landing,2026-04-03 04:05:44.570293+00:00
443,200951,1,3,550090,True,Landing,550,Abnormal runway contact,090,Abnormal Runway Contact,Landing,2026-04-03 04:05:44.570293+00:00
444,200691,1,1,350341,True,Initial climb,350,Loss of engine power (total),341,System/Component Failure (Powerplant),Initial Climb,2026-04-03 04:05:44.570293+00:00
445,200918,1,1,550490,True,Landing,550,Collision during takeoff/land,490,Collision on Takeoff or Landing,Landing,2026-04-03 04:05:44.570293+00:00
446,200918,1,2,700460,False,Post-impact,700,Evacuation,460,Other,Post-Impact,2026-04-03 04:05:44.570293+00:00
447,200918,1,4,550284,False,Landing,550,Wrong surface or wrong airport,284,Navigation Error,Landing,2026-04-03 04:05:44.570293+00:00
448,200918,1,5,550280,False,Landing,550,Navigation error,280,Navigation Error,Landing,2026-04-03 04:05:44.570293+00:00
449,200914,1,1,551310,False,Landing-flare/touchdown,551,Wildlife encounter (non-bird),310,Other,Landing,2026-04-03 04:05:44.570293+00:00
450,200914,1,2,553310,True,Landing-aborted after touchdown,553,Wildlife encounter (non-bird),310,Other,Landing,2026-04-03 04:05:44.570293+00:00
451,200907,1,1,400120,True,Enroute,400,Controlled flight into terr/obj (CFIT),120,CFIT,Enroute,2026-04-03 04:05:44.570293+00:00
452,200928,1,1,452192,True,Maneuvering-low-alt flying,452,Fuel exhaustion,192,Fuel,Maneuvering,2026-04-03 04:05:44.570293+00:00
453,200928,1,3,601470,False,Autorotation,601,Collision with terr/obj (non-CFIT),470,Other,Emergency Descent,2026-04-03 04:05:44.570293+00:00
454,200961,1,1,400120,True,Enroute,400,Controlled flight into terr/obj (CFIT),120,CFIT,Enroute,2026-04-03 04:05:44.570293+00:00
455,200923,1,1,450240,True,Maneuvering,450,Loss of control in flight,240,Loss of Control (Inflight),Maneuvering,2026-04-03 04:05:44.570293+00:00
456,200908,1,2,300300,True,Takeoff,300,Runway excursion,300,Runway Excursion,Takeoff,2026-04-03 04:05:44.570293+00:00
457,200908,1,3,300470,False,Takeoff,300,Collision with terr/obj (non-CFIT),470,Other,Takeoff,2026-04-03 04:05:44.570293+00:00
458,200906,1,1,508250,True,Approach-VFR pattern final,508,Midair collision,250,Midair,Approach,2026-04-03 04:05:44.570293+00:00
459,200906,2,1,508250,True,Approach-VFR pattern final,508,Midair collision,250,Midair,Approach,2026-04-03 04:05:44.570293+00:00
460,200905,1,2,150460,True,Standing,150,Evacuation,460,Other,Standing,2026-04-03 04:05:44.570293+00:00
461,200905,1,3,350150,False,Initial climb,350,Fire/smoke (non-impact),150,Fire,Initial Climb,2026-04-03 04:05:44.570293+00:00
462,200922,1,2,551090,False,Landing-flare/touchdown,551,Abnormal runway contact,090,Abnormal Runway Contact,Landing,2026-04-03 04:05:44.570293+00:00
463,200922,1,3,553490,True,Landing-aborted after touchdown,553,Collision during takeoff/land,490,Collision on Takeoff or Landing,Landing,2026-04-03 04:05:44.570293+00:00
464,200940,1,1,251200,True,Taxi-to runway,251,Ground collision,200,Ground Collision,Taxi,2026-04-03 04:05:44.570293+00:00
465,200940,2,1,251200,True,Taxi-to runway,251,Ground collision,200,Ground Collision,Taxi,2026-04-03 04:05:44.570293+00:00
466,201755,1,1,550092,True,Landing,550,Hard landing,092,Abnormal Runway Contact,Landing,2026-04-03 04:05:44.570293+00:00
467,200916,1,1,552300,True,Landing-landing roll,552,Runway excursion,300,Runway Excursion,Landing,2026-04-03 04:05:44.570293+00:00
468,200916,1,2,552380,False,Landing-landing roll,552,Landing area overshoot,380,Undershoot/Overshoot,Landing,2026-04-03 04:05:44.570293+00:00
469,201052,1,1,252320,True,Taxi-into takeoff position,252,Runway incursion veh/AC/person,320,Runway Incursion,Taxi,2026-04-03 04:05:44.570293+00:00
470,200960,1,1,550244,True,Landing,550,Settling with power/vortex ring state,244,Loss of Control (Inflight),Landing,2026-04-03 04:05:44.570293+00:00
471,200904,1,2,100193,False,Prior to flight,100,Fuel contamination,193,Fuel,Standing,2026-04-03 04:05:44.570293+00:00
472,200904,1,3,350341,True,Initial climb,350,Loss of engine power (total),341,System/Component Failure (Powerplant),Initial Climb,2026-04-03 04:05:44.570293+00:00
473,200904,1,4,350470,False,Initial climb,350,Collision with terr/obj (non-CFIT),470,Other,Initial Climb,2026-04-03 04:05:44.570293+00:00
474,200899,1,1,400360,True,Enroute,400,Turbulence encounter,360,Turbulence,Enroute,2026-04-03 04:05:44.570293+00:00
475,200903,1,1,506150,True,Approach-VFR pattern downwind,506,Fire/smoke (non-impact),150,Fire,Approach,2026-04-03 04:05:44.570293+00:00
476,200941,1,1,300340,True,Takeoff,300,Powerplant sys/comp malf/fail,340,System/Component Failure (Powerplant),Takeoff,2026-04-03 04:05:44.570293+00:00
477,200924,1,1,400342,True,Enroute,400,Loss of engine power (partial),342,System/Component Failure (Powerplant),Enroute,2026-04-03 04:05:44.570293+00:00
478,200934,1,2,350342,True,Initial climb,350,Loss of engine power (partial),342,System/Component Failure (Powerplant),Initial Climb,2026-04-03 04:05:44.570293+00:00
479,200898,1,1,404260,True,Enroute-descent,404,Near midair/TCAS alert/loss of separation,260,Midair,Enroute,2026-04-03 04:05:44.570293+00:00
480,200929,1,1,250200,True,Taxi,250,Ground collision,200,Ground Collision,Taxi,2026-04-03 04:05:44.570293+00:00
481,200897,1,1,551092,True,Landing-flare/touchdown,551,Hard landing,092,Abnormal Runway Contact,Landing,2026-04-03 04:05:44.570293+00:00
482,200897,1,2,551090,False,Landing-flare/touchdown,551,Abnormal runway contact,090,Abnormal Runway Contact,Landing,2026-04-03 04:05:44.570293+00:00
483,201721,1,1,990000,True,Unknown,990,Unknown or undetermined,000,Other,Unknown,2026-04-03 04:05:44.570293+00:00
484,200893,1,1,502000,True,Approach-IFR final approach,502,Unknown or undetermined,000,Other,Approach,2026-04-03 04:05:44.570293+00:00
485,200900,1,1,552300,True,Landing-landing roll,552,Runway excursion,300,Runway Excursion,Landing,2026-04-03 04:05:44.570293+00:00
486,200945,1,1,500282,True,Approach,500,Altitude deviation,282,Navigation Error,Approach,2026-04-03 04:05:44.570293+00:00
487,200921,1,1,551230,True,Landing-flare/touchdown,551,Loss of control on ground,230,Loss of Control (Ground),Landing,2026-04-03 04:05:44.570293+00:00
488,201009,1,2,508600,False,Approach-VFR pattern final,508,Simulated/training event,600,Other,Approach,2026-04-03 04:05:44.570293+00:00
489,201009,1,4,601060,False,Autorotation,601,Attempted remediation/recovery,060,,Emergency Descent,2026-04-03 04:05:44.570293+00:00
490,201009,1,5,601092,True,Autorotation,601,Hard landing,092,Abnormal Runway Contact,Emergency Descent,2026-04-03 04:05:44.570293+00:00
491,201009,1,6,700460,False,Post-impact,700,Evacuation,460,Other,Post-Impact,2026-04-03 04:05:44.570293+00:00
492,201009,1,7,601240,False,Autorotation,601,Loss of control in flight,240,Loss of Control (Inflight),Emergency Descent,2026-04-03 04:05:44.570293+00:00
493,200880,1,1,550000,True,Landing,550,Unknown or undetermined,000,Other,Landing,2026-04-03 04:05:44.570293+00:00
494,200917,1,2,350191,True,Initial climb,350,Fuel starvation,191,Fuel,Initial Climb,2026-04-03 04:05:44.570293+00:00
495,200917,1,3,350440,False,Initial climb,350,Off-field or emergency landing,440,Other,Initial Climb,2026-04-03 04:05:44.570293+00:00
496,200912,1,1,550380,True,Landing,550,Landing area overshoot,380,Undershoot/Overshoot,Landing,2026-04-03 04:05:44.570293+00:00
497,200912,1,4,552300,False,Landing-landing roll,552,Runway excursion,300,Runway Excursion,Landing,2026-04-03 04:05:44.570293+00:00
498,200875,1,1,990000,True,Unknown,990,Unknown or undetermined,000,Other,Unknown,2026-04-03 04:05:44.570293+00:00
499,200887,1,1,400191,True,Enroute,400,Fuel starvation,191,Fuel,Enroute,2026-04-03 04:05:44.570293+00:00
500,202342,1,2,552300,False,Landing-landing roll,552,Runway excursion,300,Runway Excursion,Landing,2026-04-03 04:05:44.570293+00:00
501,202342,1,3,552094,True,Landing-landing roll,552,Landing gear collapse,094,Abnormal Runway Contact,Landing,2026-04-03 04:05:44.570293+00:00
502,201039,1,1,990320,True,Unknown,990,Runway incursion veh/AC/person,320,Runway Incursion,Unknown,2026-04-03 04:05:44.570293+00:00
503,200864,1,1,506341,True,Approach-VFR pattern downwind,506,Loss of engine power (total),341,System/Component Failure (Powerplant),Approach,2026-04-03 04:05:44.570293+00:00
504,200874,1,1,551090,True,Landing-flare/touchdown,551,Abnormal runway contact,090,Abnormal Runway Contact,Landing,2026-04-03 04:05:44.570293+00:00
505,200885,1,1,400150,True,Enroute,400,Fire/smoke (non-impact),150,Fire,Enroute,2026-04-03 04:05:44.570293+00:00
506,200867,1,1,550490,True,Landing,550,Collision during takeoff/land,490,Collision on Takeoff or Landing,Landing,2026-04-03 04:05:44.570293+00:00
507,201890,1,1,550370,True,Landing,550,Landing area undershoot,370,Undershoot/Overshoot,Landing,2026-04-03 04:05:44.570293+00:00
508,200865,1,2,552230,True,Landing-landing roll,552,Loss of control on ground,230,Loss of Control (Ground),Landing,2026-04-03 04:05:44.570293+00:00
509,200865,1,3,552300,False,Landing-landing roll,552,Runway excursion,300,Runway Excursion,Landing,2026-04-03 04:05:44.570293+00:00
510,200863,1,1,300342,True,Takeoff,300,Loss of engine power (partial),342,System/Component Failure (Powerplant),Takeoff,2026-04-03 04:05:44.570293+00:00
511,200863,1,2,452440,False,Maneuvering-low-alt flying,452,Off-field or emergency landing,440,Other,Maneuvering,2026-04-03 04:05:44.570293+00:00
512,200863,1,3,600120,False,Emergency descent,600,Controlled flight into terr/obj (CFIT),120,CFIT,Emergency Descent,2026-04-03 04:05:44.570293+00:00
513,200976,1,1,550300,False,Landing,550,Runway excursion,300,Runway Excursion,Landing,2026-04-03 04:05:44.570293+00:00
514,200976,1,2,550330,True,Landing,550,Sys/Comp malf/fail (non-power),330,System/Component Failure (Non-Powerplant),Landing,2026-04-03 04:05:44.570293+00:00
515,200976,1,3,550230,False,Landing,550,Loss of control on ground,230,Loss of Control (Ground),Landing,2026-04-03 04:05:44.570293+00:00
516,200976,1,4,550470,False,Landing,550,Collision with terr/obj (non-CFIT),470,Other,Landing,2026-04-03 04:05:44.570293+00:00
517,200848,1,2,450241,True,Maneuvering,450,Aerodynamic stall/spin,241,Loss of Control (Inflight),Maneuvering,2026-04-03 04:05:44.570293+00:00
518,200848,1,3,450470,False,Maneuvering,450,Collision with terr/obj (non-CFIT),470,Other,Maneuvering,2026-04-03 04:05:44.570293+00:00
519,200853,1,1,400191,True,Enroute,400,Fuel starvation,191,Fuel,Enroute,2026-04-03 04:05:44.570293+00:00
520,200849,1,1,400000,True,Enroute,400,Unknown or undetermined,000,Other,Enroute,2026-04-03 04:05:44.570293+00:00
521,200856,1,2,508341,True,Approach-VFR pattern final,508,Loss of engine power (total),341,System/Component Failure (Powerplant),Approach,2026-04-03 04:05:44.570293+00:00
522,200856,1,3,600440,False,Emergency descent,600,Off-field or emergency landing,440,Other,Emergency Descent,2026-04-03 04:05:44.570293+00:00
523,200856,1,4,550470,False,Landing,550,Collision with terr/obj (non-CFIT),470,Other,Landing,2026-04-03 04:05:44.570293+00:00
524,200876,1,1,400440,True,Enroute,400,Off-field or emergency landing,440,Other,Enroute,2026-04-03 04:05:44.570293+00:00
525,200882,1,5,500900,True,Approach,500,Miscellaneous/other,900,,Approach,2026-04-03 04:05:44.570293+00:00
526,200850,1,1,300230,True,Takeoff,300,Loss of control on ground,230,Loss of Control (Ground),Takeoff,2026-04-03 04:05:44.570293+00:00
527,200861,1,1,350342,True,Initial climb,350,Loss of engine power (partial),342,System/Component Failure (Powerplant),Initial Climb,2026-04-03 04:05:44.570293+00:00
528,200847,1,1,500000,True,Approach,500,Unknown or undetermined,000,Other,Approach,2026-04-03 04:05:44.570293+00:00
529,200879,1,1,550241,True,Landing,550,Aerodynamic stall/spin,241,Loss of Control (Inflight),Landing,2026-04-03 04:05:44.570293+00:00
530,200879,1,2,551240,False,Landing-flare/touchdown,551,Loss of control in flight,240,Loss of Control (Inflight),Landing,2026-04-03 04:05:44.570293+00:00
531,200879,1,3,650470,False,Uncontrolled descent,650,Collision with terr/obj (non-CFIT),470,Other,Uncontrolled Descent,2026-04-03 04:05:44.570293+00:00
532,200873,1,2,552230,True,Landing-landing roll,552,Loss of control on ground,230,Loss of Control (Ground),Landing,2026-04-03 04:05:44.570293+00:00
533,200873,1,3,552400,False,Landing-landing roll,552,Other weather encounter,400,Weather,Landing,2026-04-03 04:05:44.570293+00:00
534,200873,1,4,552060,False,Landing-landing roll,552,Attempted remediation/recovery,060,,Landing,2026-04-03 04:05:44.570293+00:00
535,200873,1,5,552300,False,Landing-landing roll,552,Runway excursion,300,Runway Excursion,Landing,2026-04-03 04:05:44.570293+00:00
536,200889,1,1,500341,True,Approach,500,Loss of engine power (total),341,System/Component Failure (Powerplant),Approach,2026-04-03 04:05:44.570293+00:00
537,200930,1,1,404360,True,Enroute-descent,404,Turbulence encounter,360,Turbulence,Enroute,2026-04-03 04:05:44.570293+00:00
538,200846,1,1,552230,True,Landing-landing roll,552,Loss of control on ground,230,Loss of Control (Ground),Landing,2026-04-03 04:05:44.570293+00:00
539,200844,1,2,154231,True,Standing-engine(s) shutdown,154,Dynamic rollover,231,Loss of Control (Ground),Standing,2026-04-03 04:05:44.570293+00:00
540,200854,1,2,552400,False,Landing-landing roll,552,Other weather encounter,400,Weather,Landing,2026-04-03 04:05:44.570293+00:00
541,200854,1,3,552230,True,Landing-landing roll,552,Loss of control on ground,230,Loss of Control (Ground),Landing,2026-04-03 04:05:44.570293+00:00
542,200854,1,4,552096,False,Landing-landing roll,552,Nose over/nose down,096,Abnormal Runway Contact,Landing,2026-04-03 04:05:44.570293+00:00
543,200854,1,5,552060,False,Landing-landing roll,552,Attempted remediation/recovery,060,,Landing,2026-04-03 04:05:44.570293+00:00
544,200854,1,6,552300,False,Landing-landing roll,552,Runway excursion,300,Runway Excursion,Landing,2026-04-03 04:05:44.570293+00:00
545,200843,1,1,452470,True,Maneuvering-low-alt flying,452,Collision with terr/obj (non-CFIT),470,Other,Maneuvering,2026-04-03 04:05:44.570293+00:00
546,200843,1,2,452060,False,Maneuvering-low-alt flying,452,Attempted remediation/recovery,060,,Maneuvering,2026-04-03 04:05:44.570293+00:00
547,200894,1,1,550092,True,Landing,550,Hard landing,092,Abnormal Runway Contact,Landing,2026-04-03 04:05:44.570293+00:00
548,200841,1,2,453240,True,Maneuvering-hover,453,Loss of control in flight,240,Loss of Control (Inflight),Maneuvering,2026-04-03 04:05:44.570293+00:00
549,200841,1,3,650470,False,Uncontrolled descent,650,Collision with terr/obj (non-CFIT),470,Other,Uncontrolled Descent,2026-04-03 04:05:44.570293+00:00
550,200845,1,1,550230,True,Landing,550,Loss of control on ground,230,Loss of Control (Ground),Landing,2026-04-03 04:05:44.570293+00:00
551,200845,1,2,553060,False,Landing-aborted after touchdown,553,Attempted remediation/recovery,060,,Landing,2026-04-03 04:05:44.570293+00:00
552,200845,1,3,550300,False,Landing,550,Runway excursion,300,Runway Excursion,Landing,2026-04-03 04:05:44.570293+00:00
553,200839,1,2,553230,False,Landing-aborted after touchdown,553,Loss of control on ground,230,Loss of Control (Ground),Landing,2026-04-03 04:05:44.570293+00:00
554,200839,1,3,551230,True,Landing-flare/touchdown,551,Loss of control on ground,230,Loss of Control (Ground),Landing,2026-04-03 04:05:44.570293+00:00
555,200840,1,1,300091,True,Takeoff,300,Tailstrike,091,Abnormal Runway Contact,Takeoff,2026-04-03 04:05:44.570293+00:00
556,202581,1,1,601092,True,Autorotation,601,Hard landing,092,Abnormal Runway Contact,Emergency Descent,2026-04-03 04:05:44.570293+00:00
557,200837,1,2,552330,True,Landing-landing roll,552,Sys/Comp malf/fail (non-power),330,System/Component Failure (Non-Powerplant),Landing,2026-04-03 04:05:44.570293+00:00
558,200852,1,2,550380,True,Landing,550,Landing area overshoot,380,Undershoot/Overshoot,Landing,2026-04-03 04:05:44.570293+00:00
559,200852,1,3,550300,False,Landing,550,Runway excursion,300,Runway Excursion,Landing,2026-04-03 04:05:44.570293+00:00
560,200852,1,4,550470,False,Landing,550,Collision with terr/obj (non-CFIT),470,Other,Landing,2026-04-03 04:05:44.570293+00:00
561,200858,1,3,552380,True,Landing-landing roll,552,Landing area overshoot,380,Undershoot/Overshoot,Landing,2026-04-03 04:05:44.570293+00:00
562,200835,1,1,100030,True,Prior to flight,100,Preflight or dispatch event,030,Other,Standing,2026-04-03 04:05:44.570293+00:00
563,200859,1,1,550094,True,Landing,550,Landing gear collapse,094,Abnormal Runway Contact,Landing,2026-04-03 04:05:44.570293+00:00
564,200862,1,2,300490,True,Takeoff,300,Collision during takeoff/land,490,Collision on Takeoff or Landing,Takeoff,2026-04-03 04:05:44.570293+00:00
565,200883,1,1,153900,True,Standing-engine(s) operating,153,Miscellaneous/other,900,,Standing,2026-04-03 04:05:44.570293+00:00
566,200831,1,1,550096,False,Landing,550,Nose over/nose down,096,Abnormal Runway Contact,Landing,2026-04-03 04:05:44.570293+00:00
567,200831,1,2,550230,True,Landing,550,Loss of control on ground,230,Loss of Control (Ground),Landing,2026-04-03 04:05:44.570293+00:00
568,200984,1,1,550094,False,Landing,550,Landing gear collapse,094,Abnormal Runway Contact,Landing,2026-04-03 04:05:44.570293+00:00
569,200984,1,2,550095,True,Landing,550,Landing gear not configured,095,Abnormal Runway Contact,Landing,2026-04-03 04:05:44.570293+00:00
570,200984,1,3,550332,False,Landing,550,Electrical system malf/failure,332,System/Component Failure (Non-Powerplant),Landing,2026-04-03 04:05:44.570293+00:00
571,200860,1,2,100020,False,Prior to flight,100,Aircraft servicing event,020,Ground Handling,Standing,2026-04-03 04:05:44.570293+00:00
572,200860,1,3,100193,True,Prior to flight,100,Fuel contamination,193,Fuel,Standing,2026-04-03 04:05:44.570293+00:00
573,200860,1,4,350341,False,Initial climb,350,Loss of engine power (total),341,System/Component Failure (Powerplant),Initial Climb,2026-04-03 04:05:44.570293+00:00
574,200819,1,2,550094,True,Landing,550,Landing gear collapse,094,Abnormal Runway Contact,Landing,2026-04-03 04:05:44.570293+00:00
575,200829,1,1,550096,True,Landing,550,Nose over/nose down,096,Abnormal Runway Contact,Landing,2026-04-03 04:05:44.570293+00:00
576,200833,1,1,402341,True,Enroute-cruise,402,Loss of engine power (total),341,System/Component Failure (Powerplant),Enroute,2026-04-03 04:05:44.570293+00:00
577,200901,1,1,500360,True,Approach,500,Turbulence encounter,360,Turbulence,Approach,2026-04-03 04:05:44.570293+00:00
578,200826,1,1,400341,True,Enroute,400,Loss of engine power (total),341,System/Component Failure (Powerplant),Enroute,2026-04-03 04:05:44.570293+00:00
579,200884,1,1,301300,True,Takeoff-rejected takeoff,301,Runway excursion,300,Runway Excursion,Takeoff,2026-04-03 04:05:44.570293+00:00
580,200884,1,2,300900,False,Takeoff,300,Miscellaneous/other,900,,Takeoff,2026-04-03 04:05:44.570293+00:00
581,200822,1,1,552230,True,Landing-landing roll,552,Loss of control on ground,230,Loss of Control (Ground),Landing,2026-04-03 04:05:44.570293+00:00
582,200822,1,2,552400,False,Landing-landing roll,552,Other weather encounter,400,Weather,Landing,2026-04-03 04:05:44.570293+00:00
583,200822,1,3,552300,False,Landing-landing roll,552,Runway excursion,300,Runway Excursion,Landing,2026-04-03 04:05:44.570293+00:00
584,200822,1,4,552060,False,Landing-landing roll,552,Attempted remediation/recovery,060,,Landing,2026-04-03 04:05:44.570293+00:00
585,200822,1,5,552096,False,Landing-landing roll,552,Nose over/nose down,096,Abnormal Runway Contact,Landing,2026-04-03 04:05:44.570293+00:00
586,200808,1,1,402000,True,Enroute-cruise,402,Unknown or undetermined,000,Other,Enroute,2026-04-03 04:05:44.570293+00:00
587,201731,1,1,551090,True,Landing-flare/touchdown,551,Abnormal runway contact,090,Abnormal Runway Contact,Landing,2026-04-03 04:05:44.570293+00:00
588,201731,1,2,551060,False,Landing-flare/touchdown,551,Attempted remediation/recovery,060,,Landing,2026-04-03 04:05:44.570293+00:00
589,201731,1,3,551470,False,Landing-flare/touchdown,551,Collision with terr/obj (non-CFIT),470,Other,Landing,2026-04-03 04:05:44.570293+00:00
590,200888,1,1,400341,True,Enroute,400,Loss of engine power (total),341,System/Component Failure (Powerplant),Enroute,2026-04-03 04:05:44.570293+00:00
591,200872,1,1,552470,True,Landing-landing roll,552,Collision with terr/obj (non-CFIT),470,Other,Landing,2026-04-03 04:05:44.570293+00:00
592,200828,1,2,551090,True,Landing-flare/touchdown,551,Abnormal runway contact,090,Abnormal Runway Contact,Landing,2026-04-03 04:05:44.570293+00:00
593,200814,1,1,551230,True,Landing-flare/touchdown,551,Loss of control on ground,230,Loss of Control (Ground),Landing,2026-04-03 04:05:44.570293+00:00
594,200814,1,2,552400,False,Landing-landing roll,552,Other weather encounter,400,Weather,Landing,2026-04-03 04:05:44.570293+00:00
595,200814,1,3,552300,False,Landing-landing roll,552,Runway excursion,300,Runway Excursion,Landing,2026-04-03 04:05:44.570293+00:00
596,200866,1,1,551095,True,Landing-flare/touchdown,551,Landing gear not configured,095,Abnormal Runway Contact,Landing,2026-04-03 04:05:44.570293+00:00
597,200891,1,1,400332,False,Enroute,400,Electrical system malf/failure,332,System/Component Failure (Non-Powerplant),Enroute,2026-04-03 04:05:44.570293+00:00
598,200891,1,2,400341,True,Enroute,400,Loss of engine power (total),341,System/Component Failure (Powerplant),Enroute,2026-04-03 04:05:44.570293+00:00
599,200870,1,2,250402,True,Taxi,250,Loss of visual reference,402,Weather,Taxi,2026-04-03 04:05:44.570293+00:00
600,200870,1,3,250470,False,Taxi,250,Collision with terr/obj (non-CFIT),470,Other,Taxi,2026-04-03 04:05:44.570293+00:00
601,201791,1,1,552230,False,Landing-landing roll,552,Loss of control on ground,230,Loss of Control (Ground),Landing,2026-04-03 04:05:44.570293+00:00
602,201791,1,2,552300,False,Landing-landing roll,552,Runway excursion,300,Runway Excursion,Landing,2026-04-03 04:05:44.570293+00:00
603,201791,1,3,552330,True,Landing-landing roll,552,Sys/Comp malf/fail (non-power),330,System/Component Failure (Non-Powerplant),Landing,2026-04-03 04:05:44.570293+00:00
604,201791,1,4,552094,False,Landing-landing roll,552,Landing gear collapse,094,Abnormal Runway Contact,Landing,2026-04-03 04:05:44.570293+00:00
605,201791,1,5,552093,False,Landing-landing roll,552,Dragged wing/rotor/float/other,093,Abnormal Runway Contact,Landing,2026-04-03 04:05:44.570293+00:00
606,200895,1,1,350490,True,Initial climb,350,Collision during takeoff/land,490,Collision on Takeoff or Landing,Initial Climb,2026-04-03 04:05:44.570293+00:00
607,200803,1,1,350401,True,Initial climb,350,VFR encounter with IMC,401,Weather,Initial Climb,2026-04-03 04:05:44.570293+00:00
608,200803,1,2,350241,False,Initial climb,350,Aerodynamic stall/spin,241,Loss of Control (Inflight),Initial Climb,2026-04-03 04:05:44.570293+00:00
609,200803,1,3,350470,False,Initial climb,350,Collision with terr/obj (non-CFIT),470,Other,Initial Climb,2026-04-03 04:05:44.570293+00:00
610,200825,1,1,551092,True,Landing-flare/touchdown,551,Hard landing,092,Abnormal Runway Contact,Landing,2026-04-03 04:05:44.570293+00:00
611,200825,1,2,551090,False,Landing-flare/touchdown,551,Abnormal runway contact,090,Abnormal Runway Contact,Landing,2026-04-03 04:05:44.570293+00:00
612,201860,1,1,300000,True,Takeoff,300,Unknown or undetermined,000,Other,Takeoff,2026-04-03 04:05:44.570293+00:00
613,200869,1,1,400342,True,Enroute,400,Loss of engine power (partial),342,System/Component Failure (Powerplant),Enroute,2026-04-03 04:05:44.570293+00:00
614,200869,1,2,600440,False,Emergency descent,600,Off-field or emergency landing,440,Other,Emergency Descent,2026-04-03 04:05:44.570293+00:00
615,200802,1,1,300333,True,Takeoff,300,Flight control sys malf/fail,333,System/Component Failure (Non-Powerplant),Takeoff,2026-04-03 04:05:44.570293+00:00
616,200802,1,2,100050,False,Prior to flight,100,Aircraft inspection event,050,Other,Standing,2026-04-03 04:05:44.570293+00:00
617,200802,1,3,650470,False,Uncontrolled descent,650,Collision with terr/obj (non-CFIT),470,Other,Uncontrolled Descent,2026-04-03 04:05:44.570293+00:00
618,201049,1,1,402470,True,Enroute-cruise,402,Collision with terr/obj (non-CFIT),470,Other,Enroute,2026-04-03 04:05:44.570293+00:00
619,200815,1,1,404330,True,Enroute-descent,404,Sys/Comp malf/fail (non-power),330,System/Component Failure (Non-Powerplant),Enroute,2026-04-03 04:05:44.570293+00:00
620,200913,1,1,300320,True,Takeoff,300,Runway incursion veh/AC/person,320,Runway Incursion,Takeoff,2026-04-03 04:05:44.570293+00:00
621,200811,1,1,450341,True,Maneuvering,450,Loss of engine power (total),341,System/Component Failure (Powerplant),Maneuvering,2026-04-03 04:05:44.570293+00:00
622,200801,1,1,300342,True,Takeoff,300,Loss of engine power (partial),342,System/Component Failure (Powerplant),Takeoff,2026-04-03 04:05:44.570293+00:00
623,200816,1,1,601900,True,Autorotation,601,Miscellaneous/other,900,,Emergency Descent,2026-04-03 04:05:44.570293+00:00
624,200793,1,1,300230,True,Takeoff,300,Loss of control on ground,230,Loss of Control (Ground),Takeoff,2026-04-03 04:05:44.570293+00:00
625,200791,1,1,551370,True,Landing-flare/touchdown,551,Landing area undershoot,370,Undershoot/Overshoot,Landing,2026-04-03 04:05:44.570293+00:00
626,200796,1,1,350333,True,Initial climb,350,Flight control sys malf/fail,333,System/Component Failure (Non-Powerplant),Initial Climb,2026-04-03 04:05:44.570293+00:00
627,200810,1,2,450341,True,Maneuvering,450,Loss of engine power (total),341,System/Component Failure (Powerplant),Maneuvering,2026-04-03 04:05:44.570293+00:00
628,200810,1,4,552490,False,Landing-landing roll,552,Collision during takeoff/land,490,Collision on Takeoff or Landing,Landing,2026-04-03 04:05:44.570293+00:00
629,200817,1,1,550320,True,Landing,550,Runway incursion veh/AC/person,320,Runway Incursion,Landing,2026-04-03 04:05:44.570293+00:00
630,200786,1,1,404000,True,Enroute-descent,404,Unknown or undetermined,000,Other,Enroute,2026-04-03 04:05:44.570293+00:00
631,200789,1,1,552230,True,Landing-landing roll,552,Loss of control on ground,230,Loss of Control (Ground),Landing,2026-04-03 04:05:44.570293+00:00
632,200797,1,1,400190,True,Enroute,400,Fuel related,190,Fuel,Enroute,2026-04-03 04:05:44.570293+00:00
633,200790,1,1,402120,True,Enroute-cruise,402,Controlled flight into terr/obj (CFIT),120,CFIT,Enroute,2026-04-03 04:05:44.570293+00:00
634,200806,1,1,402331,True,Enroute-cruise,402,Pressure/environ sys malf/fail,331,System/Component Failure (Non-Powerplant),Enroute,2026-04-03 04:05:44.570293+00:00
635,200779,1,1,402341,True,Enroute-cruise,402,Loss of engine power (total),341,System/Component Failure (Powerplant),Enroute,2026-04-03 04:05:44.570293+00:00
636,200813,1,1,509240,True,Approach-VFR go-around,509,Loss of control in flight,240,Loss of Control (Inflight),Approach,2026-04-03 04:05:44.570293+00:00
637,200809,1,1,550095,True,Landing,550,Landing gear not configured,095,Abnormal Runway Contact,Landing,2026-04-03 04:05:44.570293+00:00
638,200827,1,2,552338,True,Landing-landing roll,552,Part(s) separation from AC,338,System/Component Failure (Non-Powerplant),Landing,2026-04-03 04:05:44.570293+00:00
639,200827,1,3,552230,False,Landing-landing roll,552,Loss of control on ground,230,Loss of Control (Ground),Landing,2026-04-03 04:05:44.570293+00:00
640,200827,1,4,552096,False,Landing-landing roll,552,Nose over/nose down,096,Abnormal Runway Contact,Landing,2026-04-03 04:05:44.570293+00:00
641,200795,1,1,401901,True,Enroute-climb to cruise,401,Birdstrike,901,Other,Enroute,2026-04-03 04:05:44.570293+00:00
642,200805,1,1,551090,True,Landing-flare/touchdown,551,Abnormal runway contact,090,Abnormal Runway Contact,Landing,2026-04-03 04:05:44.570293+00:00
643,200959,1,1,500333,True,Approach,500,Flight control sys malf/fail,333,System/Component Failure (Non-Powerplant),Approach,2026-04-03 04:05:44.570293+00:00
644,200785,1,1,400342,True,Enroute,400,Loss of engine power (partial),342,System/Component Failure (Powerplant),Enroute,2026-04-03 04:05:44.570293+00:00
645,200785,1,2,600440,False,Emergency descent,600,Off-field or emergency landing,440,Other,Emergency Descent,2026-04-03 04:05:44.570293+00:00
646,200785,1,3,551093,False,Landing-flare/touchdown,551,Dragged wing/rotor/float/other,093,Abnormal Runway Contact,Landing,2026-04-03 04:05:44.570293+00:00
647,200778,1,1,300081,True,Takeoff,300,AC/prop/rotor contact w person,081,Ground Handling,Takeoff,2026-04-03 04:05:44.570293+00:00
648,200770,1,1,553470,True,Landing-aborted after touchdown,553,Collision with terr/obj (non-CFIT),470,Other,Landing,2026-04-03 04:05:44.570293+00:00
649,200890,1,1,552094,True,Landing-landing roll,552,Landing gear collapse,094,Abnormal Runway Contact,Landing,2026-04-03 04:05:44.570293+00:00
650,200777,1,1,552094,True,Landing-landing roll,552,Landing gear collapse,094,Abnormal Runway Contact,Landing,2026-04-03 04:05:44.570293+00:00
651,200726,1,1,402341,True,Enroute-cruise,402,Loss of engine power (total),341,System/Component Failure (Powerplant),Enroute,2026-04-03 04:05:44.570293+00:00
652,200772,1,1,451850,True,Maneuvering-aerobatics,451,Medical event,850,Other,Maneuvering,2026-04-03 04:05:44.570293+00:00
653,200763,1,1,990000,True,Unknown,990,Unknown or undetermined,000,Other,Unknown,2026-04-03 04:05:44.570293+00:00
654,200769,1,2,508241,True,Approach-VFR pattern final,508,Aerodynamic stall/spin,241,Loss of Control (Inflight),Approach,2026-04-03 04:05:44.570293+00:00
655,200775,1,1,402341,True,Enroute-cruise,402,Loss of engine power (total),341,System/Component Failure (Powerplant),Enroute,2026-04-03 04:05:44.570293+00:00
656,200775,1,2,551096,False,Landing-flare/touchdown,551,Nose over/nose down,096,Abnormal Runway Contact,Landing,2026-04-03 04:05:44.570293+00:00
657,200764,1,1,551240,True,Landing-flare/touchdown,551,Loss of control in flight,240,Loss of Control (Inflight),Landing,2026-04-03 04:05:44.570293+00:00
658,200757,1,1,452270,True,Maneuvering-low-alt flying,452,Abrupt maneuver,270,Abrupt Maneuver,Maneuvering,2026-04-03 04:05:44.570293+00:00
659,200824,1,1,500900,True,Approach,500,Miscellaneous/other,900,,Approach,2026-04-03 04:05:44.570293+00:00
660,200748,1,3,550240,True,Landing,550,Loss of control in flight,240,Loss of Control (Inflight),Landing,2026-04-03 04:05:44.570293+00:00
661,200748,1,4,551400,False,Landing-flare/touchdown,551,Other weather encounter,400,Weather,Landing,2026-04-03 04:05:44.570293+00:00
662,200746,1,1,300342,True,Takeoff,300,Loss of engine power (partial),342,System/Component Failure (Powerplant),Takeoff,2026-04-03 04:05:44.570293+00:00
663,200768,1,2,550380,True,Landing,550,Landing area overshoot,380,Undershoot/Overshoot,Landing,2026-04-03 04:05:44.570293+00:00
664,200768,1,5,553490,False,Landing-aborted after touchdown,553,Collision during takeoff/land,490,Collision on Takeoff or Landing,Landing,2026-04-03 04:05:44.570293+00:00
665,200768,1,6,553096,False,Landing-aborted after touchdown,553,Nose over/nose down,096,Abnormal Runway Contact,Landing,2026-04-03 04:05:44.570293+00:00
666,200758,1,2,301096,True,Takeoff-rejected takeoff,301,Nose over/nose down,096,Abnormal Runway Contact,Takeoff,2026-04-03 04:05:44.570293+00:00
667,200794,1,1,500260,True,Approach,500,Near midair/TCAS alert/loss of separation,260,Midair,Approach,2026-04-03 04:05:44.570293+00:00
668,200760,1,1,550230,True,Landing,550,Loss of control on ground,230,Loss of Control (Ground),Landing,2026-04-03 04:05:44.570293+00:00
669,200781,1,1,551095,True,Landing-flare/touchdown,551,Landing gear not configured,095,Abnormal Runway Contact,Landing,2026-04-03 04:05:44.570293+00:00
670,200745,1,1,507120,True,Approach-VFR pattern base,507,Controlled flight into terr/obj (CFIT),120,CFIT,Approach,2026-04-03 04:05:44.570293+00:00
671,200745,1,3,700460,False,Post-impact,700,Evacuation,460,Other,Post-Impact,2026-04-03 04:05:44.570293+00:00
672,200744,1,2,452220,True,Maneuvering-low-alt flying,452,Low altitude operation/event,220,Low Altitude,Maneuvering,2026-04-03 04:05:44.570293+00:00
673,200752,1,2,350341,True,Initial climb,350,Loss of engine power (total),341,System/Component Failure (Powerplant),Initial Climb,2026-04-03 04:05:44.570293+00:00
674,200752,1,3,600341,False,Emergency descent,600,Loss of engine power (total),341,System/Component Failure (Powerplant),Emergency Descent,2026-04-03 04:05:44.570293+00:00
675,200752,1,4,650470,False,Uncontrolled descent,650,Collision with terr/obj (non-CFIT),470,Other,Uncontrolled Descent,2026-04-03 04:05:44.570293+00:00
676,200762,1,1,550470,True,Landing,550,Collision with terr/obj (non-CFIT),470,Other,Landing,2026-04-03 04:05:44.570293+00:00
677,200834,1,1,400341,True,Enroute,400,Loss of engine power (total),341,System/Component Failure (Powerplant),Enroute,2026-04-03 04:05:44.570293+00:00
678,200767,1,1,550094,True,Landing,550,Landing gear collapse,094,Abnormal Runway Contact,Landing,2026-04-03 04:05:44.570293+00:00
679,200756,1,1,550340,True,Landing,550,Powerplant sys/comp malf/fail,340,System/Component Failure (Powerplant),Landing,2026-04-03 04:05:44.570293+00:00
680,200804,1,1,550096,True,Landing,550,Nose over/nose down,096,Abnormal Runway Contact,Landing,2026-04-03 04:05:44.570293+00:00
681,200804,1,2,550300,False,Landing,550,Runway excursion,300,Runway Excursion,Landing,2026-04-03 04:05:44.570293+00:00
682,200804,1,3,550092,False,Landing,550,Hard landing,092,Abnormal Runway Contact,Landing,2026-04-03 04:05:44.570293+00:00
683,200804,1,4,550230,False,Landing,550,Loss of control on ground,230,Loss of Control (Ground),Landing,2026-04-03 04:05:44.570293+00:00
684,200741,1,1,551092,False,Landing-flare/touchdown,551,Hard landing,092,Abnormal Runway Contact,Landing,2026-04-03 04:05:44.570293+00:00
685,200741,1,2,551090,True,Landing-flare/touchdown,551,Abnormal runway contact,090,Abnormal Runway Contact,Landing,2026-04-03 04:05:44.570293+00:00
686,200750,1,1,550092,True,Landing,550,Hard landing,092,Abnormal Runway Contact,Landing,2026-04-03 04:05:44.570293+00:00
687,200696,1,1,301300,False,Takeoff-rejected takeoff,301,Runway excursion,300,Runway Excursion,Takeoff,2026-04-03 04:05:44.570293+00:00
688,200696,1,2,301230,True,Takeoff-rejected takeoff,301,Loss of control on ground,230,Loss of Control (Ground),Takeoff,2026-04-03 04:05:44.570293+00:00
689,200696,1,3,301060,False,Takeoff-rejected takeoff,301,Attempted remediation/recovery,060,,Takeoff,2026-04-03 04:05:44.570293+00:00
690,200754,1,1,300341,True,Takeoff,300,Loss of engine power (total),341,System/Component Failure (Powerplant),Takeoff,2026-04-03 04:05:44.570293+00:00
691,200749,1,1,253470,True,Taxi-from runway,253,Collision with terr/obj (non-CFIT),470,Other,Taxi,2026-04-03 04:05:44.570293+00:00
692,200755,1,1,300000,True,Takeoff,300,Unknown or undetermined,000,Other,Takeoff,2026-04-03 04:05:44.570293+00:00
693,200732,1,2,453470,False,Maneuvering-hover,453,Collision with terr/obj (non-CFIT),470,Other,Maneuvering,2026-04-03 04:05:44.570293+00:00
694,200732,1,3,453900,True,Maneuvering-hover,453,Miscellaneous/other,900,,Maneuvering,2026-04-03 04:05:44.570293+00:00
695,200732,1,4,650470,False,Uncontrolled descent,650,Collision with terr/obj (non-CFIT),470,Other,Uncontrolled Descent,2026-04-03 04:05:44.570293+00:00
696,200733,1,1,400000,True,Enroute,400,Unknown or undetermined,000,Other,Enroute,2026-04-03 04:05:44.570293+00:00
697,200736,1,1,400341,True,Enroute,400,Loss of engine power (total),341,System/Component Failure (Powerplant),Enroute,2026-04-03 04:05:44.570293+00:00
698,200739,1,1,990150,True,Unknown,990,Fire/smoke (non-impact),150,Fire,Unknown,2026-04-03 04:05:44.570293+00:00
699,200731,1,1,400341,True,Enroute,400,Loss of engine power (total),341,System/Component Failure (Powerplant),Enroute,2026-04-03 04:05:44.570293+00:00
700,200761,1,1,400000,True,Enroute,400,Unknown or undetermined,000,Other,Enroute,2026-04-03 04:05:44.570293+00:00
701,200735,1,1,400332,True,Enroute,400,Electrical system malf/failure,332,System/Component Failure (Non-Powerplant),Enroute,2026-04-03 04:05:44.570293+00:00
702,200735,1,2,402341,False,Enroute-cruise,402,Loss of engine power (total),341,System/Component Failure (Powerplant),Enroute,2026-04-03 04:05:44.570293+00:00
703,200735,1,3,402440,False,Enroute-cruise,402,Off-field or emergency landing,440,Other,Enroute,2026-04-03 04:05:44.570293+00:00
704,200735,1,4,550096,False,Landing,550,Nose over/nose down,096,Abnormal Runway Contact,Landing,2026-04-03 04:05:44.570293+00:00
705,200737,1,1,507120,True,Approach-VFR pattern base,507,Controlled flight into terr/obj (CFIT),120,CFIT,Approach,2026-04-03 04:05:44.570293+00:00
706,200724,1,1,450000,True,Maneuvering,450,Unknown or undetermined,000,Other,Maneuvering,2026-04-03 04:05:44.570293+00:00
707,200730,1,1,550094,True,Landing,550,Landing gear collapse,094,Abnormal Runway Contact,Landing,2026-04-03 04:05:44.570293+00:00
708,200728,1,1,300230,True,Takeoff,300,Loss of control on ground,230,Loss of Control (Ground),Takeoff,2026-04-03 04:05:44.570293+00:00
709,200721,1,1,550095,True,Landing,550,Landing gear not configured,095,Abnormal Runway Contact,Landing,2026-04-03 04:05:44.570293+00:00
710,200722,1,1,300241,True,Takeoff,300,Aerodynamic stall/spin,241,Loss of Control (Inflight),Takeoff,2026-04-03 04:05:44.570293+00:00
711,200716,1,2,509470,False,Approach-VFR go-around,509,Collision with terr/obj (non-CFIT),470,Other,Approach,2026-04-03 04:05:44.570293+00:00
712,200716,1,3,509240,True,Approach-VFR go-around,509,Loss of control in flight,240,Loss of Control (Inflight),Approach,2026-04-03 04:05:44.570293+00:00
713,200719,1,2,300333,True,Takeoff,300,Flight control sys malf/fail,333,System/Component Failure (Non-Powerplant),Takeoff,2026-04-03 04:05:44.570293+00:00
714,200719,1,4,650470,False,Uncontrolled descent,650,Collision with terr/obj (non-CFIT),470,Other,Uncontrolled Descent,2026-04-03 04:05:44.570293+00:00
715,200719,1,5,700170,False,Post-impact,700,Fire/smoke (post-impact),170,Fire,Post-Impact,2026-04-03 04:05:44.570293+00:00
716,200719,1,7,300240,False,Takeoff,300,Loss of control in flight,240,Loss of Control (Inflight),Takeoff,2026-04-03 04:05:44.570293+00:00
717,200719,1,8,300270,False,Takeoff,300,Abrupt maneuver,270,Abrupt Maneuver,Takeoff,2026-04-03 04:05:44.570293+00:00
718,200710,1,2,450341,True,Maneuvering,450,Loss of engine power (total),341,System/Component Failure (Powerplant),Maneuvering,2026-04-03 04:05:44.570293+00:00
719,200710,1,3,551230,False,Landing-flare/touchdown,551,Loss of control on ground,230,Loss of Control (Ground),Landing,2026-04-03 04:05:44.570293+00:00
720,200712,1,1,452240,True,Maneuvering-low-alt flying,452,Loss of control in flight,240,Loss of Control (Inflight),Maneuvering,2026-04-03 04:05:44.570293+00:00
721,200729,1,1,401901,True,Enroute-climb to cruise,401,Birdstrike,901,Other,Enroute,2026-04-03 04:05:44.570293+00:00
722,200693,1,1,452240,True,Maneuvering-low-alt flying,452,Loss of control in flight,240,Loss of Control (Inflight),Maneuvering,2026-04-03 04:05:44.570293+00:00
723,200704,1,1,400338,True,Enroute,400,Part(s) separation from AC,338,System/Component Failure (Non-Powerplant),Enroute,2026-04-03 04:05:44.570293+00:00
724,200689,1,1,451000,True,Maneuvering-aerobatics,451,Unknown or undetermined,000,Other,Maneuvering,2026-04-03 04:05:44.570293+00:00
725,200715,1,1,400341,True,Enroute,400,Loss of engine power (total),341,System/Component Failure (Powerplant),Enroute,2026-04-03 04:05:44.570293+00:00
726,200694,1,1,452341,True,Maneuvering-low-alt flying,452,Loss of engine power (total),341,System/Component Failure (Powerplant),Maneuvering,2026-04-03 04:05:44.570293+00:00
727,200711,1,1,300200,True,Takeoff,300,Ground collision,200,Ground Collision,Takeoff,2026-04-03 04:05:44.570293+00:00
728,200743,1,1,402331,True,Enroute-cruise,402,Pressure/environ sys malf/fail,331,System/Component Failure (Non-Powerplant),Enroute,2026-04-03 04:05:44.570293+00:00
729,200684,1,3,452240,True,Maneuvering-low-alt flying,452,Loss of control in flight,240,Loss of Control (Inflight),Maneuvering,2026-04-03 04:05:44.570293+00:00
730,200686,1,1,551470,True,Landing-flare/touchdown,551,Collision with terr/obj (non-CFIT),470,Other,Landing,2026-04-03 04:05:44.570293+00:00
731,200698,1,2,552096,True,Landing-landing roll,552,Nose over/nose down,096,Abnormal Runway Contact,Landing,2026-04-03 04:05:44.570293+00:00
732,200698,1,3,100050,False,Prior to flight,100,Aircraft inspection event,050,Other,Standing,2026-04-03 04:05:44.570293+00:00
733,200751,1,1,452240,True,Maneuvering-low-alt flying,452,Loss of control in flight,240,Loss of Control (Inflight),Maneuvering,2026-04-03 04:05:44.570293+00:00
734,200685,1,1,552300,False,Landing-landing roll,552,Runway excursion,300,Runway Excursion,Landing,2026-04-03 04:05:44.570293+00:00
735,200685,1,2,550090,True,Landing,550,Abnormal runway contact,090,Abnormal Runway Contact,Landing,2026-04-03 04:05:44.570293+00:00
736,200683,1,1,400120,True,Enroute,400,Controlled flight into terr/obj (CFIT),120,CFIT,Enroute,2026-04-03 04:05:44.570293+00:00
737,200774,1,1,350342,True,Initial climb,350,Loss of engine power (partial),342,System/Component Failure (Powerplant),Initial Climb,2026-04-03 04:05:44.570293+00:00
738,200680,1,1,402341,True,Enroute-cruise,402,Loss of engine power (total),341,System/Component Failure (Powerplant),Enroute,2026-04-03 04:05:44.570293+00:00
739,200680,1,2,600440,False,Emergency descent,600,Off-field or emergency landing,440,Other,Emergency Descent,2026-04-03 04:05:44.570293+00:00
740,200680,1,3,550470,False,Landing,550,Collision with terr/obj (non-CFIT),470,Other,Landing,2026-04-03 04:05:44.570293+00:00
741,200691,1,1,350341,True,Initial climb,350,Loss of engine power (total),341,System/Component Failure (Powerplant),Initial Climb,2026-04-03 04:05:44.570293+00:00
