"NtsbNo","EventType","Mkey","EventDate","City","State","Country","ReportNo","N#","SerialNumber","HasSafetyRec","Mode","ReportType","OriginalPublishedDate","DocketOriginalPublishedDate","HighestInjuryLevel","FatalInjuryCount","SeriousInjuryCount","MinorInjuryCount","OnboardInjuryCount","OnGroundInjuryCount","ProbableCause","Findings","EventID","Latitude","Longitude ","Make","Model","AirCraftCategory","AirportID","AirportName","AmateurBuilt","NumberOfEngines","EngineType","Scheduled","PurposeOfFlight","FAR","AirCraftDamage","WeatherCondition","Operator","ReportStatus","RepGenFlag","MostRecentReportType","DocketUrl","ReportUrl"
"CEN25LA229","ACC","200436","2025-06-30T21:54:00Z","Guthrie","Oklahoma","United States",,"N981CS","A122184","false","Aviation","",,,"Fatal","1","0","0","1","0",,,,"35.793472000000001","-97.485307000000006","RANS","S-14","AIR","PVT","PVT","false","1",,,"PERS","091","Substantial","VMC",,"In work",,"Prelim","","https://data.ntsb.gov/carol-repgen/api/Aviation/ReportMain/GenerateNewestReport/200436/pdf"
"CEN25LA233","ACC","200467","2025-06-30T20:32:00Z","Slaughter","Louisiana","United States",,"N5000S","11-10-54-0124","false","Aviation","",,,"None","0","0","0","0","0",,,,"30.727101000000001","-91.148550999999998","ICP SRL","SAVANNAH S","AIR","LS77","Magnolia Airpark","false","1",,,"PERS","091","Substantial","VMC",,"In work",,"Prelim","","https://data.ntsb.gov/carol-repgen/api/Aviation/ReportMain/GenerateNewestReport/200467/pdf"
"ANC25LA060","ACC","200440","2025-06-30T17:30:00Z","Chinitna Bay","Alaska","United States",,"N3609Z","22-7497","false","Aviation","",,,"None","0","0","0","0",,,,,"59.879455999999998","-153.05283","PIPER","PA-22-150","AIR",,,"false","1",,,"PERS","091","Substantial","VMC",,"In work",,"Prelim","","https://data.ntsb.gov/carol-repgen/api/Aviation/ReportMain/GenerateNewestReport/200440/pdf"
"WPR25LA199","ACC","200470","2025-06-30T13:43:00Z","Tukwila","Washington","United States",,"N23UP","0270","false","Aviation","DirectorBrief","2025-11-06T05:00:00Z","2025-11-06T18:00:00Z","None","0","0","0","0",,"The pilot’s failure to maintain yaw control during a takeoff to a hover in a gusting crosswind, which resulted in a loss of directional control and a subsequent hard landing.","Personnel issues - Task performance - Use of equip/info - Aircraft control - Pilot, Aircraft - Aircraft oper/perf/capability - Performance/control parameters - Directional control - Not attained/maintained, Environmental issues - Conditions/weather/phenomena - Wind - Tailwind - Effect on operation",,"47.526623000000001","-122.30152","ROBINSON HELICOPTER CO","R66","HELI","BFI","Boeing Field/King County International Airport","false","1","TS",,"PERS","091","Substantial","VMC","SEATTLE AIR TAXI LLC","Completed",,"Final","https://data.ntsb.gov/Docket?ProjectID=200470","https://data.ntsb.gov/carol-repgen/api/Aviation/ReportMain/GenerateNewestReport/200470/pdf"
"WPR25LA200","ACC","200471","2025-06-30T13:00:00Z","Harrison","Montana","United States",,"N5901V","301","false","Aviation","",,,"None","0","0","0","0",,,,,"45.701309999999999","-111.70299","FAUST","3","AIR",,,"false","1",,,"PERS","091","Substantial","VMC",,"In work",,"Prelim","","https://data.ntsb.gov/carol-repgen/api/Aviation/ReportMain/GenerateNewestReport/200471/pdf"
"WPR25LA201","ACC","200474","2025-06-30T12:11:00Z","Alpine","Wyoming","United States",,"N124GH","LIV-115","false","Aviation","DirectorBrief","2026-01-15T05:00:00Z","2026-01-15T18:00:00Z","Minor","0","0","1","1",,"The pilot’s loss of visual reference during the landing approach which resulted in a collision with water.","Personnel issues - Psychological - Perception/orientation/illusion - Visual illusion/disorientation - Pilot, Personnel issues - Psychological - Attention/monitoring - Monitoring environment - Pilot, Aircraft - Aircraft oper/perf/capability - Performance/control parameters - Altitude - Not attained/maintained, Environmental issues - Physical environment - Runway/land/takeoff/taxi surface - (general) - Response/compensation",,"43.196041999999998","-111.05355","LANCAIR","IV","AIR","46U","ALPINE","true","1","REC",,"PERS","091","Substantial","VMC",,"Completed",,"Final","https://data.ntsb.gov/Docket?ProjectID=200474","https://data.ntsb.gov/carol-repgen/api/Aviation/ReportMain/GenerateNewestReport/200474/pdf"
"CEN25LA228","ACC","200432","2025-06-30T11:00:00Z","Ben Bolt","Texas","United States",,"N5287S","27-0244","false","Aviation","DirectorBrief","2025-10-09T04:00:00Z","2025-10-09T17:00:00Z","Minor","0","0","1","1",,"The pilot’s failure to maintain directional control while landing with a crosswind.","Aircraft - Aircraft oper/perf/capability - Performance/control parameters - Directional control - Not attained/maintained, Personnel issues - Task performance - Use of equip/info - Aircraft control - Pilot, Environmental issues - Conditions/weather/phenomena - Wind - Crosswind - Effect on operation",,"27.548848","-98.029027999999997","MOONEY","M20M","AIR","IKG","KLEBERG COUNTY","false","1","REC",,"PERS","091","Substantial","VMC",,"Completed",,"Final","https://data.ntsb.gov/Docket?ProjectID=200432","https://data.ntsb.gov/carol-repgen/api/Aviation/ReportMain/GenerateNewestReport/200432/pdf"
"GAA25WA226","ACC","200701","2025-06-30T07:00:00Z","Cienaga","Other Foreign","Colombia",,"HK4198",,"false","Aviation","","2026-01-08T05:00:00Z",,"Minor","0","0","1","1","0",,,,"10.958610999999999","-74.180555999999996","AIR TRACTOR","AT301","AIR",,,"false",,,,,"NUSN","Substantial",,"FUMIGARAY S.A.S.","N/A",,"Final","","None"
"WPR25LA194","ACC","200427","2025-06-29T22:00:00Z","Helena","Montana","United States",,"N50476","1137-79","false","Aviation","",,,"None","0","0","0","0",,,,,"46.605780000000003","-111.97994","BELLANCA","7GCBC","AIR","HLN","Helena Regional Airport","false","1",,,"PERS","091","Substantial",,"SLEEPING GIANT FLYING CLUB","In work",,"Prelim","","https://data.ntsb.gov/carol-repgen/api/Aviation/ReportMain/GenerateNewestReport/200427/pdf"
"ANC25LA064","ACC","200463","2025-06-29T21:05:00Z","Palmer","Alaska","United States",,"N531AT","14025","false","Aviation","DirectorBrief","2025-09-05T04:00:00Z","2025-09-05T18:00:00Z","None","0","0","0","0",,"The pilot’s diverted attention during takeoff in flat light conditions, which resulted in a loss of visual reference with terrain.","Personnel issues - Psychological - Attention/monitoring - Monitoring environment - Pilot, Personnel issues - Task performance - Workload management - (general) - Pilot, Environmental issues - Physical environment - Terrain - High elevation - Effect on operation, Environmental issues - Conditions/weather/phenomena - Light condition - Flat light - Effect on personnel, Personnel issues - Psychological - Perception/orientation/illusion - Situational awareness - Pilot, Personnel issues - Action/decision - Info processing/decision - Decision making/judgment - Pilot, Personnel issues - Experience/knowledge - Training - Training with equipment - Pilot, Personnel issues - Psychological - Personality/attitude - Confidence/reliance on equip - Pilot",,"61.441667000000002","-148.75899999999999","ROBINSON HELICOPTER COMPANY","R44 II","HELI",,,"false","1","REC","NSCH","BUS","135","Substantial","VMC","Elevate Aviation LLC","Completed",,"Final","https://data.ntsb.gov/Docket?ProjectID=200463","https://data.ntsb.gov/carol-repgen/api/Aviation/ReportMain/GenerateNewestReport/200463/pdf"
"ENG25WA049","INC","200661","2025-06-29T14:33:00Z","Sokoto","Other Foreign","Nigeria",,"5N-BZY","628","false","Aviation","","2025-08-28T04:00:00Z",,,,,,,,,"Aircraft - Aircraft power plant - Engine (turbine/turboprop) - Turbine section - Failure",,"12.918177","5.2093540000000003","EMBRAER","EMB145","AIR",,,"false",,"TF","SCHD",,"NUSC","None",,"Africa World Airlines","N/A",,"Final","","None"
"WPR25LA193","ACC","200426","2025-06-29T14:20:00Z","Nephi","Utah","United States",,"N3608U","18255008","false","Aviation","DirectorBrief","2025-10-02T04:00:00Z","2025-10-02T17:00:00Z","None","0","0","0","0",,"A failure of the nose wheel steering shaft and subsequent rotation of the nosewheel which resulted in the collapse of the nose landing gear during landing.","Aircraft - Aircraft systems - Landing gear system - Landing gear steering system - Failure",,"39.736772000000002","-111.86897","CESSNA","182F","AIR","U14","NEPHI MUNI","false","1","REC",,"GLDT","091","Substantial","VMC",,"Completed",,"Final","https://data.ntsb.gov/Docket?ProjectID=200426","https://data.ntsb.gov/carol-repgen/api/Aviation/ReportMain/GenerateNewestReport/200426/pdf"
"ERA25LA250","ACC","200414","2025-06-29T12:07:00Z","Mount Dora","Florida","United States",,"N9420Y","TC-582","false","Aviation","",,,"Serious","0","1","1","2",,,,,"28.844474000000002","-81.628620999999995","BEECH","95-B55 (T42A)","AIR","X55","MID-FLORIDA","false","2",,,"PERS","091","Substantial","VMC",,"In work",,"Prelim","","https://data.ntsb.gov/carol-repgen/api/Aviation/ReportMain/GenerateNewestReport/200414/pdf"
"ERA25FA248","ACC","200409","2025-06-29T11:49:00Z","Zeeland","Michigan","United States",,"N360RF","996-320-836","false","Aviation","",,,"Fatal","1","0","0","1","0",,,,"42.817542000000003","-85.926875999999993","ROBERT FIDLER","LANCAIR 320/360","AIR","Z98","OTTAWA EXEC","true","1",,,"PERS","091","Destroyed","VMC",,"In work",,"Prelim","","https://data.ntsb.gov/carol-repgen/api/Aviation/ReportMain/GenerateNewestReport/200409/pdf"
"WPR25LA301","ACC","201765","2025-06-29T11:33:00Z","West Yellowstone","Montana","United States",,"N9366P","24-4866","false","Aviation","",,,"None","0","0","0","0",,,,,"44.688989999999997","-111.11716","PIPER","PA-24-260","AIR","WYS","YELLOWSTONE","false","1",,,"PERS","091","Substantial","VMC","MJC LIMITED LLC","In work",,"Prelim","","https://data.ntsb.gov/carol-repgen/api/Aviation/ReportMain/GenerateNewestReport/201765/pdf"
"ERA25LA252","ACC","200445","2025-06-29T10:15:00Z","Pelzer","South Carolina","United States",,"N150TP","15060535","false","Aviation","DirectorBrief","2025-11-14T05:00:00Z","2025-11-14T18:00:00Z","Minor","0","0","1","1",,"The pilot’s failure to maintain proper airspeed while landing on a short, down-sloping turf runway, which resulted in a noseover.","Personnel issues - Task performance - Use of equip/info - Aircraft control - Pilot, Aircraft - Aircraft oper/perf/capability - Performance/control parameters - Airspeed - Not attained/maintained",,"34.604000999999997","-82.414979000000002","CESSNA","150","AIR","SC82","Oakhill Airpark","false","1","REC",,"PERS","091","Substantial","VMC",,"Completed",,"Final","https://data.ntsb.gov/Docket?ProjectID=200445","https://data.ntsb.gov/carol-repgen/api/Aviation/ReportMain/GenerateNewestReport/200445/pdf"
"ERA25FA246","ACC","200407","2025-06-29T07:54:00Z","Warren","Ohio","United States",,"N441LS","441-0342","false","Aviation","",,,"Fatal","6","0","0","6",,,,,"41.269378000000003","-80.716182000000003","CESSNA","441","AIR","YNG","Youngstown/Warren Regional Airport","false","2",,,"PERS","091","Substantial","VMC","MEANDER AIR LLC","In work",,"Prelim","","https://data.ntsb.gov/carol-repgen/api/Aviation/ReportMain/GenerateNewestReport/200407/pdf"
"ANC25LA056","ACC","200411","2025-06-28T18:56:00Z","Manokotak","Alaska","United States",,"N8085L","17256285","false","Aviation","DirectorBrief","2026-01-09T05:00:00Z",,"None","0","0","0","0",,"The pilot’s decision to land on an unsuitable landing surface with a tailwind, which resulted in a nose over. Contributing was the pilot’s failure to recognize the wind direction, resulting in a tailwind landing.","Personnel issues - Action/decision - Info processing/decision - Identification/recognition - Pilot, Personnel issues - Action/decision - Info processing/decision - Decision making/judgment - Pilot, Environmental issues - Conditions/weather/phenomena - Wind - Tailwind - Effect on operation, Environmental issues - Physical environment - Runway/land/takeoff/taxi surface - Soft surface - Effect on operation",,"58.814722000000003","-159.48571999999999","CESSNA","172H","AIR","NONE","Beach","false","1","REC",,"PERS","091","Substantial","VMC",,"Completed",,"Final","","https://data.ntsb.gov/carol-repgen/api/Aviation/ReportMain/GenerateNewestReport/200411/pdf"
"GAA25WA196","ACC","200417","2025-06-28T17:15:00Z","Remomeix","Other Foreign","France",,"N675SR","2776","false","Aviation","","2025-10-27T04:00:00Z",,,,,,,,,,,"48.268028000000001","7.0193060000000003","CIRRUS DESIGN CORP","SR22","AIR","LFGY",,"false","1","REC",,"PERS","NUSN","Destroyed",,,"N/A",,"Final","","None"
"WPR25LA195","ACC","200428","2025-06-28T15:20:00Z","Tracy","California","United States",,"N6744F","15063344","false","Aviation","",,,"None","0","0","0","0",,,,,"37.688895000000002","-121.44157","CESSNA","150F","AIR","TCY","TRACY MUNI","false","1",,,"PERS","091","Substantial","VMC","REGISTRATION PENDING","In work",,"Prelim","","https://data.ntsb.gov/carol-repgen/api/Aviation/ReportMain/GenerateNewestReport/200428/pdf"
"WPR25LA198","ACC","200468","2025-06-28T14:30:00Z","Coolin","Idaho","United States",,"N6759K","1047","false","Aviation","DirectorBrief","2025-10-02T04:00:00Z","2025-10-02T17:00:00Z","None","0","0","0","0",,"The pilot’s failure to maintain control of the airplane and exceedance of the critical angle of attack during takeoff in windy conditions which resulted in a subsequent hard landing.","Environmental issues - Conditions/weather/phenomena - Wind - Windshear - Effect on operation, Aircraft - Aircraft oper/perf/capability - Performance/control parameters - Lateral/bank control - Attain/maintain not possible, Personnel issues - Task performance - Use of equip/info - Use of equip/system - Pilot, Aircraft - Aircraft oper/perf/capability - Performance/control parameters - Angle of attack - Not attained/maintained",,"48.725017999999999","-116.84229000000001","REPUBLIC","RC-3","AIR","D28","TANGLEFOOT","false","1","REC",,"PERS","091","Substantial","VMC",,"Completed",,"Final","https://data.ntsb.gov/Docket?ProjectID=200468","https://data.ntsb.gov/carol-repgen/api/Aviation/ReportMain/GenerateNewestReport/200468/pdf"
"CEN25LA230","ACC","200447","2025-06-28T14:07:00Z","Wichita","Kansas","United States",,"N1591V","17263685","false","Aviation","DirectorBrief","2025-09-05T04:00:00Z","2025-09-05T18:00:00Z","None","0","0","0","0","0","The student pilot’s failure to maintain directional control during the takeoff that resulted in a runway excursion.","Personnel issues - Task performance - Use of equip/info - Aircraft control - Student/instructed pilot, Aircraft - Aircraft oper/perf/capability - Performance/control parameters - Directional control - Not attained/maintained",,"37.660884000000003","-97.417997999999997","CESSNA","172","AIR","ICT","WICHITA DWIGHT D EISENHOWER NTL","false","1","REC",,"INST","091","Substantial","VMC","AVIATION ACADEMY LLC","Completed",,"Final","https://data.ntsb.gov/Docket?ProjectID=200447","https://data.ntsb.gov/carol-repgen/api/Aviation/ReportMain/GenerateNewestReport/200447/pdf"
"ANC25LA066","ACC","200478","2025-06-28T12:30:00Z","Chenega","Alaska","United States",,"N55PT","18-2675","false","Aviation","DirectorBrief","2025-10-09T04:00:00Z","2025-10-09T17:00:00Z","None","0","0","0","0",,"The pilot’s failure to maintain directional control during landing in gusting and variable wind conditions.","Environmental issues - Conditions/weather/phenomena - Wind - Variable wind - Effect on operation, Environmental issues - Conditions/weather/phenomena - Wind - Gusts - Effect on operation, Environmental issues - Conditions/weather/phenomena - Wind - Crosswind - Effect on operation, Aircraft - Aircraft oper/perf/capability - Performance/control parameters - Directional control - Not attained/maintained, Personnel issues - Task performance - Use of equip/info - Aircraft control - Pilot",,"60.050046000000002","-147.90822","PIPER","PA-18-135","AIR",,,"false","1","REC",,"PERS","091","Substantial","VMC",,"Completed",,"Final","https://data.ntsb.gov/Docket?ProjectID=200478","https://data.ntsb.gov/carol-repgen/api/Aviation/ReportMain/GenerateNewestReport/200478/pdf"
"DCA25WA334","INC","201051","2025-06-28T11:10:00Z","Stansted","Other Foreign","United Kingdom",,"EI-HEZ","62312","false","Aviation","","2025-10-06T04:00:00Z",,,"0","0","0",,"0",,,,"51.884999999999998","0.23499999999999999","BOEING","737-8","AIR",,,"false","2",,"SCHD",,"NUSC","None",,"Ryanair","N/A",,"Final","","None"
"GAA25WA284","ACC","202471","2025-06-28T11:00:00Z","Naters","Other Foreign","Switzerland",,"HB-ZNR","7905","false","Aviation","","2026-03-09T04:00:00Z",,"Fatal","1","0","1","2",,,,,,,"AIRBUS HELICOPTERS","AS350","HELI",,,"false",,,,,"NUSC","Unknown",,,"N/A",,"Final","","None"
"CEN25FA224","ACC","200406","2025-06-28T10:34:00Z","Capron","Illinois","United States",,"N847CS","40325","false","Aviation","",,,"Fatal","2","0","0","2","0",,,,"42.44265","-88.743880000000004","VANS","RV-10","AIR",,,"true","1",,,"INST","091","Substantial","VMC",,"In work",,"Prelim","","https://data.ntsb.gov/carol-repgen/api/Aviation/ReportMain/GenerateNewestReport/200406/pdf"
"GAA25WA209","ACC","200527","2025-06-28T09:50:00Z","Ploski","Other Foreign","Bulgaria",,"N67DP","2933","false","Aviation","","2025-09-25T04:00:00Z",,,,,,,,,,,,,"CIRRUS DESIGN CORP","SR22","AIR",,,"false","1",,,,"091","Substantial",,"CIRRUS SR22 2933 INC TRUSTEE","N/A",,"Final","","None"
"DCA25WA351","INC","202623","2025-06-28T04:00:00Z","Stansted",,"Gabon",,"EI-HEZ",,"false","Aviation","","2026-03-12T04:00:00Z",,,,,,,,,,,"51.886381","0.22700600000000001","BOEING","737","AIR",,,"false","2",,,,"NUSC","None",,,"N/A",,"Final","","None"
"GAA25WA195","ACC","200416","2025-06-27T16:15:00Z","Chartres",,"France",,"F-GYDS",,"false","Aviation","","2025-09-23T04:00:00Z",,,,,,,,,,,,,"CESSNA","172","AIR","LFOR",,"false",,,,,"NUSN","Destroyed",,,"N/A",,"Final","","None"
"CEN25LA262","ACC","200580","2025-06-27T14:20:00Z","Champaign/Urbana","Illinois","United States",,"N320EB","10744","false","Aviation","DirectorBrief","2025-10-17T04:00:00Z","2025-10-17T17:00:00Z","None","0","0","0","0","0","The ground vehicle operator’s failure to maintain clearance from the airplane.","Personnel issues - Task performance - Use of equip/info - (general) - Ground crew, Personnel issues - Psychological - Attention/monitoring - Monitoring environment - Ground crew",,"40.038561000000001","-88.276539","CIRRUS DESIGN CORP","SR22T","AIR","CMI","University of Illinois/Willard Airport","false","1","REC",,"EXEC","091","Substantial","VMC","CIRRUS DESIGN CORP","Completed",,"Final","https://data.ntsb.gov/Docket?ProjectID=200580","https://data.ntsb.gov/carol-repgen/api/Aviation/ReportMain/GenerateNewestReport/200580/pdf"
"WPR25LA192","ACC","200425","2025-06-27T14:08:00Z","Santa Barbara","California","United States",,"N307BE","30007","false","Aviation","",,,"None","0","0","0","0",,,,,"34.426192","-119.84148999999999","ALEXANDER SCHLEICHER GMBH & CO","ASH 30 MI","GLI","SBA","SANTA BARBARA MUNI","false","1",,,"PERS","091","Substantial",,,"In work",,"Prelim","","https://data.ntsb.gov/carol-repgen/api/Aviation/ReportMain/GenerateNewestReport/200425/pdf"
"ERA25LA245","ACC","200405","2025-06-27T12:30:00Z","Kelleys Island","Ohio","United States",,"N30743","17701437","false","Aviation","DirectorBrief","2025-11-14T05:00:00Z","2025-11-14T18:00:00Z","Minor","0","0","2","2","0","The pilot’s failure to maintain control of the airplane while taking off in gusting crosswind conditions.","Personnel issues - Task performance - Use of equip/info - Aircraft control - Pilot, Environmental issues - Conditions/weather/phenomena - Wind - Crosswind - Response/compensation",,"41.603700000000003","-82.686553000000004","CESSNA","177","AIR","89D","KELLEYS ISLAND LAND FLD","false","1","REC",,"PERS","091","Substantial","VMC",,"Completed",,"Final","https://data.ntsb.gov/Docket?ProjectID=200405","https://data.ntsb.gov/carol-repgen/api/Aviation/ReportMain/GenerateNewestReport/200405/pdf"
"ERA25LA251","ACC","200437","2025-06-27T09:00:00Z","Elberta","Alabama","United States",,"N3228B","22-2057","false","Aviation","DirectorBrief","2025-11-14T05:00:00Z","2025-11-14T18:00:00Z","Minor","0","0","1","1","0","Pilot’s decision to take off from a wet and unmaintained field that was unsuitable for airplane operations, resulting in a loss of control and subsequent nose over. Contributing was the pilot’s self-induced pressure to complete the flight.","Personnel issues - Psychological - Personality/attitude - Motivation/respond to pressure - Pilot, Personnel issues - Action/decision - Info processing/decision - Decision making/judgment - Pilot, Environmental issues - Operating environment - Airport facilities/design - Runway/landing area condition - Decision related to condition, Environmental issues - Physical environment - Runway/land/takeoff/taxi surface - Soft surface - Decision related to condition, Environmental issues - Physical environment - Runway/land/takeoff/taxi surface - Wet surface - Decision related to condition",,"30.441863999999999","-87.463868000000005","PIPER","PA-22-135","AIR","PVT","Non-Airport Farmland","false","1","REC",,"PERS","091","Substantial","VMC","ELDORADO AIRCRAFT LLC","Completed",,"Final","https://data.ntsb.gov/Docket?ProjectID=200437","https://data.ntsb.gov/carol-repgen/api/Aviation/ReportMain/GenerateNewestReport/200437/pdf"
"ENG25WA040","INC","200402","2025-06-27T05:45:00Z","Karachi","Other Foreign","Pakistan",,"HZ-AK17","41054","false","Aviation","","2025-09-16T04:00:00Z",,,,,,,,,,,"24.906144000000001","67.164722999999995","BOEING","777","AIR",,,"false",,,,,"NUSC","None",,"Saudi Arabian Airlines","N/A",,"Final","","None"
"ENG25WA044","INC","200554","2025-06-27T04:00:00Z","Kinshasa",,"Congo",,"ET-AXI",,"false","Aviation","","2025-08-14T04:00:00Z",,,,,,,,,,,,,"BOEING","737","AIR",,,"false",,,,,"NUSC","Unknown",,"Asky Airlines","N/A",,"Final","","None"
"ERA25LA241","ACC","200392","2025-06-26T17:00:00Z","Burlington","Vermont","United States",,"N17N","75-3667","false","Aviation","DirectorBrief","2025-11-14T05:00:00Z","2025-11-14T18:00:00Z","None","0","0","0","0",,"The pilot’s failure to maintain control of the airplane on landing.","Personnel issues - Task performance - Use of equip/info - Aircraft control - Pilot, Aircraft - Aircraft oper/perf/capability - Performance/control parameters - Directional control - Not attained/maintained",,"44","-73","BOEING","A75N1(PT17)","AIR","BTV","PATRICK LEAHY BURLINGTON INTL","false","1","REC",,"PERS","091","Substantial","VMC",,"Completed",,"Final","https://data.ntsb.gov/Docket?ProjectID=200392","https://data.ntsb.gov/carol-repgen/api/Aviation/ReportMain/GenerateNewestReport/200392/pdf"
"CEN25LA222","ACC","200400","2025-06-26T13:15:00Z","Sweetwater","Texas","United States",,"N2300A","22-687","false","Aviation","DirectorBrief","2025-09-05T04:00:00Z","2025-09-05T18:00:00Z","None","0","0","0","0",,"The pilot’s failure to maintain directional control while landing with a crosswind.","Personnel issues - Task performance - Use of equip/info - Aircraft control - Pilot, Aircraft - Aircraft oper/perf/capability - Performance/control parameters - Directional control - Not attained/maintained, Environmental issues - Conditions/weather/phenomena - Wind - Crosswind - Effect on equipment",,"32.467360999999997","-100.46655","PIPER","PA-22-135","AIR","SWW","Avenger Field","false","1","REC",,"PERS","091","Substantial","VMC",,"Completed",,"Final","https://data.ntsb.gov/Docket?ProjectID=200400","https://data.ntsb.gov/carol-repgen/api/Aviation/ReportMain/GenerateNewestReport/200400/pdf"
"CEN25LA225","ACC","200412","2025-06-26T12:30:00Z","Temple","Texas","United States",,"N258CM","118/US","false","Aviation","",,,"None","0","0","0","0","0",,,,"31.165144999999999","-97.414316999999997","TECNAM","P2010","AIR","TPL","Draughon-Miller Central Texas Regional Airport","false","1",,,"INST","091","Substantial","VMC","KACHEMAK BAY FLYING SERVICE INC","In work",,"Prelim","","https://data.ntsb.gov/carol-repgen/api/Aviation/ReportMain/GenerateNewestReport/200412/pdf"
"ERA25LA242","ACC","200393","2025-06-26T10:30:00Z","Nahunta","Georgia","United States",,"N4953N","18267478","false","Aviation","",,,"None","0","0","0","0","0",,,,"31.206068999999999","-81.905985999999999","CESSNA","182Q","AIR","4J1","BRANTLEY COUNTY","false","1",,,"PERS","091","Substantial","VMC",,"In work",,"Prelim","","https://data.ntsb.gov/carol-repgen/api/Aviation/ReportMain/GenerateNewestReport/200393/pdf"
"ERA25LA243","ACC","200394","2025-06-26T10:15:00Z","Mount Gilead","Ohio","United States",,"N3619J","T18803565T","false","Aviation","DirectorBrief","2025-12-04T05:00:00Z","2025-12-04T18:00:00Z","None","0","0","0","0","0","The pilot’s failure to maintain adequate airspeed while in a turn during initial climb and the exceedance of the airplane’s critical angle of attack, which resulted in an aerodynamic stall at a low altitude.","Aircraft - Aircraft oper/perf/capability - Performance/control parameters - Angle of attack - Capability exceeded, Aircraft - Aircraft oper/perf/capability - Performance/control parameters - Airspeed - Not attained/maintained, Personnel issues - Task performance - Use of equip/info - Aircraft control - Pilot, Environmental issues - Conditions/weather/phenomena - Wind - Tailwind - Response/compensation",,"40.522638000000001","-82.840911000000006","CESSNA","T188C","AIR","4I9","Morrow County Airport","false","1","REC",,"AAPL","137","Substantial","VMC",,"Completed",,"Final","https://data.ntsb.gov/Docket?ProjectID=200394","https://data.ntsb.gov/carol-repgen/api/Aviation/ReportMain/GenerateNewestReport/200394/pdf"
"CEN25LA223","ACC","200401","2025-06-25T15:34:00Z","Unionville","Missouri","United States",,"N670P","1166","false","Aviation","DirectorBrief","2025-11-14T05:00:00Z","2025-11-14T18:00:00Z","Minor","0","0","1","1","0","The pilot’s failure to maintain airplane control during a go-around.","Personnel issues - Task performance - Use of equip/info - Aircraft control - Pilot, Aircraft - Aircraft oper/perf/capability - Performance/control parameters - (general) - Not attained/maintained",,"40.540222","-93.025527999999994","CIRRUS DESIGN CORP","SR22","AIR","K43","UNIONVILLE MUNI","false","1","REC",,"PERS","091","Destroyed","VMC",,"Completed",,"Final","https://data.ntsb.gov/Docket?ProjectID=200401","https://data.ntsb.gov/carol-repgen/api/Aviation/ReportMain/GenerateNewestReport/200401/pdf"
"ANC25LA058","ACC","200420","2025-06-25T14:30:00Z","Alexander Creek","Alaska","United States",,"N97438","108-438","false","Aviation","DirectorBrief","2025-10-09T04:00:00Z","2025-10-09T17:00:00Z","None","0","0","0","0",,"The pilot’s failure to maintain airplane control during final approach. Contributing to the accident was the airplane’s encounter with a downdraft that led to a rapid loss of altitude.","Personnel issues - Task performance - Use of equip/info - Aircraft control - Pilot, Environmental issues - Conditions/weather/phenomena - Wind - Downdraft - Effect on operation, Aircraft - Aircraft oper/perf/capability - Performance/control parameters - Angle of attack - Attain/maintain not possible, Aircraft - Aircraft oper/perf/capability - Performance/control parameters - Descent rate - Attain/maintain not possible",,"61.421067000000001","-150.58582999999999","STINSON","108-8","AIR","None","Roy's Strip","false","1","REC",,"PERS","091","Substantial","VMC",,"Completed",,"Final","https://data.ntsb.gov/Docket?ProjectID=200420","https://data.ntsb.gov/carol-repgen/api/Aviation/ReportMain/GenerateNewestReport/200420/pdf"
"ERA25LA240","ACC","200390","2025-06-25T11:41:00Z","Hawesville","Kentucky","United States",,"N144WK","10639","false","Aviation","DirectorBrief","2025-11-20T05:00:00Z","2025-11-20T18:00:00Z","Serious","0","1","0","1","0","The pilot’s failure to maintain clearance from power lines during low-level agricultural spray operations.","Personnel issues - Psychological - Attention/monitoring - Monitoring environment - Pilot, Environmental issues - Physical environment - Object/animal/substance - Wire - Response/compensation",,"37.764206999999999","-86.776505","ROBINSON HELICOPTER COMPANY","R44 II","HELI","OWB","OWENSBORO/DAVIESS COUNTY RGNL","false","1","REC",,"AAPL","137","Substantial","VMC","WESTERN KENTUCKY LEASING LLC","Completed",,"Final","https://data.ntsb.gov/Docket?ProjectID=200390","https://data.ntsb.gov/carol-repgen/api/Aviation/ReportMain/GenerateNewestReport/200390/pdf"
"WPR25FA190","ACC","200397","2025-06-25T11:01:00Z","Meeker","Colorado","United States",,"N411WJ","0620E","false","Aviation","",,,"Fatal","1","0","0","1",,,,,"40.088234999999997","-107.84329","MD HELICOPTERS INC","369E","HELI",,,"false","1",,,"PERS","091","Substantial","VMC",,"In work",,"Prelim","","https://data.ntsb.gov/carol-repgen/api/Aviation/ReportMain/GenerateNewestReport/200397/pdf"
"WPR25LA189","ACC","200396","2025-06-25T10:50:00Z","San Luis","Arizona","United States",,"N3951A","4993","false","Aviation","DirectorBrief","2025-10-09T04:00:00Z","2025-10-09T17:00:00Z","None","0","0","0","0",,"The pilot receiving instruction’s failure to properly recover the helicopter during an autorotative landing and the instructor pilot’s failure to intervene, which resulted in a hard landing.","Personnel issues - Action/decision - Info processing/decision - Identification/recognition - Instructor/check pilot, Personnel issues - Task performance - Use of equip/info - Use of equip/system - Student/instructed pilot, Environmental issues - Physical environment - Runway/land/takeoff/taxi surface - (general) - Effect on equipment, Aircraft - Aircraft oper/perf/capability - Performance/control parameters - Descent rate - Not attained/maintained, Personnel issues - Task performance - Use of equip/info - Aircraft control - Instructor/check pilot, Personnel issues - Task performance - Use of equip/info - Aircraft control - Student/instructed pilot",,"32.516306","-114.69838","AMERICAN EUROCOPTER CORP","AS350B3","HELI","44A","Rollie Airfield","false","1","TS",,"INST","PUBU","Substantial","VMC","US DEPARTMENT OF HOMELAND SECURITY","Completed",,"Final","https://data.ntsb.gov/Docket?ProjectID=200396","https://data.ntsb.gov/carol-repgen/api/Aviation/ReportMain/GenerateNewestReport/200396/pdf"
"ERA25FA239","ACC","200387","2025-06-24T19:23:00Z","Dunlap","Tennessee","United States",,"N28DR","21010","false","Aviation","",,,"Fatal","1","1","0","2",,,,,"35.340055","-85.378639000000007","PIPER","J3C-65","AIR","PVT",,"false","1",,,"INST","091","Substantial","VMC",,"In work",,"Prelim","","https://data.ntsb.gov/carol-repgen/api/Aviation/ReportMain/GenerateNewestReport/200387/pdf"
"ANC25LA059","ACC","200423","2025-06-24T19:00:00Z","Denali Park","Alaska","United States",,"N2655D","20807","false","Aviation","DirectorBrief","2026-01-09T05:00:00Z","2026-01-09T19:00:00Z","None","0","0","0","0",,"The failure of the left main landing gear spring due to a fatigue fracture during landing on uneven terrain.","Aircraft - Aircraft systems - Landing gear system - Main landing gear - Failure, Aircraft - Aircraft systems - Landing gear system - Main landing gear - Fatigue/wear/corrosion, Personnel issues - Task performance - Maintenance - Scheduled/routine maintenance - Maintenance personnel, Personnel issues - Task performance - Use of equip/info - Aircraft control - Pilot, Personnel issues - Action/decision - Info processing/decision - Decision making/judgment - Pilot",,"63.223379999999999","-150.94702000000001","CESSNA","170B","AIR","NONE","Backcountry Airstrip","false","1","REC",,"PERS","091","Substantial","VMC",,"Completed",,"Final","https://data.ntsb.gov/Docket?ProjectID=200423","https://data.ntsb.gov/carol-repgen/api/Aviation/ReportMain/GenerateNewestReport/200423/pdf"
"WPR25LA196","ACC","200439","2025-06-24T14:40:00Z","Pendleton","Oregon","United States",,"N2051U","2046C","false","Aviation","DirectorBrief","2025-08-21T04:00:00Z","2025-08-21T17:00:00Z","None","0","0","0","0",,"The pilot’s failure to maintain directional control during landing, in gusting crosswind conditions.","Aircraft - Aircraft oper/perf/capability - Performance/control parameters - Directional control - Not attained/maintained, Personnel issues - Task performance - Use of equip/info - Aircraft control - Pilot, Environmental issues - Conditions/weather/phenomena - Wind - Crosswind - Effect on operation",,"45.6721","-118.7886","MAULE","M-4-220C","AIR","PDT","Eastern Oregon Regional At Pendelton","false","1","REC",,"PERS","091","Substantial","VMC",,"Completed",,"Final","https://data.ntsb.gov/Docket?ProjectID=200439","https://data.ntsb.gov/carol-repgen/api/Aviation/ReportMain/GenerateNewestReport/200439/pdf"
"ERA25LA238","ACC","200385","2025-06-24T13:30:00Z","Fayetteville","Tennessee","United States",,"N5045Q","310N-0145","false","Aviation","",,,"None","0","0","0","0","0",,,,"35.054006000000001","-86.565278000000006","CESSNA","310","AIR","FYM","FAYETTEVILLE MUNI","false","2",,,"POSI","091","Substantial","VMC",,"In work",,"Prelim","","https://data.ntsb.gov/carol-repgen/api/Aviation/ReportMain/GenerateNewestReport/200385/pdf"
"ERA25LA244","ACC","200404","2025-06-24T12:30:00Z","Calera","Alabama","United States",,"N34655","17701925","false","Aviation","DirectorBrief","2026-03-19T04:00:00Z","2026-03-19T17:00:00Z","None","0","0","0","0","0","A loss of control during landing.","Aircraft - Aircraft oper/perf/capability - Performance/control parameters - Directional control - Not attained/maintained",,"33.177554999999998","-86.781548000000001","CESSNA","177B","AIR","EET","SHELBY COUNTY","false","1","REC",,"PERS","091","Substantial","VMC","Take Flight Holdings, LLC","Completed",,"Final","https://data.ntsb.gov/Docket?ProjectID=200404","https://data.ntsb.gov/carol-repgen/api/Aviation/ReportMain/GenerateNewestReport/200404/pdf"
"CEN25LA220","ACC","200391","2025-06-24T12:21:00Z","Ashland","Wisconsin","United States",,"N8817P","24-4273","false","Aviation","DirectorBrief","2025-09-26T04:00:00Z","2025-09-26T17:00:00Z","None","0","0","0","0","0","The pilot’s failure to extend the landing gear before landing and his failure to conduct the before landing checklist.","Personnel issues - Action/decision - Action - Forgotten action/omission - Pilot, Aircraft - Aircraft systems - Landing gear system - Gear extension and retract sys - Not used/operated, Personnel issues - Task performance - Use of equip/info - Use of equip/system - Pilot",,"46.548527999999997","-90.918971999999997","PIPER","PA-24-260","AIR","ASX","JOHN F KENNEDY MEML","false","1","REC",,"PERS","091","Substantial","VMC",,"Completed",,"Final","https://data.ntsb.gov/Docket?ProjectID=200391","https://data.ntsb.gov/carol-repgen/api/Aviation/ReportMain/GenerateNewestReport/200391/pdf"
"ANC25LA055","ACC","200386","2025-06-24T10:34:00Z","Big Lake","Alaska","United States",,"N3609Q","32R-7780319","false","Aviation","",,,"Serious","0","2","0","2",,,,,"61.535150000000002","-149.80707000000001","PIPER","PA-32R-300","AIR","BGQ","Big Lake Airport","false","1",,,"INST","091","Substantial","VMC",,"In work",,"Prelim","","https://data.ntsb.gov/carol-repgen/api/Aviation/ReportMain/GenerateNewestReport/200386/pdf"
"CEN25LA221","ACC","200399","2025-06-24T08:15:00Z","Pierre","South Dakota","United States",,"N107ML","402B-1250","false","Aviation","DirectorBrief","2025-09-05T04:00:00Z","2025-09-05T18:00:00Z","Serious","0","1","0","1","0","The pilot’s failure to maintain clearance with the power lines while maneuvering that resulted in an in-flight collision with the power lines and impact with terrain.","Aircraft - Aircraft oper/perf/capability - Performance/control parameters - Altitude - Not attained/maintained, Personnel issues - Psychological - Attention/monitoring - Monitoring environment - Pilot",,"44.427415000000003","-100.09004","AIR TRACTOR INC","AT-402B","AIR",,,"false","1","TP",,"AAPL","091","Substantial","VMC","MIke Ogan Farms","Completed",,"Final","https://data.ntsb.gov/Docket?ProjectID=200399","https://data.ntsb.gov/carol-repgen/api/Aviation/ReportMain/GenerateNewestReport/200399/pdf"
"GAA25WA262","ACC","201702","2025-06-24T04:00:00Z","Maklar",,"Hungary",,"D-EADB",,"false","Aviation","","2025-10-23T04:00:00Z",,,,,,,,,,,,,"CESSNA","P210","AIR",,,"false","1",,,,"NUSN","Substantial",,,"N/A",,"Final","","None"
"GAA25WA201","ACC","200444","2025-06-24T04:00:00Z","Bhubaneswar",,"India",,"VT-CLR",,"false","Aviation","","2026-02-03T05:00:00Z",,,,,,,,,,,,,"Augusta","AW119","HELI",,,"false",,,,,"UNK","Unknown",,"Kestrel Aviation Pvt. Ltd.","N/A",,"Final","","None"
"ERA25LA262","ACC","200505","2025-06-23T23:00:00Z","East Hampton","New York","United States",,"N215MB","TH-2133","false","Aviation","",,,"None","0","0","0","0",,,,,"40.959654","-72.251341999999994","RAYTHEON AIRCRAFT COMPANY","G58","AIR","JPX","EAST HAMPTON TOWN","false","2",,,"POSI","091","Substantial","VMC","Doupe Services, LLC","In work",,"Prelim","","https://data.ntsb.gov/carol-repgen/api/Aviation/ReportMain/GenerateNewestReport/200505/pdf"
"ANC25LA069","ACC","200501","2025-06-23T16:30:00Z","Port Graham","Alaska","United States",,"N8630Z","P206-0430","false","Aviation","",,,"None","0","0","0","0",,,,,"59.349285000000002","-151.83125000000001","CESSNA","P206C","AIR","PGM","Port Graham","false","1",,,"UNK","091","Substantial",,"ALASKA VILLAGE MISSIONS","In work",,"Prelim","","https://data.ntsb.gov/carol-repgen/api/Aviation/ReportMain/GenerateNewestReport/200501/pdf"
"WPR25LA188","ACC","200384","2025-06-23T13:17:00Z","Morgan Hill","California","United States",,"N696WG","90842","false","Aviation","",,,"Minor","0","0","1","1",,,,,"37.156999999999996","-121.6815","FILBY GERRY","RV-9","AIR",,,"true","1",,,"PERS","091","Substantial","VMC",,"In work",,"Prelim","","https://data.ntsb.gov/carol-repgen/api/Aviation/ReportMain/GenerateNewestReport/200384/pdf"
"CEN25FA216","ACC","200373","2025-06-23T11:21:00Z","Montrose","Colorado","United States",,"N250MK","001","false","Aviation","",,,"Fatal","2","0","0","2","0",,,,"38.519300999999999","-107.90407","Murphy Aircraft Manufacturing Limited","Moose","AIR","MTJ","Montrose Regional Airport","true","1",,,"FERY","091","Destroyed","VMC",,"In work",,"Prelim","","https://data.ntsb.gov/carol-repgen/api/Aviation/ReportMain/GenerateNewestReport/200373/pdf"
"ERA25LA237","ACC","200382","2025-06-23T10:55:00Z","Swanzey","New Hampshire","United States",,"N62XF","VX2-008","false","Aviation","",,,"Minor","0","0","1","1",,,,,"42.906500000000001","-72.272599999999997","MARK C TIMNEY","GT-VX2","HELI","EEN",,"false","1",,,"PERS","091","Substantial","VMC",,"In work",,"Prelim","","https://data.ntsb.gov/carol-repgen/api/Aviation/ReportMain/GenerateNewestReport/200382/pdf"
"ERA25LA235","ACC","200380","2025-06-23T10:35:00Z","Pace","Florida","United States",,"N262AL","R18201836","false","Aviation","",,,"None","0","0","0","0","0",,,,"30.725631","-87.200764000000007","CESSNA","R182","AIR","16FL","J-22 RANCH","false","1",,,"PUBU","091","Substantial",,"DALE COUNTY SHERIFFS OFFICE","In work",,"Prelim","","https://data.ntsb.gov/carol-repgen/api/Aviation/ReportMain/GenerateNewestReport/200380/pdf"
"CEN25LA219","ACC","200378","2025-06-22T20:18:00Z","Charleston","Missouri","United States",,"N114WL","502B-2960","false","Aviation","DirectorBrief","2025-10-02T04:00:00Z","2025-10-02T17:00:00Z","Minor","0","0","1","1","0","The pilot’s loss of control during the spray pass, which resulted in impact with vegetation and terrain.","Personnel issues - Task performance - Use of equip/info - Aircraft control - Pilot",,"36.849299999999999","-89.374529999999993","AIR TRACTOR INC","AT-502B","AIR","CHQ","MISSISSIPPI COUNTY","false","1","TP",,"AAPL","137","Substantial","VMC","THOMPSON FLYING SERVICE LLC","Completed",,"Final","https://data.ntsb.gov/Docket?ProjectID=200378","https://data.ntsb.gov/carol-repgen/api/Aviation/ReportMain/GenerateNewestReport/200378/pdf"
"DCA25LA239","ACC","200361","2025-06-22T19:38:00Z","Nashville","Tennessee","United States",,"N616NK",,"false","Aviation","",,,"Serious","0","1","0","1",,,,,"36.130201999999997","-86.675645000000003","AIRBUS","A320","AIR",,,"false",,,"SCHD",,"121","None",,"Spirit","In work",,"Prelim","","https://data.ntsb.gov/carol-repgen/api/Aviation/ReportMain/GenerateNewestReport/200361/pdf"
"WPR25LA183","ACC","200368","2025-06-22T15:15:00Z","Winchester","Idaho","United States",,"N31998","32R-7887019","false","Aviation","DirectorBrief","2025-09-16T04:00:00Z",,"Minor","0","0","2","2",,"The pilot’s improper fuel management resulting in fuel starvation, a total loss of engine power, and a subsequent off-airport forced landing. Contributing to the accident was the pilot’s reduced fuel level monitoring due to an inflight distraction.","Personnel issues - Task performance - Use of equip/info - Use of equip/system - Pilot, Aircraft - Fluids/misc hardware - Fluids - Fuel - Fluid management, Personnel issues - Psychological - Attention/monitoring - Monitoring equip/instruments - Pilot",,"46.28875","-116.63487000000001","PIPER","PA-32RT-300T","AIR",,,"false","1","REC",,"PERS","091","Substantial","VMC","LANCE GROUP LLC","Completed",,"Final","","https://data.ntsb.gov/carol-repgen/api/Aviation/ReportMain/GenerateNewestReport/200368/pdf"
"CEN25LA213","ACC","200363","2025-06-22T14:00:00Z","Clay Township","Michigan","United States",,"C-GPVB","9683","false","Aviation","DirectorBrief","2025-08-21T04:00:00Z","2025-08-21T17:00:00Z","None","0","0","0","0","0","The pilot’s failure to maintain control of the helicopter during landing.","Personnel issues - Task performance - Use of equip/info - Aircraft control - Pilot, Aircraft - Aircraft oper/perf/capability - Performance/control parameters - Pitch control - Not attained/maintained",,"42.659689999999998","-82.621138999999999","AIRBUS HELICOPTERS","EC130","HELI","PVT","Private","false","1","TS",,"PERS","091","Substantial","VMC",,"Completed",,"Final","https://data.ntsb.gov/Docket?ProjectID=200363","https://data.ntsb.gov/carol-repgen/api/Aviation/ReportMain/GenerateNewestReport/200363/pdf"
"GAA25WA191","ACC","200370","2025-06-22T04:00:00Z","Naboonspruit",,"South Africa",,"ZS-HFH",,"false","Aviation","","2025-07-02T04:00:00Z",,"Fatal","1","0","0","1",,,,,,,"Robinson","R44","HELI",,,"false","1",,,,"UNK","Substantial",,"Lim Air","N/A",,"Final","","None"
"DCA25LA240","ACC","200362","2025-06-22T04:00:00Z","Miami","Florida","United States",,"N189UW","1425","false","Aviation","DirectorBrief","2026-03-17T04:00:00Z","2026-03-17T18:00:00Z","Serious","0","1","9","10",,"The unexpected encounter with a rapidly developing convective cell during climb resulting in convectively induced turbulence on a dark moon-less evening.","Environmental issues - Conditions/weather/phenomena - Turbulence - Convective turbulence - Effect on personnel",,"25","-80","AIRBUS INDUSTRIE","A321-211","AIR",,,"false","2","TF","SCHD",,"121","None","VMC","AMERICAN AIRLINES INC","Completed",,"Final","https://data.ntsb.gov/Docket?ProjectID=200362","https://data.ntsb.gov/carol-repgen/api/Aviation/ReportMain/GenerateNewestReport/200362/pdf"
"CEN25LA227","ACC","200421","2025-06-21T18:15:00Z","Midlothian","Texas","United States",,"N852BG","34014-K-247","false","Aviation","DirectorBrief","2025-10-17T04:00:00Z","2025-10-17T17:00:00Z","None","0","0","0","0","0","The student pilot’s improper landing flare, which resulted in a hard landing.","Aircraft - Aircraft oper/perf/capability - Performance/control parameters - Landing flare - Not attained/maintained, Personnel issues - Task performance - Use of equip/info - Aircraft control - Student/instructed pilot",,"32.458292999999998","-96.912526","BURKHART GROB","G-103A TWIN II ACRO","GLI","JWY","Mid-Way Regional Airport","false","0",,,"PERS","091","Substantial","VMC",,"Completed",,"Final","https://data.ntsb.gov/Docket?ProjectID=200421","https://data.ntsb.gov/carol-repgen/api/Aviation/ReportMain/GenerateNewestReport/200421/pdf"
"GAA25WA189","ACC","200366","2025-06-21T04:00:00Z","Taghmon","Other Foreign","Ireland",,"EI-BSG",,"false","Aviation","","2025-09-04T04:00:00Z",,"Minor","0","0","1","1",,,"Not determined - Not determined - (general) - (general) - Other authority investigated",,"52.297580000000004","-6.6818","BENSEN","B8M","GYRO",,,"false","1","REC",,"PERS","NUSN","Substantial",,,"N/A",,"Final","","None"
"GAA25WA190","ACC","200369","2025-06-20T21:25:00Z","Nagqu City",,"China",,"B-10LZ",,"false","Aviation","","2025-08-07T04:00:00Z",,,,,,,,,,,,,"BEECH","C90","AIR",,,"false",,,,,"UNK","Substantial",,,"N/A",,"Final","","None"
"ERA25LA236","ACC","200381","2025-06-20T15:09:00Z","Dunavant","Virginia","United States",,"N878N","TLUSA130","false","Aviation","DirectorBrief","2025-11-14T05:00:00Z","2025-11-14T18:00:00Z","None","0","0","0","0","0","The inflight failure of the propeller due to its exceedance of the manufacturer’s overhaul requirement.","Aircraft - Aircraft propeller/rotor - Propeller system - Propeller blade section - Failure, Aircraft - Aircraft propeller/rotor - Propeller system - Propeller hub section - Not serviced/maintained",,"38","-77","Sting Sport","TL-2000","AIR","EZF","SHANNON","true","1","REC",,"PERS","091","Substantial","VMC",,"Completed",,"Final","https://data.ntsb.gov/Docket?ProjectID=200381","https://data.ntsb.gov/carol-repgen/api/Aviation/ReportMain/GenerateNewestReport/200381/pdf"
"WPR25LA185","ACC","200372","2025-06-20T12:55:00Z","San Andreas","California","United States",,"N28545","1374","false","Aviation","DirectorBrief","2025-11-14T05:00:00Z","2025-11-14T18:00:00Z","None","0","0","0","0",,"The pilot’s loss of directional control during landing roll following an encounter with a dust devil.","Aircraft - Aircraft oper/perf/capability - Performance/control parameters - Directional control - Attain/maintain not possible, Environmental issues - Conditions/weather/phenomena - Wind - Dust devil/whirlwind - Effect on operation",,"38.146110999999998","-120.64816","SILVAIRE","LUSCOMBE 8A","AIR","CPU","CALAVERAS COUNTY/MAURY RASMUSSEN FLD","false","1","REC",,"PERS","091","Substantial","VMC",,"Completed",,"Final","https://data.ntsb.gov/Docket?ProjectID=200372","https://data.ntsb.gov/carol-repgen/api/Aviation/ReportMain/GenerateNewestReport/200372/pdf"
"WPR25LA184","ACC","200371","2025-06-20T10:10:00Z","Rockford","Washington","United States",,"N2680Y","18051180","false","Aviation","DirectorBrief","2025-09-26T04:00:00Z","2025-09-26T17:00:00Z","Minor","0","0","1","1",,"The pilot's inadequate preflight inspection, which resulted in a total loss of engine power due to fuel exhaustion and a subsequent landing on rough terrain.","Personnel issues - Task performance - Inspection - Preflight inspection - Pilot, Personnel issues - Task performance - Planning/preparation - Fuel planning - Pilot, Aircraft - Fluids/misc hardware - Fluids - Fuel - Fluid level, Environmental issues - Physical environment - Terrain - Rough terrain - Contributed to outcome",,"47.477879999999999","-117.15342","CESSNA","180E","AIR",,,"false","1","REC",,"PERS","091","Substantial","VMC",,"Completed",,"Final","https://data.ntsb.gov/Docket?ProjectID=200371","https://data.ntsb.gov/carol-repgen/api/Aviation/ReportMain/GenerateNewestReport/200371/pdf"
"ERA25FA231","ACC","200356","2025-06-20T10:00:00Z","Broadway","North Carolina","United States",,"N79AV","5114","false","Aviation","",,,"Fatal","2","0","0","2","0",,,,"35.437686999999997","-79.016907000000003","PITTS","S2","AIR",,,"false","1",,,"PERS","091","Substantial",,,"In work",,"Prelim","","https://data.ntsb.gov/carol-repgen/api/Aviation/ReportMain/GenerateNewestReport/200356/pdf"
"CEN25LA214","ACC","200364","2025-06-19T19:45:00Z","Brookshire","Texas","United States",,"N7299Q","17260599","false","Aviation","DirectorBrief","2025-10-17T04:00:00Z","2025-10-17T17:00:00Z","None","0","0","0","0",,"The pilot’s improper landing flare, which resulted in a hard, bounced landing and the nose landing gear collapsing.","Aircraft - Aircraft oper/perf/capability - Performance/control parameters - Landing flare - Not attained/maintained, Personnel issues - Task performance - Use of equip/info - Aircraft control - Pilot",,"29.838550000000001","-95.949903000000006","CESSNA","172","AIR","27XS","Sport Flyers","false","1","REC",,"PERS","091","Substantial","VMC",,"Completed",,"Final","https://data.ntsb.gov/Docket?ProjectID=200364","https://data.ntsb.gov/carol-repgen/api/Aviation/ReportMain/GenerateNewestReport/200364/pdf"
"WPR25LA187","ACC","200375","2025-06-19T16:30:00Z","Kayenta","Arizona","United States",,"N454CT","F-08-08-23","false","Aviation","DirectorBrief","2025-09-16T04:00:00Z",,"Minor","0","0","1","1",,"The pilots’ failure to maintain airplane control during takeoff in gusting crosswind conditions, which resulted in a runway excursion.","Environmental issues - Conditions/weather/phenomena - Wind - Gusts - Ability to respond/compensate, Personnel issues - Task performance - Use of equip/info - Aircraft control - Pilot, Personnel issues - Task performance - Use of equip/info - Aircraft control - Copilot, Aircraft - Aircraft oper/perf/capability - Performance/control parameters - Lateral/bank control - Not attained/maintained",,"36.718657999999998","-110.22389","FLIGHT DESIGN GMBH","CTLS","AIR","0V7","Kayenta","false","1","REC",,"PERS","091","Substantial","VMC","AMPLE AVIATION LLC","Completed",,"Final","","https://data.ntsb.gov/carol-repgen/api/Aviation/ReportMain/GenerateNewestReport/200375/pdf"
"WPR25FA182","ACC","200353","2025-06-19T15:12:00Z","Billings","Montana","United States",,"N79306","17258032","false","Aviation","",,,"Fatal","1","0","0","1",,,,,"45.635317000000001","-108.52737999999999","CESSNA","172","AIR",,,"false","1",,"NSCH","PERS","091","Substantial","VMC","LA PARTNERSHIP","In work",,"Prelim","","https://data.ntsb.gov/carol-repgen/api/Aviation/ReportMain/GenerateNewestReport/200353/pdf"
"CEN25LA218","ACC","200377","2025-06-19T10:40:00Z","Huron","South Dakota","United States",,"N6174A","36-8102016","false","Aviation","DirectorBrief","2025-09-05T04:00:00Z","2025-09-05T18:00:00Z","None","0","0","0","0","0","The pilot’s exceedance of the airplane’s critical angle of attack during a low-level aerial application, which resulted in an aerodynamic stall and loss of airplane control at too low of an altitude to recover.","Aircraft - Aircraft oper/perf/capability - Performance/control parameters - Airspeed - Not attained/maintained, Aircraft - Aircraft oper/perf/capability - Performance/control parameters - Angle of attack - Not attained/maintained, Personnel issues - Action/decision - Info processing/decision - Identification/recognition - Pilot, Personnel issues - Task performance - Use of equip/info - Aircraft control - Pilot",,"44.336182999999998","-98.320925000000003","PIPER","PA-36-375","AIR",,,"false","1","REC",,"AAPL","137","Substantial","VMC","DAKOTA AIR SPRAY LLC","Completed",,"Final","https://data.ntsb.gov/Docket?ProjectID=200377","https://data.ntsb.gov/carol-repgen/api/Aviation/ReportMain/GenerateNewestReport/200377/pdf"
"ERA25FA230","ACC","200355","2025-06-19T09:46:00Z","Beverly","Massachusetts","United States",,"N9573M","670150","false","Aviation","",,,"Fatal","2","0","0","2",,,,,"42","-70","MOONEY","M20F","AIR","BVY","BEVERLY RGNL","false","1",,,"PERS","091","Substantial","VMC",,"In work",,"Prelim","","https://data.ntsb.gov/carol-repgen/api/Aviation/ReportMain/GenerateNewestReport/200355/pdf"
"GAA25WA199","ACC","200442","2025-06-18T18:00:00Z","Bankstown",,"Australia",,"VH-EEL",,"false","Aviation","","2025-08-07T04:00:00Z",,,,,,,,,,,,,"BEECH","200","AIR",,,"false",,,,,"NUSC","Minor",,,"N/A",,"Final","","None"
"DCA25LA241","ACC","200379","2025-06-18T16:14:00Z","Barlow Bend","Alabama","United States",,"N8685B","36723","false","Aviation","DirectorBrief","2025-12-10T05:00:00Z","2025-12-10T19:00:00Z","Serious","0","1","10","11",,"The airplane’s encounter with unanticipated turbulence during descent, resulting in a serious injury to a flight attendant.","Environmental issues - Conditions/weather/phenomena - Turbulence - (general) - Awareness of condition, Environmental issues - Conditions/weather/phenomena - Turbulence - (general) - Effect on personnel",,"31.448","-87.613","BOEING","737-8H4","AIR",,,"false","2","TF","SCHD",,"121","None","Unknown","SOUTHWEST AIRLINES CO","Completed",,"Final","https://data.ntsb.gov/Docket?ProjectID=200379","https://data.ntsb.gov/carol-repgen/api/Aviation/ReportMain/GenerateNewestReport/200379/pdf"
"GAA25WA194","ACC","200398","2025-06-18T15:44:00Z","Salvador","Other Foreign","Brazil",,"PT-LKC","402B-0850","false","Aviation","","2025-09-12T04:00:00Z",,"None","0","0","0","0",,,,,"-12.908314000000001","-38.321255999999998","CESSNA","402","AIR","SBSV","Salvador–Deputado Luís Eduardo Magalhães International","false","2","REC",,,"NUSN","Unknown",,,"N/A",,"Final","","None"
"CEN25LA211","ACC","200352","2025-06-18T15:00:00Z","Falun","Wisconsin","United States",,"N932DB","U20605397","false","Aviation","DirectorBrief","2025-08-11T04:00:00Z","2025-08-11T17:00:00Z","None","0","0","0","0","0","The pilot experiencing the featureless terrain illusion during the approach which gave the perception that the airplane was at a higher altitude over the glassy water surface than it was, resulting in the airplane impacting the water.","Aircraft - Aircraft oper/perf/capability - Performance/control parameters - Altitude - Not attained/maintained, Personnel issues - Psychological - Attention/monitoring - Monitoring environment - Pilot, Personnel issues - Action/decision - Info processing/decision - Identification/recognition - Pilot, Environmental issues - Physical environment - Runway/land/takeoff/taxi surface - Glassy surface - Contributed to outcome, Environmental issues - Physical environment - Runway/land/takeoff/taxi surface - Glassy surface - Awareness of condition, Environmental issues - Physical environment - Runway/land/takeoff/taxi surface - Glassy surface - Effect on personnel, Aircraft - Aircraft oper/perf/capability - Performance/control parameters - Descent/approach/glide path - Not attained/maintained, Personnel issues - Psychological - Perception/orientation/illusion - Visual illusion/disorientation - Pilot",,"45.777188000000002","-92.482811999999996","CESSNA","U206","AIR",,,"false","1","REC",,"PERS","091","Substantial","VMC",,"Completed",,"Final","https://data.ntsb.gov/Docket?ProjectID=200352","https://data.ntsb.gov/carol-repgen/api/Aviation/ReportMain/GenerateNewestReport/200352/pdf"
"GAA25WA231","ACC","200723","2025-06-18T13:56:00Z","Gloucestershire","Other Foreign","United Kingdom",,"G-SARA",,"false","Aviation","","2025-09-25T04:00:00Z",,,,,,,,,,,,,"PIPER","PA-28-181","AIR",,,"false",,,,,"129","Minor",,,"N/A",,"Final","","None"
"WPR25LA186","ACC","200374","2025-06-18T13:00:00Z","Challis","Idaho","United States",,"N6161C","015SR","false","Aviation","DirectorBrief","2025-09-26T04:00:00Z","2025-09-26T17:00:00Z","None","0","0","0","0",,"The pilot’s failure to maintain directional control during the landing roll.","Aircraft - Aircraft oper/perf/capability - Performance/control parameters - Directional control - Not attained/maintained, Personnel issues - Task performance - Use of equip/info - Aircraft control - Pilot, Environmental issues - Conditions/weather/phenomena - Wind - Variable wind - Contributed to outcome",,"44.808205999999998","-114.80843","KOHUT MARK A","MURPHY SR 2500","AIR","C53","Lower Loon Creek Airport","true","1","REC","NSCH","PERS","091","Substantial","VMC",,"Completed",,"Final","https://data.ntsb.gov/Docket?ProjectID=200374","https://data.ntsb.gov/carol-repgen/api/Aviation/ReportMain/GenerateNewestReport/200374/pdf"
"DCA25WA305","ACC","200881","2025-06-18T11:11:00Z","N/A",,"Seychelles",,"not reported, UNREG",,"false","Aviation","","2025-09-04T04:00:00Z",,"Serious","0","1","0","1","0",,,,"57.850887","15.828536","BOEING, SAAB","737, JAS 39 Gripen","AIR, AIR",,,"false, false",,,,,"121, ARMF","None, None",,"Norwegian Air","N/A",,"Final","","None"
"CEN25FA212","ACC","200354","2025-06-18T10:22:00Z","Three Points","Arizona","United States",,"N6436F","A1500444","false","Aviation","",,,"Fatal","2","0","0","2","0",,,,"31.978808999999998","-111.1764","CESSNA","A150L","AIR","RYN","RYAN FLD","false","1",,,"INST","091","Substantial","VMC",,"In work",,"Prelim","","https://data.ntsb.gov/carol-repgen/api/Aviation/ReportMain/GenerateNewestReport/200354/pdf"
"DCA25WA247","INC","200435","2025-06-18T04:00:00Z","Brisbane",,"Australia",,"VH-VZG",,"false","Aviation","",,,,,,,,,,,,,,"BOEING","737",,,,"false",,,,,"NUSC",,,,"N/A",,,"","None"
"CEN25LA209","ACC","200341","2025-06-17T14:24:00Z","Sealy","Texas","United States",,"N852BJ","140856","false","Aviation","DirectorBrief","2025-09-05T04:00:00Z","2025-09-05T18:00:00Z","None","0","0","0","0",,"The pilot’s improper use of airplane’s wheel brakes during the landing roll-out.","Personnel issues - Task performance - Use of equip/info - Aircraft control - Pilot, Aircraft - Aircraft oper/perf/capability - Performance/control parameters - Surface speed/braking - Incorrect use/operation, Personnel issues - Action/decision - Info processing/decision - Decision making/judgment - Pilot",,"29.733391999999998","-96.059180999999995","Vans Aircraft Company","RV-14","AIR","1XA7","Gloster Aerodrome","true","1","REC",,"PERS","091","Substantial","VMC",,"Completed",,"Final","https://data.ntsb.gov/Docket?ProjectID=200341","https://data.ntsb.gov/carol-repgen/api/Aviation/ReportMain/GenerateNewestReport/200341/pdf"
"WPR25LA181","ACC","200339","2025-06-17T10:54:00Z","Heber City","Utah","United States",,"N6349S","15067149","false","Aviation","DirectorBrief","2025-09-16T04:00:00Z",,"None","0","0","0","0",,"The student pilot’s improper recovery from a bounced landing, which resulted in a nose over.","Personnel issues - Task performance - Use of equip/info - Aircraft control - Student/instructed pilot, Aircraft - Aircraft oper/perf/capability - Performance/control parameters - Pitch control - Not attained/maintained, Environmental issues - Physical environment - Terrain - Rough terrain - Contributed to outcome",,"40.481805999999999","-111.4288","CESSNA","150G","AIR","HCR","HEBER VALLEY","false","1","REC",,"PERS","091","Substantial","VMC",,"Completed",,"Final","","https://data.ntsb.gov/carol-repgen/api/Aviation/ReportMain/GenerateNewestReport/200339/pdf"
"CEN25LA208","ACC","200338","2025-06-16T14:15:00Z","New Century","Kansas","United States",,"N1UC","LW-140","false","Aviation","",,,"Minor","0","0","2","2","0",,,,"38.839910000000003","-94.889088000000001","BEECH","E-90","AIR","IXD",,"false","2",,,"INST","091","Substantial","VMC","L and P Air LLC","In work",,"Prelim","","https://data.ntsb.gov/carol-repgen/api/Aviation/ReportMain/GenerateNewestReport/200338/pdf"
"GAA25WA198","ACC","200441","2025-06-16T10:30:00Z","Mount Surprise",,"Australia",,"VH-TSS",,"false","Aviation","","2025-07-21T04:00:00Z",,"None","0","0","0","0",,,,,,,"CESSNA","182","AIR",,,"false",,,,,"UNK","Substantial",,,"N/A",,"Final","","None"
"GAA25WA188","ACC","200349","2025-06-16T04:00:00Z","Klint",,"Germany",,"D-ELKR",,"false","Aviation","","2025-07-29T04:00:00Z",,"Fatal","1","0","0","1",,,,,,,"RAND ROBINSON","KR2","AIR",,,"false",,,,,"NUSN","Destroyed",,,"N/A",,"Final","","None"
"DCA25LA238","ACC","200351","2025-06-15T22:17:00Z","Fort Myers","Florida","United States",,"N28478","31649","false","Aviation","DirectorBrief","2025-12-10T05:00:00Z","2025-12-10T19:00:00Z","Serious","0","2","1","3",,"The airplane’s inadvertent encounter with convective turbulence during descent, which resulted in serious injuries to two flight attendants.","Environmental issues - Conditions/weather/phenomena - Turbulence - Convective turbulence - Effect on personnel",,"26.537524999999999","-81.762923000000001","BOEING","737-924ER","AIR",,,"false","2","TF","SCHD",,"121","None","VMC","UNITED AIRLINES INC","Completed",,"Final","https://data.ntsb.gov/Docket?ProjectID=200351","https://data.ntsb.gov/carol-repgen/api/Aviation/ReportMain/GenerateNewestReport/200351/pdf"
"WPR25LA172","ACC","200325","2025-06-15T15:19:00Z","Spokane Valley","Washington","United States",,"N6848","75-6848","false","Aviation","DirectorBrief","2025-10-02T04:00:00Z","2025-10-02T17:00:00Z","Minor","0","0","2","2","0","The pilot’s failure to maintain directional control during a takeoff roll in quartering tailwind conditions.","Aircraft - Aircraft oper/perf/capability - Performance/control parameters - Directional control - Not attained/maintained, Personnel issues - Task performance - Use of equip/info - Aircraft control - Pilot, Environmental issues - Conditions/weather/phenomena - Wind - Tailwind - Effect on operation",,"47.607246000000004","-117.17641999999999","BOEING","B75N1","AIR","WN92","SKY MEADOWS AIRPARK","false","1","REC","NSCH","PERS","091","Substantial","VMC",,"Completed",,"Final","https://data.ntsb.gov/Docket?ProjectID=200325","https://data.ntsb.gov/carol-repgen/api/Aviation/ReportMain/GenerateNewestReport/200325/pdf"
"WPR25LA176","ACC","200332","2025-06-15T12:00:00Z","Willow Creek","Montana","United States",,"N71450","18259627","false","Aviation","DirectorBrief","2025-08-11T04:00:00Z","2025-08-11T17:00:00Z","None","0","0","0","0",,"The pilot’s inadequate preflight inspection and fuel planning, which resulted in a total loss of engine power due to fuel exhaustion.","Personnel issues - Task performance - Planning/preparation - Fuel planning - Pilot, Personnel issues - Task performance - Inspection - Preflight inspection - Pilot, Personnel issues - Action/decision - Info processing/decision - Decision making/judgment - Pilot, Aircraft - Fluids/misc hardware - Fluids - Fuel - Fluid level",,"45.822870000000002","-111.69888","CESSNA","182M","AIR",,,"false","1","REC",,"SKYD","091","Substantial","VMC",,"Completed",,"Final","https://data.ntsb.gov/Docket?ProjectID=200332","https://data.ntsb.gov/carol-repgen/api/Aviation/ReportMain/GenerateNewestReport/200332/pdf"
"CEN25LA210","ACC","200350","2025-06-15T11:18:00Z","Fort Morgan","Colorado","United States",,"N1996C","26141","false","Aviation","DirectorBrief","2026-01-09T05:00:00Z","2026-01-09T19:00:00Z","None","0","0","0","0","0","The pilot’s failure to maintain directional control of the tailwheel-equipped airplane during a gusty crosswind landing.","Aircraft - Aircraft oper/perf/capability - Performance/control parameters - Directional control - Not attained/maintained, Environmental issues - Conditions/weather/phenomena - Wind - Crosswind - Effect on operation, Environmental issues - Conditions/weather/phenomena - Wind - Gusts - Effect on operation",,"40.335444000000003","-103.80416","CESSNA","170B","AIR","FMM","Fort Morgan Municipal Airport","false","1","REC",,"PERS","091","Substantial","VMC",,"Completed",,"Final","https://data.ntsb.gov/Docket?ProjectID=200350","https://data.ntsb.gov/carol-repgen/api/Aviation/ReportMain/GenerateNewestReport/200350/pdf"
"GAA25WA185","ACC","200343","2025-06-15T01:13:00Z","Guptkashi",,"India",,"VT-BKA",,"false","Aviation","","2025-08-07T04:00:00Z",,,,,,,,,,,,,"BELL","407","HELI",,,"false",,,,,"NUSC","Substantial",,,"N/A",,"Final","","None"
"WPR25LA174","ACC","200328","2025-06-14T16:00:00Z","Acampo","California","United States",,"N375ME","428","false","Aviation","",,,"Serious","0","1","0","1",,,,,"38.175944999999999","-121.31618","QUITTER JOHN F","MXL II","AIR",,,"false","1",,,"PERS","091","Substantial","VMC",,"In work",,"Prelim","","https://data.ntsb.gov/carol-repgen/api/Aviation/ReportMain/GenerateNewestReport/200328/pdf"
"ANC25LA052","ACC","200324","2025-06-14T15:15:00Z","Cantwell","Alaska","United States",,"N2101Q","108-1182","false","Aviation","",,,"Minor","0","0","2","2",,,,,"63.226317000000002","-149.63272000000001","STINSON","108","AIR","NONE",,"false","1",,,"PERS","091","Substantial","VMC",,"In work",,"Prelim","","https://data.ntsb.gov/carol-repgen/api/Aviation/ReportMain/GenerateNewestReport/200324/pdf"
"ERA25FA228","ACC","200322","2025-06-14T13:45:00Z","Tabor City","North Carolina","United States",,"N82UC","TH-276","false","Aviation","",,,"Fatal","2","0","0","2","0",,,,"34.00752","-78.686867000000007","BEECH","58","AIR",,,"false","2",,,"PERS","091","Destroyed","IMC","MAJESTY AIR INC","In work",,"Prelim","","https://data.ntsb.gov/carol-repgen/api/Aviation/ReportMain/GenerateNewestReport/200322/pdf"
"ANC25LA054","ACC","200331","2025-06-14T13:30:00Z","Modesto","California","United States",,"N4909T","R18201787","false","Aviation","DirectorBrief","2025-08-11T04:00:00Z","2025-08-11T17:00:00Z","None","0","0","0","0",,"The pilot’s failure to properly configure the airplane for landing.","Personnel issues - Action/decision - Action - Lack of action - Pilot, Personnel issues - Task performance - Use of equip/info - Use of checklist - Pilot, Personnel issues - Action/decision - Info processing/decision - Decision making/judgment - Pilot, Personnel issues - Action/decision - Info processing/decision - Identification/recognition - Pilot",,"37.630000000000003","-120.95","CESSNA","TR182","AIR","MOD","Modesto","false","1","REC",,"PERS","091","Substantial","VMC",,"Completed",,"Final","https://data.ntsb.gov/Docket?ProjectID=200331","https://data.ntsb.gov/carol-repgen/api/Aviation/ReportMain/GenerateNewestReport/200331/pdf"
"DCA25LA234","ACC","200337","2025-06-14T13:15:00Z","Ebro","Florida","United States",,"N969WN","41777","false","Aviation","DirectorBrief","2025-10-29T04:00:00Z","2025-10-29T18:00:00Z","Serious","0","1","0","1",,"The airplane’s encounter with convective turbulence during climb while diverting to an alternate airport, resulting in a serious injury to a passenger who disregarded the flight crew’s illuminated seat belt sign and the cabin crew’s instruction to remain seated.","Environmental issues - Conditions/weather/phenomena - Turbulence - Convective turbulence - Effect on personnel",,"30.358155","-85.799313999999995","BOEING","737-7H4","AIR",,,"false","2","TF","SCHD",,"121","None","Unknown","SOUTHWEST AIRLINES CO","Completed",,"Final","https://data.ntsb.gov/Docket?ProjectID=200337","https://data.ntsb.gov/carol-repgen/api/Aviation/ReportMain/GenerateNewestReport/200337/pdf"
"CEN25LA349","ACC","200896","2025-06-13T20:30:00Z","Westplains","Colorado","United States",,"N682RS","650-7001","false","Aviation","",,,,,,,,,,,,"40.892099999999999","-103.4785","CESSNA","650","AIR","LVN",,"false","2",,,"UNK","091","Substantial","IMC","AIRCRAFT RESOURCE CENTER INC","In work",,"Prelim","","https://data.ntsb.gov/carol-repgen/api/Aviation/ReportMain/GenerateNewestReport/200896/pdf"
"ANC25LA051","ACC","200321","2025-06-13T17:15:00Z","Fairbanks","Alaska","United States",,"N3846M","12-2757","false","Aviation","DirectorBrief","2025-08-11T04:00:00Z","2025-08-11T17:00:00Z","Serious","0","1","0","1",,"The pilot’s failure to maintain clearance from trees during a go-around with a tailwind.","Environmental issues - Conditions/weather/phenomena - Wind - Tailwind - Effect on operation, Personnel issues - Action/decision - Info processing/decision - Decision making/judgment - Pilot, Aircraft - Aircraft oper/perf/capability - Performance/control parameters - Altitude - Attain/maintain not possible",,"64.873335999999995","-147.01568","PIPER","PA-12","AIR","NONE","Private Strip","false","1","REC",,"PERS","091","Substantial","VMC",,"Completed",,"Final","https://data.ntsb.gov/Docket?ProjectID=200321","https://data.ntsb.gov/carol-repgen/api/Aviation/ReportMain/GenerateNewestReport/200321/pdf"
"WPR25LA179","ACC","200335","2025-06-13T15:07:00Z","East Wenatchee","Washington","United States",,"N9550K","108-2550","false","Aviation","DirectorBrief","2025-08-21T04:00:00Z","2025-08-21T17:00:00Z","None","0","0","0","0",,"The pilot’s failure to maintain directional control during the landing roll with a left crosswind.","Personnel issues - Task performance - Use of equip/info - Aircraft control - Pilot, Aircraft - Aircraft oper/perf/capability - Performance/control parameters - Directional control - Not attained/maintained, Environmental issues - Conditions/weather/phenomena - Wind - Crosswind - Effect on operation",,"47.398806","-120.20683","STINSON","108-2","AIR","EAT","PANGBORN MEML","false","1","REC",,"PERS","091","Substantial","VMC",,"Completed",,"Final","https://data.ntsb.gov/Docket?ProjectID=200335","https://data.ntsb.gov/carol-repgen/api/Aviation/ReportMain/GenerateNewestReport/200335/pdf"
"ERA25LA234","ACC","200359","2025-06-13T14:51:00Z","Interlachen","Florida","United States",,"N783RV","74002","false","Aviation","",,,"Minor","0","0","1","1","0",,,,"29.683039999999998","-81.930380999999997","STEVEN SCOTT GRASLEY","RV-7A","AIR","FD22","MELROSE LANDING","true","1",,,"PERS","091","Substantial","VMC",,"In work",,"Prelim","","https://data.ntsb.gov/carol-repgen/api/Aviation/ReportMain/GenerateNewestReport/200359/pdf"
"WPR25LA175","ACC","200329","2025-06-13T11:30:00Z","Hyampom","California","United States",,"N78720","18261776","false","Aviation","DirectorBrief","2026-02-11T05:00:00Z","2026-02-11T18:00:00Z","None","0","0","0","0",,"The pilot’s failure to use carburetor heat, which resulted in a loss of engine power due to
carburetor icing and a subsequent impact with terrain during a forced landing.","Environmental issues - Conditions/weather/phenomena - Temp/humidity/pressure - Conducive to carburetor icing - Effect on equipment, Personnel issues - Task performance - Use of equip/info - Use of checklist - Pilot, Aircraft - Aircraft power plant - Power plant - Air intake - Not used/operated, Personnel issues - Task performance - Use of equip/info - Use of equip/system - Pilot",,"40.619056","-123.4659","CESSNA","182P","AIR","H47","HYAMPOM","false","1","REC",,"PERS","091","Substantial","VMC",,"Completed",,"Final","https://data.ntsb.gov/Docket?ProjectID=200329","https://data.ntsb.gov/carol-repgen/api/Aviation/ReportMain/GenerateNewestReport/200329/pdf"
"ANC25LA053","ACC","200330","2025-06-13T10:30:00Z","Yellow Pine","Idaho","United States",,"N84FS","001","false","Aviation","DirectorBrief","2025-08-11T04:00:00Z","2025-08-07T17:00:00Z","None","0","0","0","0",,"The pilot's excessive application of the airplane’s wheel brakes during the landing roll, which resulted in a nose over.","Personnel issues - Task performance - Use of equip/info - Aircraft control - Pilot, Aircraft - Aircraft oper/perf/capability - Performance/control parameters - Surface speed/braking - Incorrect use/operation, Personnel issues - Action/decision - Info processing/decision - Decision making/judgment - Pilot",,"44.974221999999997","-115.72975","FREDERICK JOSEPH SHIPLE","KITFOX SS7","AIR","24K","Krassel USFS","true","1","REC",,"PERS","091","Substantial","VMC",,"Completed",,"Final","https://data.ntsb.gov/Docket?ProjectID=200330","https://data.ntsb.gov/carol-repgen/api/Aviation/ReportMain/GenerateNewestReport/200330/pdf"
"WPR25LA173","ACC","200327","2025-06-13T09:40:00Z","Bountiful","Utah","United States",,"N407SJ","53608","false","Aviation","DirectorBrief","2025-08-28T04:00:00Z","2025-08-28T17:00:00Z","Minor","0","0","1","1",,"The pilot’s improper decision to depart with inadequate clearance from a hangar door, resulting in the helicopter’s collision with the door.","Personnel issues - Action/decision - Info processing/decision - Decision making/judgment - Pilot, Personnel issues - Action/decision - Info processing/decision - Identification/recognition - Pilot, Environmental issues - Physical environment - Object/animal/substance - Airport structure - Effect on equipment",,"40.868149000000003","-111.92749000000001","BELL","407","HELI","BTF","Skypark Airport","false","1","TS",,"POSI","091","Substantial","VMC","Limitless Society, Mark Keaton Hoskins","Completed",,"Final","https://data.ntsb.gov/Docket?ProjectID=200327","https://data.ntsb.gov/carol-repgen/api/Aviation/ReportMain/GenerateNewestReport/200327/pdf"
"DCA25LA233","INC","200326","2025-06-12T23:08:00Z","Guayaquil",,"Ecuador",,"N476MC","29256","false","Aviation","",,,"None","0","0","0","0",,,,,"2","79","BOEING","747-47UF","AIR",,,"false","4",,"NSCH",,"121","Minor",,"ATLAS AIR INC","In work",,"Prelim","","https://data.ntsb.gov/carol-repgen/api/Aviation/ReportMain/GenerateNewestReport/200326/pdf"
"ERA25LA229","ACC","200323","2025-06-12T19:50:00Z","Valparaiso","Florida","United States",,"N633AF","0680","false","Aviation","",,,"Minor","0","0","2","2",,,,,"30.480543000000001","-86.523205000000004","ROBINSON HELICOPTER CO","R66","HELI","DTS","DESTIN EXEC","false","1",,,"AOBV","091","Substantial","VMC",,"In work",,"Prelim","","https://data.ntsb.gov/carol-repgen/api/Aviation/ReportMain/GenerateNewestReport/200323/pdf"
"ERA25LA227","ACC","200317","2025-06-12T18:50:00Z","Hartsville","Tennessee","United States",,"N312DA","1262","false","Aviation","",,,"None","0","0","0","0","0",,,,"36.450989999999997","-86.126774999999995","CIRRUS DESIGN CORP","SR22","AIR",,,"false","1",,,"PERS","091","Substantial","VMC",,"In work",,"Prelim","","https://data.ntsb.gov/carol-repgen/api/Aviation/ReportMain/GenerateNewestReport/200317/pdf"
"DCA25WA236","INC","200347","2025-06-12T04:00:00Z","Pusan City",,"Republic Of Korea",,"Not reported",,"false","Aviation","",,,"None","0","0","0","0",,,,,,,"BOEING","737","AIR",,"Gimhae International Airport","false",,,"SCHD",,"NUSC","None",,"China Airlines","N/A",,"Prelim","","None"
"DCA25WA232","ACC","200315","2025-06-12T04:00:00Z","Ahmedabab",,"India",,"VT-ANB",,"false","Aviation","",,,,,,,,,,,,,,"BOEING","787",,,,"false",,,"SCHD",,"NUSC",,,"Air India","N/A",,,"",""
"CEN25LA205","ACC","200314","2025-06-11T22:45:00Z","Fort Stockton","Texas","United States",,"N77LH","891 320 688","false","Aviation","",,,"None","0","0","0","0","0",,,,"30.915258999999999","-102.91645","LANCAIR","360","AIR","FST","FORT STOCKTON-PECOS COUNTY","true","1",,,"PERS","091","Destroyed","VMC",,"In work",,"Prelim","","https://data.ntsb.gov/carol-repgen/api/Aviation/ReportMain/GenerateNewestReport/200314/pdf"
"WPR25LA177","ACC","200333","2025-06-11T17:30:00Z","Tonasket","Washington","United States",,"N78AW","7059","false","Aviation","DirectorBrief","2025-08-21T04:00:00Z","2025-08-21T17:00:00Z","None","0","0","0","0",,"The glider’s encounter with atmospheric conditions where the lift was not sufficient to maintain flight.","Environmental issues - Conditions/weather/phenomena - Temp/humidity/pressure - Thermal lifting - Effect on operation, Aircraft - Aircraft oper/perf/capability - Performance/control parameters - Altitude - Attain/maintain not possible",,"48.750537000000001","-118.99590999999999","ROLLADEN SCHNEIDER","LS-7WL","GLI",,,"false","0",,,"PERS","091","Substantial","VMC",,"Completed",,"Final","https://data.ntsb.gov/Docket?ProjectID=200333","https://data.ntsb.gov/carol-repgen/api/Aviation/ReportMain/GenerateNewestReport/200333/pdf"
"GAA25WA200","ACC","200443","2025-06-11T12:45:00Z","Venn",,"Australia",,"VH-OOE",,"false","Aviation","","2025-07-02T04:00:00Z",,"None","0","0","0","0",,,,,"-14.633333","132.38333299999999","ROBINSON","R44","HELI",,,"false",,,,,"NUSN","Substantial",,,"N/A",,"Prelim","","None"
"ANC25LA050","ACC","200316","2025-06-11T09:52:00Z","Honolulu","Hawaii","United States",,"N221LM","SH3722","false","Aviation","DirectorBrief","2025-09-05T04:00:00Z","2025-09-05T18:00:00Z","None","0","0","0","0",,"The pilots’ failure to extend the landing gear prior to landing. Contributing to the accident was the pilots’ failure to complete the Before Landing checklist.","Aircraft - Aircraft systems - Landing gear system - Gear extension and retract sys - Not used/operated, Personnel issues - Action/decision - Action - Forgotten action/omission - Pilot, Personnel issues - Task performance - Use of equip/info - Use of checklist - Pilot, Personnel issues - Psychological - Attention/monitoring - Attention - Pilot",,"21.308333000000001","-157.92283","SHORT BROS","SD3-60","AIR","HNL","Daniel K Inouye International Airport","false","2","TP","NSCH","POSI","135","Substantial","VMC","Trans Executive Airlines of Hawaii Inc","Completed",,"Final","https://data.ntsb.gov/Docket?ProjectID=200316","https://data.ntsb.gov/carol-repgen/api/Aviation/ReportMain/GenerateNewestReport/200316/pdf"
"GAA25WA183","ACC","200305","2025-06-11T09:14:00Z","Chalfont St Peter, Buckinghamshire",,"United Kingdom",,"G-WBRN",,"false","Aviation","","2025-11-10T05:00:00Z",,"Fatal","1","0","0","1",,,,,,,"ROBINSON","R66","HELI",,,"false",,,,,"129","Destroyed",,,"N/A",,"Final","","None"
"ANC25LA047","ACC","200308","2025-06-10T15:23:00Z","Camas","Washington","United States",,"N991RS","140872","false","Aviation","DirectorBrief","2025-08-11T04:00:00Z","2025-08-11T17:00:00Z","None","0","0","0","0",,"The pilot’s failure to maintain directional control during landing roll which resulted in a runway excursion.","Aircraft - Aircraft oper/perf/capability - Performance/control parameters - Directional control - Not attained/maintained, Personnel issues - Task performance - Use of equip/info - Aircraft control - Pilot, Environmental issues - Conditions/weather/phenomena - Wind - Gusts - Ability to respond/compensate",,"45.627896","-122.40279","BRIAN PECK","RV-14","AIR","1W1","Camas Grove Field","true","1","REC",,"PERS","091","Substantial","VMC",,"Completed",,"Final","https://data.ntsb.gov/Docket?ProjectID=200308","https://data.ntsb.gov/carol-repgen/api/Aviation/ReportMain/GenerateNewestReport/200308/pdf"
"ERA25LA226","ACC","200299","2025-06-10T13:20:00Z","Murfreesboro","Tennessee","United States",,"N15PM","E-1016","false","Aviation","",,,"Serious","0","1","0","1","0",,,,"35.859381999999997","-86.377500999999995","BEECH","A36","AIR","MBT","MURFREESBORO MUNI","false","1",,,"PERS","091","Substantial","VMC",,"In work",,"Prelim","","https://data.ntsb.gov/carol-repgen/api/Aviation/ReportMain/GenerateNewestReport/200299/pdf"
"DCA25WA235","ACC","200346","2025-06-10T04:00:00Z","near waypoint DAGAG",,"Singapore",,"9V-OFI",,"false","Aviation","",,,,,,,,,,,,,,"BOEING","787","AIR",,,"false",,,"SCHD",,"NUSC","None",,"Scoot","N/A",,"Prelim","","None"
"ENG25WA041","INC","200450","2025-06-09T18:34:00Z","Pudahuel","Other Foreign","Chile",,"PR-MAG","1832","false","Aviation","","2025-08-18T04:00:00Z",,"None","0","0","0","0",,,,,"-33.390571999999999","-70.793865999999994","AIRBUS","A320","AIR","SCEL","Arturo Merino Benítez International Airport","false",,"TF","SCHD",,"NUSC","None",,"LATAM Brasil","N/A",,"Final","","None"
"ANC25LA071","ACC","200508","2025-06-09T10:00:00Z","Willow","Alaska","United States",,"N3994Z","18-7943","false","Aviation","",,,"None","0","0","0","0",,,,,"61.755474","-150.05266","PIPER","PA-18-150","AIR","UUO","WILLOW","false","1",,,"INST","091","Substantial",,"Blue River Aviation","In work",,"Prelim","","https://data.ntsb.gov/carol-repgen/api/Aviation/ReportMain/GenerateNewestReport/200508/pdf"
"ERA25LA273","ACC","200582","2025-06-09T07:00:00Z","New Port Richey","Florida","United States",,"N9166Z","29-0035","false","Aviation","",,,"None","0","0","0","0","0",,,,"28.283083000000001","-82.640699999999995","MOONEY","M20R","AIR","FA40","HIDDEN LAKE","false","1",,,"PERS","091","Substantial","VMC","DLH PILOT","In work",,"Prelim","","https://data.ntsb.gov/carol-repgen/api/Aviation/ReportMain/GenerateNewestReport/200582/pdf"
"GAA25WA181","ACC","200288","2025-06-08T19:30:00Z","Bromsgrove",,"United Kingdom",,"G-CKIS","PFA 202A-12702","false","Aviation","","2025-09-25T04:00:00Z",,"None","0","0","0","0",,,,,,,"PULSAR","XP","AIR",,,"false",,,,"UNK","NUSN","Substantial",,,"N/A",,"Final","","None"
"CEN25LA199","ACC","200285","2025-06-08T19:09:00Z","Mineral Wells","Texas","United States",,"N7376N","18263159","false","Aviation","DirectorBrief","2025-10-09T04:00:00Z","2025-10-09T17:00:00Z","None","0","0","0","0",,"The pilot’s improper fuel tank selection prior to takeoff, which resulted in a total loss of engine power due to fuel starvation. Contributing to the accident was the pilot’s failure to follow the airplane checklist.","Personnel issues - Task performance - Use of equip/info - Use of checklist - Pilot, Personnel issues - Task performance - Use of equip/info - Use of equip/system - Pilot, Aircraft - Fluids/misc hardware - Fluids - Fuel - Fluid management, Aircraft - Aircraft systems - Fuel system - Fuel selector/shutoff valve - Incorrect use/operation",,"32.782525999999997","-98.060291000000007","CESSNA","182P","AIR","MWL","Mineral Wells","false","1","REC",,"PERS","091","Substantial","VMC",,"Completed",,"Final","https://data.ntsb.gov/Docket?ProjectID=200285","https://data.ntsb.gov/carol-repgen/api/Aviation/ReportMain/GenerateNewestReport/200285/pdf"
"GAA25WA187","ACC","200345","2025-06-08T16:00:00Z","Ladysmith",,"South Africa",,"ZS-KFB",,"false","Aviation","","2025-07-02T04:00:00Z",,,,,,,,,,,,,"PIPER","PA28","AIR",,,"false",,,,,"NUSN","Substantial",,,"N/A",,"Final","","None"
"ANC25LA049","ACC","200312","2025-06-08T15:00:00Z","Flagstaff","Arizona","United States",,"N605NB","18052732","false","Aviation","DirectorBrief","2025-08-11T04:00:00Z","2025-08-11T17:00:00Z","None","0","0","0","0",,"The pilot’s failure to maintain directional control during takeoff in variable and gusty wind, which resulted in a ground loop.","Aircraft - Aircraft oper/perf/capability - Performance/control parameters - Directional control - Attain/maintain not possible, Personnel issues - Task performance - Use of equip/info - Aircraft control - Pilot, Environmental issues - Conditions/weather/phenomena - Wind - Gusts - Contributed to outcome, Environmental issues - Conditions/weather/phenomena - Wind - Variable wind - Effect on operation",,"35.139859999999999","-111.66925999999999","CESSNA","180J","AIR","FLG","Flagstaff Pulliam","false","1","REC",,"PERS","091","Substantial","VMC","ZULU AVIATION LLC","Completed",,"Final","https://data.ntsb.gov/Docket?ProjectID=200312","https://data.ntsb.gov/carol-repgen/api/Aviation/ReportMain/GenerateNewestReport/200312/pdf"
"WPR25FA169","ACC","200282","2025-06-08T13:30:00Z","San Diego","California","United States",,"N414BA","414-0047","false","Aviation","",,,"Fatal","6","0","0","6",,,,,"32.695711000000003","-117.28910999999999","CESSNA","414","AIR","SAN","SAN DIEGO INTL","false","2",,,"BUS","091","Substantial","IMC",,"In work",,"Prelim","","https://data.ntsb.gov/carol-repgen/api/Aviation/ReportMain/GenerateNewestReport/200282/pdf"
"ERA25LA222","ACC","200284","2025-06-08T13:20:00Z","Tullahoma","Tennessee","United States",,"N166DH","66","false","Aviation","",,,"Serious","0","6","0","6",,,,,"35.380125","-86.246778000000006","DEHAVILLAND","DHC-6 TWIN OTTER","AIR","THA","TULLAHOMA RGNL/WM NORTHERN FLD","false","2",,,"SKYD","091","Substantial","VMC",,"In work",,"Prelim","","https://data.ntsb.gov/carol-repgen/api/Aviation/ReportMain/GenerateNewestReport/200284/pdf"
"ERA25LA233","ACC","200358","2025-06-08T13:00:00Z","Knoxville","Tennessee","United States",,"N4533X","28-7690031","false","Aviation","DirectorBrief","2025-11-14T05:00:00Z","2025-11-14T18:00:00Z","None","0","0","0","0",,"A collision with a deer during the landing roll.","Environmental issues - Physical environment - Object/animal/substance - Animal(s)/bird(s) - Effect on equipment",,"35.964302000000004","-83.871333000000007","PIPER","PA28","AIR","DKX","Knoxville Downtown Island Airport","false","1","REC",,"INST","091","Substantial","VMC",,"Completed",,"Final","https://data.ntsb.gov/Docket?ProjectID=200358","https://data.ntsb.gov/carol-repgen/api/Aviation/ReportMain/GenerateNewestReport/200358/pdf"
"ERA25LA232","ACC","200357","2025-06-08T11:34:00Z","Geneva","Florida","United States",,"N405XP","S0405","false","Aviation","DirectorBrief","2025-11-14T05:00:00Z","2025-11-14T18:00:00Z","None","0","0","0","0","0","The airplane’s collision with a submerged object during landing, which resulted in substantial damage to the fuselage/hull.","Environmental issues - Physical environment - Object/animal/substance - Hidden/submerged object - Effect on equipment",,"28.758503999999999","-81.052144999999996","SCODA AERONAUTICA LTDA","SUPER PETREL XP","AIR",,,"false","1","REC",,"PERS","091","Substantial","VMC","SUPER PETREL USA INC","Completed",,"Final","https://data.ntsb.gov/Docket?ProjectID=200357","https://data.ntsb.gov/carol-repgen/api/Aviation/ReportMain/GenerateNewestReport/200357/pdf"
"DCA25LA230","ACC","200304","2025-06-08T08:00:00Z","Phoenix","Arizona","United States",,"N27266","66597","false","Aviation","DirectorBrief","2025-10-30T04:00:00Z","2025-10-30T18:00:00Z","Serious","0","1","3","4",,"The abrupt application of brakes during taxi, which resulted in a sudden stop and caused a flight attendant to sustain a serious injury.","Personnel issues - Action/decision - Action - Incorrect action performance - Pilot",,"33.4343","-112.012","BOEING","737","AIR","PHX","Phoenix Sky Harbor International","false","2","TF","SCHD",,"121","None","VMC","United Airlines","Completed",,"Final","https://data.ntsb.gov/Docket?ProjectID=200304","https://data.ntsb.gov/carol-repgen/api/Aviation/ReportMain/GenerateNewestReport/200304/pdf"
"ANC25LA048","ACC","200311","2025-06-07T18:15:00Z","Mojave","California","United States",,"N724SC","C0594","false","Aviation","DirectorBrief","2025-08-11T04:00:00Z","2025-08-11T17:00:00Z","None","0","0","0","0",,"The pilot’s failure to maintain directional control during landing roll.","Aircraft - Aircraft oper/perf/capability - Performance/control parameters - Directional control - Not attained/maintained, Personnel issues - Task performance - Use of equip/info - Aircraft control - Pilot",,"35.058661000000001","-118.15698999999999","CZECH SPORT AIRCRAFT A S","SPORTCRUISER","AIR","MHV","Mojave Air & Space Port/Rutan Field","false","1","REC",,"INST","091","Substantial","VMC","Aviators, Inc","Completed",,"Final","https://data.ntsb.gov/Docket?ProjectID=200311","https://data.ntsb.gov/carol-repgen/api/Aviation/ReportMain/GenerateNewestReport/200311/pdf"
"CEN25LA201","ACC","200289","2025-06-07T16:30:00Z","Pawhuska","Oklahoma","United States",,"N25DB","83","false","Aviation","DirectorBrief","2025-09-26T04:00:00Z","2025-09-26T17:00:00Z","None","0","0","0","0","0","The pilot’s failure to properly configure the airplane for landing.","Personnel issues - Task performance - Use of equip/info - Use of equip/system - Pilot, Personnel issues - Action/decision - Info processing/decision - Decision making/judgment - Pilot, Personnel issues - Action/decision - Action - Lack of action - Pilot, Aircraft - Aircraft systems - Electrical power system - (general) - Not used/operated",,"36.669142000000001","-96.405473999999998","LANCAIR","235","AIR","H76","PAWHUSKA MUNI","true","1","REC",,"FLTS","091","Substantial","VMC",,"Completed",,"Final","https://data.ntsb.gov/Docket?ProjectID=200289","https://data.ntsb.gov/carol-repgen/api/Aviation/ReportMain/GenerateNewestReport/200289/pdf"
"CEN25FA198","ACC","200281","2025-06-07T15:59:00Z","Waterman","Illinois","United States",,"N1846E","7AC-5413","false","Aviation","",,,"Fatal","1","1","0","2","0",,,,"41.770448000000002","-88.709654999999998","AERONCA","7AC","AIR","0C2","Hinkley Airport","false","1",,,"PERS","091","Substantial","VMC",,"In work",,"Prelim","","https://data.ntsb.gov/carol-repgen/api/Aviation/ReportMain/GenerateNewestReport/200281/pdf"
"ERA25LA374","ACC","201770","2025-06-07T15:30:00Z","Ridgeland","South Carolina","United States",,"N859SS","AL-366","false","Aviation","DirectorBrief","2025-12-04T05:00:00Z","2025-12-04T18:00:00Z","None","0","0","0","0","0","The pilot’s failure to maintain directional control of the airplane during landing.","Personnel issues - Task performance - Use of equip/info - Aircraft control - Pilot, Aircraft - Aircraft oper/perf/capability - Performance/control parameters - Directional control - Not attained/maintained",,"32.493918999999998","-80.991603999999995","FLYING CLOUD AVIATION LLC","AL18","AIR","3J1","RIDGELAND-CLAUDE DEAN","true","1","REC",,"PERS","091","Substantial","VMC","PREFERRED LANDING LLC","Completed",,"Final","https://data.ntsb.gov/Docket?ProjectID=201770","https://data.ntsb.gov/carol-repgen/api/Aviation/ReportMain/GenerateNewestReport/201770/pdf"
"ERA25LA223","ACC","200286","2025-06-07T14:10:00Z","Hebron","Ohio","United States",,"N6804B","22-4099","false","Aviation","",,,"None","0","0","0","0",,,,,"39.957963999999997","-82.540863000000002","PIPER","PA22","AIR","9OA5","BUCKEYE","false","1",,,"PERS","091","Substantial","VMC",,"In work",,"Prelim","","https://data.ntsb.gov/carol-repgen/api/Aviation/ReportMain/GenerateNewestReport/200286/pdf"
"WPR25LA171","ACC","200291","2025-06-07T13:52:00Z","Hayward","California","United States",,"N150YK","822308","false","Aviation","",,,"Minor","0","0","1","1",,,,,"37.660983000000002","-122.12385999999999","YAKOVLEV","YAK-50","AIR","HWD","Hayward Executive Airport","false","1",,,"PERS","091","Substantial","VMC",,"In work",,"Prelim","","https://data.ntsb.gov/carol-repgen/api/Aviation/ReportMain/GenerateNewestReport/200291/pdf"
"CEN25FA197","ACC","200279","2025-06-06T19:30:00Z","Grady","Arkansas","United States",,"N9185F","502-0206","false","Aviation","",,,"Fatal","1","0","0","1","0",,,,"34.184646999999998","-91.665713999999994","AIR TRACTOR INC","AT-502","AIR","PVT","N/A","false","1",,,"AAPL","137","Substantial","VMC","FARM BROTHERS FLYERS A LLC","In work",,"Prelim","","https://data.ntsb.gov/carol-repgen/api/Aviation/ReportMain/GenerateNewestReport/200279/pdf"
"CEN25LA204","ACC","200310","2025-06-06T13:20:00Z","Pembine","Wisconsin","United States",,"N499CT","07-03-09","false","Aviation","DirectorBrief","2025-09-26T04:00:00Z","2025-09-26T17:00:00Z","None","0","0","0","0",,"The pilot’s improper flare during landing which resulted in a bounced landing.","Aircraft - Aircraft oper/perf/capability - Performance/control parameters - Landing flare - Not attained/maintained, Personnel issues - Action/decision - Action - Incorrect action performance - Pilot, Personnel issues - Task performance - Use of equip/info - Aircraft control - Pilot",,"45.581631000000002","-87.845395999999994","FLIGHT DESIGN GMBH","CTSW","AIR","WS25","SHANGRILA","false","1","REC",,"PERS","091","Substantial","VMC",,"Completed",,"Final","https://data.ntsb.gov/Docket?ProjectID=200310","https://data.ntsb.gov/carol-repgen/api/Aviation/ReportMain/GenerateNewestReport/200310/pdf"
"WPR25LA170","ACC","200290","2025-06-06T06:30:00Z","Phoenix","Arizona","United States",,"N45659","15077011","false","Aviation","",,,"Minor","0","0","2","2",,,,,"33.683332999999998","-112.06666","CESSNA","150M","AIR","DVT","PHOENIX DEER VALLEY","false","1",,,"INST","091","Substantial","VMC",,"In work",,"Prelim","","https://data.ntsb.gov/carol-repgen/api/Aviation/ReportMain/GenerateNewestReport/200290/pdf"
"CEN25LA200","ACC","200287","2025-06-05T19:37:00Z","Gibson","Arkansas","United States",,"N45113","502-0094","false","Aviation","DirectorBrief","2025-09-16T04:00:00Z",,"Serious","0","1","0","1","0","The pilot’s loss of control during takeoff due to an encounter with a sudden wind shift.","Environmental issues - Conditions/weather/phenomena - Wind - Sudden wind shift - Effect on operation, Environmental issues - Conditions/weather/phenomena - Convective weather - Thunderstorm - Effect on operation, Personnel issues - Task performance - Use of equip/info - Aircraft control - Pilot",,"35.752381","-90.832076000000001","AIR TRACTOR INC","AT-502","AIR","PVT","Private Strip","false","1","TP",,"AAPL","137","Substantial","VMC","Over and Under Flying Service","Completed",,"Final","","https://data.ntsb.gov/carol-repgen/api/Aviation/ReportMain/GenerateNewestReport/200287/pdf"
"CEN25LA206","ACC","200318","2025-06-05T12:55:00Z","Pontiac","Illinois","United States",,"N231CU","1863FPEG8219314A8X26","false","Aviation","",,,"None","0","0","0","0","0",,,,"40.880893999999998","-88.642798999999997","XAG","P100 PRO","UNMANNED",,,"false","4",,,,"137","Substantial","VMC","NUTRIEN AG SOLUTIONS INC","In work",,"Prelim","","https://data.ntsb.gov/carol-repgen/api/Aviation/ReportMain/GenerateNewestReport/200318/pdf"
"CEN25LA196","ACC","200276","2025-06-05T12:55:00Z","Waupaca","Wisconsin","United States",,"N755SD","C04050295","false","Aviation","DirectorBrief","2025-10-23T04:00:00Z","2025-10-23T17:00:00Z","Minor","0","0","2","2",,"The pilot’s failure to maintain adequate air speed during final approach, which resulted in an aerodynamic stall and impact with terrain.","Personnel issues - Task performance - Use of equip/info - Aircraft control - Pilot, Aircraft - Aircraft oper/perf/capability - Performance/control parameters - Airspeed - Not attained/maintained",,"44.33325","-89.019778000000002","GALLOW DANIEL A","KITFOX CLASSIC IV","AIR","PCZ","Waupaca Municipal","true","1","REC",,"PERS","091","Substantial","VMC",,"Completed",,"Final","https://data.ntsb.gov/Docket?ProjectID=200276","https://data.ntsb.gov/carol-repgen/api/Aviation/ReportMain/GenerateNewestReport/200276/pdf"
"GAA25WA197","INC","200438","2025-06-05T11:31:00Z","Meekatharra",,"Australia",,"VH-PGO","31-7852109","false","Aviation","","2026-01-28T05:00:00Z",,"None","0","0","0","0",,,,,"-26.632071","118.266029","PIPER","PA31","AIR",,,"false",,,,,"NUSC","None",,,"N/A",,"Final","","None"
"ERA25LA219","ACC","200271","2025-06-05T10:00:00Z","Medina","Ohio","United States",,"N75FW","C75-11088","false","Aviation","DirectorBrief","2025-11-14T05:00:00Z","2025-11-14T18:00:00Z","None","0","0","0","0","0","The pilot’s failure to maintain control of the airplane during takeoff, which resulted in a runway excursion.","Personnel issues - Task performance - Use of equip/info - Aircraft control - Pilot, Aircraft - Aircraft oper/perf/capability - Performance/control parameters - (general) - Not attained/maintained",,"41.131641999999999","-81.766381999999993","FRED L WELLMAN","CH 750 CRUZER","AIR","1G5","MEDINA MUNI","true","1","REC",,"FLTS","091","Substantial","VMC",,"Completed",,"Final","https://data.ntsb.gov/Docket?ProjectID=200271","https://data.ntsb.gov/carol-repgen/api/Aviation/ReportMain/GenerateNewestReport/200271/pdf"
"GAA25WA186","ACC","200344","2025-06-05T09:50:00Z","Lanseria",,"South Africa",,"ZS-MZJ",,"false","Aviation","","2025-07-02T04:00:00Z",,"Fatal","1","1","0","2",,,,,,,"CESSNA","210","AIR",,,"false",,,,,"UNK","Destroyed",,,"N/A",,"Final","","None"
"ENG25WA042","INC","200491","2025-06-04T22:04:00Z","Katunayake","Other Foreign","Sri Lanka",,"4R-ABM","4694","false","Aviation","","2025-08-14T04:00:00Z",,"None","0","0","0","0",,,,,,,"AIRBUS","A320","AIR",,,"false",,,,,"NUSC","None",,"SriLankan Airlines Ltd","N/A",,"Final","","None"
"ERA25LA217","ACC","200265","2025-06-04T14:41:00Z","Palm Bay","Florida","United States",,"N2109P","23-699","false","Aviation","",,,"Minor","0","0","1","1","0",,,,"28.021135999999998","-80.555638000000002","PIPER","PA-23","AIR",,,"false","2",,,"PERS","091","Substantial",,,"In work",,"Prelim","","https://data.ntsb.gov/carol-repgen/api/Aviation/ReportMain/GenerateNewestReport/200265/pdf"
"ANC25FA044","ACC","200266","2025-06-04T11:55:00Z","Kaparuk","Alaska","United States",,"N962MD","0725","false","Aviation","",,,"Fatal","2","0","0","2",,,,,"70.185500000000005","-149.53865999999999","ROBINSON HELICOPTER CO","R66","HELI",,,"false","1",,"SCHD","BUS","135","Substantial","IMC","Pollux Aviation","In work",,"Prelim","","https://data.ntsb.gov/carol-repgen/api/Aviation/ReportMain/GenerateNewestReport/200266/pdf"
"GAA25WA177","ACC","200260","2025-06-03T13:00:00Z","Santa Elena de Uairén","Other Foreign","Venezuela",,"YV-1983","U20606000","false","Aviation","",,,"None","0","0","0","0","0",,,,"4.6036830000000002","-61.110647","CESSNA","U206","AIR",,,"false","1","REC",,"UNK","UNK","Minor",,,"N/A",,"Prelim","","None"
"CEN25FA194","ACC","200255","2025-06-03T12:45:00Z","Farmington","North Carolina","United States",,"N40158","108-88","false","Aviation","",,,"Fatal","2","1","0","3","0",,,,"35.988796999999998","-80.510403999999994","UNIVERSAL STINSON","108","AIR","5NC2","Sugar Valley Airport","false","1",,,"PERS","091","Substantial","VMC",,"In work",,"Prelim","","https://data.ntsb.gov/carol-repgen/api/Aviation/ReportMain/GenerateNewestReport/200255/pdf"
"GAA25WA180","ACC","200264","2025-06-03T04:00:00Z","Naiguata","Other Foreign","Venezuela",,"YV3217",,"false","Aviation","","2025-10-06T04:00:00Z",,,,,,,,,,,"10.544674000000001","-66.751636000000005","CESSNA","500","AIR",,,"false","2","TF",,,"NUSN","Unknown",,,"N/A",,"Final","","None"
"WPR25LA168","ACC","200263","2025-06-02T12:30:00Z","Port Townsend","Washington","United States",,"N85311","7AC4050","false","Aviation","DirectorBrief","2025-10-02T04:00:00Z","2025-10-02T17:00:00Z","None","0","0","0","0",,"The flight instructor’s delayed remedial action and inadequate compensation for shifting wind conditions which resulted in a veer off the runway and collision with a sign.","Personnel issues - Action/decision - Action - Delayed action - Instructor/check pilot, Environmental issues - Conditions/weather/phenomena - Wind - Sudden wind shift - Ability to respond/compensate, Personnel issues - Task performance - Use of equip/info - Aircraft control - Instructor/check pilot",,"48.053756999999997","-122.80944","AERONCA","7BCM","AIR","0S9","JEFFERSON COUNTY INTL","false","1","REC",,"INST","091","Substantial","VMC",,"Completed",,"Final","https://data.ntsb.gov/Docket?ProjectID=200263","https://data.ntsb.gov/carol-repgen/api/Aviation/ReportMain/GenerateNewestReport/200263/pdf"
"CEN25LA195","ACC","200270","2025-06-02T12:30:00Z","Charlevoix","Michigan","United States",,"N71149","18259511","false","Aviation","DirectorBrief","2025-07-17T04:00:00Z","2025-07-17T17:00:00Z","None","0","0","0","0","0","The pilot’s failure to maintain pitch control during the takeoff that resulted in multiple bounces and substantial damage to the fuselage.","Aircraft - Aircraft oper/perf/capability - Performance/control parameters - Pitch control - Not attained/maintained, Personnel issues - Task performance - Use of equip/info - Aircraft control - Pilot, Personnel issues - Action/decision - Action - Incorrect action performance - Pilot, Personnel issues - Psychological - Attention/monitoring - Task monitoring/vigilance - Pilot",,"45.305289999999999","-85.269143","CESSNA","182","AIR","CVX","CHARLEVOIX MUNI","false","1","REC",,"BUS","091","Substantial","VMC","SKYDIVE HARBOR SPRINGS INC","Completed",,"Final","https://data.ntsb.gov/Docket?ProjectID=200270","https://data.ntsb.gov/carol-repgen/api/Aviation/ReportMain/GenerateNewestReport/200270/pdf"
"CEN25LA191","ACC","200249","2025-06-02T11:00:00Z","Hamlet","Nebraska","United States",,"N60057","401-0951","false","Aviation","DirectorBrief","2026-01-09T05:00:00Z","2026-01-09T19:00:00Z","None","0","0","0","0","0","The pilot's failure to maintain clearance from the power lines during low altitude maneuvering.","Personnel issues - Psychological - Attention/monitoring - Monitoring environment - Pilot, Aircraft - Aircraft oper/perf/capability - Performance/control parameters - Altitude - Not attained/maintained",,"40.385247","-101.19483","Air Tractor Inc","AT-401","AIR","N/A",,"false","1","TP",,"AAPL","137","Substantial","VMC","Sunflower Aero Inc","Completed",,"Final","https://data.ntsb.gov/Docket?ProjectID=200249","https://data.ntsb.gov/carol-repgen/api/Aviation/ReportMain/GenerateNewestReport/200249/pdf"
"DCA25WA280","INC","200682","2025-06-02T10:02:00Z","Singapore",,"Singapore",,"PH-BVO",,"false","Aviation","","2025-10-08T04:00:00Z",,"None","0","0","0","0",,,,,"1.359167","103.98944400000001","BOEING","777","AIR","WSSS","Changi Airport","false","2",,"SCHD",,"NUSC","None",,"KLM Royal Dutch Airlines","N/A",,"Final","","None"
"ERA25LA216","ACC","200259","2025-06-01T21:24:00Z","Vero Beach","Florida","United States",,"N5200F","17253182","false","Aviation","DirectorBrief","2025-11-14T05:00:00Z","2025-11-14T18:00:00Z","Minor","0","0","3","3","0","A total loss of engine power for reasons that could not be determined.","Not determined - Not determined - (general) - (general) - Unknown/Not determined",,"27.655197999999999","-80.318254999999994","CESSNA","172F","AIR","VRB","VERO BEACH","false","1","REC",,"PERS","091","Substantial","VMC",,"Completed",,"Final","https://data.ntsb.gov/Docket?ProjectID=200259","https://data.ntsb.gov/carol-repgen/api/Aviation/ReportMain/GenerateNewestReport/200259/pdf"
"CEN25LA202","ACC","200294","2025-06-01T16:00:00Z","Hampshire","Illinois","United States",,"N9839E","270","false","Aviation","DirectorBrief","2025-07-17T04:00:00Z","2025-07-17T17:00:00Z","None","0","0","0","0","0","The pilot’s failure to maintain a proper altitude during the approach, which resulted in overshooting the landing area, a runway excursion, and impact with terrain.","Aircraft - Aircraft oper/perf/capability - Performance/control parameters - Descent/approach/glide path - Not attained/maintained, Personnel issues - Task performance - Use of equip/info - Aircraft control - Pilot, Aircraft - Aircraft oper/perf/capability - Performance/control parameters - Airspeed - Not attained/maintained, Aircraft - Aircraft oper/perf/capability - Performance/control parameters - Altitude - Not attained/maintained",,"42.153961000000002","-88.511494999999996","SCHWEIZER","SGS 1-26C","GLI","55LL","SKY SOARING","false","0",,,"PERS","091","Substantial","VMC",,"Completed",,"Final","https://data.ntsb.gov/Docket?ProjectID=200294","https://data.ntsb.gov/carol-repgen/api/Aviation/ReportMain/GenerateNewestReport/200294/pdf"
"ERA25LA225","ACC","200298","2025-06-01T13:00:00Z","Elberta","Alabama","United States",,"N150FJ","15071001","false","Aviation","",,,"None","0","0","0","0","0",,,,"30.429559000000001","-87.543548000000001","CESSNA","150J","AIR","AL55","SHIELDS","false","1",,,"PERS","091","Substantial","VMC","JOHNS RANDAL J","In work",,"Prelim","","https://data.ntsb.gov/carol-repgen/api/Aviation/ReportMain/GenerateNewestReport/200298/pdf"
"ERA25LA215","ACC","200256","2025-06-01T12:30:00Z","Montauk","New York","United States",,"N2242Z","32-7940114","false","Aviation","",,,"Minor","0","0","2","2",,,,,"41","-72","PIPER","PA32-300","AIR","None",,"false","1",,,"PERS","091","Substantial","VMC",,"In work",,"Prelim","","https://data.ntsb.gov/carol-repgen/api/Aviation/ReportMain/GenerateNewestReport/200256/pdf"

