"NtsbNo","EventType","Mkey","EventDate","City","State","Country","ReportNo","N#","SerialNumber","HasSafetyRec","Mode","ReportType","OriginalPublishedDate","DocketOriginalPublishedDate","HighestInjuryLevel","FatalInjuryCount","SeriousInjuryCount","MinorInjuryCount","OnboardInjuryCount","OnGroundInjuryCount","ProbableCause","Findings","EventID","Latitude","Longitude ","Make","Model","AirCraftCategory","AirportID","AirportName","AmateurBuilt","NumberOfEngines","EngineType","Scheduled","PurposeOfFlight","FAR","AirCraftDamage","WeatherCondition","Operator","ReportStatus","RepGenFlag","MostRecentReportType","DocketUrl","ReportUrl"
"GAA25WA221","ACC","200681","2025-07-31T22:55:00Z","Ottawa, Ontario","Other Foreign","Canada",,"C-GUXN",,"false","Aviation","","2025-10-01T04:00:00Z",,"Fatal","1","0","0","1",,,,,,,"GRUMMAN","AA5","AIR","CYOW",,"false",,,,,"NUSN","Substantial",,,"N/A",,"Final","","None"
"WPR25LA235","ACC","200703","2025-07-31T19:43:00Z","Kamiah","Idaho","United States",,"N52175","18052538","false","Aviation","DirectorBrief","2025-10-17T04:00:00Z","2025-10-17T17:00:00Z","None","0","0","0","0",,"The pilot’s loss of airplane control following an encounter with a microburst during takeoff.","Personnel issues - Task performance - Use of equip/info - Aircraft control - Pilot, Aircraft - Aircraft oper/perf/capability - Performance/control parameters - Directional control - Capability exceeded, Environmental issues - Conditions/weather/phenomena - Wind - Microburst - Effect on operation, Environmental issues - Conditions/weather/phenomena - Wind - Crosswind - Effect on operation",,"46.298000000000002","-116.06100000000001","CESSNA","180J","AIR","PVT","Flying Elk","false","1","REC",,"PERS","091","Substantial","VMC",,"Completed",,"Final","https://data.ntsb.gov/Docket?ProjectID=200703","https://data.ntsb.gov/carol-repgen/api/Aviation/ReportMain/GenerateNewestReport/200703/pdf"
"ERA25LA319","ACC","200877","2025-07-31T15:00:00Z","Tampa","Florida","United States",,"N1244G","3607","false","Aviation","DirectorBrief","2025-11-20T05:00:00Z","2025-11-20T18:00:00Z","None","0","0","0","0","0","The pilot’s failure to maintain directional control during landing roll, which resulted in a runway excursion and collision with an object.","Personnel issues - Task performance - Use of equip/info - Aircraft control - Pilot, Aircraft - Aircraft oper/perf/capability - Performance/control parameters - Directional control - Not attained/maintained",,"27.915444000000001","-82.449388999999996","WACO","UBF","AIR","TPF","PETER O KNIGHT","false","1","REC",,"PERS","091","Substantial","VMC",,"Completed",,"Final","https://data.ntsb.gov/Docket?ProjectID=200877","https://data.ntsb.gov/carol-repgen/api/Aviation/ReportMain/GenerateNewestReport/200877/pdf"
"ANC25LA080","ACC","200679","2025-07-31T14:00:00Z","Soldotna","Alaska","United States",,"N60509","15070361","false","Aviation","",,,"Serious","0","1","1","2",,,,,"60.474916999999998","-151.02589","CESSNA","150J","AIR","sxq","Soldotna Airport","false","1",,,"INST","091","Substantial","VMC",,"In work",,"Prelim","","https://data.ntsb.gov/carol-repgen/api/Aviation/ReportMain/GenerateNewestReport/200679/pdf"
"GAA25WA228","ACC","200713","2025-07-31T11:30:00Z","Marsh Harbor","Other Foreign","Bahamas",,"N68BT","32-7300030","false","Aviation","","2025-09-29T04:00:00Z",,"None","0","0","0","0","0",,,,,,"PIPER","PA32","AIR","MYAM",,"false","1",,"NSCH","PERS","091","Substantial",,"KC Aviation LLC","N/A",,"Final","","None"
"WPR25LA237","ACC","200705","2025-07-31T10:19:00Z","Thermal","California","United States",,"N2658C","R18200198","false","Aviation","DirectorBrief","2026-02-13T05:00:00Z","2026-02-12T18:00:00Z","None","0","0","0","0","0","The pilot's failure to extend the landing gear during landing. Contributing to the accident was the pilot’s failure to use a pre-landing checklist.","Personnel issues - Action/decision - Action - Forgotten action/omission - Pilot, Personnel issues - Task performance - Use of equip/info - Use of checklist - Pilot, Personnel issues - Task performance - Use of equip/info - Use of equip/system - Pilot, Aircraft - Aircraft systems - Landing gear system - Gear extension and retract sys - Not used/operated",,"33.630468999999998","-116.16122","CESSNA","R182","AIR","TRM","JACQUELINE COCHRAN RGNL","false","1","REC",,"PERS","091","Substantial","VMC",,"Completed",,"Final","https://data.ntsb.gov/Docket?ProjectID=200705","https://data.ntsb.gov/carol-repgen/api/Aviation/ReportMain/GenerateNewestReport/200705/pdf"
"CEN25LA298","ACC","200674","2025-07-31T09:46:00Z","Assumption","Minnesota","United States",,"N102SH","7762","false","Aviation","DirectorBrief","2025-09-18T04:00:00Z","2025-09-18T17:00:00Z","None","0","0","0","0","0","A total loss of engine power due to fuel starvation, which resulted from attitude-inducing unporting of the fuel.","Aircraft - Fluids/misc hardware - Fluids - Fuel - Fluid level, Aircraft - Aircraft systems - Fuel system - Fuel distribution - Design, Aircraft - Aircraft systems - Fuel system - Fuel distribution - Capability exceeded",,"44.687274000000002","-93.835999000000001","BELL","47G","HELI",,,"false","1","TS",,"AAPL","137","Substantial","VMC","Scott Churchill","Completed",,"Final","https://data.ntsb.gov/Docket?ProjectID=200674","https://data.ntsb.gov/carol-repgen/api/Aviation/ReportMain/GenerateNewestReport/200674/pdf"
"WPR25LA242","ACC","200718","2025-07-31T09:40:00Z","Moriarty","New Mexico","United States",,"N50778","432","false","Aviation","DirectorBrief","2026-01-09T05:00:00Z","2026-01-09T19:00:00Z","None","0","0","0","0",,"The pilot’s improper landing flare, which resulted in a hard landing.","Aircraft - Aircraft oper/perf/capability - Performance/control parameters - Landing flare - Not attained/maintained, Personnel issues - Task performance - Use of equip/info - Aircraft control - Pilot",,"34.982028999999997","-106.00812999999999","CHAMPION","7FC","AIR","0E0","MORIARTY MUNI","false","1","REC",,"PERS","091","Substantial","VMC",,"Completed",,"Final","https://data.ntsb.gov/Docket?ProjectID=200718","https://data.ntsb.gov/carol-repgen/api/Aviation/ReportMain/GenerateNewestReport/200718/pdf"
"WPR25LA234","ACC","200688","2025-07-30T18:30:00Z","Cashmere","Washington","United States",,"N759NB","18266117","false","Aviation","DirectorBrief","2025-11-20T05:00:00Z","2025-11-20T18:00:00Z","Serious","0","2","0","2",,"The pilot’s failure to maintain clearance from obstacles during an aborted landing, while flying in tailwind conditions. Contributing to the accident was the high density altitude weather condition.","Aircraft - Aircraft oper/perf/capability - Performance/control parameters - Climb rate - Not attained/maintained, Personnel issues - Action/decision - Action - Delayed action - Pilot, Personnel issues - Task performance - Use of equip/info - Aircraft control - Pilot, Environmental issues - Conditions/weather/phenomena - Temp/humidity/pressure - High density altitude - Effect on operation, Environmental issues - Conditions/weather/phenomena - Wind - Tailwind - Effect on operation",,"47.514000000000003","-120.479","CESSNA","182Q","AIR","8S2","Cashmere-Dryden","false","1","REC",,"PERS","091","Substantial","VMC",,"Completed",,"Final","https://data.ntsb.gov/Docket?ProjectID=200688","https://data.ntsb.gov/carol-repgen/api/Aviation/ReportMain/GenerateNewestReport/200688/pdf"
"DCA25LA276","ACC","200672","2025-07-30T18:23:00Z","Creston","Wyoming","United States",,"N422DZ","2031","false","Aviation","",,,"Serious","0","2","5","7","0",,,,"41.901383000000003","-107.87072000000001","AIRBUS","A330","AIR",,,"false","2",,"SCHD",,"121","Minor",,"DELTA AIR LINES INC","In work",,"Prelim","","https://data.ntsb.gov/carol-repgen/api/Aviation/ReportMain/GenerateNewestReport/200672/pdf"
"ERA25LA282","ACC","200673","2025-07-30T15:00:00Z","Holley","New York","United States",,"N843WB","6437","false","Aviation","DirectorBrief","2025-11-20T05:00:00Z","2025-11-20T18:00:00Z","Minor","0","0","1","1",,"The pilot’s failure to maintain clearance with the ground while hovering, which resulted in a dynamic rollover.","Personnel issues - Psychological - Attention/monitoring - Monitoring environment - Pilot, Aircraft - Aircraft oper/perf/capability - Performance/control parameters - Altitude - Not attained/maintained",,"43.298990000000003","-78.003241000000003","PAUL DENNIS BERG","EXEC 162F","HELI","PVT","NONE","true","1","REC",,"PERS","091","Substantial","VMC",,"Completed",,"Final","https://data.ntsb.gov/Docket?ProjectID=200673","https://data.ntsb.gov/carol-repgen/api/Aviation/ReportMain/GenerateNewestReport/200673/pdf"
"ERA25FA280","ACC","200669","2025-07-30T13:10:00Z","Block Island","Rhode Island","United States",,"N961DA","2843034","false","Aviation","",,,"Fatal","1","1","1","3","0",,,,"41.168792000000003","-71.570874000000003","PIPER","PA-28-181","AIR","BID","Block Island State Airport","false","1",,,"PERS","091","Substantial","VMC","CONDAIR FLYERS INC","In work",,"Prelim","","https://data.ntsb.gov/carol-repgen/api/Aviation/ReportMain/GenerateNewestReport/200669/pdf"
"ERA25LA281","ACC","200670","2025-07-30T12:28:00Z","Kissimmee","Florida","United States",,"N121CW","172S8975","false","Aviation","",,,"None","0","0","0","0","0",,,,"28.257645","-81.452169999999995","CESSNA","172S","AIR","ISM",,"false","1",,,"INST","091","Substantial","VMC","AEROSTAR TRAINING SERVICES LLC","In work",,"Prelim","","https://data.ntsb.gov/carol-repgen/api/Aviation/ReportMain/GenerateNewestReport/200670/pdf"
"CEN25FA296","ACC","200665","2025-07-30T11:46:00Z","Greenwood","Indiana","United States",,"N49BX","LIV-465","false","Aviation","",,,"Fatal","1","0","0","1",,,,,"39.617890000000003","-86.077084999999997","HELMS RICHARD","LANCAIR IVP","AIR","HFY","INDY SOUTH GREENWOOD","false","1",,,"PERS","091","Destroyed","VMC",,"In work",,"Prelim","","https://data.ntsb.gov/carol-repgen/api/Aviation/ReportMain/GenerateNewestReport/200665/pdf"
"DCA25WA304","INC","200878","2025-07-29T14:22:00Z","Near MAR holding fix within Algiers TMA",,"Algeria",,"7T-VCE, TS-INM",,"false","Aviation","","2025-09-04T04:00:00Z",,,"0","0","0",,"0",,,,,,"BOEING, AIRBUS","737, A220N","AIR, AIR",,,"false, false","2, 2",,,,"121, 121","None, None",,"Air Algérie, Nouvelair","N/A",,"Final","","None"
"GAA25WA220","ACC","200667","2025-07-29T08:00:00Z","Turks and Caicos Islands","Other Foreign","United Kingdom",,"N1110S","21061119","false","Aviation","","2025-09-25T04:00:00Z",,,,,,,,,,,,,"CESSNA","210L","AIR","MBPV",,"false","1","REC",,,"091","Substantial",,"MOB AVIATION USA LLC","N/A",,"Final","","None"
"CEN25LA295","ACC","200664","2025-07-28T19:00:00Z","Bolivar","Missouri","United States",,"N8243M","18264572","false","Aviation","",,,"None","0","0","0","0",,,,,"37.599936","-93.351191","CESSNA","182P","AIR","M17",,"false","1",,,"PERS","091","Destroyed",,,"In work",,"Prelim","","https://data.ntsb.gov/carol-repgen/api/Aviation/ReportMain/GenerateNewestReport/200664/pdf"
"ERA25LA278","ACC","200651","2025-07-28T17:24:00Z","Lake Worth Beach","Florida","United States",,"N974FL","2023009","false","Aviation","",,,"Minor","0","0","6","1","5",,,,"26.599920000000001","-80.072950000000006","ORLICAN S R O","M-8 EAGLE","AIR","LNA","PALM BEACH COUNTY PARK","false","1",,,"FLTS","091","Substantial","VMC","Valiair LC Trustee","In work",,"Prelim","","https://data.ntsb.gov/carol-repgen/api/Aviation/ReportMain/GenerateNewestReport/200651/pdf"
"CEN25LA297","ACC","200668","2025-07-28T16:37:00Z","Akron","Iowa","United States",,"N524SL","T34203DC","false","Aviation","",,,"Serious","0","1","0","1","0",,,,"42.845730000000003","-96.373115999999996","AYRES CORPORATION","S2R","AIR",,,"false","1",,,"AAPL","137","Substantial","VMC","CROP DUSTERS LLC","In work",,"Prelim","","https://data.ntsb.gov/carol-repgen/api/Aviation/ReportMain/GenerateNewestReport/200668/pdf"
"DCA25WA277","INC","200675","2025-07-28T15:20:00Z","Mexico City","Other Foreign","Mexico",,"XA-PPP","39018","false","Aviation","","2025-11-04T05:00:00Z",,"None","0","0","0","0",,,,,"19.436111","-99.071944000000002","BOEING","737","AIR",,,"false","2",,"SCHD",,"NUSC","None",,"Aeromexico","N/A",,"Final","","None"
"WPR25LA241","ACC","200717","2025-07-28T10:30:00Z","Inhama","Oregon","United States",,"N91789","18259907","false","Aviation","",,,"None","0","0","0","0",,,,,"45.431933000000001","-116.69141999999999","CESSNA","182M","AIR","25U","MEMALOOSE USFS","false","1",,,"PERS","091","Substantial","VMC","MYL High Flying Club","In work",,"Prelim","","https://data.ntsb.gov/carol-repgen/api/Aviation/ReportMain/GenerateNewestReport/200717/pdf"
"CEN25FA289","ACC","200640","2025-07-28T07:04:00Z","New Underwood","South Dakota","United States",,"N9642D","22-6556","false","Aviation","",,,"Fatal","1","1","0","2","0",,,,"44.091652000000003","-102.867","PIPER","PA-22-150","AIR",,,"false","1",,,"PERS","091","Substantial","VMC",,"In work",,"Prelim","","https://data.ntsb.gov/carol-repgen/api/Aviation/ReportMain/GenerateNewestReport/200640/pdf"
"CEN25LA294","ACC","200653","2025-07-27T23:16:00Z","Stanwood","Michigan","United States",,"N627WT","9793","false","Aviation","DirectorBrief","2025-10-09T04:00:00Z","2025-10-09T17:00:00Z","None","0","0","0","0","0","The collision with a deer during takeoff.","Environmental issues - Physical environment - Object/animal/substance - Animal(s)/bird(s) - Ability to respond/compensate, Environmental issues - Physical environment - Object/animal/substance - Animal(s)/bird(s) - Effect on equipment",,"43.577010999999999","-85.284000000000006","CIRRUS","SR22","AIR","0C5","CANADIAN LAKES","false","1","REC",,"PERS","091","Substantial","VMC",,"Completed",,"Final","https://data.ntsb.gov/Docket?ProjectID=200653","https://data.ntsb.gov/carol-repgen/api/Aviation/ReportMain/GenerateNewestReport/200653/pdf"
"DCA25WA274","INC","200662","2025-07-27T23:00:00Z","Mexico City","Other Foreign","Mexico",,"XA-MLI","43727","false","Aviation","","2025-11-04T05:00:00Z",,"None","0","0","0","0","0",,,,"19.436111","-99.071944000000002","BOEING","737","AIR",,,"false","2",,"SCHD",,"NUSC","None",,"Aeromexico","N/A",,"Final","","None"
"CEN25LA291","ACC","200645","2025-07-27T21:01:00Z","Wink","Texas","United States",,"N70337","637","false","Aviation","",,,"None","0","0","0","0",,,,,"31.748072000000001","-103.23838000000001","MATESI EUGENE E","LANCAIR 320","AIR","INK",,"false","1",,,"PERS","091","Substantial",,,"In work",,"Prelim","","https://data.ntsb.gov/carol-repgen/api/Aviation/ReportMain/GenerateNewestReport/200645/pdf"
"WPR25LA229","ACC","200657","2025-07-27T21:00:00Z","Davenport","Washington","United States",,"N66LT","008233","false","Aviation","DirectorBrief","2025-12-11T05:00:00Z","2025-12-11T18:00:00Z","None","0","0","0","0",,"The pilot's failure to maintain directional control during the landing roll.","Personnel issues - Task performance - Use of equip/info - Aircraft control - Pilot, Aircraft - Aircraft oper/perf/capability - Performance/control parameters - Directional control - Not attained/maintained",,"47.652059999999999","-118.17377","LAKE TAHOE PROPERTIES INC","CA 8","AIR","68S","DAVENPORT","true","1","TP",,"PERS","091","Substantial","VMC",,"Completed",,"Final","https://data.ntsb.gov/Docket?ProjectID=200657","https://data.ntsb.gov/carol-repgen/api/Aviation/ReportMain/GenerateNewestReport/200657/pdf"
"WPR25FA225","ACC","200638","2025-07-27T18:41:00Z","Nampa","Idaho","United States",,"N5764H","24-1477","false","Aviation","",,,"Fatal","3","0","0","3",,,,,"43.585227000000003","-116.53971","MOONEY","M20J","AIR","MAN","NAMPA MUNI","false","1",,,"PERS","091","Substantial","VMC","SLEEPYTIME PLLC","In work",,"Prelim","","https://data.ntsb.gov/carol-repgen/api/Aviation/ReportMain/GenerateNewestReport/200638/pdf"
"CEN25LA292","ACC","200649","2025-07-27T11:30:00Z","North Bend","Nebraska","United States",,"N432TV","3286","false","Aviation","DirectorBrief","2025-11-14T05:00:00Z","2025-11-14T18:00:00Z","None","0","0","0","0","0","The pilot’s failure to maintain clearance from wires while maneuvering at a low altitude, and the ground crew failure to inform the pilot that the support truck had been moved.","Environmental issues - Physical environment - Object/animal/substance - Wire - Awareness of condition, Aircraft - Aircraft oper/perf/capability - Performance/control parameters - Altitude - Not attained/maintained, Personnel issues - Psychological - Attention/monitoring - Monitoring environment - Pilot, Personnel issues - Action/decision - Action - Lack of action - Ground crew",,"41.459525999999997","-96.753362999999993","BELL","206B","HELI",,,"false","1","TS",,"AAPL","137","Substantial","VMC","SKY COPTERS INC","Completed",,"Final","https://data.ntsb.gov/Docket?ProjectID=200649","https://data.ntsb.gov/carol-repgen/api/Aviation/ReportMain/GenerateNewestReport/200649/pdf"
"WPR25LA230","ACC","200658","2025-07-27T11:10:00Z","Coeur d' Alene","Idaho","United States",,"N505RF","EVO-0046","false","Aviation","",,,"Minor","0","0","3","3",,,,,"47.778872","-116.80959","BALLISODARE LLC","LANCAIR EVOLUTION","AIR","COE","Coeur d' Alene Airport -Pappy Boyington Field","true","1",,,"PERS","091","Destroyed","VMC",,"In work",,"Prelim","","https://data.ntsb.gov/carol-repgen/api/Aviation/ReportMain/GenerateNewestReport/200658/pdf"
"WPR25FA224","ACC","200637","2025-07-26T23:37:00Z","Pacific Grove","California","United States",,"N8796R","TC-1807","false","Aviation","",,,"Fatal","3","0","0","3",,,,,"36.627944999999997","-121.94056999999999","BEECH","95-B55 (T42A)","AIR","MRY","MONTEREY RGNL","false","2",,,"PERS","091","Substantial","IMC","SEA2SKY AVIATION LLC","In work",,"Prelim","","https://data.ntsb.gov/carol-repgen/api/Aviation/ReportMain/GenerateNewestReport/200637/pdf"
"GAA25WA219","ACC","200660","2025-07-26T21:30:00Z","Deer Lake","Other Foreign","Canada",,"C-GYYP","31-7812026","false","Aviation","","2025-10-02T04:00:00Z",,"Fatal","2","0","0","2","0",,,,"49.209167000000001","-57.394444","PIPER","PA31","AIR","CYDF","Deer Lake Regional Airport","false","2","REC",,,"NUSN","Substantial",,,"N/A",,"Final","","None"
"WPR25LA226","ACC","200647","2025-07-26T19:50:00Z","Tucson Estates","Arizona","United States",,"N42725","18259165","false","Aviation","DirectorBrief","2025-11-20T05:00:00Z","2025-11-20T18:00:00Z","None","0","0","0","0",,"The pilot’s inability to stop the airplane on the runway during a rejected takeoff for undetermined reasons, which resulted in the airplane’s impact with a ditch.","Aircraft - Aircraft systems - Navigation system - Pitot/static system - Unknown/Not determined, Aircraft - Aircraft systems - Landing gear system - Landing gear brakes system - Unknown/Not determined, Personnel issues - Task performance - Use of equip/info - Aircraft control - Pilot, Environmental issues - Physical environment - Terrain - Sloped/uneven terrain - Contributed to outcome",,"32.142211000000003","-111.17457","CESSNA","182L","AIR","RYN","Ryan Field Airport","false","1","REC",,"PERS","091","Destroyed","VMC",,"Completed",,"Final","https://data.ntsb.gov/Docket?ProjectID=200647","https://data.ntsb.gov/carol-repgen/api/Aviation/ReportMain/GenerateNewestReport/200647/pdf"
"CEN25LA288","ACC","200636","2025-07-26T19:40:00Z","Brookings","South Dakota","United States",,"N8423H","28R-8131190","false","Aviation","",,,"None","0","0","0","0",,,,,"44.310000000000002","-96.819999999999993","PIPER","PA-28RT-201T","AIR","BKX","Brookings Regional Airport","false","1",,,"OWRK","091","Substantial","VMC","TURBO ARROW LLC","In work",,"Prelim","","https://data.ntsb.gov/carol-repgen/api/Aviation/ReportMain/GenerateNewestReport/200636/pdf"
"ERA25LA382","ACC","202660","2025-07-26T18:57:00Z","Destin","Florida","United States",,"N594BA",,"false","Aviation","",,,,"0","0","0","0","0",,,,,,"ICON AIRCRAFT INC","A5",,,,"false",,,,"PERS","091",,"VMC","ICON KNIGHTS LLC","In work",,,"",""
"DCA25LA275","ACC","200663","2025-07-26T15:16:00Z","Denver","Colorado","United States",,"N306SW","44488","false","Aviation","",,,"None","0","0","0","0",,,,,"39.861697999999997","-104.67299","BOEING","737-8","AIR","DEN","Denver International Airport","false","2",,"SCHD",,"121","Substantial","VMC","American Airlines, Inc.","In work",,"Prelim","","https://data.ntsb.gov/carol-repgen/api/Aviation/ReportMain/GenerateNewestReport/200663/pdf"
"GAA25WA229","ACC","200714","2025-07-26T11:45:00Z","BRAGANÇA PAULISTA","Other Foreign","Brazil",,"PR-NIJ","15073046","false","Aviation","","2025-08-11T04:00:00Z",,"None","0","0","0","0",,,,,"-23.005278000000001","-46.636944","CESSNA","150","AIR","SDVH",,"false","1",,,"OWRK","NUSC","Substantial",,"AVIASOM PUBLICIDADE AEREA LTDA.","N/A",,"Final","","None"
"CEN25LA287","ACC","200634","2025-07-26T11:33:00Z","New Holstein","Wisconsin","United States",,"N83PS","2143","false","Aviation","DirectorBrief","2025-10-30T04:00:00Z","2025-11-04T18:00:00Z","None","0","0","0","0","0","The pilot’s loss of direction control during landing due to an unapproved tailwheel assembly and tail spring that resulted in a tailwheel shimmy and a subsequent ground loop.","Aircraft - Aircraft systems - Landing gear system - Nose/tail landing gear - Malfunction, Aircraft - Aircraft oper/perf/capability - Performance/control parameters - Directional control - Attain/maintain not possible, Aircraft - Aircraft systems - Landing gear system - Nose/tail landing gear - Incorrect service/maintenance",,"43.943421999999998","-88.112606","AEROTEK","PITTS S-2A","AIR","8D1","New Holstein Municipal Airport","false","1","REC",,"PERS","091","Substantial","VMC",,"Completed",,"Final","https://data.ntsb.gov/Docket?ProjectID=200634","https://data.ntsb.gov/carol-repgen/api/Aviation/ReportMain/GenerateNewestReport/200634/pdf"
"WPR25FA223","ACC","200635","2025-07-26T10:42:00Z","West Glacier","Montana","United States",,"N1342R","AA5-0742","false","Aviation","",,,"Fatal","2","0","0","2","0",,,,"48.478383999999998","-113.95967","GRUMMAN AMERICAN AVN. CORP.","AA-5","AIR","2MT1","RYAN FLD","false","1",,,"PERS","091","Substantial","VMC",,"In work",,"Prelim","","https://data.ntsb.gov/carol-repgen/api/Aviation/ReportMain/GenerateNewestReport/200635/pdf"
"CEN25LA293","ACC","200650","2025-07-26T08:45:00Z","Appleton","Wisconsin","United States",,"N401VA","31T-8275001","false","Aviation","DirectorBrief","2025-12-04T05:00:00Z","2025-12-04T18:00:00Z","None","0","0","0","0","0","The pilot’s failure to maintain control of the airplane on the ground, which resulted in a collision with a parked airplane.","Aircraft - Aircraft systems - Landing gear system - Brake - Damaged/degraded, Aircraft - Aircraft systems - Landing gear system - Brake - Inadequate inspection, Aircraft - Aircraft oper/perf/capability - Performance/control parameters - Directional control - Not attained/maintained, Personnel issues - Task performance - Use of equip/info - Aircraft control - Pilot",,"44.258214000000002","-88.512206000000006","PIPER","PA-31T3","AIR","ATW","APPLETON INTL","false","2","TP","NSCH","BUS","135","Substantial","VMC","PRO AIRE CARGO & CONSULTING INC","Completed",,"Final","https://data.ntsb.gov/Docket?ProjectID=200650","https://data.ntsb.gov/carol-repgen/api/Aviation/ReportMain/GenerateNewestReport/200650/pdf"
"DCA25WA296","INC","200798","2025-07-26T04:00:00Z","Brisbane",,"Australia",,"DQ-FAE",,"false","Aviation","","2025-10-08T04:00:00Z",,,,,,,,,,,,,"BOEING","737","AIR",,"Brisbane","false","2",,,,"NUSC","Minor",,,"N/A",,"Final","","None"
"ERA25LA279","ACC","200652","2025-07-25T20:40:00Z","Windham","Connecticut","United States",,"N469JS","MA-23","false","Aviation","DirectorBrief","2025-12-18T05:00:00Z","2025-12-18T18:00:00Z","None","0","0","0","0","0","The pilot’s inadequate preflight planning, which resulted in a rejected takeoff and subsequent runway excursion.","Personnel issues - Action/decision - Info processing/decision - Decision making/judgment - Pilot",,"41.738923999999997","-72.183156999999994","BEECH","A23-24","AIR","IJD","Windham Airport","false","1","REC",,"PERS","091","Substantial","VMC",,"Completed",,"Final","https://data.ntsb.gov/Docket?ProjectID=200652","https://data.ntsb.gov/carol-repgen/api/Aviation/ReportMain/GenerateNewestReport/200652/pdf"
"ANC25FA079","ACC","200633","2025-07-25T10:16:00Z","Dillingham","Alaska","United States",,"N5050R","15301","false","Aviation","",,,"Fatal","1","0","0","1",,,,,"59.038559999999997","-158.51182","PIPER","J3C-65","AIR","DLG","Dillingham Airport","false","1",,,"PERS","091","Substantial","VMC",,"In work",,"Prelim","","https://data.ntsb.gov/carol-repgen/api/Aviation/ReportMain/GenerateNewestReport/200633/pdf"
"CEN25LA301","ACC","200692","2025-07-24T20:20:00Z","Kerrville","Texas","United States",,"N756XY","U20604450","false","Aviation","DirectorBrief","2025-09-18T04:00:00Z","2025-09-18T17:00:00Z","None","0","0","0","0","0","The pilot’s failure to confirm the fuel quantity before flight which resulted in a loss of engine power due to fuel starvation.","Aircraft - Fluids/misc hardware - Fluids - Fuel - Fluid level, Aircraft - Fluids/misc hardware - Fluids - Fuel - Inadequate inspection, Personnel issues - Task performance - Inspection - Preflight inspection - Pilot",,"30.037970000000001","-99.168779999999998","CESSNA","U206G","AIR","N/A","N/A","false","1","REC",,"PERS","091","Substantial","VMC",,"Completed",,"Final","https://data.ntsb.gov/Docket?ProjectID=200692","https://data.ntsb.gov/carol-repgen/api/Aviation/ReportMain/GenerateNewestReport/200692/pdf"
"DCA25WA279","OCC","200678","2025-07-24T19:55:00Z","Cairns","Other Foreign","Australia",,"VH-A2T","19000179","false","Aviation","","2025-11-04T05:00:00Z",,"None","0","0","0","0","0",,,,"-16.885833000000002","145.755278","EMBRAER","ERJ190","AIR",,,"false","2","TF","SCHD",,"NUSC","None",,"Alliance Airlines","N/A",,"Final","","None"
"ANC25LA078","ACC","200630","2025-07-24T17:30:00Z","Gulkana","Alaska","United States",,"N29110","U206-1080","false","Aviation","DirectorBrief","2026-01-09T05:00:00Z","2026-01-09T19:00:00Z","None","0","0","0","0",,"The pilot’s inadequate fuel management, which resulted in a total loss of engine power due to fuel starvation.","Aircraft - Fluids/misc hardware - Fluids - Fuel - Fluid management, Personnel issues - Task performance - Use of equip/info - Use of equip/system - Pilot",,"62.142637000000001","-145.44945999999999","CESSNA","U206C","AIR","GKN","Gulkana Airport","false","1","REC","NSCH","BUS","135","Substantial","VMC","COPPER VALLEY AIR SERVICE LLC","Completed",,"Final","https://data.ntsb.gov/Docket?ProjectID=200630","https://data.ntsb.gov/carol-repgen/api/Aviation/ReportMain/GenerateNewestReport/200630/pdf"
"ERA25LA287","ACC","200709","2025-07-24T17:00:00Z","Franconia","New Hampshire","United States",,"N103GV","3069","false","Aviation","DirectorBrief","2025-11-20T05:00:00Z","2025-11-20T18:00:00Z","None","0","0","0","0",,"The pilot’s failure to detect the inadvertent deployment of the spoilers, which resulted in a prolonged, excessive descent rate. Contributing to the accident was the pilot’s decision to conduct a downwind approach versus a straight in approach to the diversionary airport, which resulted in an off-airport landing.","Personnel issues - Action/decision - Info processing/decision - Identification/recognition - Pilot, Aircraft - Aircraft systems - Flight control system - Drag control system - Incorrect use/operation, Personnel issues - Action/decision - Info processing/decision - Decision making/judgment - Pilot",,"44.174930000000003","-71.764360999999994","GROB-WERKE","TWIN ASTIR","GLI",,,"false","0","NONE",,"PERS","091","Substantial","VMC",,"Completed",,"Final","https://data.ntsb.gov/Docket?ProjectID=200709","https://data.ntsb.gov/carol-repgen/api/Aviation/ReportMain/GenerateNewestReport/200709/pdf"
"ERA25LA277","ACC","200641","2025-07-24T11:00:00Z","Hardinsburg","Kentucky","United States",,"N50LM","765","false","Aviation","",,,"Minor","0","0","2","2",,,,,"37.786014999999999","-86.452394999999996","MANGELS LEIGHTON","LANCAIR360","AIR","I93","Breckinridge County Airport","true","1",,,"PERS","091","Substantial","VMC",,"In work",,"Prelim","","https://data.ntsb.gov/carol-repgen/api/Aviation/ReportMain/GenerateNewestReport/200641/pdf"
"WPR25LA221","ACC","200625","2025-07-23T22:45:00Z","Helena","Montana","United States",,"N5204C","D-2549","false","Aviation","DirectorBrief","2025-09-26T04:00:00Z","2025-09-26T17:00:00Z","Minor","0","0","1","1",,"The pilot’s failure to properly configure the airplane during a go-around which resulted in the airplane exceeding its critical angle of attack and an aerodynamic stall at a low altitude.","Personnel issues - Action/decision - Info processing/decision - Decision making/judgment - Pilot, Personnel issues - Task performance - Use of equip/info - Aircraft control - Pilot, Personnel issues - Action/decision - Action - Incorrect action selection - Pilot, Aircraft - Aircraft oper/perf/capability - Performance/control parameters - Airspeed - Not attained/maintained",,"46.601450999999997","-111.98054999999999","BEECH","B35","AIR","HLN","HELENA RGNL","false","1","REC",,"PERS","091","Substantial","VMC","PEACE SIGN LLC","Completed",,"Final","https://data.ntsb.gov/Docket?ProjectID=200625","https://data.ntsb.gov/carol-repgen/api/Aviation/ReportMain/GenerateNewestReport/200625/pdf"
"ANC25LA077","ACC","200628","2025-07-23T18:00:00Z","Yakutat","Alaska","United States",,"N8457Z","205-0457","false","Aviation","",,,"None","0","0","0","0",,,,,"59.107759999999999","-138.50176999999999","CESSNA","210-5","AIR",,,"false","1",,"NSCH","BUS","135","Substantial","VMC","Yakutat Air","In work",,"Prelim","","https://data.ntsb.gov/carol-repgen/api/Aviation/ReportMain/GenerateNewestReport/200628/pdf"
"CEN25LA286","ACC","200626","2025-07-23T17:55:00Z","Rushmore","Minnesota","United States",,"N2032J","1583","false","Aviation","DirectorBrief","2025-09-05T04:00:00Z","2025-09-05T18:00:00Z","Minor","0","0","1","1","0","The pilot’s failure to maintain clearance from a tree during low-level maneuvering.","Personnel issues - Psychological - Attention/monitoring - Monitoring environment - Pilot, Aircraft - Aircraft oper/perf/capability - Performance/control parameters - Altitude - Not attained/maintained, Environmental issues - Physical environment - Object/animal/substance - Tree(s) - Response/compensation",,"43.619399999999999","-95.800600000000003","WEATHERLY AVIATION CO INC","620B","AIR","OTG","Worthington Municipal","false","1","REC",,"AAPL","137","Substantial","VMC",,"Completed",,"Final","https://data.ntsb.gov/Docket?ProjectID=200626","https://data.ntsb.gov/carol-repgen/api/Aviation/ReportMain/GenerateNewestReport/200626/pdf"
"CEN25LA285","ACC","200624","2025-07-23T17:00:00Z","Walcott","Iowa","United States",,"N802BF","802A-0116","false","Aviation","DirectorBrief","2025-10-23T04:00:00Z","2025-10-23T17:00:00Z","None","0","0","0","0","0","The pilot’s failure to maintain clearance from the crops during an aerial application flight.","Aircraft - Aircraft oper/perf/capability - Performance/control parameters - Altitude - Not attained/maintained, Personnel issues - Psychological - Attention/monitoring - Monitoring environment - Pilot",,"41.676130999999998","-90.744086999999993","AIR TRACTOR INC","AT-802A","AIR",,,"false","1","TP",,"AAPL","137","Substantial","VMC","BLUE SKY MANAGEMENT LLC","Completed",,"Final","https://data.ntsb.gov/Docket?ProjectID=200624","https://data.ntsb.gov/carol-repgen/api/Aviation/ReportMain/GenerateNewestReport/200624/pdf"
"ERA25LA292","ACC","200747","2025-07-23T14:00:00Z","Burlington","Vermont","United States",,"N112EF","309","false","Aviation","",,,"None","0","0","0","0",,,,,"44","-73","ROCKWELL INTERNATIONAL","112","AIR","BTV",,"false","1",,,"PERS","091","Substantial",,,"In work",,"Prelim","","https://data.ntsb.gov/carol-repgen/api/Aviation/ReportMain/GenerateNewestReport/200747/pdf"
"CEN25LA284","ACC","200617","2025-07-23T11:45:00Z","New Hudson","Michigan","United States",,"N1812J","28-24240","false","Aviation","DirectorBrief","2025-10-09T04:00:00Z","2025-10-09T17:00:00Z","Minor","0","0","1","1",,"The student pilot’s improper landing flare and the flight instructor’s delayed remedial action during landing that resulted in a loss of control and impact with terrain.","Personnel issues - Action/decision - Action - Delayed action - Instructor/check pilot, Aircraft - Aircraft oper/perf/capability - Performance/control parameters - Landing flare - Not attained/maintained, Personnel issues - Task performance - Use of equip/info - Aircraft control - Instructor/check pilot",,"42.514899999999997","-83.608199999999997","PIPER","PA-28-140","AIR","Y47","Oakland Southwest Airport","false","1","REC",,"INST","091","Substantial","VMC","ECHO AVIATION II LLC","Completed",,"Final","https://data.ntsb.gov/Docket?ProjectID=200617","https://data.ntsb.gov/carol-repgen/api/Aviation/ReportMain/GenerateNewestReport/200617/pdf"
"GAA25WA217","ACC","200644","2025-07-23T09:40:00Z","Siviez",,"Switzerland",,"HB-ZAO",,"false","Aviation","","2025-09-23T04:00:00Z",,"None","0","0","0","0",,,,,,,"KAMAN","K-Max","HELI",,,"false",,,,,"NUSC","Substantial",,,"N/A",,"Final","","None"
"CEN25LA283","ACC","200616","2025-07-23T09:30:00Z","Hartsburg","Illinois","United States",,"N2371V","301-0420","false","Aviation","DirectorBrief","2025-11-14T05:00:00Z","2025-11-14T18:00:00Z","None","0","0","0","0","0","The pilot’s failure to maintain control of the airplane during takeoff with a tailwind from a wet turf airstrip.","Aircraft - Aircraft oper/perf/capability - Performance/control parameters - Climb rate - Capability exceeded, Personnel issues - Action/decision - Info processing/decision - Decision making/judgment - Pilot, Environmental issues - Physical environment - Runway/land/takeoff/taxi surface - Soft surface - Effect on operation, Environmental issues - Conditions/weather/phenomena - Wind - Tailwind - Effect on operation",,"40.236699999999999","-89.427407000000002","AIR TRACTOR INC","AT-301","AIR","PVT","PVT","false","1","TP",,"AAPL","137","Substantial","VMC","T&M AIRCRAFT LLC","Completed",,"Final","https://data.ntsb.gov/Docket?ProjectID=200616","https://data.ntsb.gov/carol-repgen/api/Aviation/ReportMain/GenerateNewestReport/200616/pdf"
"CEN25LA299","ACC","200676","2025-07-23T09:15:00Z","Grenada","Mississippi","United States",,"N35025","5535","false","Aviation","DirectorBrief","2026-01-09T05:00:00Z","2026-01-09T19:00:00Z","None","0","0","0","0","0","The flight instructor’s inadequate supervision of the flight and improper decision to continue with a takeoff after the airplane swerved off the runway. Contributing to the accident was the student pilot’s failure to maintain directional control of the tailwheel-equipped airplane.","Aircraft - Aircraft oper/perf/capability - Performance/control parameters - Directional control - Not attained/maintained, Personnel issues - Task performance - Use of equip/info - Aircraft control - Student/instructed pilot, Personnel issues - Action/decision - Info processing/decision - Decision making/judgment - Instructor/check pilot, Environmental issues - Physical environment - Object/animal/substance - Fence/fence post - Contributed to outcome, Personnel issues - Action/decision - Action - Delayed action - Instructor/check pilot, Personnel issues - Psychological - Attention/monitoring - Monitoring other person - Instructor/check pilot",,"33.839832999999999","-89.802417000000005","PIPER","J5A","AIR","GNF","Grenada Municipal Airport","false","1","REC",,"INST","091","Substantial","VMC",,"Completed",,"Final","https://data.ntsb.gov/Docket?ProjectID=200676","https://data.ntsb.gov/carol-repgen/api/Aviation/ReportMain/GenerateNewestReport/200676/pdf"
"CEN25FA281","ACC","200614","2025-07-23T07:30:00Z","Thibodaux","Louisiana","United States",,"N2611","45417","false","Aviation","",,,"Fatal","1","0","0","1","0",,,,"29.801293999999999","-90.773972000000001","BELL HELICOPTER TEXTRON","206L-1","HELI",,,"false","1",,,"AAPL","137","Destroyed","VMC","Joe Brigham Inc.","In work",,"Prelim","","https://data.ntsb.gov/carol-repgen/api/Aviation/ReportMain/GenerateNewestReport/200614/pdf"
"WPR25LA228","ACC","200656","2025-07-22T18:06:00Z","Astoria","Oregon","United States",,"N3785Q","D-8413","false","Aviation","",,,"None","0","0","0","0",,,,,"46.157908999999997","-123.82389999999999","BEECH","V35","AIR","AST","ASTORIA RGNL","false","1",,,"PERS","091","Substantial","VMC","GO FLY MISSOULA LLC","In work",,"Prelim","","https://data.ntsb.gov/carol-repgen/api/Aviation/ReportMain/GenerateNewestReport/200656/pdf"
"WPR25LA227","ACC","200648","2025-07-22T17:40:00Z","Logan","Utah","United States",,"N422K","1000","false","Aviation","DirectorBrief","2025-10-02T04:00:00Z","2025-10-02T17:00:00Z","Minor","0","0","1","1",,"The pilot’s failure to maintain airplane control during takeoff in variable wind and high density altitude conditions.","Environmental issues - Conditions/weather/phenomena - Wind - Crosswind - Effect on operation, Personnel issues - Task performance - Use of equip/info - Use of equip/system - Pilot, Environmental issues - Conditions/weather/phenomena - Temp/humidity/pressure - High density altitude - Effect on operation, Personnel issues - Task performance - Planning/preparation - Weather planning - Pilot, Aircraft - Aircraft oper/perf/capability - Performance/control parameters - Lateral/bank control - Not attained/maintained",,"41.789999999999999","-111.84999999999999","HARTLINE J BON","HARTLINE KITFOX III","AIR","LGU","Logan Cache Airport","true","1","REC",,"PERS","091","Substantial","VMC",,"Completed",,"Final","https://data.ntsb.gov/Docket?ProjectID=200648","https://data.ntsb.gov/carol-repgen/api/Aviation/ReportMain/GenerateNewestReport/200648/pdf"
"CEN25LA290","ACC","200642","2025-07-22T17:15:00Z","Lansing","Illinois","United States",,"N737HN","R18200829","false","Aviation","DirectorBrief","2025-12-04T05:00:00Z","2025-12-04T18:00:00Z","None","0","0","0","0","0","The pilot's failure to extend the landing gear before landing due to his distraction of other traffic and failure to follow his landing procedures.","Personnel issues - Action/decision - Action - Forgotten action/omission - Pilot, Personnel issues - Task performance - Use of equip/info - Use of equip/system - Pilot, Aircraft - Aircraft systems - Landing gear system - Gear extension and retract sys - Not used/operated, Personnel issues - Psychological - Attention/monitoring - Attention - Pilot, Personnel issues - Task performance - Use of equip/info - Use of policy/procedure - Pilot",,"41.531115999999997","-87.527794","CESSNA","R182","AIR","IGO","Lansing","false","1","REC",,"PERS","091","Substantial","VMC",,"Completed",,"Final","https://data.ntsb.gov/Docket?ProjectID=200642","https://data.ntsb.gov/carol-repgen/api/Aviation/ReportMain/GenerateNewestReport/200642/pdf"
"CEN25LA279","ACC","200612","2025-07-22T15:32:00Z","Oshkosh","Wisconsin","United States",,"N71AW","1123","false","Aviation","DirectorBrief","2025-10-02T04:00:00Z","2025-10-02T17:00:00Z","None","0","0","0","0","0","The pilot’s failure to maintain control of the airplane while landing with a tailwind.","Aircraft - Aircraft oper/perf/capability - Performance/control parameters - Landing flare - Not attained/maintained, Personnel issues - Task performance - Use of equip/info - Aircraft control - Pilot",,"43.975447000000003","-88.556804999999997","Dyke Delta","JD-2","AIR","KOSH","Wittman","true","1","REC",,"ASHO","091","Substantial","VMC",,"Completed",,"Final","https://data.ntsb.gov/Docket?ProjectID=200612","https://data.ntsb.gov/carol-repgen/api/Aviation/ReportMain/GenerateNewestReport/200612/pdf"
"CEN25LA277","ACC","200610","2025-07-22T15:00:00Z","Maynard","Iowa","United States",,"N88911","0602","false","Aviation","",,,"None","0","0","0","0","0",,,,"42.75996","-91.927480000000003","ROBINSON HELICOPTER CO","R66","HELI",,,"false","1",,,"AAPL","137","Substantial","VMC","MIDWEST AVIATION LLC","In work",,"Prelim","","https://data.ntsb.gov/carol-repgen/api/Aviation/ReportMain/GenerateNewestReport/200610/pdf"
"CEN25LA276","ACC","200609","2025-07-22T14:22:00Z","Centralia","Missouri","United States",,"N1534D","402A-0855","false","Aviation","DirectorBrief","2025-10-09T04:00:00Z","2025-10-09T17:00:00Z","Serious","0","1","0","1",,"The pilot’s failure to maintain clearance from power lines during low-level maneuvering.","Aircraft - Aircraft oper/perf/capability - Performance/control parameters - Altitude - Not attained/maintained, Personnel issues - Psychological - Attention/monitoring - Monitoring environment - Pilot",,"39.211599999999997","-92.138833000000005","AIR TRACTOR, INC.","AT-402A","AIR",,,"false","1","TP",,,"137","Substantial","VMC","EDGE AVIATION LLC","Completed",,"Final","https://data.ntsb.gov/Docket?ProjectID=200609","https://data.ntsb.gov/carol-repgen/api/Aviation/ReportMain/GenerateNewestReport/200609/pdf"
"CEN25LA274","ACC","200605","2025-07-22T11:30:00Z","Hastings","Nebraska","United States",,"N502KB","502B-2748","false","Aviation","DirectorBrief","2025-10-02T04:00:00Z","2025-10-02T17:00:00Z","None","0","0","0","0","0","The pilot’s failure to maintain clearance from powerlines while maneuvering at low altitude.","Personnel issues - Psychological - Attention/monitoring - Monitoring environment - Pilot, Environmental issues - Physical environment - Object/animal/substance - Wire - Awareness of condition, Aircraft - Aircraft oper/perf/capability - Performance/control parameters - Altitude - Not attained/maintained, Personnel issues - Task performance - Use of equip/info - Aircraft control - Pilot",,"40.568013999999998","-98.354481000000007","AIR TRACTOR","AT502","AIR",,,"false","1","TP",,"AAPL","137","Substantial","VMC","MEYERS AERIAL SERVICE LLC","Completed",,"Final","https://data.ntsb.gov/Docket?ProjectID=200605","https://data.ntsb.gov/carol-repgen/api/Aviation/ReportMain/GenerateNewestReport/200605/pdf"
"GAA25WA244","ACC","200868","2025-07-22T11:16:00Z","Azzano Mella","Other Foreign","Italy",,"I-E607",,"false","Aviation","",,,"Fatal","2","0","0","2","0",,,,,,"ProMecc Aerosapce","Freccia FG","AIR",,,"false",,,,,"NUSN","Destroyed",,,"N/A",,"Prelim","","None"
"CEN25FA273","ACC","200603","2025-07-22T10:30:00Z","Oregon","Illinois","United States",,"N2802J","T18803515T","false","Aviation","",,,"Fatal","1","0","0","1",,,,,"42.038871999999998","-89.388897999999998","CESSNA","T188C","AIR",,,"false","1",,,"AAPL","137","Substantial","VMC","CENTRAL STATES AERIAL LLC","In work",,"Prelim","","https://data.ntsb.gov/carol-repgen/api/Aviation/ReportMain/GenerateNewestReport/200603/pdf"
"ERA25LA276","ACC","200622","2025-07-22T10:30:00Z","Farmingdale","New York","United States",,"N67722","560","false","Aviation","DirectorBrief","2025-11-20T05:00:00Z","2025-11-20T18:00:00Z","None","0","0","0","0","0","The pilot’s failure to maintain directional control of the airplane while landing in a crosswind.","Aircraft - Aircraft oper/perf/capability - Performance/control parameters - Directional control - Not attained/maintained, Environmental issues - Conditions/weather/phenomena - Wind - Crosswind - Response/compensation",,"40.726737","-73.411360999999999","HOWARD AIRCRAFT","DGA-15P","AIR","FRG","Republic Airport","false","1","REC",,"PERS","091","Substantial","VMC",,"Completed",,"Final","https://data.ntsb.gov/Docket?ProjectID=200622","https://data.ntsb.gov/carol-repgen/api/Aviation/ReportMain/GenerateNewestReport/200622/pdf"
"CEN25LA278","ACC","200611","2025-07-21T19:56:00Z","Oshkosh","Wisconsin","United States",,"C-GPDZ",,"false","Aviation","",,,"None","0","0","0","0","0",,,,"43.991079999999997","-88.561036999999999","RAVIN","500","AIR","OSH","WITTMAN RGNL","true","1",,,"PERS","091","Substantial","VMC",,"In work",,"Prelim","","https://data.ntsb.gov/carol-repgen/api/Aviation/ReportMain/GenerateNewestReport/200611/pdf"
"CEN25FA269","ACC","200598","2025-07-21T18:28:00Z","Granite Falls","Minnesota","United States",,"N339L","530432","false","Aviation","",,,"Fatal","1","1","0","2","0",,,,"44.761330999999998","-95.561233000000001","AERO VODOCHODY","L-39C","AIR","GDB","Granite Falls Municipal Airport","false","1",,,"INST","091","Substantial","VMC","L39 Aircraft LLC","In work",,"Prelim","","https://data.ntsb.gov/carol-repgen/api/Aviation/ReportMain/GenerateNewestReport/200598/pdf"
"CEN25FA270","ACC","200599","2025-07-21T17:27:00Z","Lowell","Michigan","United States",,"N21KL","140933","false","Aviation","",,,"Fatal","2","0","0","2","0",,,,"42.959460999999997","-85.357535999999996","Van's Aircraft","RV-14","AIR",,,"true","1",,,"PERS","091","Destroyed","VMC",,"In work",,"Prelim","","https://data.ntsb.gov/carol-repgen/api/Aviation/ReportMain/GenerateNewestReport/200599/pdf"
"DCA25WA292","INC","200792","2025-07-21T15:26:00Z","Ciudad de México",,"Mexico",,"N3766","30820","false","Aviation","","2025-10-08T04:00:00Z",,"None","0","0","0","0",,,,,"19.436299999999999","-99.072097999999997","BOEING","737-832","AIR","MMMX","Licenciado Benito Juarez International Airport","false","2","TF","SCHD",,"121","None",,"DELTA AIR LINES INC","N/A",,"Final","","None"
"DCA25LA269","ACC","200620","2025-07-21T14:01:00Z","Jacksonville","Georgia","United States",,"N229JQ","17000219","false","Aviation","DirectorBrief","2026-03-17T04:00:00Z","2026-03-17T18:00:00Z","Serious","0","1","0","1",,"The airplane’s encounter with unanticipated moderate turbulence.","Environmental issues - Conditions/weather/phenomena - Turbulence - Convective turbulence - Effect on operation, Environmental issues - Conditions/weather/phenomena - Turbulence - Convective turbulence - Awareness of condition",,"30.770700000000001","-81.572000000000003","EMBRAER-EMPRESA BRASILEIRA DE","ERJ 170-200 LR","AIR",,,"false","2","TF","SCHD",,"121","None","IMC","DELTA AIR LINES INC","Completed",,"Final","https://data.ntsb.gov/Docket?ProjectID=200620","https://data.ntsb.gov/carol-repgen/api/Aviation/ReportMain/GenerateNewestReport/200620/pdf"
"ERA25LA275","ACC","200596","2025-07-21T11:48:00Z","San Juan","Puerto Rico","United States",,"N4187U","2843201","false","Aviation","DirectorBrief","2025-11-20T05:00:00Z","2025-11-20T18:00:00Z","None","0","0","0","0",,"The student pilot’s excessing pitch attitude during takeoff, which resulted in a loss of aircraft control and aerodynamic stall.","Personnel issues - Task performance - Use of equip/info - Aircraft control - Student/instructed pilot, Aircraft - Aircraft oper/perf/capability - Performance/control parameters - Pitch control - Not attained/maintained, Aircraft - Aircraft oper/perf/capability - Performance/control parameters - Angle of attack - Capability exceeded",,"18.456778","-66.098472000000001","PIPER","PA28","AIR","SIG","Fernando Luis Ribas Dominicci Airport","false","1","REC",,"INST","091","Substantial","VMC","INTER AMERICAN UNIVERSITY OF PUERTO RICO","Completed",,"Final","https://data.ntsb.gov/Docket?ProjectID=200596","https://data.ntsb.gov/carol-repgen/api/Aviation/ReportMain/GenerateNewestReport/200596/pdf"
"ERA25LA274","ACC","200592","2025-07-21T11:30:00Z","Versailles","Kentucky","United States",,"N8670Z","P206-0470","false","Aviation","DirectorBrief","2025-11-20T05:00:00Z","2025-11-20T18:00:00Z","None","0","0","0","0",,"The pilot’s mismanagement of the airplane’s available fuel supply, which resulted in fuel starvation and a subsequent total loss of engine power.","Personnel issues - Task performance - Use of equip/info - Use of equip/system - Pilot, Aircraft - Fluids/misc hardware - Fluids - Fuel - Fluid management",,"38.045780999999998","-84.717274000000003","CESSNA","TP206C","AIR",,,"false","1","REC",,"PERS","091","Substantial","IMC",,"Completed",,"Final","https://data.ntsb.gov/Docket?ProjectID=200592","https://data.ntsb.gov/carol-repgen/api/Aviation/ReportMain/GenerateNewestReport/200592/pdf"
"CEN25LA282","ACC","200615","2025-07-21T08:45:00Z","Crosby","Texas","United States",,"N93HP","21064843","false","Aviation","",,,"None","0","0","0","0","0",,,,"29.946490000000001","-95.041370000000001","CESSNA","T210N","AIR",,,"false","1",,,"PERS","091","Substantial","VMC","AXE CAPITOL INC","In work",,"Prelim","","https://data.ntsb.gov/carol-repgen/api/Aviation/ReportMain/GenerateNewestReport/200615/pdf"
"DCA25WA271","INC","200623","2025-07-21T00:05:00Z","Hobart Aerodrome",,"Australia",,"VH-YFY",,"false","Aviation","","2025-11-04T05:00:00Z",,,,,,,,,,,"-42.704360999999999","147.73339799999999","BOEING","737-800","AIR",,,"false",,,,,"NUSC","None",,"Virgin Australia","N/A",,"Final","","None"
"CEN25LA268","ACC","200595","2025-07-20T21:25:00Z","Baraboo","Wisconsin","United States",,"N9623Q","22840","false","Aviation","DirectorBrief","2025-09-05T04:00:00Z","2025-09-05T18:00:00Z","None","0","0","0","0","0","The pilot’s failure to maintain directional control during landing.","Personnel issues - Task performance - Use of equip/info - Aircraft control - Pilot, Aircraft - Aircraft oper/perf/capability - Performance/control parameters - Directional control - Not attained/maintained",,"43.522025999999997","-89.771237999999997","CESSNA","305A","AIR","DLL","Baraboo/Wisconsin Dells","false","1","REC",,"PERS","091","Substantial","VMC",,"Completed",,"Final","https://data.ntsb.gov/Docket?ProjectID=200595","https://data.ntsb.gov/carol-repgen/api/Aviation/ReportMain/GenerateNewestReport/200595/pdf"
"CEN25LA265","ACC","200590","2025-07-20T16:45:00Z","Oshkosh","Wisconsin","United States",,"N53TL","88","false","Aviation","",,,"None","0","0","0","0","0",,,,"43.990955999999997","-88.560394000000002","QUESTAIR","VENTURE","AIR","OSH",,"true","1",,,"PERS","091","Substantial","VMC",,"In work",,"Prelim","","https://data.ntsb.gov/carol-repgen/api/Aviation/ReportMain/GenerateNewestReport/200590/pdf"
"CEN25LA264","ACC","200584","2025-07-20T15:15:00Z","Pipestone","Minnesota","United States",,"N6557Q","A-57","false","Aviation","DirectorBrief","2026-01-09T05:00:00Z","2026-01-09T19:00:00Z","None","0","0","0","0","0","The failure of the left brake to release due to corrosion and pitting of the caliper piston and bore, which resulted in a runway excursion.","Aircraft - Aircraft systems - Landing gear system - Master cylinder/brake valve - Fatigue/wear/corrosion",,"43.984720000000003","-96.303479999999993","ALON","A2","AIR","PQN","PIPESTONE MUNI","false","1","REC",,"PERS","091","Substantial","VMC",,"Completed",,"Final","https://data.ntsb.gov/Docket?ProjectID=200584","https://data.ntsb.gov/carol-repgen/api/Aviation/ReportMain/GenerateNewestReport/200584/pdf"
"GAA25WA282","ACC","202317","2025-07-20T15:00:00Z","Kelvinhaugh",,"Australia",,"VH-EYQ",,"false","Aviation","",,,"Fatal","2","0","0","2",,,,,,,"Riems Aviaition S.A.","F406",,,,"false",,,,,,,,,"N/A",,,"","None"
"CEN25LA315","ACC","200759","2025-07-20T13:50:00Z","Faith","South Dakota","United States",,"N3443C","26486","false","Aviation","DirectorBrief","2025-12-04T05:00:00Z","2025-12-04T18:00:00Z","None","0","0","0","0",,"The pilot's failure to maintain directional control during the landing roll with crosswind.","Aircraft - Aircraft oper/perf/capability - Performance/control parameters - Directional control - Not attained/maintained, Personnel issues - Task performance - Use of equip/info - Aircraft control - Pilot, Environmental issues - Conditions/weather/phenomena - Wind - Crosswind - Effect on operation",,"45.034939999999999","-102.02052","CESSNA","170B","AIR","D07","Faith Municipal Airport","false","1","REC",,"PERS","091","Substantial","VMC",,"Completed",,"Final","https://data.ntsb.gov/Docket?ProjectID=200759","https://data.ntsb.gov/carol-repgen/api/Aviation/ReportMain/GenerateNewestReport/200759/pdf"
"ENG25WA056","ACC","201991","2025-07-20T13:30:00Z","Britânia, state of Goiás","Other Foreign","Brazil",,"PR-CBG","14765","false","Aviation","","2026-01-20T05:00:00Z",,,,,,,,,,,,,"AgustaWestlands","AW119 MKII","HELI",,,"false",,"TS",,,"NUSN","Unknown",,"Military Firefighters of Brazil","N/A",,"Final","","None"
"WPR25LA216","ACC","200586","2025-07-20T10:36:00Z","Concrete","Washington","United States",,"N6964A","29064","false","Aviation","DirectorBrief","2025-10-17T04:00:00Z","2025-10-17T17:00:00Z","Minor","0","0","1","1","0","The pilot’s failure to maintain clearance from powerlines, which resulted in a wire strike.","Personnel issues - Psychological - Attention/monitoring - Monitoring environment - Pilot, Environmental issues - Physical environment - Object/animal/substance - Wire - Effect on equipment",,"48.520373999999997","-121.87735000000001","CESSNA","172","AIR","N/A",,"false","1","REC",,"PERS","091","Substantial","VMC","Daniel P Gore","Completed",,"Final","https://data.ntsb.gov/Docket?ProjectID=200586","https://data.ntsb.gov/carol-repgen/api/Aviation/ReportMain/GenerateNewestReport/200586/pdf"
"ERA25FA272","ACC","200578","2025-07-20T09:00:00Z","Lititz","Pennsylvania","United States",,"N819MA","4697569","false","Aviation","",,,"Fatal","1","0","0","1","0",,,,"40.128371000000001","-76.277458999999993","PIPER","PA46-500TP","AIR","LNS","LANCASTER","false","1",,,"PERS","091","Substantial","IMC",,"In work",,"Prelim","","https://data.ntsb.gov/carol-repgen/api/Aviation/ReportMain/GenerateNewestReport/200578/pdf"
"CEN25FA261","ACC","200577","2025-07-19T21:50:00Z","Meadow Grove","Nebraska","United States",,"N55161","F.S. 07-2-00083","false","Aviation","",,,"Fatal","1","0","0","1","0",,,,"42.114167000000002","-97.772166999999996","KOLB","FIRESTAR","AIR",,,"false","1",,,"PERS","091","Destroyed","VMC",,"In work",,"Prelim","","https://data.ntsb.gov/carol-repgen/api/Aviation/ReportMain/GenerateNewestReport/200577/pdf"
"CEN25LA271","ACC","200600","2025-07-19T14:36:00Z","Kerrick","Texas","United States",,"N4426Z","17.09.012","false","Aviation","DirectorBrief","2025-09-05T04:00:00Z","2025-09-05T18:00:00Z","None","0","0","0","0",,"The glider’s encounter with atmospheric conditions where the lift was not sufficient to maintain flight.","Aircraft - Aircraft oper/perf/capability - Aircraft capability - Climb capability - Attain/maintain not possible, Environmental issues - Conditions/weather/phenomena - Temp/humidity/pressure - Thermal lifting - Effect on operation",,"36.508358999999999","-102.39212000000001","PZL SWIDNIK","PW-5","GLI","5TE4","Perkins-Protho Cimarron Ranch Airport","false","0",,,"PERS","091","Substantial","VMC",,"Completed",,"Final","https://data.ntsb.gov/Docket?ProjectID=200600","https://data.ntsb.gov/carol-repgen/api/Aviation/ReportMain/GenerateNewestReport/200600/pdf"
"WPR25LA219","ACC","200589","2025-07-19T13:00:00Z","Hollister","California","United States",,"N551SG, N926DT","4562, 80759","false","Aviation","",,,"Serious","0","1","0","1","0",,,,"36.887566","-121.40454","CIRRUS DESIGN CORP, NELSON DOUGLAS","SR22, VANS RV-8","AIR, AIR","CVH",,"false, false","1, 1",,,"PERS, PERS","091, 091","Substantial, Minor",,,"In work",,"Prelim","","https://data.ntsb.gov/carol-repgen/api/Aviation/ReportMain/GenerateNewestReport/200589/pdf"
"ENG25WA047","ACC","200639","2025-07-19T12:27:00Z","Lac du Poisson Blanc",,"Canada",,"C-FJAC","937","false","Aviation","",,,"None","0","0","0","0",,,,,,,"VIKING AIRCRAFT","DHC-2 MK. I (Beaver)","AIR",,,"false",,,,,"NUSC","Substantial",,"Air Tunilik Inc.","N/A",,"Prelim","","None"
"CEN25LA260","ACC","200576","2025-07-19T11:53:00Z","Lansing","Michigan","United States",,"N888DK","18504385","false","Aviation","DirectorBrief","2025-09-05T04:00:00Z","2025-09-05T18:00:00Z","None","0","0","0","0","0","The pilot’s improper landing flare and subsequent failure to maintain directional control during the landing in a crosswind condition.","Personnel issues - Task performance - Use of equip/info - Aircraft control - Pilot, Aircraft - Aircraft oper/perf/capability - Performance/control parameters - Landing flare - Attain/maintain not possible, Environmental issues - Conditions/weather/phenomena - Wind - Crosswind - Response/compensation",,"42.778646999999999","-84.586206000000004","CESSNA","A185F","AIR","LAN","Capital Region International Airport","false","1","REC",,"PERS","091","Substantial","VMC",,"Completed",,"Final","https://data.ntsb.gov/Docket?ProjectID=200576","https://data.ntsb.gov/carol-repgen/api/Aviation/ReportMain/GenerateNewestReport/200576/pdf"
"GAA25WA214","INC","200604","2025-07-19T04:00:00Z","Miranda","Other Foreign","Venezuela",,"YV104E","15281130","false","Aviation","","2025-08-12T04:00:00Z",,"None","0","0","0","0",,,,,,,"CESSNA","152","AIR","SVCS",,"false","1",,,"UNK","NUSN","Minor",,,"N/A",,"Final","","None"
"DCA25LA267","ACC","200574","2025-07-18T22:49:00Z","North Charleston","South Carolina","United States",,"JA986A, N247BZ","55341","false","Aviation","",,,"Minor","0","0","2","2",,,,,"32.8917","-80.037700000000001","BOEING, AIRBUS CANADA LP","787, BD-500-1A11","AIR, AIR",,,"false, false","2",,"NSCH, SCHD",,"129, 121","Minor, Substantial",,"ANA, Breeze Airways","In work",,"Prelim","","https://data.ntsb.gov/carol-repgen/api/Aviation/ReportMain/GenerateNewestReport/200574/pdf"
"OPS25LA052","INC","200594","2025-07-18T20:48:00Z","Minot","North Dakota","United States",,"N604CZ, UNK, N41349","17000181, 28-7415179","false","Aviation","",,,"None","0","0","0","0",,,,,"48.225090999999999","-101.24420000000001","EMBRAER-EMPRESA BRASILEIRA DE, BOEING, PIPER","ERJ 170-200 LR, B-52, PA-28-151","AIR, UNK, AIR","MOT","MINOT INTL","false, false, false","2, 8, 1",,"SCHD, SCHD, SCHD","UNK, PERS","121, ARMF, 091","None, None, None","VMC","DELTA AIR LINES INC, Military, MINOT AERO CENTER","In work",,"Prelim","","https://data.ntsb.gov/carol-repgen/api/Aviation/ReportMain/GenerateNewestReport/200594/pdf"
"DCA25LA268","ACC","200619","2025-07-18T18:35:00Z","Santa Barbara","California","United States",,"N822UA","0948","false","Aviation","DirectorBrief","2026-03-17T04:00:00Z","2026-03-17T18:00:00Z","Serious","0","1","0","0","1","The ramp worker’s premature entry into the jet blast hazard area of an operating engine due to his failure to maintain situational awareness and his misinterpretation of the marshaller’s hand signals.","Personnel issues - Action/decision - Action - Incorrect action performance - Ground crew",,"34.426200999999999","-119.83999","AIRBUS INDUSTRIE","A319-131","AIR","KSBA","Santa Barbara Municipal Airport","false","2","TF","SCHD",,"121","None","VMC","UNITED AIRLINES INC","Completed",,"Final","https://data.ntsb.gov/Docket?ProjectID=200619","https://data.ntsb.gov/carol-repgen/api/Aviation/ReportMain/GenerateNewestReport/200619/pdf"
"CEN25LA259","ACC","200575","2025-07-18T18:30:00Z","Oshkosh","Wisconsin","United States",,"N7369K","20-278","false","Aviation","DirectorBrief","2025-10-02T04:00:00Z","2025-10-02T17:00:00Z","None","0","0","0","0","0","The pilot’s aggressive brake application which resulted in a loss of directional control and a ground loop.","Aircraft - Aircraft oper/perf/capability - Performance/control parameters - Directional control - Not attained/maintained, Personnel issues - Task performance - Use of equip/info - Aircraft control - Pilot",,"43.977080999999998","-88.557106000000005","PIPER","PA-20","AIR","OSH","Wittman Regional Airport","false","1","REC",,"PERS","091","Substantial","VMC",,"Completed",,"Final","https://data.ntsb.gov/Docket?ProjectID=200575","https://data.ntsb.gov/carol-repgen/api/Aviation/ReportMain/GenerateNewestReport/200575/pdf"
"CEN25LA266","ACC","200591","2025-07-18T08:00:00Z","Bloomington","Illinois","United States",,"N975TR","1235","false","Aviation","DirectorBrief","2025-09-16T04:00:00Z",,"Minor","0","0","1","1","0","The pilot’s failure to avoid power lines during an aerial application flight.","Personnel issues - Action/decision - Info processing/decision - Identification/recognition - Pilot, Personnel issues - Action/decision - Info processing/decision - Decision making/judgment - Pilot, Environmental issues - Physical environment - Object/animal/substance - Wire - Awareness of condition",,"40.438299999999998","-88.922588000000005","BELL","B206-B","HELI","BMI","CENTRAL IL RGNL/BLOOMINGTON-NORMAL","false","1","TS",,"AAPL","137","Substantial","VMC",,"Completed",,"Final","","https://data.ntsb.gov/carol-repgen/api/Aviation/ReportMain/GenerateNewestReport/200591/pdf"
"ERA25LA271","ACC","200567","2025-07-18T08:00:00Z","Bowling Green","Kentucky","United States",,"N288EE","140972","false","Aviation","DirectorBrief","2025-11-20T05:00:00Z","2025-11-20T18:00:00Z","None","0","0","0","0","0","The pilot’s failure to attain an appropriate touchdown point during landing, which resulted in a runway overrun and collision with a fence.","Personnel issues - Action/decision - Info processing/decision - Decision making/judgment - Pilot, Aircraft - Aircraft oper/perf/capability - Performance/control parameters - Descent/approach/glide path - Not attained/maintained",,"36.958284999999997","-86.413404999999997","ROHRER DOUGLAS D","VANS RV-14A","AIR","BWG","BOWLING GREEN-WARREN COUNTY RGNL","true","1","REC",,"PERS","091","Substantial","VMC",,"Completed",,"Final","https://data.ntsb.gov/Docket?ProjectID=200567","https://data.ntsb.gov/carol-repgen/api/Aviation/ReportMain/GenerateNewestReport/200567/pdf"
"WPR25FA214","ACC","200571","2025-07-18T00:58:00Z","West Yellowstone","Montana","United States",,"N7186W","28-997","false","Aviation","",,,"Fatal","3","0","0","3",,,,,"44.597453999999999","-111.13096","PIPER","PA-28-180","AIR","WYS",,"false","1",,,"PERS","091","Substantial","VMC",,"In work",,"Prelim","","https://data.ntsb.gov/carol-repgen/api/Aviation/ReportMain/GenerateNewestReport/200571/pdf"
"WPR25LA218","ACC","200588","2025-07-17T17:00:00Z","Round Rock","Arizona","United States",,"N425D","425-0121","false","Aviation","",,,"None","0","0","0","0","0",,,,"36.479999999999997","-109.38","CESSNA","425","AIR",,,"false","2",,,"INST","091","Substantial","VMC",,"In work",,"Prelim","","https://data.ntsb.gov/carol-repgen/api/Aviation/ReportMain/GenerateNewestReport/200588/pdf"
"WPR25LA217","ACC","200587","2025-07-17T15:50:00Z","First Mesa","Arizona","United States",,"N182KC","R18201139","false","Aviation","",,,"Minor","0","0","1","1","0",,,,"35.822004999999997","-110.32340000000001","CESSNA","TR182","AIR",,,"false","1",,,"PERS","091","Substantial","VMC",,"In work",,"Prelim","","https://data.ntsb.gov/carol-repgen/api/Aviation/ReportMain/GenerateNewestReport/200587/pdf"
"ANC25LA076","ACC","200608","2025-07-17T13:00:00Z","Glennallen","Alaska","United States",,"N91393",,"false","Aviation","",,,"None","0","0","0","0",,,,,,,"CESSNA","180H",,,,"false",,,,,,,,,"In work",,,"",""
"ERA25LA270","ACC","200558","2025-07-17T12:22:00Z","Sunset","South Carolina","United States",,"N460WW","46-8608022","false","Aviation","",,,"None","0","0","0","0",,,,,"34.898611000000002","-82.865832999999995","PIPER","PA46","AIR",,,"false","1",,,"POSI","091","Substantial","VMC","Christopher Higgins","In work",,"Prelim","","https://data.ntsb.gov/carol-repgen/api/Aviation/ReportMain/GenerateNewestReport/200558/pdf"
"DCA25LA272","ACC","200627","2025-07-17T11:53:00Z","Germantown","Kentucky","United States",,"N330PQ","15330","false","Aviation","DirectorBrief","2025-10-23T04:00:00Z","2025-10-23T18:00:00Z","Serious","0","1","0","1",,"An inadvertent encounter with severe turbulence during descent.","Environmental issues - Conditions/weather/phenomena - Turbulence - Convective turbulence - Effect on personnel, Personnel issues - Experience/knowledge - Knowledge - Knowledge of meteorologic cond - Flight crew, Personnel issues - Experience/knowledge - Knowledge - Knowledge of meteorologic cond - Cabin crew, Personnel issues - Experience/knowledge - Knowledge - Knowledge of meteorologic cond - Passenger",,"38.671999999999997","-83.991","BOMBARDIER INC","CL-600-2D24","AIR",,,"false","2","TF","SCHD",,"121","None","IMC","Endeavor Air","Completed",,"Final","https://data.ntsb.gov/Docket?ProjectID=200627","https://data.ntsb.gov/carol-repgen/api/Aviation/ReportMain/GenerateNewestReport/200627/pdf"
"CEN25LA258","ACC","200565","2025-07-17T11:22:00Z","Blaine","Minnesota","United States",,"N237FC","7-5255","false","Aviation","DirectorBrief","2025-09-05T04:00:00Z","2025-09-05T18:00:00Z","None","0","0","0","0","0","The pilot’s failure to maintain directional control while landing with a crosswind.","Personnel issues - Task performance - Use of equip/info - Aircraft control - Pilot, Aircraft - Aircraft oper/perf/capability - Performance/control parameters - Directional control - Not attained/maintained, Environmental issues - Conditions/weather/phenomena - Wind - Crosswind - Effect on operation",,"45.144888999999999","-93.210194000000001","ZENITH","STOL CH701","AIR","ANE","Anoka County/Blaine (Janes FLD) Airport","true","1","REC",,"FLTS","091","Substantial","VMC",,"Completed",,"Final","https://data.ntsb.gov/Docket?ProjectID=200565","https://data.ntsb.gov/carol-repgen/api/Aviation/ReportMain/GenerateNewestReport/200565/pdf"
"CEN25LA257","ACC","200564","2025-07-17T08:05:00Z","New Richmond","Wisconsin","United States",,"N69NB","21084","false","Aviation","DirectorBrief","2025-09-05T04:00:00Z","2025-09-05T18:00:00Z","Minor","0","0","1","1","0","The pilot’s failure to maintain proper airspeed and altitude during the approach which resulted in a runway overshoot and subsequent landing in a lake. Contributing to the accident was the pilot’s delayed remedial action to abort the landing.","Personnel issues - Task performance - Use of equip/info - Aircraft control - Pilot, Aircraft - Aircraft oper/perf/capability - Performance/control parameters - Airspeed - Not attained/maintained, Aircraft - Aircraft oper/perf/capability - Performance/control parameters - Configuration - Not attained/maintained, Aircraft - Aircraft oper/perf/capability - Performance/control parameters - Descent/approach/glide path - Not attained/maintained, Personnel issues - Action/decision - Action - Delayed action - Pilot",,"45.139636000000003","-92.540447999999998","Van's Aircraft","RV-6","AIR","RNH","NEW RICHMOND RGNL","true","1","REC",,"PERS","091","Substantial","VMC",,"Completed",,"Final","https://data.ntsb.gov/Docket?ProjectID=200564","https://data.ntsb.gov/carol-repgen/api/Aviation/ReportMain/GenerateNewestReport/200564/pdf"
"OPS25LA054","INC","200629","2025-07-16T16:42:00Z","Freeland","Michigan","United States",,"N833SK","15456","false","Aviation","",,,"None","0","0","0","0",,,,,"43.537247999999998","-84.089552999999995","BOMBARDIER INC","CL-600-2D24","AIR","MBS","MBS INTL","false","2",,"SCHD",,"121","None","VMC","SKYWEST AIRLINES INC","In work",,"Prelim","","https://data.ntsb.gov/carol-repgen/api/Aviation/ReportMain/GenerateNewestReport/200629/pdf"
"ERA25LA269","ACC","200556","2025-07-16T15:02:00Z","Sylacauga","Alabama","United States",,"N5353E","D-5856","false","Aviation","",,,"Serious","0","1","0","1","0",,,,"33.172879999999999","-86.322620000000001","BEECH","K35","AIR","SCD","MERKEL FLD SYLACAUGA MUNI","false","1",,,"BUS","091","Substantial","VMC",,"In work",,"Prelim","","https://data.ntsb.gov/carol-repgen/api/Aviation/ReportMain/GenerateNewestReport/200556/pdf"
"CEN25LA256","ACC","200563","2025-07-16T14:10:00Z","Greencastle","Indiana","United States",,"N45CL","004","false","Aviation","DirectorBrief","2025-09-16T04:00:00Z",,"Minor","0","0","1","1","0","The pilot’s failure to maintain pitch control during takeoff. Contributing to the accident was the pilot’s inexperience in the accident gyroplane.","Personnel issues - Experience/knowledge - Experience/qualifications - Total experience w/ equipment - Pilot, Personnel issues - Task performance - Use of equip/info - Aircraft control - Pilot, Aircraft - Aircraft oper/perf/capability - Performance/control parameters - Pitch control - Not attained/maintained",,"39.633527999999998","-86.813806","FARRINGTON","TWINSTAR","GYRO","KGPC","Putnam County","true","1","REC",,"FLTS","091","Substantial","VMC",,"Completed",,"Final","","https://data.ntsb.gov/carol-repgen/api/Aviation/ReportMain/GenerateNewestReport/200563/pdf"
"CEN25LA254","ACC","200561","2025-07-15T18:00:00Z","Russellville","Indiana","United States",,"N7501A","803B","false","Aviation","DirectorBrief","2026-01-09T05:00:00Z","2026-01-09T19:00:00Z","None","0","0","0","0","0","The pilot’s failure to establish and maintain the airstrip centerline during takeoff, which resulted in the airplane’s right wingtips contacting the corn that bordered the airstrip.","Aircraft - Aircraft oper/perf/capability - Performance/control parameters - Directional control - Not attained/maintained, Personnel issues - Task performance - Use of equip/info - Aircraft control - Pilot",,"39.855043999999999","-86.959175999999999","Schweizer Aircraft Corp","G-164B","AIR","II68","Durham Airport","false","1","TP",,"AAPL","137","Substantial","VMC","BI-State Air, Inc","Completed",,"Final","https://data.ntsb.gov/Docket?ProjectID=200561","https://data.ntsb.gov/carol-repgen/api/Aviation/ReportMain/GenerateNewestReport/200561/pdf"
"CEN25LA253","ACC","200559","2025-07-15T17:30:00Z","Melbourne","Arkansas","United States",,"N935ER","4496195","false","Aviation","DirectorBrief","2025-11-14T05:00:00Z","2025-11-14T18:00:00Z","None","0","0","0","0",,"The flight crew’s failure to use the airplane pre-landing checklist and failure to extend the airplane’s landing gear before landing.","Personnel issues - Task performance - Use of equip/info - Use of checklist - Flight crew, Aircraft - Aircraft systems - Landing gear system - Gear extension and retract sys - Not used/operated",,"36.074922999999998","-91.830680000000001","PIPER","PA-44-180","AIR","42A","MELBOURNE MUNI/JOHN E MILLER FLD","false","2","REC",,"INST","091","Substantial","VMC","Ozarka College","Completed",,"Final","https://data.ntsb.gov/Docket?ProjectID=200559","https://data.ntsb.gov/carol-repgen/api/Aviation/ReportMain/GenerateNewestReport/200559/pdf"
"WPR25FA213","ACC","200553","2025-07-15T15:40:00Z","Quinault","Washington","United States",,"N80TM","259SR","false","Aviation","",,,"Fatal","1","1","1","3","0",,,,"47.581476000000002","-123.67305","SCOTT MACWILLIAM","SR3500 MOOSE","AIR",,,"false","1",,,"PERS","091","Substantial",,,"In work",,"Prelim","","https://data.ntsb.gov/carol-repgen/api/Aviation/ReportMain/GenerateNewestReport/200553/pdf"
"WPR25LA215","ACC","200585","2025-07-15T11:43:00Z","North Las Vegas","Nevada","United States",,"N945B","TC-1826","false","Aviation","DirectorBrief","2025-11-06T05:00:00Z","2025-11-06T18:00:00Z","None","0","0","0","0","0","The failure of the pilot to set the flaps to the proper configuration for takeoff.","Aircraft - Aircraft oper/perf/capability - Performance/control parameters - Pitch control - Not attained/maintained, Personnel issues - Task performance - Use of equip/info - Aircraft control - Pilot",,"36.210703000000002","-115.19444","BEECH","95-B55 (T42A)","AIR","VGT","NORTH LAS VEGAS","false","2","REC",,"PERS","091","Substantial","VMC",,"Completed",,"Final","https://data.ntsb.gov/Docket?ProjectID=200585","https://data.ntsb.gov/carol-repgen/api/Aviation/ReportMain/GenerateNewestReport/200585/pdf"
"GAA25WA212","ACC","200566","2025-07-15T10:56:00Z","Galapagos Islands","Pacific Ocean","Panama",,"HP-1983PA",,"false","Aviation","","2025-10-01T04:00:00Z",,,,,,,,,,,,,"HUGHES","369","HELI",,,"false",,,,,"NUSN","Unknown",,,"N/A",,"Final","","None"
"CEN25LA267","ACC","200593","2025-07-15T08:12:00Z","Wyoming","Illinois","United States",,"N647RA","402B-1248","false","Aviation","DirectorBrief","2025-10-09T04:00:00Z","2025-10-09T17:00:00Z","Minor","0","0","1","1",,"The pilot’s failure to attain a positive climb rate due to airplane’s improper takeoff configuration.","Aircraft - Aircraft oper/perf/capability - Performance/control parameters - Climb rate - Not attained/maintained, Environmental issues - Operating environment - Airport facilities/design - Runway/landing area length - Not specified, Aircraft - Aircraft systems - Flight control system - (general) - Not used/operated, Personnel issues - Action/decision - Action - Lack of action - Pilot",,"41.014380000000003","-89.716059999999999","AIR TRACTOR INC","AT-402B","AIR","PVT","Private","false","1","TP",,"AAPL","137","Substantial","VMC","Diversified Applications Inc.","Completed",,"Final","https://data.ntsb.gov/Docket?ProjectID=200593","https://data.ntsb.gov/carol-repgen/api/Aviation/ReportMain/GenerateNewestReport/200593/pdf"
"GAA25WA211","ACC","200557","2025-07-15T04:43:00Z","Khancoban",,"Australia",,"VH-KZK",,"false","Aviation","","2025-09-17T04:00:00Z",,"Fatal","1","0","0","1","0",,,,"-36.220167000000004","148.25366700000001","BEECH","35","AIR",,,"false",,,,,"NUSN","Destroyed",,,"N/A",,"Prelim","","None"
"OPS25LA048","INC","200560","2025-07-15T01:05:00Z","Monterey","California","United States",,"N185SY","17000600","false","Aviation","",,,"None","0","0","0","0",,,,,"36.588273999999998","-121.85733","EMBRAER","ERJ 170-200 LR","AIR","MRY","MONTEREY RGNL","false","2",,"SCHD",,"121","None","IMC","SKYWEST AIRLINES INC","In work",,"Prelim","","https://data.ntsb.gov/carol-repgen/api/Aviation/ReportMain/GenerateNewestReport/200560/pdf"
"ERA25LA266","ACC","200525","2025-07-14T20:50:00Z","Pembroke Pines","Florida","United States",,"N289","P3370233","false","Aviation","DirectorBrief","2025-11-14T05:00:00Z","2025-11-14T18:00:00Z","Minor","0","0","3","3","0","The pilot’s inadequate preflight fuel planning, which resulted in fuel exhaustion and a subsequent total loss of engine power to one of the airplane’s two engines. Contributing to the outcome was the pilot’s loading of the airplane beyond its maximum gross weight.","Personnel issues - Task performance - Planning/preparation - Fuel planning - Pilot, Personnel issues - Task performance - Planning/preparation - Weight/balance calculations - Pilot",,"25.983332999999998","-80.216667000000001","CESSNA","T337G","AIR","HWO","North Perry Airport","false","2","REC",,"PERS","091","Substantial","VMC",,"Completed",,"Final","https://data.ntsb.gov/Docket?ProjectID=200525","https://data.ntsb.gov/carol-repgen/api/Aviation/ReportMain/GenerateNewestReport/200525/pdf"
"DCA25LA286","ACC","200742","2025-07-14T19:30:00Z","Boston","Massachusetts","United States",,"N224JQ","17000209","false","Aviation","",,,,"0","0","0",,"0",,,,"42.362943999999999","-71.006388999999999","EMBRAER-EMPRESA BRASILEIRA DE","ERJ 170-200 LR","AIR","BOS","GENERAL EDWARD LAWRENCE LOGAN INTL","false","2",,"SCHD",,"121","Substantial",,"Republic Airways","In work",,"Prelim","","https://data.ntsb.gov/carol-repgen/api/Aviation/ReportMain/GenerateNewestReport/200742/pdf"
"ANC25LA089","ACC","200821","2025-07-14T14:30:00Z","Egegik","Alaska","United States",,"N2638M","12-981","false","Aviation","DirectorBrief","2026-01-09T05:00:00Z","2026-01-09T19:00:00Z","None","0","0","0","0",,"The pilot’s excessive use of brakes during landing roll, which resulted in a nose-over.","Aircraft - Aircraft oper/perf/capability - Performance/control parameters - Surface speed/braking - Incorrect use/operation, Personnel issues - Task performance - Use of equip/info - Aircraft control - Pilot, Aircraft - Aircraft systems - Landing gear system - Landing gear brakes system - Incorrect use/operation",,"57.880000000000003","-157.27000000000001","PIPER","PA-12","AIR","NONE","Remote Strip","false","1","REC",,"PERS","091","Substantial","VMC",,"Completed",,"Final","https://data.ntsb.gov/Docket?ProjectID=200821","https://data.ntsb.gov/carol-repgen/api/Aviation/ReportMain/GenerateNewestReport/200821/pdf"
"WPR25LA222","ACC","200631","2025-07-14T11:40:00Z","Hurricane","Utah","United States",,"N630JM","RSUK-V00453","false","Aviation","",,,"Minor","0","0","1","1",,,,,"37.140214999999998","-113.30607999999999","ROTORSPORT UK LTD","ROTORSPORT UK CAVALO","GYRO","1L8","GENERAL DICK STOUT FLD","false","1",,,"INST","091","Substantial","VMC",,"In work",,"Prelim","","https://data.ntsb.gov/carol-repgen/api/Aviation/ReportMain/GenerateNewestReport/200631/pdf"
"WPR25FA208","ACC","200521","2025-07-13T22:28:00Z","Needles","California","United States",,"N8375W","28-2575","false","Aviation","",,,"Fatal","2","0","0","2",,,,,"34.761397000000002","-114.62488999999999","PIPER","PA-28-180","AIR","EED","NEEDLES","false","1",,,"PERS","091","Substantial","VMC",,"In work",,"Prelim","","https://data.ntsb.gov/carol-repgen/api/Aviation/ReportMain/GenerateNewestReport/200521/pdf"
"ERA25LA265","ACC","200524","2025-07-13T20:15:00Z","Charlestown","New Hampshire","United States",,"N4010E","C-85","false","Aviation","",,,"Serious","0","1","0","1","0",,,,"43.327416999999997","-72.374529999999993","MOYES LITEFLITE PTY LTD","C DRAGONFLY","AIR","PVT","Morningside Flight Park","false","1",,,"GLDT","091","Substantial","VMC","Kitty Hawk Flight School LLC","In work",,"Prelim","","https://data.ntsb.gov/carol-repgen/api/Aviation/ReportMain/GenerateNewestReport/200524/pdf"
"WPR25LA212","ACC","200551","2025-07-13T17:29:00Z","San Diego","California","United States",,"N636CS","T24002046","false","Aviation","",,,"Fatal","1","0","0","1",,,,,"32.816780000000001","-117.14084","CESSNA","T240","AIR",,,"false","1",,,"PERS","091","Unknown","VMC",,"In work",,"Prelim","","https://data.ntsb.gov/carol-repgen/api/Aviation/ReportMain/GenerateNewestReport/200551/pdf"
"GAA25WA208","ACC","200526","2025-07-13T15:57:00Z","Southend-on-Sea","Other Foreign","United Kingdom",,"PH-ZAZ","BB-1478","false","Aviation","","2025-09-23T04:00:00Z",,"Fatal","4","0","0","4","0",,,,"51.570278000000002","0.69333299999999998","BEECH","B200","AIR","EGMC","London Southend Airport","false","2","TP","NSCH",,"NUSC","Destroyed","VMC","Zeusch Aviation","N/A",,"Final","","None"
"WPR25LA211","ACC","200546","2025-07-13T12:06:00Z","Sisters","Oregon","United States",,"N787LF","172S11125","false","Aviation","",,,"Serious","0","1","2","3",,,,,"44.304457999999997","-121.53909","CESSNA","172S","AIR","6K5","SISTERS EAGLE AIR","false","1",,,"INST","091","Destroyed","VMC","Fly North of Known LLC.","In work",,"Prelim","","https://data.ntsb.gov/carol-repgen/api/Aviation/ReportMain/GenerateNewestReport/200546/pdf"
"CEN25LA249","ACC","200519","2025-07-13T09:41:00Z","Howard","Wisconsin","United States",,"N88220","15837","false","Aviation","DirectorBrief","2025-09-05T04:00:00Z","2025-09-05T18:00:00Z","None","0","0","0","0","0","The pilot’s failure to maintain control of the airplane while on approach to land.","Aircraft - Aircraft oper/perf/capability - Performance/control parameters - Descent/approach/glide path - Not attained/maintained, Personnel issues - Task performance - Use of equip/info - Aircraft control - Pilot",,"44.581986000000001","-88.142250000000004","PIPER","J3C-65","AIR","08WI","Faikel Airfield","false","1","REC",,"PERS","091","Substantial","VMC",,"Completed",,"Final","https://data.ntsb.gov/Docket?ProjectID=200519","https://data.ntsb.gov/carol-repgen/api/Aviation/ReportMain/GenerateNewestReport/200519/pdf"
"CEN25LA251","ACC","200534","2025-07-13T09:15:00Z","Mancos","Colorado","United States",,"N970SV","JA720-04-24","false","Aviation","DirectorBrief","2025-09-16T04:00:00Z",,"Minor","0","0","2","2","0","The airplane’s reduced climb performance during takeoff in mountainous terrain, which resulted in the airplane’s inability to climb and impact with terrain.","Environmental issues - Conditions/weather/phenomena - Wind - Downdraft - Contributed to outcome, Aircraft - Aircraft oper/perf/capability - Performance/control parameters - Altitude - Attain/maintain not possible, Environmental issues - Conditions/weather/phenomena - Temp/humidity/pressure - Temperature inversion - Contributed to outcome, Aircraft - Aircraft oper/perf/capability - Performance/control parameters - Climb rate - Attain/maintain not possible",,"37.350000000000001","-108.21866","SCOTT VINCIN","JUST ACFT HIGHLANDER","AIR",,"Private","true","1","REC",,"PERS","091","Substantial","VMC",,"Completed",,"Final","","https://data.ntsb.gov/carol-repgen/api/Aviation/ReportMain/GenerateNewestReport/200534/pdf"
"DCA25WA273","INC","200659","2025-07-13T07:46:00Z","Port Harcourt","Other Foreign","Nigeria",,"5N-BQQ","27533","false","Aviation","","2025-11-04T05:00:00Z",,"None","0","0","0","0","0",,,,"5.0152780000000003","6.9500000000000002","BOEING","737","AIR",,,"false","2",,"SCHD",,"NUSC","None",,,"N/A",,"Final","","None"
"ENG25WA043","INC","200549","2025-07-13T06:10:00Z","Richmond","Other Foreign","Canada",,"C-FNWD",,"false","Aviation","","2025-08-18T04:00:00Z",,"None","0","0","0","0",,,,,"49.19388","-123.17503000000001","BOEING","737","AIR","CYVR","VANCOUVER INTL","false",,"TF","SCHD",,"NUSC","None",,"WestJet Airlines","N/A",,"Final","","None"
"WPR25LA210","ACC","200544","2025-07-12T21:15:00Z","Blackfoot","Idaho","United States",,"N69TY","08 96 204","false","Aviation","",,,"None","0","0","0","0","0",,,,"43.276989","-112.50239000000001","HIBBARD RICK","RANS S7","AIR","NA",,"true","1",,,"PERS","091","Substantial","VMC",,"In work",,"Prelim","","https://data.ntsb.gov/carol-repgen/api/Aviation/ReportMain/GenerateNewestReport/200544/pdf"
"CEN25LA252","ACC","200541","2025-07-12T20:45:00Z","Cedarcreek","Missouri","United States",,"N3181V","D-616","false","Aviation","DirectorBrief","2025-09-18T04:00:00Z","2025-09-18T17:00:00Z","Serious","0","2","0","2",,"The student pilot’s failure to attain a proper airspeed and climb attitude during takeoff, which led to the airplane exceeding its critical angle of attack and experiencing an aerodynamic stall. Contributing to the accident were the student pilot’s lack of experience and poor judgement.","Personnel issues - Task performance - Use of equip/info - Aircraft control - Student/instructed pilot, Aircraft - Aircraft oper/perf/capability - Performance/control parameters - Airspeed - Not attained/maintained, Aircraft - Aircraft oper/perf/capability - Performance/control parameters - Angle of attack - Not attained/maintained, Personnel issues - Experience/knowledge - Experience/qualifications - (general) - Student/instructed pilot, Personnel issues - Action/decision - Info processing/decision - Decision making/judgment - Student/instructed pilot",,"36.578952999999998","-92.997675000000001","BEECH","35","AIR",,"Private","false","1","REC",,"PERS","091","Substantial","VMC",,"Completed",,"Final","https://data.ntsb.gov/Docket?ProjectID=200541","https://data.ntsb.gov/carol-repgen/api/Aviation/ReportMain/GenerateNewestReport/200541/pdf"
"CEN25FA248","ACC","200517","2025-07-12T14:22:00Z","Hot Springs","South Dakota","United States",,"N8186K","25163","false","Aviation","",,,"Fatal","1","0","0","1","0",,,,"43.375250000000001","-103.37913","PIPER","PA-25","AIR",,,"false","1",,,"GLDT","091","Substantial","VMC",,"In work",,"Prelim","","https://data.ntsb.gov/carol-repgen/api/Aviation/ReportMain/GenerateNewestReport/200517/pdf"
"CEN25FA247","ACC","200516","2025-07-12T13:50:00Z","Pawnee National Grassland","Colorado","United States",,"N314LB","95007","false","Aviation","",,,"Fatal","1","0","0","1","0",,,,"40.73854","-104.47418","ZENITH","CH601","AIR",,,"true","1",,,"PERS","091","Destroyed","VMC",,"In work",,"Prelim","","https://data.ntsb.gov/carol-repgen/api/Aviation/ReportMain/GenerateNewestReport/200516/pdf"
"DCA25LA266","ACC","200552","2025-07-12T13:23:00Z","Denver","Colorado","United States",,"N384FR",,"false","Aviation","",,,"None","0","0","0","0","0",,,,,,"AIRBUS","A320-251N",,,,"false",,,"SCHD",,"121",,"VMC","Frontier Airlines","In work",,,"",""
"CEN25LA250","ACC","200531","2025-07-12T09:30:00Z","Tarkio","Missouri","United States",,"N588AF, N931KZ","0039, 83685","false","Aviation","",,,"None","0","0","0","0","0",,,,"40.445489000000002","-95.367305999999999","GAME COMPOSITES LLC, VANS","GB1 GAMEBIRD, RV-8","AIR, AIR","K57","Gould Peterson Municipal","false, false","1, 1",,,"PERS, PERS","091, 091","Substantial, Minor","VMC",,"In work",,"Prelim","","https://data.ntsb.gov/carol-repgen/api/Aviation/ReportMain/GenerateNewestReport/200531/pdf"
"DCA25WA245","INC","200433","2025-07-12T04:00:00Z","Mascot",,"Austria",,"VH-YIL",,"false","Aviation","",,,,,,,,,,,,,,"BOEING","737",,,,"false",,,"SCHD",,"NUSC",,,,"N/A",,,"","None"
"ERA25LA264","ACC","200523","2025-07-11T20:45:00Z","St. Augustine","Florida","United States",,"N8503G","15062603","false","Aviation","DirectorBrief","2025-11-14T05:00:00Z","2025-11-14T18:00:00Z","None","0","0","0","0",,"The pilot’s inadequate fuel planning, which resulted in a total loss of engine power due to fuel exhaustion.","Personnel issues - Task performance - Planning/preparation - Fuel planning - Pilot, Aircraft - Fluids/misc hardware - Fluids - Fuel - Fluid management",,"29.953757","-81.341458000000003","CESSNA","150","AIR","SGJ","NORTHEAST FLORIDA RGNL","false","1","REC",,"PERS","091","Substantial","VMC",,"Completed",,"Final","https://data.ntsb.gov/Docket?ProjectID=200523","https://data.ntsb.gov/carol-repgen/api/Aviation/ReportMain/GenerateNewestReport/200523/pdf"
"ANC25LA072","ACC","200515","2025-07-11T18:30:00Z","Dillingham","Alaska","United States",,"N82109","18-7809130","false","Aviation","DirectorBrief","2025-09-05T04:00:00Z","2025-09-05T18:00:00Z","None","0","0","0","0",,"The pilot’s failure to maintain direction control during takeoff roll which resulted in a ground loop, and subsequent runway excursion.","Aircraft - Aircraft oper/perf/capability - Performance/control parameters - Directional control - Not attained/maintained, Personnel issues - Task performance - Use of equip/info - Aircraft control - Pilot",,"59.055332999999997","-158.57283000000001","PIPER","PA-18-150","AIR","AA15","Shannons Pond","false","1","REC",,"PERS","091","Substantial","VMC",,"Completed",,"Final","https://data.ntsb.gov/Docket?ProjectID=200515","https://data.ntsb.gov/carol-repgen/api/Aviation/ReportMain/GenerateNewestReport/200515/pdf"
"ERA25LA268","ACC","200555","2025-07-11T17:30:00Z","Elysburg","Pennsylvania","United States",,"N962WF","4636203","false","Aviation","DirectorBrief","2025-11-20T05:00:00Z","2025-11-20T18:00:00Z","None","0","0","0","0","0","Failure of the engine mount which resulted in a collapse of the nose landing gear.","Aircraft - Aircraft systems - Landing gear system - Nose/tail gear attach section - Failure",,"40.837448999999999","-76.550282999999993","PIPER","PA46","AIR","N79","NORTHUMBERLAND COUNTY","false","1","REC",,"PERS","091","Substantial","VMC","PAD AVIATION LLC","Completed",,"Final","https://data.ntsb.gov/Docket?ProjectID=200555","https://data.ntsb.gov/carol-repgen/api/Aviation/ReportMain/GenerateNewestReport/200555/pdf"
"WPR25LA209","ACC","200542","2025-07-11T11:50:00Z","Colorado City","Arizona","United States",,"N209ZM","5380","false","Aviation","DirectorBrief","2025-11-06T05:00:00Z","2025-11-06T18:00:00Z","None","0","0","0","0",,"The pilot’s exceedance of the airplane’s never-exceed speed (VNE) during maneuvering, which resulted in the in-flight separation of the left flaperon.","Aircraft - Aircraft oper/perf/capability - Performance/control parameters - Airspeed - Capability exceeded, Personnel issues - Task performance - Use of equip/info - Aircraft control - Pilot, Aircraft - Aircraft structures - Wing structure - Ailerons - Damaged/degraded",,"36.919020000000003","-113.16667","PIPISTREL","ALPHA TRAINER","AIR",,,"false","1","REC",,"PERS","091","Substantial","VMC",,"Completed",,"Final","https://data.ntsb.gov/Docket?ProjectID=200542","https://data.ntsb.gov/carol-repgen/api/Aviation/ReportMain/GenerateNewestReport/200542/pdf"
"WPR25LA231","ACC","200666","2025-07-11T09:30:00Z","Wahsatch","Utah","United States",,"N817GD","CCK-1865-0085","false","Aviation","DirectorBrief","2025-10-17T04:00:00Z","2025-10-17T17:00:00Z","None","0","0","0","0",,"The pilot’s inability to maintain directional control following a collision with a boulder during an off airport precautionary landing.","Aircraft - Aircraft oper/perf/capability - Performance/control parameters - Directional control - Attain/maintain not possible, Environmental issues - Physical environment - Object/animal/substance - Debris/dirt/foreign object - Effect on operation, Personnel issues - Task performance - Use of equip/info - Use of equip/system - Pilot",,"41.216189999999997","-111.14103","GARY WEAVER","CCK-1865","AIR",,,"true","1","REC",,"PERS","091","Substantial","VMC",,"Completed",,"Final","https://data.ntsb.gov/Docket?ProjectID=200666","https://data.ntsb.gov/carol-repgen/api/Aviation/ReportMain/GenerateNewestReport/200666/pdf"
"ANC25LA074","ACC","200536","2025-07-11T04:00:00Z","Nelson Lagoon","Alaska","United States",,"N109KS","1295","false","Aviation","DirectorBrief","2025-09-05T04:00:00Z","2025-09-05T18:00:00Z","None","0","0","0","0",,"The pilot’s failure to maintain clearance from a creek bank while maneuvering to land.","Personnel issues - Psychological - Attention/monitoring - Monitoring environment - Pilot, Environmental issues - Physical environment - Terrain - Sloped/uneven terrain - Response/compensation",,"55.903278999999998","-161.73183","DEHAVILLAND","BEAVER DHC-2 MK.1","AIR","NONE","Remote Beach","false","1","REC",,"BUS","091","Substantial","VMC","RS SPECIALTIES LLC","Completed",,"Final","https://data.ntsb.gov/Docket?ProjectID=200536","https://data.ntsb.gov/carol-repgen/api/Aviation/ReportMain/GenerateNewestReport/200536/pdf"
"ANC25LA075","ACC","200537","2025-07-10T18:00:00Z","Palmer","Alaska","United States",,"N8979D","18-7509053","false","Aviation","DirectorBrief","2026-01-09T05:00:00Z","2026-01-09T19:00:00Z","None","0","0","0","0",,"The pilot's excessive braking during the landing roll, resulting in a nose over.","Personnel issues - Task performance - Use of equip/info - Aircraft control - Pilot, Aircraft - Aircraft oper/perf/capability - Performance/control parameters - Directional control - Not attained/maintained, Personnel issues - Action/decision - Info processing/decision - Decision making/judgment - Pilot, Aircraft - Aircraft oper/perf/capability - Performance/control parameters - Surface speed/braking - Incorrect use/operation, Environmental issues - Physical environment - Terrain - Rough terrain - Contributed to outcome",,"61.409999999999997","-148.56","PIPER","PA-18-150","AIR","NONE","Landing Strip","false","1","REC",,"PERS","091","Substantial","VMC",,"Completed",,"Final","https://data.ntsb.gov/Docket?ProjectID=200537","https://data.ntsb.gov/carol-repgen/api/Aviation/ReportMain/GenerateNewestReport/200537/pdf"
"DCA25WA326","ACC","201011","2025-07-10T17:05:00Z","Bologna",,"Italy",,"EI-EFE",,"false","Aviation","","2025-10-08T04:00:00Z",,"Serious","0","1","0","1",,,,,,,"BOEING","737","AIR",,,"false",,,,,"129","None",,"Ryanair","N/A",,"Final","","None"
"ANC25LA073","ACC","200520","2025-07-10T17:00:00Z","Palmer","Alaska","United States",,"N27293","18-3367","false","Aviation","DirectorBrief","2026-01-09T05:00:00Z","2026-01-09T19:00:00Z","None","0","0","0","0",,"The pilot’s excessive braking during the landing roll, resulting in a nose over. Contributing to the accident was the pilot’s decision to continue the landing after determining the landing area was unsuitable.","Personnel issues - Action/decision - Info processing/decision - Decision making/judgment - Pilot, Personnel issues - Task performance - Use of equip/info - Aircraft control - Pilot, Aircraft - Aircraft oper/perf/capability - Performance/control parameters - Surface speed/braking - Incorrect use/operation, Environmental issues - Physical environment - Terrain - Rough terrain - Contributed to outcome",,"61.409999999999997","-148.56","PIPER","PA-18-135","AIR","NONE","River Bed","false","1","REC",,"PERS","091","Substantial","VMC",,"Completed",,"Final","https://data.ntsb.gov/Docket?ProjectID=200520","https://data.ntsb.gov/carol-repgen/api/Aviation/ReportMain/GenerateNewestReport/200520/pdf"
"ERA25LA263","ACC","200522","2025-07-10T00:26:00Z","Fort Lauderdale","Florida","United States",,"N1293T","34-7250283","false","Aviation","DirectorBrief","2025-11-14T05:00:00Z","2025-11-14T18:00:00Z","None","0","0","0","0",,"The flight instructor’s inadequate supervision and delayed remedial actions during the landing approach, which resulted in the airplane contacting the runway with the landing gear retracted.","Aircraft - Aircraft systems - Landing gear system - Gear extension and retract sys - Not used/operated, Personnel issues - Action/decision - Action - Forgotten action/omission - Instructor/check pilot, Personnel issues - Action/decision - Action - Delayed action - Instructor/check pilot, Personnel issues - Psychological - Attention/monitoring - Monitoring other person - Instructor/check pilot",,"26.198195999999999","-80.174549999999996","PIPER","PA34","AIR","FXE","Fort Lauderdale Executive","false","2","REC",,"INST","091","Substantial","VMC","ATA Flight School","Completed",,"Final","https://data.ntsb.gov/Docket?ProjectID=200522","https://data.ntsb.gov/carol-repgen/api/Aviation/ReportMain/GenerateNewestReport/200522/pdf"
"ERA25LA261","ACC","200503","2025-07-09T19:20:00Z","Century","Florida","United States",,"N3254C","17256156","false","Aviation","",,,"None","0","0","0","0",,,,,"30","-87","CESSNA","172H","AIR","N/A",,"false","1",,,"PERS","091","Substantial","VMC",,"In work",,"Prelim","","https://data.ntsb.gov/carol-repgen/api/Aviation/ReportMain/GenerateNewestReport/200503/pdf"
"CEN25LA245","ACC","200504","2025-07-09T15:49:00Z","Greeley","Colorado","United States",,"N81210","R46-111","false","Aviation","DirectorBrief","2025-09-18T04:00:00Z","2025-09-18T17:00:00Z","None","0","0","0","0","0","The pilot’s inability to maintain directional control during landing due to excessive wear in the tailwheel steering assembly.","Aircraft - Aircraft systems - Landing gear system - Landing gear steering system - Fatigue/wear/corrosion, Personnel issues - Task performance - Use of equip/info - Aircraft control - Pilot, Aircraft - Aircraft oper/perf/capability - Performance/control parameters - Directional control - Attain/maintain not possible",,"40.429000000000002","-104.64","FAIRCHILD","24R","AIR","GXY","GREELEY-WELD COUNTY","false","1","REC",,"PERS","091","Substantial","VMC",,"Completed",,"Final","https://data.ntsb.gov/Docket?ProjectID=200504","https://data.ntsb.gov/carol-repgen/api/Aviation/ReportMain/GenerateNewestReport/200504/pdf"
"ANC25LA070","ACC","200502","2025-07-09T14:07:00Z","Homer","Alaska","United States",,"N2694D","20846","false","Aviation","DirectorBrief","2025-09-05T04:00:00Z","2025-09-05T18:00:00Z","None","0","0","0","0",,"The pilot’s failure to maintain directional control during landing, which resulted in a ground loop.","Aircraft - Aircraft oper/perf/capability - Performance/control parameters - Directional control - Not attained/maintained, Personnel issues - Task performance - Use of equip/info - Aircraft control - Pilot",,"59.648099999999999","-151.5299","CESSNA","170B","AIR","HOM","Homer Airport","false","1","REC",,"PERS","091","Substantial","VMC",,"Completed",,"Final","https://data.ntsb.gov/Docket?ProjectID=200502","https://data.ntsb.gov/carol-repgen/api/Aviation/ReportMain/GenerateNewestReport/200502/pdf"
"ERA25LA267","ACC","200538","2025-07-09T13:22:00Z","Inlet","New York","United States",,"N67RW","12526","false","Aviation","DirectorBrief","2025-11-20T05:00:00Z","2025-11-20T18:00:00Z","None","0","0","0","0","0","The pilot’s failure to maintain control of the helicopter during the landing.","Aircraft - Aircraft oper/perf/capability - Performance/control parameters - Landing flare - Not attained/maintained, Personnel issues - Task performance - Use of equip/info - Aircraft control - Pilot",,"43.742452","-74.754323999999997","ROBINSON HELICOPTER COMPANY","R44 II","HELI","N/A",,"false","1","REC",,"PERS","091","Substantial","VMC",,"Completed",,"Final","https://data.ntsb.gov/Docket?ProjectID=200538","https://data.ntsb.gov/carol-repgen/api/Aviation/ReportMain/GenerateNewestReport/200538/pdf"
"GAA25WA223","ACC","200690","2025-07-09T11:45:00Z","Voglans","Other Foreign","France",,"F-GTPL","2408","false","Aviation","","2025-10-27T04:00:00Z",,"Fatal","3","0","0","3","0",,"Not determined - Not determined - (general) - (general) - Other authority investigated",,"45.621831","5.8812470000000001","ROBIN","DR400","AIR","LFLB",,"false",,"REC",,,"NUSN","Destroyed",,,"N/A",,"Final","","None"
"CEN25LA244","ACC","200498","2025-07-08T19:54:00Z","Lambertville","Michigan","United States",,"N1229V","411110","false","Aviation","DirectorBrief","2025-09-18T04:00:00Z","2025-09-18T17:00:00Z","Minor","0","0","1","1",,"The pilot’s failure to land at the manufacturer’s recommended approach speed, which resulted in a runway excursion, and impact with trees.","Aircraft - Aircraft oper/perf/capability - Performance/control parameters - Airspeed - Not attained/maintained, Personnel issues - Task performance - Use of equip/info - (general) - Pilot",,"41.735875","-83.655764000000005","CESSNA AIRCRAFT CO","LC41-550FG","AIR","DUH","Toledo Suburban Airport","false","1","REC",,"PERS","091","Substantial","VMC",,"Completed",,"Final","https://data.ntsb.gov/Docket?ProjectID=200498","https://data.ntsb.gov/carol-repgen/api/Aviation/ReportMain/GenerateNewestReport/200498/pdf"
"CEN25LA243","ACC","200495","2025-07-08T19:45:00Z","Seguin","Texas","United States",,"N97577","108-577","false","Aviation","DirectorBrief","2025-10-30T04:00:00Z","2025-11-04T18:00:00Z","Serious","0","1","0","1",,"The pilot’s failure to turn off the magneto switch before repositioning the propeller by hand which resulted in an inadvertent engine start.","Aircraft - Aircraft power plant - Ignition system - Magneto/distributor - Incorrect use/operation, Personnel issues - Task performance - Use of equip/info - Use of equip/system - Pilot, Aircraft - Aircraft power plant - Engine (reciprocating) - (general) - Unintentional use/operation",,"29.495661999999999","-98.158636999999999","STINSON","108","AIR","1TE4","Zuehl","false","1","REC",,"PERS","091","None","VMC",,"Completed",,"Final","https://data.ntsb.gov/Docket?ProjectID=200495","https://data.ntsb.gov/carol-repgen/api/Aviation/ReportMain/GenerateNewestReport/200495/pdf"
"WPR25LA204","ACC","200487","2025-07-08T19:40:00Z","Coolin","Idaho","United States",,"N41VH","E-2832","false","Aviation","",,,"Minor","0","0","2","2",,,,,"48.524025999999999","-116.82374","BEECH","A36","AIR","66S","CAVANAUGH BAY","false","1",,,"PERS","091","Substantial","VMC",,"In work",,"Prelim","","https://data.ntsb.gov/carol-repgen/api/Aviation/ReportMain/GenerateNewestReport/200487/pdf"
"CEN25LA241","ACC","200493","2025-07-08T12:36:00Z","Jenison","Michigan","United States",,"N29342","17700825","false","Aviation","DirectorBrief","2025-10-30T04:00:00Z","2025-11-04T18:00:00Z","Minor","0","0","2","2",,"The pilot’s failure to maintain airplane control and clearance from trees during takeoff.","Aircraft - Aircraft oper/perf/capability - Performance/control parameters - Pitch control - Incorrect use/operation, Personnel issues - Task performance - Use of equip/info - Aircraft control - Pilot, Aircraft - Aircraft oper/perf/capability - Performance/control parameters - Altitude - Not attained/maintained",,"42.936611999999997","-85.805401000000003","CESSNA","177","AIR","08C","Riverview","false","1","REC",,"PERS","091","Substantial","VMC",,"Completed",,"Final","https://data.ntsb.gov/Docket?ProjectID=200493","https://data.ntsb.gov/carol-repgen/api/Aviation/ReportMain/GenerateNewestReport/200493/pdf"
"CEN25LA242","INC","200494","2025-07-07T16:57:00Z","Ingram","Texas","United States",,"UNREG",,"false","Aviation","",,,"None","0","0","0","0",,,,,"30.077400000000001","-99.240300000000005","SIKORSKY","UH60","HELI",,,"false","2",,,"PUBU","PUBU","Minor","VMC","National Guard","In work",,"Prelim","","https://data.ntsb.gov/carol-repgen/api/Aviation/ReportMain/GenerateNewestReport/200494/pdf"
"WPR25LA206","ACC","200509","2025-07-07T14:50:00Z","Page","Arizona","United States",,"N9019D","22-6154","false","Aviation","DirectorBrief","2025-08-21T04:00:00Z","2025-08-21T17:00:00Z","None","0","0","0","0",,"The pilot's failure to maintain directional control during the landing roll with a quartering tailwind.","Personnel issues - Task performance - Use of equip/info - Aircraft control - Pilot, Aircraft - Aircraft oper/perf/capability - Performance/control parameters - Directional control - Not attained/maintained, Environmental issues - Conditions/weather/phenomena - Wind - Tailwind - Effect on operation",,"36.926068999999998","-111.44835","PIPER","PA-22-160","AIR","PGA","PAGE MUNI","false","1","REC",,"PERS","091","Substantial","VMC",,"Completed",,"Final","https://data.ntsb.gov/Docket?ProjectID=200509","https://data.ntsb.gov/carol-repgen/api/Aviation/ReportMain/GenerateNewestReport/200509/pdf"
"ERA25FA260","ACC","200482","2025-07-07T14:30:00Z","Sanford","North Carolina","United States",,"N5656M","0341","false","Aviation","",,,"Fatal","4","0","0","4","0",,,,"35.507010999999999","-79.141281000000006","CIRRUS DESIGN CORP","SR22T","AIR",,,"false","1",,,"PERS","091","Substantial","VMC",,"In work",,"Prelim","","https://data.ntsb.gov/carol-repgen/api/Aviation/ReportMain/GenerateNewestReport/200482/pdf"
"CEN25LA240","ACC","200479","2025-07-07T10:30:00Z","La Garita","Colorado","United States",,"N952SA","CCK-1865-1088","false","Aviation","DirectorBrief","2025-10-23T04:00:00Z","2025-10-23T17:00:00Z","None","0","0","0","0","0","The pilot’s failure to maintain clearance from terrain while maneuvering at low altitude in mountainous terrain. Contributing was the pilot’s inadequate preflight planning and aeronautical decision making.","Aircraft - Aircraft oper/perf/capability - Performance/control parameters - Climb rate - Not attained/maintained, Personnel issues - Action/decision - Info processing/decision - Decision making/judgment - Pilot, Environmental issues - Conditions/weather/phenomena - Temp/humidity/pressure - High density altitude - Effect on operation, Environmental issues - Physical environment - Terrain - Mountainous/hilly terrain - Effect on operation",,"37.841752999999997","-106.41495","CUB CRAFTERS","CCK-1865","AIR",,,"true","1","REC",,"PERS","091","Substantial","VMC",,"Completed",,"Final","https://data.ntsb.gov/Docket?ProjectID=200479","https://data.ntsb.gov/carol-repgen/api/Aviation/ReportMain/GenerateNewestReport/200479/pdf"
"GAA25WA202","ACC","200480","2025-07-06T19:19:00Z","Condor","Other Foreign","Canada",,"C-GKVX",,"false","Aviation","",,,"Fatal","1","1","0","2",,,,,"52.298380999999999","-114.46201000000001","BELL","206","HELI","CTS6",,"false","1",,,"BUS","NUSN","Substantial",,,"N/A",,"Prelim","","None"
"GAA25WA215","INC","200607","2025-07-06T18:50:00Z","Mallorca",,"Spain",,"CN-SRA",,"false","Aviation","","2026-02-23T05:00:00Z",,"None","0","0","0","0",,,,,"39.549999999999997","2.7400000000000002","CESSNA","650","AIR","LEPA","Palma De Mallorca","false","2",,,,"UNK","Minor",,"SARAHAIRWAYS","N/A",,"Final","","None"
"WPR25FA205","ACC","200490","2025-07-06T14:45:00Z","Eagle Nest","New Mexico","United States",,"N5009B","D-4269","false","Aviation","",,,"Fatal","1","0","0","1",,,,,"36.490960000000001","-105.13582","BEECH","F35","AIR",,,"false","1",,,"PERS","091","Destroyed","VMC",,"In work",,"Prelim","","https://data.ntsb.gov/carol-repgen/api/Aviation/ReportMain/GenerateNewestReport/200490/pdf"
"WPR25LA203","ACC","200486","2025-07-06T14:00:00Z","Park City","Utah","United States",,"N715SG","1261","false","Aviation","DirectorBrief","2025-09-05T04:00:00Z","2025-09-05T18:00:00Z","None","0","0","0","0",,"The pilot’s failure to maintain rotor rpm during an approach to landing in a mountainous area, which resulted in a collision with terrain.","Personnel issues - Task performance - Use of equip/info - Aircraft control - Pilot, Aircraft - Aircraft propeller/rotor - Main rotor system - Main rotor blade system - Capability exceeded",,"40.579999999999998","-111.52","ROBINSON HELICOPTER","R44","HELI","NA",,"false","1","REC",,"PERS","091","Substantial","VMC",,"Completed",,"Final","https://data.ntsb.gov/Docket?ProjectID=200486","https://data.ntsb.gov/carol-repgen/api/Aviation/ReportMain/GenerateNewestReport/200486/pdf"
"CEN25LA246","ACC","200507","2025-07-06T11:56:00Z","Lake Elmo","Minnesota","United States",,"N18CH","CH374","false","Aviation","DirectorBrief","2025-09-05T04:00:00Z","2025-09-05T18:00:00Z","None","0","0","0","0","0","The pilot’s failure to maintain obstacle clearance during the go-around, that resulted in the tailwheel impacting a taxiway sign, a subsequent loss of control due to the damaged tailwheel, and a runway excursion during the landing.","Personnel issues - Task performance - Use of equip/info - Aircraft control - Pilot, Aircraft - Aircraft oper/perf/capability - Performance/control parameters - Directional control - Attain/maintain not possible, Aircraft - Aircraft systems - Landing gear system - Nose/tail landing gear - Damaged/degraded, Aircraft - Aircraft oper/perf/capability - Performance/control parameters - Altitude - Not attained/maintained",,"44.994399000000001","-92.854129999999998","THORP","T18","AIR","21D","LAKE ELMO","true","1","REC",,"PERS","091","Substantial","VMC",,"Completed",,"Final","https://data.ntsb.gov/Docket?ProjectID=200507","https://data.ntsb.gov/carol-repgen/api/Aviation/ReportMain/GenerateNewestReport/200507/pdf"
"ANC25LA068","ACC","200489","2025-07-06T09:30:00Z","Kokhanok","Alaska","United States",,"N67251","251","false","Aviation","DirectorBrief","2025-08-21T04:00:00Z","2025-08-21T17:00:00Z","None","0","0","0","0",,"The pilot’s failure to attain a proper touchdown point during landing which resulted in a hard landing.","Aircraft - Aircraft oper/perf/capability - Performance/control parameters - Landing flare - Not attained/maintained, Personnel issues - Action/decision - Info processing/decision - Decision making/judgment - Pilot",,"59.437600000000003","-154.77719999999999","DEHAVILLAND","BEAVER DHC-2 MK.1","AIR","NONE",,"false","1","REC",,"BUS","091","Substantial","VMC","No See Um Lodge","Completed",,"Final","https://data.ntsb.gov/Docket?ProjectID=200489","https://data.ntsb.gov/carol-repgen/api/Aviation/ReportMain/GenerateNewestReport/200489/pdf"
"CEN25LA238","ACC","200476","2025-07-05T15:32:00Z","Joliet","Illinois","United States",,"N646MA","05-11-07","false","Aviation","DirectorBrief","2025-09-18T04:00:00Z","2025-09-18T17:00:00Z","None","0","0","0","0","0","The pilot’s failure to maintain directional control during the crosswind landing.","Personnel issues - Task performance - Use of equip/info - Aircraft control - Pilot, Aircraft - Aircraft oper/perf/capability - Performance/control parameters - Directional control - Not attained/maintained, Environmental issues - Conditions/weather/phenomena - Wind - Crosswind - Contributed to outcome",,"41.517884000000002","-88.175956999999997","FLIGHT DESIGN GMBH","CTSW","AIR","JOT","JOLIET RGNL","false","1","REC",,"PERS","091","Substantial","VMC",,"Completed",,"Final","https://data.ntsb.gov/Docket?ProjectID=200476","https://data.ntsb.gov/carol-repgen/api/Aviation/ReportMain/GenerateNewestReport/200476/pdf"
"ANC25LA065","ACC","200464","2025-07-05T15:30:00Z","King Salmon","Alaska","United States",,"N52009","18052438","false","Aviation","",,,"Serious","0","3","1","4",,,,,"58.550313000000003","-155.77591000000001","CESSNA","180J","AIR",,,"false","1",,,"PERS","091","Substantial","VMC",,"In work",,"Prelim","","https://data.ntsb.gov/carol-repgen/api/Aviation/ReportMain/GenerateNewestReport/200464/pdf"
"GAA25WA205","ACC","200469","2025-07-05T11:19:00Z","Wald im Pinzgau",,"Austria",,"D-EHGD",,"false","Aviation","","2025-09-25T04:00:00Z",,"Fatal","4","0","0","4","0",,,,"47.246110999999999","12.128056000000001","AVIONS ROBIN","DR400","AIR",,,"false","1","REC",,,"NUSN","Destroyed",,"Ikarus Luftsportclub Schleißheim e.V.","N/A",,"Final","","None"
"CEN25LA239","ACC","200477","2025-07-05T10:31:00Z","Newaygo","Michigan","United States",,"N71790","3217","false","Aviation","DirectorBrief","2026-01-09T05:00:00Z","2026-01-09T19:00:00Z","None","0","0","0","0","0","The pilot’s inadequate fuel planning and his failure to adequately monitor the fuel level during the flight which resulted in a total loss of engine power due to fuel exhaustion.","Aircraft - Fluids/misc hardware - Fluids - Fuel - Fluid level, Personnel issues - Task performance - Planning/preparation - Fuel planning - Pilot, Personnel issues - Action/decision - Info processing/decision - Identification/recognition - Pilot, Personnel issues - Psychological - Attention/monitoring - Monitoring equip/instruments - Pilot",,"43.421570000000003","-85.825339999999997","LUSCOMBE","8A","AIR",,,"false","1","REC",,"PERS","091","Substantial","VMC",,"Completed",,"Final","https://data.ntsb.gov/Docket?ProjectID=200477","https://data.ntsb.gov/carol-repgen/api/Aviation/ReportMain/GenerateNewestReport/200477/pdf"
"GAA25WA210","ACC","200545","2025-07-05T08:30:00Z","Châteauroux-Villers",,"France",,"F-BJOZ",,"false","Aviation","","2025-10-01T04:00:00Z",,"Fatal","1","0","0","1",,,,,,,"JODEL","DR1050","AIR","LFEJ",,"false",,,,,"NUSN","Destroyed",,,"N/A",,"Final","","None"
"DCA25WA302","INC","200855","2025-07-05T04:00:00Z","North/East sector of Algiers FIR",,"Algeria",,"7T-VKF, A7-BFL",,"false","Aviation","","2025-09-04T04:00:00Z",,,"0","0","0",,"0",,,,,,"BOEING, BOEING","737, 777","AIR, AIR",,,"false, false","2, 2",,"SCHD",,"121, 121","None, None",,"Air Algerie, Qatar Airways","N/A",,"Final","","None"
"ERA25LA259","ACC","200465","2025-07-04T18:10:00Z","Towanda","Pennsylvania","United States",,"N31XR","6771","false","Aviation","DirectorBrief","2025-11-14T05:00:00Z","2025-11-14T18:00:00Z","None","0","0","0","0","0","An in-flight fire for reasons that could not be determined due to the extent of fire damage.","Not determined - Not determined - (general) - (general) - Unknown/Not determined",,"41","-76","ROBBINS C/ROBBINS J","ROTORWAY EXEC 162F","HELI",,,"true","1","REC",,"PERS","091","Destroyed","VMC",,"Completed",,"Final","https://data.ntsb.gov/Docket?ProjectID=200465","https://data.ntsb.gov/carol-repgen/api/Aviation/ReportMain/GenerateNewestReport/200465/pdf"
"ENG25WA048","OCC","200654","2025-07-04T15:00:00Z","VITÓRIA DA CONQUISTA","Other Foreign","Brazil",,"PR-EMC","2214","false","Aviation","","2025-08-19T04:00:00Z",,,,,,,,,,,,,"CIRRUS","SR22","AIR","SBQV",,"false",,,,,"NUSN","Substantial",,"Jacson Ronaldo Tombini","N/A",,"Final","","None"
"CEN25LA237","ACC","200475","2025-07-04T12:30:00Z","Pecos","Texas","United States",,"N992TP","14089","false","Aviation","DirectorBrief","2025-10-09T04:00:00Z","2025-10-09T17:00:00Z","Serious","0","1","0","1",,"The pilot’s failure to maintain aircraft control during gusty wind conditions.","Aircraft - Aircraft oper/perf/capability - Performance/control parameters - (general) - Not attained/maintained, Personnel issues - Action/decision - Info processing/decision - Decision making/judgment - Pilot, Personnel issues - Task performance - Use of equip/info - Aircraft control - Pilot",,"31.382389","-103.51072000000001","ROBINSON HELICOPTER COMPANY","R44 II","HELI","PEQ","Pecos Municipal Airport","false","1","REC",,"PERS","091","Substantial","VMC",,"Completed",,"Final","https://data.ntsb.gov/Docket?ProjectID=200475","https://data.ntsb.gov/carol-repgen/api/Aviation/ReportMain/GenerateNewestReport/200475/pdf"
"WPR25LA207","ACC","200514","2025-07-04T10:00:00Z","Belen","New Mexico","United States",,"N7166E","52166","false","Aviation","",,,"None","0","0","0","0",,,,,"34.645862000000001","-106.83634000000001","CESSNA","182B","AIR","BRG","Belen Regional Airport","false","1",,,"PERS","091","Substantial","VMC",,"In work",,"Prelim","","https://data.ntsb.gov/carol-repgen/api/Aviation/ReportMain/GenerateNewestReport/200514/pdf"
"DCA25WA270","INC","200621","2025-07-04T04:00:00Z","Buenos Aires",,"Argentina",,"LV-FUB",,"false","Aviation","",,,,,,,,,,,,,,"BOEING","737-800","AIR",,,"false",,,"SCHD",,"NUSC","None",,"Argentina Aerolineas Argentinas","N/A",,"Prelim","","None"
"ERA25LA257","ACC","200458","2025-07-03T20:32:00Z","Greenville","Kentucky","United States",,"N11TY","001 TY","false","Aviation","DirectorBrief","2025-11-14T05:00:00Z","2025-11-14T18:00:00Z","None","0","0","0","0","0","The pilot’s loss of control during takeoff.","Aircraft - Aircraft oper/perf/capability - Performance/control parameters - Directional control - Not attained/maintained, Personnel issues - Task performance - Use of equip/info - Aircraft control - Pilot",,"37.228982999999999","-87.151916","YATES TOM W","Kitfox III","AIR","M21","MUHLENBERG COUNTY","true","1","REC",,"PERS","091","Substantial","VMC",,"Completed",,"Final","https://data.ntsb.gov/Docket?ProjectID=200458","https://data.ntsb.gov/carol-repgen/api/Aviation/ReportMain/GenerateNewestReport/200458/pdf"
"ANC25LA067","ACC","200483","2025-07-03T16:00:00Z","Fairbanks","Alaska","United States",,"N690AX","11384","false","Aviation","DirectorBrief","2025-08-21T04:00:00Z","2025-08-21T17:00:00Z","None","0","0","0","0",,"The pilot’s failure to maintain control during takeoff resulting in a gear-up landing on the runway. Contributing to the accident was the pilot’s momentary distraction from within the airplane.","Personnel issues - Action/decision - Info processing/decision - Decision making/judgment - Pilot, Personnel issues - Task performance - Use of equip/info - Aircraft control - Pilot, Personnel issues - Psychological - Attention/monitoring - Task monitoring/vigilance - Pilot, Personnel issues - Psychological - Perception/orientation/illusion - Situational awareness - Pilot, Aircraft - Aircraft oper/perf/capability - Performance/control parameters - Altitude - Not attained/maintained",,"64.837558999999999","-147.61472000000001","ROCKWELL INTERNATIONAL","690B","AIR","FBK","Ladd Army Airfield","false","2","TP","NSCH","PERS","135","Substantial","VMC","CLEARWATER AIR INC","Completed",,"Final","https://data.ntsb.gov/Docket?ProjectID=200483","https://data.ntsb.gov/carol-repgen/api/Aviation/ReportMain/GenerateNewestReport/200483/pdf"
"ERA25LA256","ACC","200457","2025-07-03T11:15:00Z","DeLand","Florida","United States",,"N508K","AA2A0184","false","Aviation","",,,"Serious","0","1","0","1","0",,,,"29.064157999999999","-81.282976000000005","Kyle Koncak","Aventura II","AIR","DED",,"true","1",,,"PERS","091","Substantial","VMC","Joseph Perrone","In work",,"Prelim","","https://data.ntsb.gov/carol-repgen/api/Aviation/ReportMain/GenerateNewestReport/200457/pdf"
"WPR25LA202","ACC","200485","2025-07-03T11:00:00Z","Henderson","Nevada","United States",,"N66JG","25-0866","false","Aviation","DirectorBrief","2025-09-26T04:00:00Z","2025-09-26T17:00:00Z","None","0","0","0","0",,"The pilot’s failure to maintain directional control during a go-around, resulting in a collision with a runway sign.","Aircraft - Aircraft oper/perf/capability - Performance/control parameters - Descent/approach/glide path - Not attained/maintained, Aircraft - Aircraft oper/perf/capability - Performance/control parameters - Landing flare - Not attained/maintained, Personnel issues - Task performance - Use of equip/info - Aircraft control - Pilot, Aircraft - Aircraft oper/perf/capability - Performance/control parameters - Directional control - Not attained/maintained, Environmental issues - Physical environment - Object/animal/substance - Sign/marker - Effect on equipment",,"35.972575999999997","-115.13664","MOONEY AIRCRAFT CORP.","M20K","AIR","HND","HENDERSON EXEC","false","1","REC",,"PERS","091","Substantial","VMC","CASSITY SCOTT","Completed",,"Final","https://data.ntsb.gov/Docket?ProjectID=200485","https://data.ntsb.gov/carol-repgen/api/Aviation/ReportMain/GenerateNewestReport/200485/pdf"
"CEN25LA236","ACC","200473","2025-07-03T08:30:00Z","Meeker","Colorado","United States",,"N66898","18-7509091","false","Aviation","DirectorBrief","2025-09-16T04:00:00Z",,"None","0","0","0","0","0","The student pilot’s failure to maintain directional control during landing. Contributing to the accident was the flight instructor’s delayed remedial action.","Aircraft - Aircraft oper/perf/capability - Performance/control parameters - Directional control - Not attained/maintained, Personnel issues - Action/decision - Action - Delayed action - Instructor/check pilot, Personnel issues - Task performance - Use of equip/info - Aircraft control - Student/instructed pilot",,"40.053106","-107.88442000000001","PIPER","PA-18-150","AIR","KEEO","Meeker Airport","false","1","REC",,"INST","091","Substantial","VMC",,"Completed",,"Final","","https://data.ntsb.gov/carol-repgen/api/Aviation/ReportMain/GenerateNewestReport/200473/pdf"
"ANC25LA063","ACC","200461","2025-07-03T07:57:00Z","Kona","Hawaii","United States",,"N3261S","18255761","false","Aviation","",,,"Minor","0","0","1","1",,,,,"19.771166999999998","-156.03399999999999","CESSNA","182G","AIR",,,"false","1",,,"POSI","091","Substantial",,"BIG ISLAND GRAVITY LLC","In work",,"Prelim","","https://data.ntsb.gov/carol-repgen/api/Aviation/ReportMain/GenerateNewestReport/200461/pdf"
"ERA25LA255","ACC","200456","2025-07-02T19:25:00Z","Madisonville","Kentucky","United States",,"N21385","0356","false","Aviation","DirectorBrief","2025-11-14T05:00:00Z","2025-11-14T18:00:00Z","Minor","0","0","1","1","0","The pilot’s failure to take the appropriate corrective action for ground resonance, which resulted in a loss of helicopter control.","Personnel issues - Task performance - Use of equip/info - Aircraft control - Student/instructed pilot, Aircraft - Aircraft oper/perf/capability - Performance/control parameters - (general) - Not attained/maintained",,"37.353636000000002","-87.395701000000003","SCHWEIZER","269C","HELI","2I0","Madisonville regional Airport","false","1","REC",,"INST","091","Substantial","VMC","Madisonville Community College","Completed",,"Final","https://data.ntsb.gov/Docket?ProjectID=200456","https://data.ntsb.gov/carol-repgen/api/Aviation/ReportMain/GenerateNewestReport/200456/pdf"
"ERA25LA254","ACC","200453","2025-07-02T18:29:00Z","Monroe","New Jersey","United States",,"N716MM","208B0746","false","Aviation","",,,"Serious","0","12","3","15",,,,,"39.700000000000003","-75.040000000000006","CESSNA","208","AIR","17N","Cross Keys Airport","false","1",,,"SKYD","091","Substantial","VMC","ARNE AVIATION LLC","In work",,"Prelim","","https://data.ntsb.gov/carol-repgen/api/Aviation/ReportMain/GenerateNewestReport/200453/pdf"
"WPR25FA197","ACC","200452","2025-07-02T14:13:00Z","Mount Vernon","Washington","United States",,"N774RS","001031","false","Aviation","",,,"Fatal","1","0","0","1",,,,,"48.409995000000002","-122.25998","EVOLUTION AIRCRAFT INC","REVOLT","WSFT",,,"false","1",,,"PERS","091","Substantial","VMC","EVOLUTION AIRCRAFT INC","In work",,"Prelim","","https://data.ntsb.gov/carol-repgen/api/Aviation/ReportMain/GenerateNewestReport/200452/pdf"
"ERA25FA253","ACC","200451","2025-07-02T14:00:00Z","Gallatin","Tennessee","United States",,"N93985","1308","false","Aviation","",,,"Fatal","1","0","0","1",,,,,"36.408895000000001","-86.515863999999993","ERCOUPE","415","AIR",,,"false","1",,,"POSI","091","Substantial","VMC",,"In work",,"Prelim","","https://data.ntsb.gov/carol-repgen/api/Aviation/ReportMain/GenerateNewestReport/200451/pdf"
"CEN25LA235","ACC","200472","2025-07-02T12:45:00Z","Brush","Colorado","United States",,"N7635H","12-510","false","Aviation","DirectorBrief","2025-09-18T04:00:00Z","2025-09-18T17:00:00Z","None","0","0","0","0","0","The pilot’s failure to maintain directional control while performing a touch and go landing.","Environmental issues - Conditions/weather/phenomena - Wind - Sudden wind shift - Effect on operation, Aircraft - Aircraft oper/perf/capability - Performance/control parameters - Directional control - Not attained/maintained, Personnel issues - Task performance - Use of equip/info - Aircraft control - Pilot",,"40.264409000000001","-103.57565","PIPER","PA12","AIR","7V5","BRUSH MUNI","false","1","REC",,"PERS","091","Substantial","VMC",,"Completed",,"Final","https://data.ntsb.gov/Docket?ProjectID=200472","https://data.ntsb.gov/carol-repgen/api/Aviation/ReportMain/GenerateNewestReport/200472/pdf"
"ENG25WA054","INC","200955","2025-07-02T04:00:00Z","Kitakyushu","Other Foreign","Japan",,"T7-12DW","2164","false","Aviation","",,,,,,,,,,,,,,"PILATUS","PC12","AIR",,,"false",,,,,"UNK","None",,,"N/A",,"Prelim","","None"
"DCA25LA251","ACC","200488","2025-07-02T01:22:00Z","Las Vegas","Nevada","United States",,"N66831","44562","false","Aviation","",,,"None","0","0","0","0",,,,,"36.073611","-115.12976","BOEING","737-924ER","AIR","LAS","Harry Reid International Airport","false","2",,"SCHD",,"121","Substantial","VMC","UNITED AIRLINES INC","In work",,"Prelim","","https://data.ntsb.gov/carol-repgen/api/Aviation/ReportMain/GenerateNewestReport/200488/pdf"
"ANC25LA062","ACC","200460","2025-07-01T17:20:00Z","Wasilla","Alaska","United States",,"N5169X","676","false","Aviation","DirectorBrief","2025-08-21T04:00:00Z","2025-08-21T17:00:00Z","None","0","0","0","0",,"The pilot’s excessive use of brakes during landing roll, which resulted in a nose-over.","Aircraft - Aircraft systems - Landing gear system - Landing gear brakes system - Incorrect use/operation, Aircraft - Aircraft oper/perf/capability - Performance/control parameters - Surface speed/braking - Incorrect use/operation, Personnel issues - Task performance - Use of equip/info - Use of equip/system - Pilot",,"61.394728000000001","-149.84244000000001","CHAMPION","7ECA","AIR","Z40","Goose Bay Airport","false","1","REC",,"INST","091","Substantial","VMC","JIN JIN AVIATION LLC","Completed",,"Final","https://data.ntsb.gov/Docket?ProjectID=200460","https://data.ntsb.gov/carol-repgen/api/Aviation/ReportMain/GenerateNewestReport/200460/pdf"
"GAA25WA225","ACC","200699","2025-07-01T15:40:00Z","Anthony Lagoon",,"Australia",,"VH-HGE",,"false","Aviation","","2025-08-07T04:00:00Z",,,,,,,,,,,"-17.803332999999999","135.134444","ROBINSON","R22","HELI",,,"false",,,,,"137","Substantial",,,"N/A",,"Final","","None"
"CEN25LA231","ACC","200448","2025-07-01T12:45:00Z","Lockport","Louisiana","United States",,"N8834H","1B","false","Aviation","",,,"None","0","0","0","0","0",,,,"29.591570000000001","-90.476339999999993","GRUMMAN ACFT ENG COR-SCHWEIZER","G-164B","AIR",,,"false","1",,,"AAPL","137","Substantial","VMC","AG AIR LLC","In work",,"Prelim","","https://data.ntsb.gov/carol-repgen/api/Aviation/ReportMain/GenerateNewestReport/200448/pdf"
"CEN25LA232","ACC","200449","2025-07-01T09:45:00Z","Edgerton","Missouri","United States",,"N16726","2122","false","Aviation","",,,"None","0","0","0","0",,,,,"39.441679999999998","-94.656739999999999","BELL","206B","HELI",,,"false","1",,,"AAPL","137","Substantial","VMC","Aeroag","In work",,"Prelim","","https://data.ntsb.gov/carol-repgen/api/Aviation/ReportMain/GenerateNewestReport/200449/pdf"
"GAA25WA207","ACC","200511","2025-07-01T08:30:00Z","PORTO DOS GAÚCHOS","Other Foreign","Brazil",,"PP-LTO","502B-3399","false","Aviation","","2026-01-08T05:00:00Z",,"Fatal","1","0","2","0","3",,,,,,"AIR TRACTOR","AT502","AIR","ZZZZ",,"false",,,,,"NUSN","None",,,"N/A",,"Final","","None"
"GAA25WA206","ACC","200510","2025-07-01T04:00:00Z","Cairo",,"Egypt",,"5N-BLW",,"false","Aviation","","2025-07-24T04:00:00Z",,"None","0","0","0","0",,,,,,,"LEARJET","45","AIR",,"Cairo Airport","false",,,,,"NUSN","Minor",,,"N/A",,"Final","","None"

