"NtsbNo","EventType","Mkey","EventDate","City","State","Country","ReportNo","N#","SerialNumber","HasSafetyRec","Mode","ReportType","OriginalPublishedDate","DocketOriginalPublishedDate","HighestInjuryLevel","FatalInjuryCount","SeriousInjuryCount","MinorInjuryCount","OnboardInjuryCount","OnGroundInjuryCount","ProbableCause","Findings","EventID","Latitude","Longitude ","Make","Model","AirCraftCategory","AirportID","AirportName","AmateurBuilt","NumberOfEngines","EngineType","Scheduled","PurposeOfFlight","FAR","AirCraftDamage","WeatherCondition","Operator","ReportStatus","RepGenFlag","MostRecentReportType","DocketUrl","ReportUrl"
"CEN25LA356","ACC","200918","2025-08-31T22:02:00Z","Round Mountain","Texas","United States",,"N36RP","761037","false","Aviation","",,,"Serious","0","3","0","3","0",,,,"30.343586999999999","-98.157516999999999","SIKORSKY AIRCRAFT CORP","S-76","HELI","TA22","MIRASOL HILLS","false","2",,"NSCH",,"135","Substantial","VMC","Paradigm Helicopters LLC","In work",,"Prelim","","https://data.ntsb.gov/carol-repgen/api/Aviation/ReportMain/GenerateNewestReport/200918/pdf"
"CEN25LA353","ACC","200914","2025-08-31T21:15:00Z","Pittsfield","Illinois","United States",,"N5714F","28-24928","false","Aviation","DirectorBrief","2026-01-15T05:00:00Z","2026-01-15T18:00:00Z","None","0","0","0","0","0","The collision with a deer during the aborted landing in night visual meteorological conditions.","Environmental issues - Physical environment - Object/animal/substance - Animal(s)/bird(s) - Ability to respond/compensate, Environmental issues - Physical environment - Object/animal/substance - Animal(s)/bird(s) - Effect on equipment, Environmental issues - Physical environment - Object/animal/substance - Animal(s)/bird(s) - Contributed to outcome",,"39.638890000000004","-90.778559000000001","PIPER","PA-28-140","AIR","PPQ","Pittsfield Penstone Municipal Airport","false","1","REC",,"INST","091","Substantial","VMC","Piston Aviation","Completed",,"Final","https://data.ntsb.gov/Docket?ProjectID=200914","https://data.ntsb.gov/carol-repgen/api/Aviation/ReportMain/GenerateNewestReport/200914/pdf"
"WPR25FA269","ACC","200907","2025-08-31T18:20:00Z","Alta","Utah","United States",,"N1147X","28R-7535259","false","Aviation","",,,"Fatal","1","1","0","2","0",,,,"40.589585999999997","-111.62023000000001","PIPER","PA-28R-200","AIR",,,"false","1",,"NSCH","PERS","091","Substantial","VMC",,"In work",,"Prelim","","https://data.ntsb.gov/carol-repgen/api/Aviation/ReportMain/GenerateNewestReport/200907/pdf"
"ANC25LA100","ACC","200961","2025-08-31T15:00:00Z","Sutton","Alaska","United States",,"N5267X","192","false","Aviation","",,,"None","0","0","0","0",,,,,"61.705649999999999","-148.31331","CHAMPION","7GCBC","AIR",,,"false","1",,,"PERS","091","Substantial","VMC",,"In work",,"Prelim","","https://data.ntsb.gov/carol-repgen/api/Aviation/ReportMain/GenerateNewestReport/200961/pdf"
"WPR25LA272","ACC","200923","2025-08-31T12:00:00Z","Jamesburg","California","United States",,"N15WJ","824-99","false","Aviation","",,,"Minor","0","0","2","2","0",,,,"36.344938999999997","-121.61323","AMERICAN CHAMPION AIRCRAFT","8KCAB","AIR","SNS","SALINAS MUNI","false","1",,,"PERS","091","Substantial","VMC",,"In work",,"Prelim","","https://data.ntsb.gov/carol-repgen/api/Aviation/ReportMain/GenerateNewestReport/200923/pdf"
"ERA25LA325","ACC","200908","2025-08-31T11:45:00Z","Lebanon","Ohio","United States",,"N628FN","18280227","false","Aviation","DirectorBrief","2025-12-04T05:00:00Z","2025-12-04T18:00:00Z","None","0","0","0","0","0","The pilot’s failure to maintain directional control of the airplane during takeoff, which resulted in a runway excursion and collision with a sign.","Personnel issues - Task performance - Use of equip/info - Aircraft control - Pilot, Aircraft - Aircraft oper/perf/capability - Performance/control parameters - Directional control - Not attained/maintained",,"39.461514999999999","-84.254108000000002","CESSNA","182","AIR","I68","WARREN COUNTY/JOHN LANE FLD","false","1","REC",,"PERS","091","Substantial","VMC","Steven Immerman","Completed",,"Final","https://data.ntsb.gov/Docket?ProjectID=200908","https://data.ntsb.gov/carol-repgen/api/Aviation/ReportMain/GenerateNewestReport/200908/pdf"
"WPR25FA268","ACC","200906","2025-08-31T11:40:00Z","Fort Morgan","Colorado","United States",,"N61657, N330AN","17264706, LC051","false","Aviation","",,,"Fatal","1","1","2","4","0",,,,"40.340539999999997","-103.81023","CESSNA, EXTRA FLUGZEUGPRODUKTIONS-UND","172M, EA 300/LC","AIR, AIR","FMM","FORT MORGAN MUNI","false, false","1, 1",,,"PERS, PERS","091, 091","Destroyed, Destroyed","VMC","BELL ORNITHOPTERS FLYING CLUB INC","In work",,"Prelim","","https://data.ntsb.gov/carol-repgen/api/Aviation/ReportMain/GenerateNewestReport/200906/pdf"
"DCA25LA308","ACC","200905","2025-08-31T10:00:00Z","Denver","Colorado","United States",,"C-GYLQ","55355","false","Aviation","DirectorBrief","2026-03-17T04:00:00Z","2026-03-17T18:00:00Z","Serious","0","1","0","1",,"Unidentified burned debris in an aft galley oven, which generated smoke and odor in the cabin and led to an air turnback and subsequent evacuation, during which a serious injury occurred.","Aircraft - Aircraft systems - Equipment/furnishings - Buffet/galleys - Inadequate inspection, Environmental issues - Task environment - Physical workspace - Air quality/dust/smoke - Contributed to outcome, Personnel issues - Physical - Impairment/incapacitation - Illness/injury - Passenger",,"39.877437999999998","-104.65233000000001","AIRBUS CANADA","BD500","AIR","KDEN","Denver International Airport","false","2","TF","SCHD",,"129","None","VMC","Air Canada","Completed",,"Final","https://data.ntsb.gov/Docket?ProjectID=200905","https://data.ntsb.gov/carol-repgen/api/Aviation/ReportMain/GenerateNewestReport/200905/pdf"
"WPR25LA271","ACC","200922","2025-08-31T09:45:00Z","Red Lodge","Montana","United States",,"N45254","2601","false","Aviation","DirectorBrief","2025-12-11T05:00:00Z","2025-12-11T18:00:00Z","Minor","0","0","2","2","0","The pilot’s failure to maintain clearance from obstacles during an aborted landing. Contributing to the accident was the high density altitude weather condition.","Aircraft - Aircraft oper/perf/capability - Performance/control parameters - Climb rate - Not attained/maintained, Environmental issues - Conditions/weather/phenomena - Temp/humidity/pressure - High density altitude - Effect on operation",,"45.177554000000001","-109.25565","NAVAL AIRCRAFT FACTORY","N3N-3","AIR","RED","RED LODGE","false","1","REC",,"PERS","091","Substantial","VMC",,"Completed",,"Final","https://data.ntsb.gov/Docket?ProjectID=200922","https://data.ntsb.gov/carol-repgen/api/Aviation/ReportMain/GenerateNewestReport/200922/pdf"
"CEN25LA359","ACC","200928","2025-08-30T21:25:00Z","Nashville","Arkansas","United States",,"N442PR","11278","false","Aviation","DirectorBrief","2026-01-15T05:00:00Z","2026-01-15T18:00:00Z","None","0","0","0","0","0","The pilot’s inadequate fuel planning which resulted in a total loss of power due to fuel exhaustion. Contributing to the accident was the landing zone being unlit.","Personnel issues - Task performance - Planning/preparation - Fuel planning - Pilot, Aircraft - Fluids/misc hardware - Fluids - Fuel - Fluid level, Environmental issues - Physical environment - Object/animal/substance - Pole - Contributed to outcome",,"34.045000000000002","-93.783000000000001","ROBINSON HELICOPTER COMPANY","R44 II","HELI","None","Grass lot","false","1","REC",,"PERS","091","Substantial","VMC","A&E AERIAL LLC","Completed",,"Final","https://data.ntsb.gov/Docket?ProjectID=200928","https://data.ntsb.gov/carol-repgen/api/Aviation/ReportMain/GenerateNewestReport/200928/pdf"
"ERA25LA331","ACC","200940","2025-08-30T14:04:00Z","Farmingdale","New York","United States",,"N22998, N6185U","15068670, 172S10719","false","Aviation","",,,"None","0","0","0","0",,,,,"40.729470999999997","-73.416961000000001","CESSNA, CESSNA","150, 172","AIR, AIR","FRG","FARMINGDALE REPUBLIC AIRPORT","false, false","1, 1",,"NSCH","PERS, INST","091, 091","Minor, Substantial","VMC","BUSY BEES AIRWAYS CORP, Academy of Aviation","In work",,"Prelim","","https://data.ntsb.gov/carol-repgen/api/Aviation/ReportMain/GenerateNewestReport/200940/pdf"
"ANC25LA115","ACC","201755","2025-08-30T08:00:00Z","Kanab","Utah","United States",,"N71331","18259582","false","Aviation","",,,"None","0","0","0","0",,,,,"37.009500000000003","-112.52930000000001","CESSNA","182M","AIR","KNB","KANAB MUNI","false","1",,,"PERS","091","Substantial","VMC",,"In work",,"Prelim","","https://data.ntsb.gov/carol-repgen/api/Aviation/ReportMain/GenerateNewestReport/201755/pdf"
"CEN25LA354","ACC","200916","2025-08-30T03:10:00Z","Baldwin City","Kansas","United States",,"N89585","15282796","false","Aviation","DirectorBrief","2025-11-14T05:00:00Z","2025-11-14T18:00:00Z","None","0","0","0","0",,"The pilot’s decision to continue the night landing without runway lights which resulted in the runway overrun.","Environmental issues - Conditions/weather/phenomena - Light condition - Dark - Decision related to condition, Environmental issues - Operating environment - Airport facilities/design - Runway lighting - Decision related to condition, Personnel issues - Action/decision - Info processing/decision - Decision making/judgment - Pilot, Aircraft - Aircraft oper/perf/capability - Performance/control parameters - Descent/approach/glide path - Not attained/maintained",,"38.835788000000001","-95.181775999999999","CESSNA","152","AIR","K64","VINLAND VALLEY AERODROME","false","1","REC",,"PERS","091","Substantial","VMC","VINLAND FLIGHT SCHOOL LLC","Completed",,"Final","https://data.ntsb.gov/Docket?ProjectID=200916","https://data.ntsb.gov/carol-repgen/api/Aviation/ReportMain/GenerateNewestReport/200916/pdf"
"DCA25WA335","INC","201052","2025-08-29T17:08:00Z","Gran Canaria","Other Foreign","Spain",,"EC-OEC, EC-KJQ",,"false","Aviation","","2025-10-06T04:00:00Z",,,"0","0","0",,"0",,,,"27.931944000000001","-15.386666999999999","EMBRAER, BEECH","ERJ190, 300","AIR, AIR","GCLP","Gran Canaria","false, false","2, 2",,"SCHD",,"NUSC, UNK","None, None",,"Binter Canarias S.A., SENASA","N/A",,"Final","","None"
"ANC25LA099","ACC","200960","2025-08-29T12:50:00Z","Petersville","Alaska","United States",,"N74435","10718","false","Aviation","",,,"None","0","0","0","0",,,,,"62.542430000000003","-151.44399999999999","ROBINSON HELICOPTER COMPANY","R44 II","HELI",,,"false","1",,"NSCH",,"135","Substantial","VMC","POLLUX AVIATION LTD","In work",,"Prelim","","https://data.ntsb.gov/carol-repgen/api/Aviation/ReportMain/GenerateNewestReport/200960/pdf"
"ERA25LA324","ACC","200904","2025-08-29T11:27:00Z","New Smyrna Beach","Florida","United States",,"N1607F","17255002","false","Aviation","DirectorBrief","2025-11-20T05:00:00Z","2025-11-20T18:00:00Z","Minor","0","0","2","2","0","Maintenance personnel’s failure to detect and address water contamination of the airplane’s fuel system, which resulted in a total loss of engine power during initial climb.","Aircraft - Fluids/misc hardware - Fluids - Fuel - Fluid condition, Aircraft - Fluids/misc hardware - Fluids - Fuel - Inadequate inspection, Personnel issues - Task performance - Inspection - Scheduled/routine inspection - Maintenance personnel",,"29.057134999999999","-80.957783000000006","CESSNA","172","AIR","EVB","NEW SMYRNA BEACH MUNI (JACK BOLT FLD)","false","1","REC",,"PERS","091","Substantial","VMC",,"Completed",,"Final","https://data.ntsb.gov/Docket?ProjectID=200904","https://data.ntsb.gov/carol-repgen/api/Aviation/ReportMain/GenerateNewestReport/200904/pdf"
"DCA25LA307","ACC","200899","2025-08-28T20:27:00Z","Peaster","Texas","United States",,"N110SY","17000405","false","Aviation","",,,"Serious","0","1","1","2",,,,,"32.865324999999999","-97.871333000000007","EMBRAER S A","ERJ 170-200 LL","AIR",,,"false","2",,"SCHD",,"121","None","VMC","SKYWEST AIRLINES INC","In work",,"Prelim","","https://data.ntsb.gov/carol-repgen/api/Aviation/ReportMain/GenerateNewestReport/200899/pdf"
"CEN25LA352","ACC","200903","2025-08-28T19:00:00Z","Hearne","Texas","United States",,"N605MN","5368","false","Aviation","DirectorBrief","2025-11-20T05:00:00Z","2025-11-20T18:00:00Z","Minor","0","0","1","1","0","The inflight engine compartment fire for reasons that could not be determined.","Not determined - Not determined - (general) - (general) - Unknown/Not determined",,"30.872083","-96.622193999999993","Glasair","GlaStar","AIR","LHB","Hearne Municipal","true","1","REC",,"PERS","091","Substantial","VMC",,"Completed",,"Final","https://data.ntsb.gov/Docket?ProjectID=200903","https://data.ntsb.gov/carol-repgen/api/Aviation/ReportMain/GenerateNewestReport/200903/pdf"
"DCA25WA317","INC","200941","2025-08-28T18:07:00Z","Aktion",,"Greece",,"OK-TVW",,"false","Aviation","","2025-09-08T04:00:00Z",,"None","0","0","0","0",,,,,,,"BOEING","737",,,,"false",,,"SCHD",,"129",,,"Smartwings","N/A",,,"","None"
"CEN25LA357","ACC","200924","2025-08-28T16:50:00Z","Gregory","Michigan","United States",,"N7412P","24-2600","false","Aviation","",,,"Serious","0","1","0","1","0",,,,"42.442082999999997","-84.064361000000005","PIPER","PA-24-250","AIR","69G","RICHMOND FLD","false","1",,,"PERS","091","Substantial","VMC","ESPYESS AVIATION LLC","In work",,"Prelim","","https://data.ntsb.gov/carol-repgen/api/Aviation/ReportMain/GenerateNewestReport/200924/pdf"
"DCA25LA306","ACC","200898","2025-08-28T13:00:00Z","Chase City","Virginia","United States",,"N373NW","1641","false","Aviation","",,,"Serious","0","1","2","3",,,,,"36.790897999999999","-78.459832000000006","AIRBUS INDUSTRIE","A320-212","AIR",,,"false","2",,"SCHD",,"121","None",,"DELTA AIR LINES INC","In work",,"Prelim","","https://data.ntsb.gov/carol-repgen/api/Aviation/ReportMain/GenerateNewestReport/200898/pdf"
"DCA25WA311","INC","200929","2025-08-28T04:00:00Z","Helsinki",,"Finland",,"B-20DI","64316","false","Aviation","","2025-09-02T04:00:00Z",,"None","0","0","0","0",,,,,,,"BOEING","787","AIR",,,"false",,,"SCHD",,"NUSC","Minor",,"Juneyao Air","N/A",,"Final","","None"
"CEN25LA350","ACC","200897","2025-08-27T22:15:00Z","Ardmore","Oklahoma","United States",,"N5181A","17281102","false","Aviation","DirectorBrief","2025-12-11T05:00:00Z","2025-12-11T18:00:00Z","None","0","0","0","0","0","The pilot’s improper landing flare, which resulted in a hard, bounced landing.","Environmental issues - Conditions/weather/phenomena - Light condition - Dark - Effect on operation, Personnel issues - Task performance - Use of equip/info - Aircraft control - Pilot, Aircraft - Aircraft oper/perf/capability - Performance/control parameters - Landing flare - Not attained/maintained",,"34.303503999999997","-97.016052999999999","CESSNA","172R","AIR","ADM","ARDMORE MUNI","false","1","REC",,"INST","091","Substantial","VMC","SOUTHEASTERN OKLAHOMA STATE UNIVERSITY","Completed",,"Final","https://data.ntsb.gov/Docket?ProjectID=200897","https://data.ntsb.gov/carol-repgen/api/Aviation/ReportMain/GenerateNewestReport/200897/pdf"
"GAA25WA267","ACC","201721","2025-08-27T22:03:00Z","Barsaloi",,"Kenya",,"5Y-GMM","172-68443","false","Aviation","","2026-01-28T05:00:00Z",,"None","0","0","0","0",,,,,"1.3221000000000001","36.815199999999997","CESSNA","172","AIR","HKNW","Nairobi Wilson Airport","false",,"REC",,"INST","NUSN","Minor",,,"N/A",,"Final","","None"
"CEN25FA348","ACC","200893","2025-08-27T21:57:00Z","Kearney","Nebraska","United States",,"N3806Y","21058306","false","Aviation","",,,"Fatal","2","0","0","2","0",,,,"40.817500000000003","-98.993889999999993","CESSNA","210D","AIR","EAR",,"false","1",,,"PERS","091","Substantial","IMC",,"In work",,"Prelim","","https://data.ntsb.gov/carol-repgen/api/Aviation/ReportMain/GenerateNewestReport/200893/pdf"
"CEN25LA351","ACC","200900","2025-08-27T21:55:00Z","Nora Springs","Iowa","United States",,"N45JN","0489","false","Aviation","DirectorBrief","2026-02-13T05:00:00Z","2026-02-12T18:00:00Z","None","0","0","0","0",,"The pilot’s improper decision-making for the attempted landing, which resulted in a runway overrun due to inadequate runway landing distance with a quartering tailwind. Contributing to the accident was the wet condition of the runway.","Aircraft - Aircraft oper/perf/capability - Aircraft capability - Landing distance - Capability exceeded, Aircraft - Aircraft systems - Landing gear system - Brake - Capability exceeded, Environmental issues - Physical environment - Runway/land/takeoff/taxi surface - Wet surface - Effect on operation, Personnel issues - Action/decision - Info processing/decision - Decision making/judgment - Pilot, Personnel issues - Action/decision - Action - Incorrect action selection - Pilot",,"43.138905999999999","-93.065709999999996","CIRRUS DESIGN CORP","SR22","AIR","05IA","Spotts Field","false","1","REC",,"PERS","091","Substantial","VMC",,"Completed",,"Final","https://data.ntsb.gov/Docket?ProjectID=200900","https://data.ntsb.gov/carol-repgen/api/Aviation/ReportMain/GenerateNewestReport/200900/pdf"
"CEN25LA360","ACC","200934","2025-08-27T20:04:00Z","Goliad","Texas","United States",,"N8078L","17256278","false","Aviation","",,,"None","0","0","0","0","0",,,,"28.691420000000001","-97.257739999999998","CESSNA","172H","AIR","None",,"false","1",,,"PERS","091","Substantial","VMC",,"In work",,"Prelim","","https://data.ntsb.gov/carol-repgen/api/Aviation/ReportMain/GenerateNewestReport/200934/pdf"
"DCA25WA318","INC","200945","2025-08-27T18:53:00Z","Frankfurt",,"Germany",,"VT-TSD",,"false","Aviation","","2025-09-23T04:00:00Z",,,,,,,,,,,,,"BOEING","787","AIR","EDDF","Frankfurt International Airport","false",,,"SCHD",,"129","None",,"Air India","N/A",,"Final","","None"
"WPR25LA270","ACC","200921","2025-08-27T15:45:00Z","Everett","Washington","United States",,"N1755D","20198","false","Aviation","DirectorBrief","2025-11-20T05:00:00Z","2025-11-20T18:00:00Z","None","0","0","0","0","0","The pilot’s failure to maintain directional control during landing in crosswind conditions.","Environmental issues - Conditions/weather/phenomena - Wind - Crosswind - Effect on operation, Aircraft - Aircraft oper/perf/capability - Performance/control parameters - Crosswind correction - Not attained/maintained, Personnel issues - Task performance - Use of equip/info - Aircraft control - Pilot",,"47.908838000000003","-122.28563","CESSNA","170A","AIR","PAE","SEATTLE PAINE FLD INTL","false","1","REC",,"INST","091","Substantial","VMC","Boeing Employees Flying Association","Completed",,"Final","https://data.ntsb.gov/Docket?ProjectID=200921","https://data.ntsb.gov/carol-repgen/api/Aviation/ReportMain/GenerateNewestReport/200921/pdf"
"CEN25LA381","ACC","201009","2025-08-27T14:10:00Z","Fort Worth","Texas","United States",,"N505GR","65011","false","Aviation","DirectorBrief","2025-10-17T04:00:00Z","2025-10-17T17:00:00Z","None","0","0","0","0","0","The manufacturer flight instructor’s failure to maintain proper airspeed and a proper descent rate during a demonstrated hover out of ground effect (HOGE) autorotation, which resulted in a hard landing. Contributing to the accident was the manufacturer flight instructor’s failure to perform corrective action during the HOGE autorotation with a power recovery in a timely manner.","Personnel issues - Task performance - Use of equip/info - Aircraft control - Instructor/check pilot, Aircraft - Aircraft oper/perf/capability - Performance/control parameters - Descent rate - Not attained/maintained, Personnel issues - Psychological - Attention/monitoring - Task monitoring/vigilance - Instructor/check pilot, Personnel issues - Action/decision - Action - Incorrect action performance - Instructor/check pilot, Aircraft - Aircraft oper/perf/capability - Performance/control parameters - Airspeed - Not attained/maintained, Personnel issues - Action/decision - Info processing/decision - Identification/recognition - Instructor/check pilot",,"32.796441999999999","-97.150405000000006","BELL HELICOPTER TEXTRON CANADA","505","HELI","XS04","BELL SOUTH AIRFIELD","false","1","TS",,"INST","091","Substantial","VMC","Bell Training Academy","Completed",,"Final","https://data.ntsb.gov/Docket?ProjectID=201009","https://data.ntsb.gov/carol-repgen/api/Aviation/ReportMain/GenerateNewestReport/201009/pdf"
"CEN25FA346","ACC","200880","2025-08-27T12:58:00Z","Kearney","Missouri","United States",,"N888MT","340A0763","false","Aviation","",,,"Fatal","2","0","0","2","0",,,,"39.349483999999997","-94.306451999999993","CESSNA","340","AIR","GPH","MIDWEST NTL AIR CENTER","false","2",,,"PERS","091","Substantial","VMC",,"In work",,"Prelim","","https://data.ntsb.gov/carol-repgen/api/Aviation/ReportMain/GenerateNewestReport/200880/pdf"
"CEN25LA355","ACC","200917","2025-08-26T22:20:00Z","Lubbock","Texas","United States",,"N92356","17261567","false","Aviation","DirectorBrief","2025-12-04T05:00:00Z","2025-12-04T18:00:00Z","Minor","0","0","1","1","0","The pilot’s mismanagement of available fuel, which resulted in a loss of engine power due to fuel starvation.","Aircraft - Fluids/misc hardware - Fluids - Fuel - Fluid management, Personnel issues - Action/decision - Action - Lack of action - Pilot, Personnel issues - Task performance - Use of equip/info - Use of equip/system - Pilot",,"33.649870999999997","-101.81869","CESSNA","172M","AIR","LBB",,"false","1","REC",,"PERS","091","Substantial","VMC","HUB CITY AVIATION ACADEMY LLC","Completed",,"Final","https://data.ntsb.gov/Docket?ProjectID=200917","https://data.ntsb.gov/carol-repgen/api/Aviation/ReportMain/GenerateNewestReport/200917/pdf"
"ERA25LA328","ACC","200912","2025-08-26T21:06:00Z","Montauk","New York","United States",,"N88SP","8861","false","Aviation","DirectorBrief","2025-12-04T05:00:00Z","2025-12-04T18:00:00Z","None","0","0","0","0","0","The pilot’s failure to verify the wind direction and maintain an appropriate approach speed, which resulted in a long landing and subsequent runway excursion.","Personnel issues - Action/decision - Info processing/decision - Expectation/assumption - Pilot, Environmental issues - Conditions/weather/phenomena - Wind - Tailwind - Awareness of condition, Aircraft - Aircraft oper/perf/capability - Performance/control parameters - Descent/approach/glide path - Not attained/maintained, Personnel issues - Task performance - Use of equip/info - Aircraft control - Pilot",,"41.080027999999999","-71.915749000000005","CIRRUS DESIGN CORP","SR20","AIR","MTP","MONTAUK","false","1","REC",,"PERS","091","Substantial","VMC","Nassau Flyers","Completed",,"Final","https://data.ntsb.gov/Docket?ProjectID=200912","https://data.ntsb.gov/carol-repgen/api/Aviation/ReportMain/GenerateNewestReport/200912/pdf"
"WPR25FA264","ACC","200875","2025-08-26T20:05:00Z","Los Banos","California","United States",,"N5203H","172S9732","false","Aviation","",,,"Fatal","1","0","0","1",,,,,"36.989283999999998","-120.90098999999999","CESSNA","172S","AIR",,,"false","1",,,"PERS","091","Destroyed","VMC","Trade Winds Aviation","In work",,"Prelim","","https://data.ntsb.gov/carol-repgen/api/Aviation/ReportMain/GenerateNewestReport/200875/pdf"
"CEN25LA347","ACC","200887","2025-08-26T19:57:00Z","Lakeview","Texas","United States",,"N655D","D-2923","false","Aviation","DirectorBrief","2026-01-15T05:00:00Z","2026-01-15T18:00:00Z","Minor","0","0","2","2","0","The pilot’s fuel system mismanagement which resulted in a loss of engine power due to fuel starvation.","Aircraft - Fluids/misc hardware - Fluids - Fuel - Fluid management, Personnel issues - Task performance - Use of equip/info - Use of equip/system - Pilot, Personnel issues - Task performance - Planning/preparation - Fuel planning - Pilot",,"34.683332999999998","-100.7","BEECH","C35","AIR","None","N/A","false","1","REC",,"POSI","091","Substantial","VMC",,"Completed",,"Final","https://data.ntsb.gov/Docket?ProjectID=200887","https://data.ntsb.gov/carol-repgen/api/Aviation/ReportMain/GenerateNewestReport/200887/pdf"
"CEN25LA407","ACC","202342","2025-08-26T18:35:00Z","Maryville","Missouri","United States",,"N1668T","414-0461","false","Aviation","DirectorBrief","2026-03-05T05:00:00Z","2026-03-05T18:00:00Z","None","0","0","0","0","0","The left landing gear collapsed on landing rollout due to a fractured retract bellcrank on the left landing gear lower fork assembly.","Aircraft - Aircraft systems - Landing gear system - Main landing gear - Failure",,"40.353290999999999","-94.916634999999999","CESSNA","414","AIR","EVU","Northwest Missouri Regional","false","2","REC",,"PERS","091","Substantial","VMC",,"Completed",,"Final","https://data.ntsb.gov/Docket?ProjectID=202342","https://data.ntsb.gov/carol-repgen/api/Aviation/ReportMain/GenerateNewestReport/202342/pdf"
"DCA25WA332","INC","201039","2025-08-26T10:52:00Z","Alicante","Other Foreign","Spain",,"EI-IJX, G-DRTF","67112","false","Aviation","","2025-10-06T04:00:00Z",,,,,,,,,,,"38.282221999999997","-0.558056","BOEING, BOEING","737, 737","AIR, AIR",,,"false, false","2",,,,"NUSC, NUSC","None, None",,"Ryanair, Jet2","N/A",,"Final","","None"
"ERA25LA316","ACC","200864","2025-08-26T09:31:00Z","Seneca","South Carolina","United States",,"N1684J","28-24086","false","Aviation","",,,"Minor","0","0","1","1",,,,,"34.683523999999998","-82.867787000000007","PIPER","PA-28-140","AIR","CEU","OCONEE COUNTY RGNL","false","1",,,"INST","091","Substantial","VMC","JARRIEL INVESTMENTS INC","In work",,"Prelim","","https://data.ntsb.gov/carol-repgen/api/Aviation/ReportMain/GenerateNewestReport/200864/pdf"
"CEN25LA345","ACC","200874","2025-08-26T09:20:00Z","Hartford","Wisconsin","United States",,"N18HS","121381","false","Aviation","DirectorBrief","2026-01-15T05:00:00Z","2026-01-15T18:00:00Z","None","0","0","0","0","0","The student pilot’s failure to maintain airplane control while landing on a turf runway.","Personnel issues - Task performance - Use of equip/info - Aircraft control - Pilot, Aircraft - Aircraft oper/perf/capability - Performance/control parameters - Pitch control - Not attained/maintained",,"43.350047000000004","-88.390241000000003","VANS AIRCRAFT INC","RV-12IS","AIR","HXF","HARTFORD MUNI","true","1","REC",,"PERS","091","Substantial","VMC","KETTLE MORAINE YOUTH AVIATION INC","Completed",,"Final","https://data.ntsb.gov/Docket?ProjectID=200874","https://data.ntsb.gov/carol-repgen/api/Aviation/ReportMain/GenerateNewestReport/200874/pdf"
"ENG25WA051","INC","200885","2025-08-26T04:00:00Z","Caracas","Other Foreign","Venezuela",,"YV665T","22609","false","Aviation","","2026-01-20T05:00:00Z",,,,,,,,,,,,,"BOEING","727","AIR",,,"false",,"TJ",,,"NUSC","None",,"Solar Cargo","N/A",,"Final","","None"
"WPR25LA260","ACC","200867","2025-08-26T02:00:00Z","Lincoln","Montana","United States",,"N38AJ","56317","false","Aviation","",,,"None","0","0","0","0",,,,,"46.955134000000001","-112.68089999999999","BELL TEXTRON CANADA LTD","407","HELI","S69","Lincoln Airport","false","1",,"NSCH","PUBU","135","Substantial","VMC","Life Flight Network","In work",,"Prelim","","https://data.ntsb.gov/carol-repgen/api/Aviation/ReportMain/GenerateNewestReport/200867/pdf"
"CEN25LA406","ACC","201890","2025-08-25T20:30:00Z","Beaman","Iowa","United States",,"N393KW","T34-267","false","Aviation","DirectorBrief","2026-01-15T05:00:00Z","2026-01-15T18:00:00Z","None","0","0","0","0","0","The pilot’s failure to maintain a proper glidepath during landing which resulted in a landing short of the runway.","Aircraft - Aircraft oper/perf/capability - Performance/control parameters - Descent/approach/glide path - Not attained/maintained, Personnel issues - Task performance - Use of equip/info - Aircraft control - Pilot",,"42.256974","-92.835390000000004","AYRES CORPORATION","S2R-T34","AIR","36IA","TONNER FLD","false","1","TP",,"AAPL","137","Substantial","VMC","HOPPE AIR LLC","Completed",,"Final","https://data.ntsb.gov/Docket?ProjectID=201890","https://data.ntsb.gov/carol-repgen/api/Aviation/ReportMain/GenerateNewestReport/201890/pdf"
"ERA25LA317","ACC","200865","2025-08-25T18:50:00Z","Knoxville","Tennessee","United States",,"N4584C","25528","false","Aviation","DirectorBrief","2025-11-20T05:00:00Z","2025-11-20T18:00:00Z","None","0","0","0","0","0","The pilot’s failure to maintain directional control during landing roll in a crosswind, which resulted in a runway excursion and a subsequent ground loop.","Personnel issues - Task performance - Use of equip/info - Aircraft control - Pilot, Aircraft - Aircraft oper/perf/capability - Performance/control parameters - Directional control - Not attained/maintained, Environmental issues - Conditions/weather/phenomena - Wind - Crosswind - Response/compensation",,"36","-84","CESSNA","170B","AIR","EKQ","WAYNE COUNTY","false","1","REC",,"PERS","091","Substantial","VMC",,"Completed",,"Final","https://data.ntsb.gov/Docket?ProjectID=200865","https://data.ntsb.gov/carol-repgen/api/Aviation/ReportMain/GenerateNewestReport/200865/pdf"
"WPR25LA259","ACC","200863","2025-08-25T15:56:00Z","Puyallup","Washington","United States",,"N538SF","C0694","false","Aviation","",,,"Serious","0","1","1","2",,,,,"47.103920000000002","-122.2872","CZECH AIRCRAFT GROUP SRO","SPORTCRUISER","AIR","PLU","PIERCE COUNTY/THUN FLD","false","1",,,"FLTS","091","Substantial","VMC","Spana Flight","In work",,"Prelim","","https://data.ntsb.gov/carol-repgen/api/Aviation/ReportMain/GenerateNewestReport/200863/pdf"
"ERA25LA339","ACC","200976","2025-08-24T20:30:00Z","Charleston","West Virginia","United States",,"N241MU","10052","false","Aviation","DirectorBrief","2025-12-04T05:00:00Z","2025-12-04T18:00:00Z","None","0","0","0","0",,"A flat left main landing gear tire, which resulted in a loss of directional control and runway excursion during landing.","Aircraft - Aircraft systems - Landing gear system - Tire casing - Failure, Aircraft - Aircraft oper/perf/capability - Performance/control parameters - Directional control - Attain/maintain not possible",,"38.376013","-81.592894000000001","CIRRUS DESIGN CORP","SR20","AIR","CRW","WEST VIRGINIA INTL YEAGER","false","1","REC",,"INST","091","Substantial","VMC","MARSHALL UNIVERSITY","Completed",,"Final","https://data.ntsb.gov/Docket?ProjectID=200976","https://data.ntsb.gov/carol-repgen/api/Aviation/ReportMain/GenerateNewestReport/200976/pdf"
"CEN25FA339","ACC","200848","2025-08-24T20:26:00Z","Concordia","Kansas","United States",,"N2757A","0494491","false","Aviation","",,,"Fatal","1","0","0","1","0",,,,"39.550083000000001","-97.646394000000001","RANS","S-12 Airaile","AIR","CNK","Blosser Municipal Airport","false","1",,,"PERS","091","Substantial","VMC",,"In work",,"Prelim","","https://data.ntsb.gov/carol-repgen/api/Aviation/ReportMain/GenerateNewestReport/200848/pdf"
"CEN25LA342","ACC","200853","2025-08-24T19:54:00Z","Granbury","Texas","United States",,"N376CD","1425","false","Aviation","DirectorBrief","2025-09-26T04:00:00Z","2025-09-26T17:00:00Z","None","0","0","0","0","0","The pilot’s inadequate fuel management, which resulted in a total loss of engine power due to fuel starvation.","Aircraft - Fluids/misc hardware - Fluids - Fuel - Fluid management, Personnel issues - Task performance - Use of equip/info - Use of equip/system - Pilot, Personnel issues - Action/decision - Action - Lack of action - Pilot",,"32.492621999999997","-97.734306000000004","CIRRUS DESIGN CORP","SR22","AIR",,,"false","1","REC",,"PERS","091","Substantial","VMC",,"Completed",,"Final","https://data.ntsb.gov/Docket?ProjectID=200853","https://data.ntsb.gov/carol-repgen/api/Aviation/ReportMain/GenerateNewestReport/200853/pdf"
"GAA25WA243","ACC","200849","2025-08-24T16:45:00Z","Mitu","Other Foreign","Colombia",,"HK1833","CU20603274","false","Aviation","","2025-11-24T05:00:00Z",,"Fatal","4","0","0","4",,,,,"0.41500100000000001","-70.191100000000006","CESSNA","TU206","AIR",,,"false","1",,,"OWRK","NUSC","Destroyed",,"SERVICIOS AEROEOS ESPECIALES GLOBAL LIFE AMBULANCIAS S.A.S.","N/A",,"Final","","None"
"ERA25LA313","ACC","200856","2025-08-24T16:00:00Z","Gulf Shores","Alabama","United States",,"N855DC","E-3585","false","Aviation","",,,"Serious","0","2","0","2","0",,,,"30.290225","-87.683027999999993","Raytheon Aircraft Company","A36","AIR","JKA","GULF SHORES INTL/JACK EDWARDS FLD","false","1",,,"PERS","091","Substantial","VMC",,"In work",,"Prelim","","https://data.ntsb.gov/carol-repgen/api/Aviation/ReportMain/GenerateNewestReport/200856/pdf"
"WPR25LA265","ACC","200876","2025-08-24T16:00:00Z","Taylor","Arizona","United States",,"N3151N","13409","false","Aviation","",,,"None","0","0","0","0",,,,,"34.467277000000003","-110.06441","CESSNA","120","AIR","TYL",,"false","1",,,"PERS","091","Substantial",,"JOHNSON RANDON E","In work",,"Prelim","","https://data.ntsb.gov/carol-repgen/api/Aviation/ReportMain/GenerateNewestReport/200876/pdf"
"CEN25LA340","ACC","200850","2025-08-24T13:50:00Z","Highland","Illinois","United States",,"N424BG","5548CB","false","Aviation","DirectorBrief","2025-10-02T04:00:00Z","2025-10-02T17:00:00Z","None","0","0","0","0","0","The pilot’s failure to maintain directional control during takeoff which resulted in a collision with a parked vehicle.","Aircraft - Aircraft oper/perf/capability - Performance/control parameters - Directional control - Not attained/maintained, Personnel issues - Task performance - Use of equip/info - Aircraft control - Pilot",,"38.777073999999999","-89.642111","BURKHART GROB FLUGZEUGBAU","G102 CLUB ASTIR IIIB","GLI","H07","HIGHLAND-WINET","false","0",,,"PERS","091","Substantial","VMC","ST LOUIS SOARING ASSOCIATION INC","Completed",,"Final","https://data.ntsb.gov/Docket?ProjectID=200850","https://data.ntsb.gov/carol-repgen/api/Aviation/ReportMain/GenerateNewestReport/200850/pdf"
"ANC25LA094","ACC","200861","2025-08-24T09:20:00Z","Chicken","Alaska","United States",,"N7771N","28-5218","false","Aviation","",,,"Minor","0","0","2","2",,,,,"64.075670000000002","-141.96028999999999","PIPER","PA-28-180","AIR","CKX","Chicken","false","1",,,"PERS","091","Substantial","VMC",,"In work",,"Prelim","","https://data.ntsb.gov/carol-repgen/api/Aviation/ReportMain/GenerateNewestReport/200861/pdf"
"ERA25FA310","ACC","200847","2025-08-23T19:25:00Z","Milledgeville","Georgia","United States",,"N7664Q","310Q0443","false","Aviation","",,,"Fatal","1","0","0","1","0",,,,"33.145364000000001","-83.367474999999999","CESSNA","310Q","AIR","MLJ","BALDWIN COUNTY RGNL","false","2",,,"PERS","091","Destroyed","VMC",,"In work",,"Prelim","","https://data.ntsb.gov/carol-repgen/api/Aviation/ReportMain/GenerateNewestReport/200847/pdf"
"ERA25LA320","ACC","200879","2025-08-23T15:30:00Z","Livermore Falls","Maine","United States",,"N170JL","25560","false","Aviation","",,,"None","0","0","0","0","0",,,,"44.409762000000001","-70.146199999999993","CESSNA","170B","AIR","B10","Bowman Field Airport","false","1",,,"PERS","091","Substantial","VMC",,"In work",,"Prelim","","https://data.ntsb.gov/carol-repgen/api/Aviation/ReportMain/GenerateNewestReport/200879/pdf"
"WPR25LA263","ACC","200873","2025-08-23T14:45:00Z","Lakeview","Oregon","United States",,"N185GG","18502787","false","Aviation","DirectorBrief","2025-09-26T04:00:00Z","2025-09-26T17:00:00Z","None","0","0","0","0",,"The pilot’s failure to maintain directional control during the landing roll, in gusting crosswind conditions.","Aircraft - Aircraft oper/perf/capability - Performance/control parameters - Directional control - Not attained/maintained, Personnel issues - Task performance - Use of equip/info - Aircraft control - Pilot, Environmental issues - Conditions/weather/phenomena - Wind - Crosswind - Effect on operation",,"42.156239999999997","-120.40376999999999","CESSNA","A185F","AIR","LKV","Lake County Airport","false","1","REC",,"PERS","091","Substantial","VMC",,"Completed",,"Final","https://data.ntsb.gov/Docket?ProjectID=200873","https://data.ntsb.gov/carol-repgen/api/Aviation/ReportMain/GenerateNewestReport/200873/pdf"
"GAA25WA246","ACC","200889","2025-08-23T14:42:00Z","Sanat Ana del Yacuma","Other Foreign","Bolivia",,"CP-2872",,"false","Aviation","",,,"None","0","0","0","0",,,,,,,"ROCKWELL","112",,,,"false",,,,,"NUSN",,,,"N/A",,,"","None"
"DCA25LA312","ACC","200930","2025-08-23T14:40:00Z","Miami","Florida","United States",,"N805WA","53470","false","Aviation","",,,"Serious","0","1","0","1",,,,,"25.799028","-80.282634000000002","MCDONNELL DOUGLAS AIRCRAFT CO","MD 83","AIR",,,"false","2",,"SCHD",,"121","None",,"World Atlantic Airlines","In work",,"Prelim","","https://data.ntsb.gov/carol-repgen/api/Aviation/ReportMain/GenerateNewestReport/200930/pdf"
"ANC25LA093","ACC","200846","2025-08-23T13:15:00Z","Anchorage","Alaska","United States",,"N7050K","20-158","false","Aviation","",,,"None","0","0","0","0",,,,,"61.216436000000002","-149.83206000000001","PIPER","PA-20","AIR","MRI",,"false","1",,,"INST","091","Substantial",,,"In work",,"Prelim","","https://data.ntsb.gov/carol-repgen/api/Aviation/ReportMain/GenerateNewestReport/200846/pdf"
"CEN25LA337","ACC","200844","2025-08-23T12:15:00Z","Caseville","Michigan","United States",,"N707EE","72-21159","false","Aviation","DirectorBrief","2025-12-11T05:00:00Z","2025-12-11T18:00:00Z","Minor","0","0","1","1",,"The front seat passenger’s inadvertent movement of the cyclic control resulting in a dynamic rollover after landing. Contributing to the accident was the pilot’s decision to leave the dual flight controls installed with a non-pilot passenger in the front seat.","Personnel issues - Experience/knowledge - Knowledge - Knowledge of equipment - Passenger, Personnel issues - Action/decision - (general) - (general) - Pilot, Aircraft - Aircraft oper/perf/capability - Performance/control parameters - Lateral/bank control - Not attained/maintained, Personnel issues - Task performance - Use of equip/info - Aircraft control - Pilot, Aircraft - Aircraft systems - Flight control system - Control column section - Unintentional use/operation",,"43.930751999999998","-83.273537000000005","BELL","OH-58A","HELI",,,"false","1","TS",,"PERS","091","Substantial","VMC",,"Completed",,"Final","https://data.ntsb.gov/Docket?ProjectID=200844","https://data.ntsb.gov/carol-repgen/api/Aviation/ReportMain/GenerateNewestReport/200844/pdf"
"ERA25LA312","ACC","200854","2025-08-23T11:00:00Z","Fitchburg","Massachusetts","United States",,"N2589V","18094","false","Aviation","DirectorBrief","2025-12-18T05:00:00Z","2025-12-18T18:00:00Z","None","0","0","0","0","0","The pilot’s failure to maintain directional control during the landing roll with a quartering tailwind.","Environmental issues - Conditions/weather/phenomena - Wind - Tailwind - Effect on operation, Aircraft - Aircraft oper/perf/capability - Performance/control parameters - Directional control - Not attained/maintained, Personnel issues - Task performance - Use of equip/info - Aircraft control - Pilot",,"42.552157999999999","-71.757007000000002","CESSNA","170","AIR","FIT","FITCHBURG MUNI","false","1","REC",,"PERS","091","Substantial","VMC",,"Completed",,"Final","https://data.ntsb.gov/Docket?ProjectID=200854","https://data.ntsb.gov/carol-repgen/api/Aviation/ReportMain/GenerateNewestReport/200854/pdf"
"CEN25LA336","ACC","200843","2025-08-23T10:35:00Z","Argusville","North Dakota","United States",,"N7239Z","25-3163","false","Aviation","DirectorBrief","2026-01-15T05:00:00Z","2026-01-15T18:00:00Z","None","0","0","0","0","0","The pilot’s failure to maintain clearance from terrain while maneuvering at low altitude.","Personnel issues - Psychological - Attention/monitoring - Monitoring environment - Pilot, Aircraft - Aircraft oper/perf/capability - Performance/control parameters - Altitude - Not attained/maintained, Environmental issues - Physical environment - Object/animal/substance - Wire - Awareness of condition",,"47.052199999999999","-96.9345","PIPER","PA-25-235","AIR","NA60","Dakota Airport","false","1","REC",,"AAPL","137","Substantial","VMC","Zachary Wolf","Completed",,"Final","https://data.ntsb.gov/Docket?ProjectID=200843","https://data.ntsb.gov/carol-repgen/api/Aviation/ReportMain/GenerateNewestReport/200843/pdf"
"ERA25LA321","ACC","200882","2025-08-22T20:45:00Z","Walbridge","Ohio","United States",,"N591KY","LP2025-03","false","Aviation","DirectorBrief","2025-11-20T05:00:00Z","2025-11-20T18:00:00Z","None","0","0","0","0",,"The balloon pilot’s failure to see and avoid powerlines during an off-field airport landing.","Personnel issues - Action/decision - Info processing/decision - Identification/recognition - Pilot, Personnel issues - Psychological - Attention/monitoring - Monitoring environment - Pilot",,"41.566167999999998","-83.465816000000004","AIR FLY BALONISMO E INFLAVEIS","AF-SS-94","BALL","TDZ","TOLEDO EXEC","false","0",,,"PERS","091","Substantial","VMC",,"Completed",,"Final","https://data.ntsb.gov/Docket?ProjectID=200882","https://data.ntsb.gov/carol-repgen/api/Aviation/ReportMain/GenerateNewestReport/200882/pdf"
"ERA25LA323","ACC","200894","2025-08-22T17:40:00Z","Spring Hill","Florida","United States",,"N2460A","17280932","false","Aviation","DirectorBrief","2025-11-20T05:00:00Z","2025-11-20T18:00:00Z","None","0","0","0","0","0","The pilot’s improper landing flare, which resulted in a hard, bounced landing and substantial damage to the airplane’s fuselage.","Aircraft - Aircraft oper/perf/capability - Performance/control parameters - Landing flare - Not attained/maintained, Personnel issues - Task performance - Use of equip/info - Aircraft control - Pilot",,"28.469325999999999","-82.455167000000003","CESSNA","172","AIR","BKV","BROOKSVILLE-TAMPA BAY RGNL","false","1","REC",,"INST","091","Substantial","VMC","AMERICAN AVIATION INC","Completed",,"Final","https://data.ntsb.gov/Docket?ProjectID=200894","https://data.ntsb.gov/carol-repgen/api/Aviation/ReportMain/GenerateNewestReport/200894/pdf"
"CEN25LA334","ACC","200841","2025-08-22T17:15:00Z","Eagle","Colorado","United States",,"N171PL","A94-0047","false","Aviation","DirectorBrief","2025-10-17T04:00:00Z","2025-10-17T17:00:00Z","None","0","0","0","0",,"The pilot’s failure to maintain helicopter control which resulted in an uncontrolled descent and impact with terrain.","Personnel issues - Task performance - Use of equip/info - Aircraft control - Pilot, Aircraft - Aircraft oper/perf/capability - Performance/control parameters - Lateral/bank control - Not attained/maintained",,"39.655259999999998","-106.82899999999999","KAMAN AEROSPACE CORP","K-1200","HELI",,,"false","1","TS",,"FIRF","133","Substantial","VMC","Columbia Basin Helicopter","Completed",,"Final","https://data.ntsb.gov/Docket?ProjectID=200841","https://data.ntsb.gov/carol-repgen/api/Aviation/ReportMain/GenerateNewestReport/200841/pdf"
"CEN25LA338","ACC","200845","2025-08-22T16:24:00Z","Fargo","North Dakota","United States",,"N561RT","2355","false","Aviation","DirectorBrief","2026-01-09T05:00:00Z","2026-01-09T19:00:00Z","None","0","0","0","0",,"The pilot’s failure to maintain directional control during landing with a gusting crosswind. Contributing to the accident was the closure of the wind aligned runway 27.","Aircraft - Aircraft oper/perf/capability - Performance/control parameters - Directional control - Not attained/maintained, Environmental issues - Conditions/weather/phenomena - Wind - Crosswind - Effect on operation, Environmental issues - Conditions/weather/phenomena - Wind - Gusts - Effect on operation, Personnel issues - Task performance - Use of equip/info - Aircraft control - Pilot",,"46.926966","-96.815949000000003","CIRRUS DESIGN CORP","SR22T","AIR","FAR","Hector International","false","1","REC",,"PERS","091","Substantial","VMC",,"Completed",,"Final","https://data.ntsb.gov/Docket?ProjectID=200845","https://data.ntsb.gov/carol-repgen/api/Aviation/ReportMain/GenerateNewestReport/200845/pdf"
"ERA25FA309","ACC","200839","2025-08-22T14:21:00Z","Bangor","Maine","United States",,"N714HE","18504396","false","Aviation","",,,"Fatal","1","0","0","1","0",,,,"44.799999999999997","-68.816666999999995","CESSNA","A185F","AIR","BGR","BANGOR INTL","false","1",,,"FERY","091","Substantial","VMC",,"In work",,"Prelim","","https://data.ntsb.gov/carol-repgen/api/Aviation/ReportMain/GenerateNewestReport/200839/pdf"
"ANC25LA092","ACC","200840","2025-08-22T13:46:00Z","Juneau","Alaska","United States",,"N149TH","9071","false","Aviation","",,,"None","0","0","0","0",,,,,"58.549999999999997","-134.53999999999999","EUROCOPTER","AS 350 B2","HELI","JNU",,"false","1",,,"POSI","091","Substantial","VMC","TEMSCO HELICOPTERS INC","In work",,"Prelim","","https://data.ntsb.gov/carol-repgen/api/Aviation/ReportMain/GenerateNewestReport/200840/pdf"
"CEN25LA408","ACC","202581","2025-08-22T12:30:00Z","Picayune","Mississippi","United States",,"N17TL","51603","false","Aviation","",,,"None","0","0","0","0",,,,,"30.528231000000002","-89.681586999999993","BELL HELICOPTER TEXTRON CANADA","206L-3","HELI","MJD","Picayune Municipal","false","1",,,"PERS","091","Substantial","VMC","925DT LLC","In work",,"Prelim","","https://data.ntsb.gov/carol-repgen/api/Aviation/ReportMain/GenerateNewestReport/202581/pdf"
"CEN25LA333","ACC","200837","2025-08-22T09:44:00Z","Englewood","Colorado","United States",,"N18852","20","false","Aviation","DirectorBrief","2025-10-23T04:00:00Z","2025-10-23T17:00:00Z","None","0","0","0","0","0","A malfunction of the tailwheel which resulted in a runway excursion and ground loop.","Aircraft - Aircraft systems - Landing gear system - Nose/tail landing gear - Malfunction, Aircraft - Aircraft oper/perf/capability - Performance/control parameters - Directional control - Attain/maintain not possible",,"39.570960999999997","-104.84175","PARKS","FOKKER D-VII REPLICA","AIR","KAPA","CENTENNIAL","true","1","REC",,"POSI","091","Substantial","VMC",,"Completed",,"Final","https://data.ntsb.gov/Docket?ProjectID=200837","https://data.ntsb.gov/carol-repgen/api/Aviation/ReportMain/GenerateNewestReport/200837/pdf"
"ERA25LA311","ACC","200852","2025-08-21T20:25:00Z","Gaithersburg","Maryland","United States",,"N505LP","172S8546","false","Aviation","DirectorBrief","2025-11-20T05:00:00Z","2025-11-20T18:00:00Z","None","0","0","0","0","0","The flight instructor’s distraction during landing, which resulted in a long landing and subsequent runway excursion.","Personnel issues - Psychological - Attention/monitoring - Attention - Instructor/check pilot",,"39.168332999999997","-77.165999999999997","CESSNA","172","AIR","GAI","MONTGOMERY COUNTY AIRPARK","false","1","REC",,"INST","091","Substantial","VMC","WIFA (WASHINGTON INTERNATIONAL FLIGHT ACADEMY) LLC","Completed",,"Final","https://data.ntsb.gov/Docket?ProjectID=200852","https://data.ntsb.gov/carol-repgen/api/Aviation/ReportMain/GenerateNewestReport/200852/pdf"
"CEN25LA344","ACC","200858","2025-08-21T19:30:00Z","Markesan","Wisconsin","United States",,"N761SV","21062489","false","Aviation","DirectorBrief","2026-01-15T05:00:00Z","2026-01-15T18:00:00Z","None","0","0","0","0","0","The pilot’s failure to attain a proper touchdown point which resulted in a long landing and subsequent runway overrun.","Personnel issues - Action/decision - (general) - (general) - Pilot, Aircraft - Aircraft oper/perf/capability - Aircraft capability - Landing distance - Capability exceeded, Personnel issues - Action/decision - Action - Incorrect action performance - Pilot",,"43.698452000000003","-89.006021000000004","CESSNA","210","AIR","13WI","NOWATZSKI FLD","false","1","REC",,"PERS","091","Substantial","VMC",,"Completed",,"Final","https://data.ntsb.gov/Docket?ProjectID=200858","https://data.ntsb.gov/carol-repgen/api/Aviation/ReportMain/GenerateNewestReport/200858/pdf"
"CEN25LA332","ACC","200835","2025-08-21T08:40:00Z","Air Force Academy","Colorado","United States",,"N1401E","17270986","false","Aviation","DirectorBrief","2025-09-18T04:00:00Z","2025-09-18T17:00:00Z","None","0","0","0","0","0","The student pilot’s failure to perform an adequate preflight inspection.","Personnel issues - Task performance - Inspection - Preflight inspection - Student/instructed pilot",,"38.970032000000003","-104.81438","CESSNA","172","AIR","KAFF","USAF ACADEMY DAVIS AIRFIELD","false","1","REC",,"PERS","091","Substantial","VMC",,"Completed",,"Final","https://data.ntsb.gov/Docket?ProjectID=200835","https://data.ntsb.gov/carol-repgen/api/Aviation/ReportMain/GenerateNewestReport/200835/pdf"
"ERA25LA314","ACC","200859","2025-08-20T19:16:00Z","Miami","Florida","United States",,"N990DM","32R-7780357","false","Aviation","DirectorBrief","2025-12-11T05:00:00Z","2025-12-11T18:00:00Z","None","0","0","0","0","0","An inflight loss of hydraulic fluid from the landing gear system through a cracked fitting, which resulted in a landing gear collapse upon touchdown.","Aircraft - Fluids/misc hardware - Fluids - Hydraulic fluid - Fluid level",,"25.649999999999999","-80.430000000000007","PIPER","PA32R","AIR","TMB","MIAMI EXEC","false","1","REC",,"PERS","091","Substantial","VMC",,"Completed",,"Final","https://data.ntsb.gov/Docket?ProjectID=200859","https://data.ntsb.gov/carol-repgen/api/Aviation/ReportMain/GenerateNewestReport/200859/pdf"
"ANC25LA095","ACC","200862","2025-08-20T18:00:00Z","Becharof Lake","Alaska","United States",,"N44344","597","false","Aviation","",,,"None","0","0","0","0",,,,,"57.75","-156.15000000000001","HELIO","H-395","AIR",,,"false","1",,,"BUS","091","Substantial",,"Daniel J Michels","In work",,"Prelim","","https://data.ntsb.gov/carol-repgen/api/Aviation/ReportMain/GenerateNewestReport/200862/pdf"
"ANC25LA097","ACC","200883","2025-08-20T15:30:00Z","Skwentna","Alaska","United States",,"N589SH","7745","false","Aviation","DirectorBrief","2025-10-23T04:00:00Z","2025-10-23T17:00:00Z","None","0","0","0","0",,"The pilot’s inadvertent entanglement of a lightweight Kevlar long line into the helicopters operating main rotor system, resulting in a severe imbalance and separation of the main rotor gearbox.","Personnel issues - Action/decision - Action - Incorrect action performance - Pilot, Environmental issues - Physical environment - Terrain - Rough terrain - Effect on operation",,"61.769167000000003","-152.98693","AIRBUS HELICOPTERS","AS350B3e","HELI",,,"false","1","TS","NSCH","EXLD","133","Substantial","VMC","Soloy Helicopters LLC","Completed",,"Final","https://data.ntsb.gov/Docket?ProjectID=200883","https://data.ntsb.gov/carol-repgen/api/Aviation/ReportMain/GenerateNewestReport/200883/pdf"
"CEN25LA331","ACC","200831","2025-08-20T12:30:00Z","South Saint Paul","Minnesota","United States",,"N383JA","JA 001","false","Aviation","DirectorBrief","2026-01-09T05:00:00Z","2026-01-09T19:00:00Z","Minor","0","0","1","1",,"The pilot’s failure to maintain airplane control during the landing roll. Contributing to the accident was the pilot’s decision to land the airplane on a non-approved landing surface.","Aircraft - Aircraft oper/perf/capability - Performance/control parameters - (general) - Not attained/maintained, Personnel issues - Task performance - Use of equip/info - Aircraft control - Pilot, Environmental issues - Operating environment - Airport facilities/design - Runway/landing area condition - Contributed to outcome",,"44.857250999999998","-93.033134000000004","ELMWOOD","CHRISTAVIA","AIR","SGS","Richard E Fleming Field","true","1","REC",,"PERS","091","Substantial","VMC",,"Completed",,"Final","https://data.ntsb.gov/Docket?ProjectID=200831","https://data.ntsb.gov/carol-repgen/api/Aviation/ReportMain/GenerateNewestReport/200831/pdf"
"ERA25LA343","ACC","200984","2025-08-20T10:24:00Z","St. Petersburg","Florida","United States",,"N8313N","TC-1070","false","Aviation","DirectorBrief","2025-12-18T05:00:00Z","2025-12-18T18:00:00Z","None","0","0","0","0","0","The pilot’s failure to extend the landing gear prior to landing. Contributing to the accident was a malfunction of the landing gear’s electrical retraction/extension system, which tripped the circuit breaker.","Aircraft - Aircraft systems - Landing gear system - Gear extension and retract sys - Malfunction, Personnel issues - Task performance - Use of equip/info - Use of equip/system - Pilot, Aircraft - Aircraft systems - Landing gear system - Gear extension and retract sys - Not used/operated",,"27.765114000000001","-82.626940000000005","BEECH","95-B55 (T42A)","AIR","SPG","ALBERT WHITTED","false","2","REC",,"PERS","091","Substantial","VMC","ST PETE AVIATION SERVICES LLC","Completed",,"Final","https://data.ntsb.gov/Docket?ProjectID=200984","https://data.ntsb.gov/carol-repgen/api/Aviation/ReportMain/GenerateNewestReport/200984/pdf"
"ERA25LA315","ACC","200860","2025-08-20T10:00:00Z","Centreville","Alabama","United States",,"N150SP","CX1900A-0001","false","Aviation","DirectorBrief","2025-12-04T05:00:00Z","2025-12-04T18:00:00Z","Serious","0","1","1","2","0","The pilot’s failure to detect and remove water contamination from the airplane’s fuel system before the flight, which resulted in a total loss of engine power during initial climb.","Personnel issues - Task performance - Inspection - Preflight inspection - Pilot, Aircraft - Fluids/misc hardware - Fluids - Fuel - Fluid condition, Aircraft - Fluids/misc hardware - Fluids - Fuel - Inadequate inspection",,"32.939999999999998","-87.090000000000003","PATRIOT AIRCRAFT LLC","CX1900A","AIR","0A8","BIBB COUNTY","false","1","REC",,"BUS","091","Substantial","VMC",,"Completed",,"Final","https://data.ntsb.gov/Docket?ProjectID=200860","https://data.ntsb.gov/carol-repgen/api/Aviation/ReportMain/GenerateNewestReport/200860/pdf"
"CEN25LA330","ACC","200829","2025-08-20T09:30:00Z","Grove","Oklahoma","United States",,"N633JC","MA-1","false","Aviation","DirectorBrief","2025-10-30T04:00:00Z","2025-11-04T18:00:00Z","Minor","0","0","1","1","0","The pilot’s failure to maintain elevator control during the landing, which resulted in a nose over.","Personnel issues - Task performance - Use of equip/info - Aircraft control - Pilot",,"36.606777999999998","-94.738556000000003","EXP","Supercub","AIR","GMJ","GROVE RGNL","true","1","REC",,"FLTS","091","Substantial","VMC",,"Completed",,"Final","https://data.ntsb.gov/Docket?ProjectID=200829","https://data.ntsb.gov/carol-repgen/api/Aviation/ReportMain/GenerateNewestReport/200829/pdf"
"ANC25LA091","ACC","200833","2025-08-20T07:32:00Z","Ninilchik","Alaska","United States",,"N246VU","18656A26444","false","Aviation","",,,"None","0","0","0","0",,,,,"60.020000000000003","-151.71000000000001","VU HOLDINGS LLC/DBA VANILLA UN","VA 001","UNMANNED",,,"false","1",,,"PUBF","PUBU","Substantial","VMC","VU HOLDINGS LLC","In work",,"Prelim","","https://data.ntsb.gov/carol-repgen/api/Aviation/ReportMain/GenerateNewestReport/200833/pdf"
"ENG25WA052","ACC","200901","2025-08-20T04:00:00Z","Haute-Corse",,"France",,"F-HBNJ","4908","false","Aviation","",,,,,,,,,,,,,,"AIRBUS","A320","AIR",,,"false",,,,,"NUSC","None",,,"N/A",,"Prelim","","None"
"CEN25LA327","ACC","200826","2025-08-19T17:40:00Z","Centerview","Missouri","United States",,"N692AC","24350","false","Aviation","",,,"Minor","0","0","1","1",,,,,"38.780000000000001","-93.799999999999997","MARSHALL ALLEN L","RV6A","AIR","RCM","Skyhaven Airport","true","1",,,"PERS","091","Substantial","VMC",,"In work",,"Prelim","","https://data.ntsb.gov/carol-repgen/api/Aviation/ReportMain/GenerateNewestReport/200826/pdf"
"ERA25LA322","ACC","200884","2025-08-19T16:00:00Z","Edgartown","Massachusetts","United States",,"N691DM","18263984","false","Aviation","DirectorBrief","2025-12-04T05:00:00Z","2025-12-04T18:00:00Z","Minor","0","0","2","2","0","The accident was the pilot’s failure to properly configure the airplane for a soft-field takeoff, which resulted in his decision to abort the takeoff and the subsequent runway overrun.","Aircraft - Aircraft systems - Flight control system - TE flap control system - Not used/operated, Personnel issues - Task performance - Use of equip/info - Use of checklist - Pilot",,"41.358451000000002","-70.524471000000005","CESSNA","182","AIR","1B2","KATAMA AIRPARK","false","1","REC",,"PERS","091","Substantial","VMC",,"Completed",,"Final","https://data.ntsb.gov/Docket?ProjectID=200884","https://data.ntsb.gov/carol-repgen/api/Aviation/ReportMain/GenerateNewestReport/200884/pdf"
"WPR25LA258","ACC","200822","2025-08-19T15:10:00Z","Vacaville","California","United States",,"N14GC","75-6503","false","Aviation","DirectorBrief","2025-10-17T04:00:00Z","2025-10-17T17:00:00Z","None","0","0","0","0",,"The pilot's failure to maintain directional control during the landing roll with a quartering tailwind.","Personnel issues - Task performance - Use of equip/info - Aircraft control - Pilot, Aircraft - Aircraft oper/perf/capability - Performance/control parameters - Directional control - Not attained/maintained, Environmental issues - Conditions/weather/phenomena - Wind - Crosswind - Effect on operation",,"38.378234999999997","-121.96120000000001","BOEING","B75N1","AIR","VCB","NUT TREE","false","1","REC",,"PERS","091","Substantial","VMC",,"Completed",,"Final","https://data.ntsb.gov/Docket?ProjectID=200822","https://data.ntsb.gov/carol-repgen/api/Aviation/ReportMain/GenerateNewestReport/200822/pdf"
"ANC25LA087","ACC","200819","2025-08-19T09:00:00Z","Homer","Alaska","United States",,"N9314D","22-6325","false","Aviation","DirectorBrief","2026-01-09T05:00:00Z","2026-01-09T19:00:00Z","None","0","0","0","0",,"The failure of the left main landing gear mount due to extensive corrosion while landing in an area of rough terrain.","Aircraft - Aircraft systems - Landing gear system - Main landing gear attach sec - Fatigue/wear/corrosion, Environmental issues - Physical environment - Terrain - Rough terrain - Effect on operation",,"59.824300000000001","-150.64420000000001","PIPER","PA-22-160","AIR","NONE","Sheep River Airstrip","false","1","REC",,"PERS","091","Substantial","VMC",,"Completed",,"Final","https://data.ntsb.gov/Docket?ProjectID=200819","https://data.ntsb.gov/carol-repgen/api/Aviation/ReportMain/GenerateNewestReport/200819/pdf"
"ANC25LA088","ACC","200820","2025-08-19T06:30:00Z","Delta Junction","Alaska","United States",,"N4721U","18051421","false","Aviation","DirectorBrief","2026-01-09T05:00:00Z","2026-01-09T19:00:00Z","None","0","0","0","0",,"The pilot’s failure to maintain a rate of climb sufficient to clear obstacles during takeoff, resulting in a collision with tree-covered terrain.","Personnel issues - Task performance - Use of equip/info - Aircraft control - Pilot, Aircraft - Aircraft oper/perf/capability - Performance/control parameters - Climb rate - Not attained/maintained, Environmental issues - Physical environment - Object/animal/substance - Tree(s) - Contributed to outcome, Environmental issues - Physical environment - Terrain - Rough terrain - Contributed to outcome",,"63.805100000000003","-146.47540000000001","CESSNA","180G","AIR","NONE","East Hayes Creek","false","1","REC",,"PERS","091","Substantial","VMC",,"Completed",,"Final","https://data.ntsb.gov/Docket?ProjectID=200820","https://data.ntsb.gov/carol-repgen/api/Aviation/ReportMain/GenerateNewestReport/200820/pdf"
"CEN25FA321","ACC","200808","2025-08-18T22:33:00Z","Bradley","Arkansas","United States",,"N345LA","1004","false","Aviation","",,,"Fatal","1","0","0","1","0",,,,"33.057000000000002","-93.656999999999996","LANCAIR","NLA-275-FR-C","AIR",,,"true","1",,,"PERS","091","Destroyed","VMC","FIVE LIME ALPHA LLC","In work",,"Prelim","","https://data.ntsb.gov/carol-repgen/api/Aviation/ReportMain/GenerateNewestReport/200808/pdf"
"WPR25LA296","ACC","201731","2025-08-18T18:05:00Z","Albany","Oregon","United States",,"N20490","17261333","false","Aviation","DirectorBrief","2025-10-30T04:00:00Z","2025-11-04T18:00:00Z","None","0","0","0","0",,"The pilot’s improper landing flare and subsequent improper recovery from a bounced landing.","Aircraft - Aircraft oper/perf/capability - Performance/control parameters - Landing flare - Not attained/maintained, Personnel issues - Task performance - Use of equip/info - Aircraft control - Pilot, Personnel issues - Action/decision - Action - Incorrect action performance - Pilot",,"44.640000000000001","-123.06","CESSNA","172M","AIR","S12","Albany Municipal Airport","false","1","REC",,"PERS","091","Substantial","VMC",,"Completed",,"Final","https://data.ntsb.gov/Docket?ProjectID=201731","https://data.ntsb.gov/carol-repgen/api/Aviation/ReportMain/GenerateNewestReport/201731/pdf"
"GAA25WA245","ACC","200888","2025-08-18T17:11:00Z","Cano Negro","Other Foreign","Bolivia",,"CP-2003",,"false","Aviation","","2025-10-06T04:00:00Z",,"None","0","0","0","0",,,,,,,"EMBRAER","EMB721","AIR",,,"false",,,,,"NUSN","Substantial",,,"N/A",,"Final","","None"
"ANC25LA096","ACC","200872","2025-08-18T16:59:00Z","Haines","Alaska","United States",,"N9BB","18503356","false","Aviation","DirectorBrief","2025-10-23T04:00:00Z","2025-10-23T17:00:00Z","None","0","0","0","0",,"The pilot’s selection of an unsuitable landing area resulting in an on-ground collision with an obscured log and a main landing gear separation.","Environmental issues - Physical environment - Object/animal/substance - Hidden/submerged object - Contributed to outcome, Personnel issues - Action/decision - Action - Incorrect action selection - Pilot, Aircraft - Aircraft structures - Fuselage - Gear attach fittings (on fus) - Capability exceeded",,"59.200964999999997","-135.28273999999999","CESSNA","A185F","AIR",,,"false","1","REC","NSCH","PERS","091","Substantial","VMC",,"Completed",,"Final","https://data.ntsb.gov/Docket?ProjectID=200872","https://data.ntsb.gov/carol-repgen/api/Aviation/ReportMain/GenerateNewestReport/200872/pdf"
"CEN25LA329","ACC","200828","2025-08-18T16:20:00Z","Erie","Colorado","United States",,"N593TT","VL-3-520","false","Aviation","DirectorBrief","2026-01-09T05:00:00Z","2026-01-09T19:00:00Z","None","0","0","0","0",,"The flight instructors inadequate supervision of the flight and delayed remedial action and the pilot’s improper landing flare during which resulted in a hard landing.","Aircraft - Aircraft oper/perf/capability - Performance/control parameters - Landing flare - Not attained/maintained, Personnel issues - Task performance - Use of equip/info - Aircraft control - Pilot, Personnel issues - Action/decision - Action - Delayed action - Instructor/check pilot, Personnel issues - Psychological - Attention/monitoring - Monitoring other person - Instructor/check pilot",,"40.008797999999999","-105.04909000000001","JMB AIRCRAFT S R O","VL-3LSA-912","AIR","EIK","ERIE MUNI","false","1","REC",,"PERS","091","Substantial","VMC","N593TT RENTAL LLC","Completed",,"Final","https://data.ntsb.gov/Docket?ProjectID=200828","https://data.ntsb.gov/carol-repgen/api/Aviation/ReportMain/GenerateNewestReport/200828/pdf"
"CEN25LA325","ACC","200814","2025-08-18T14:30:00Z","Monroe","Michigan","United States",,"N4431U","091","false","Aviation","DirectorBrief","2026-01-09T05:00:00Z","2026-01-09T19:00:00Z","None","0","0","0","0","0","The pilot’s failure to maintain directional control during the landing roll with a crosswind.","Personnel issues - Task performance - Use of equip/info - Aircraft control - Pilot, Aircraft - Aircraft oper/perf/capability - Performance/control parameters - Directional control - Not attained/maintained, Environmental issues - Conditions/weather/phenomena - Wind - Crosswind - Effect on operation",,"41.939889000000001","-83.434667000000005","HELIO","H-391B","AIR","TTF","Custer Airport","false","1","REC",,"PERS","091","Substantial","VMC",,"Completed",,"Final","https://data.ntsb.gov/Docket?ProjectID=200814","https://data.ntsb.gov/carol-repgen/api/Aviation/ReportMain/GenerateNewestReport/200814/pdf"
"ERA25LA318","ACC","200866","2025-08-18T14:21:00Z","Portsmouth","New Hampshire","United States",,"N999XX","S0370","false","Aviation","DirectorBrief","2025-11-20T05:00:00Z","2025-11-20T18:00:00Z","None","0","0","0","0",,"The pilot’s failure to extend the airplane’s landing gear before landing.","Personnel issues - Action/decision - Action - Forgotten action/omission - Pilot, Aircraft - Aircraft systems - Landing gear system - Gear extension and retract sys - Not used/operated",,"43.068080999999999","-70.815253999999996","SCODA AERONAUTICA LTDA","SUPER PETREL LS","AIR","PSM","PORTSMOUTH INTL AT PEASE","false","1","REC",,"PERS","091","Substantial","VMC",,"Completed",,"Final","https://data.ntsb.gov/Docket?ProjectID=200866","https://data.ntsb.gov/carol-repgen/api/Aviation/ReportMain/GenerateNewestReport/200866/pdf"
"WPR25LA267","ACC","200891","2025-08-18T14:00:00Z","Albany","Oregon","United States",,"N824DW","001","false","Aviation","",,,"None","0","0","0","0",,,,,"44.690440000000002","-123.10748","DAVID ULLMAN","JABIRWATT","AIR",,,"true","1",,,"PERS","091","Substantial","VMC",,"In work",,"Prelim","","https://data.ntsb.gov/carol-repgen/api/Aviation/ReportMain/GenerateNewestReport/200891/pdf"
"WPR25LA262","ACC","200870","2025-08-18T11:08:00Z","Burlington","Washington","United States",,"N877DR","12520","false","Aviation","DirectorBrief","2025-11-20T05:00:00Z","2025-11-20T18:00:00Z","Minor","0","0","2","2",,"The pilot’s failure to see and avoid the light pole, which resulted in a collision with the light pole and subsequent ground impact.","Personnel issues - Action/decision - Info processing/decision - Identification/recognition - Pilot, Personnel issues - Psychological - Attention/monitoring - Monitoring environment - Pilot",,"48.470526","-122.42167999999999","ROBINSON HELICOPTER COMPANY","R44 II","HELI","BVS","SKAGIT RGNL","false","1","REC",,"PERS","091","Substantial","VMC",,"Completed",,"Final","https://data.ntsb.gov/Docket?ProjectID=200870","https://data.ntsb.gov/carol-repgen/api/Aviation/ReportMain/GenerateNewestReport/200870/pdf"
"ERA25LA378","ACC","201791","2025-08-18T10:44:00Z","Albany","Georgia","United States",,"N7001B","T660-191DC","false","Aviation","",,,"Minor","0","0","1","1",,,,,"31.530000000000001","-84.194000000000003","THRUSH AIRCRAFT LLC","S2R-T660","AIR","ABY","Southwest Georgia Regional Airport","false","1",,,"FLTS","091","Substantial","VMC","Thrush Aircraft LLC","In work",,"Prelim","","https://data.ntsb.gov/carol-repgen/api/Aviation/ReportMain/GenerateNewestReport/201791/pdf"
"ANC25LA090","ACC","200832","2025-08-17T17:58:00Z","Willow","Alaska","United States",,"N4387Z","18-8709","false","Aviation","DirectorBrief","2026-01-09T05:00:00Z","2026-01-09T19:00:00Z","None","0","0","0","0",,"The pilot’s loss of control after a rejected takeoff, which resulted in a noseover.","Personnel issues - Task performance - Use of equip/info - Aircraft control - Pilot, Aircraft - Aircraft oper/perf/capability - Performance/control parameters - Directional control - Not attained/maintained, Environmental issues - Physical environment - Terrain - Rough terrain - Contributed to outcome",,"61.754612999999999","-150.0514","PIPER","PA-18-150","AIR",,,"false","1","REC",,"PUBS","PUBU","Substantial","VMC","STATE OF ALASKA","Completed",,"Final","https://data.ntsb.gov/Docket?ProjectID=200832","https://data.ntsb.gov/carol-repgen/api/Aviation/ReportMain/GenerateNewestReport/200832/pdf"
"GAA25WA248","ACC","200895","2025-08-17T17:20:00Z","Phuket",,"Thailand",,"U-M22",,"false","Aviation","","2026-02-02T05:00:00Z",,"Fatal","1","1","0","2",,,,,"8.0211799999999993","98.400000000000006","QUICKSILVER","MX II","ULTR",,"Phuket Airpark","false",,,,"INST","NUSN","Destroyed",,"Phuket Flying Club","N/A",,"Final","","None"
"WPR25FA257","ACC","200803","2025-08-17T16:12:00Z","Shelter Cove","California","United States",,"N89447","8479","false","Aviation","",,,"Fatal","1","1","0","2",,,,,"40.018245","-124.06608","CESSNA","140","AIR","0Q5","SHELTER COVE","false","1",,,"PERS","091","Unknown","VMC",,"In work",,"Prelim","","https://data.ntsb.gov/carol-repgen/api/Aviation/ReportMain/GenerateNewestReport/200803/pdf"
"ERA25LA306","ACC","200825","2025-08-17T02:11:00Z","Baltimore","Maryland","United States",,"N6208C","172S10820","false","Aviation","",,,"None","0","0","0","0",,,,,"39.330038000000002","-76.419426999999999","CESSNA","172","AIR","MTN","MARTIN STATE","false","1",,,"PERS","091","Substantial","VMC",,"In work",,"Prelim","","https://data.ntsb.gov/carol-repgen/api/Aviation/ReportMain/GenerateNewestReport/200825/pdf"
"GAA25WA275","ACC","201860","2025-08-16T19:30:00Z","Islamabad",,"Pakistan",,"AP-BLO",,"false","Aviation","","2026-01-14T05:00:00Z",,,,,,,,,,,,,"CESSNA","172","AIR","OPIS",,"false",,,,,"NUSN","Destroyed",,,"N/A",,"Final","","None"
"WPR25LA261","ACC","200869","2025-08-16T18:37:00Z","San Diego","California","United States",,"N8150J","28-8090229","false","Aviation","",,,"None","0","0","0","0",,,,,"32.894354","-117.21372","PIPER","PA-28-181","AIR",,,"false","1",,,"PERS","091","Substantial","VMC",,"In work",,"Prelim","","https://data.ntsb.gov/carol-repgen/api/Aviation/ReportMain/GenerateNewestReport/200869/pdf"
"ERA25LA303","ACC","200802","2025-08-16T14:30:00Z","Springfield","Vermont","United States",,"N99KG","101A0225","false","Aviation","DirectorBrief","2025-11-20T05:00:00Z","2025-11-20T18:00:00Z","Serious","0","1","0","1",,"The pilot’s failure to assemble the glider’s elevator control before takeoff.","Personnel issues - Task performance - Inspection - Preflight inspection - Pilot, Aircraft - Aircraft systems - Flight control system - Elevator control system - Not installed/available",,"43.345402999999997","-72.514668","CENTRAIR","101A","GLI","VSF","Hartness State Airport (Springfield)","false","0","NONE",,"PERS","091","Substantial","VMC",,"Completed",,"Final","https://data.ntsb.gov/Docket?ProjectID=200802","https://data.ntsb.gov/carol-repgen/api/Aviation/ReportMain/GenerateNewestReport/200802/pdf"
"GAA25WA260","ACC","201049","2025-08-16T13:56:00Z","Orbe","Other Foreign","Switzerland",,"HB-WZN",,"false","Aviation","",,,"Fatal","1","0","0","1","0",,,,"46.745069000000001","6.5450720000000002","AEROSPOOL","WT9 DYNAMIC LSA","AIR","LSGY",,"false",,,,,"NUSN","Substantial",,,"N/A",,"Prelim","","None"
"CEN25LA326","ACC","200815","2025-08-16T12:50:00Z","Cape Girardeau","Missouri","United States",,"N24DF","14246","false","Aviation","",,,"None","0","0","0","0",,,,,"37.225225000000002","-89.571673000000004","ROBINSON HELICOPTER COMPANY","R44 II","HELI",,,"false","1",,"NSCH","BUS","091","Substantial","VMC","CAPE COPTERS LLC","In work",,"Prelim","","https://data.ntsb.gov/carol-repgen/api/Aviation/ReportMain/GenerateNewestReport/200815/pdf"
"DCA25WA309","INC","200913","2025-08-16T11:50:00Z","Villahermosa",,"Mexico",,"N837VA, XA-KRY","4558, 41537","false","Aviation","","2025-09-08T04:00:00Z",,,,,,,,,,,,,"AIRBUS, LEONARDO","A320-214, AW139","AIR, HELI","MMVA","Villahermosa International Airport","false, false","2","TF",,,"121, NUSC","None, None",,"Global Crossing Airlines, Transportes Aereos Pegaso","N/A",,"Final","","None"
"CEN25LA323","ACC","200811","2025-08-15T20:10:00Z","Fowler","Indiana","United States",,"N7015N","129B","false","Aviation","",,,"None","0","0","0","0",,,,,"40.614972000000002","-87.331029999999998","GRUMMAN AMERICAN AVN. CORP.","G-164B","AIR",,,"false","1",,,"AAPL","137","Substantial","VMC","Christopher Larson","In work",,"Prelim","","https://data.ntsb.gov/carol-repgen/api/Aviation/ReportMain/GenerateNewestReport/200811/pdf"
"ERA25LA302","ACC","200801","2025-08-15T15:15:00Z","Titusville","Florida","United States",,"N7205Q","17260505","false","Aviation","",,,"Serious","0","1","1","2","0",,,,"28.514928999999999","-80.815231999999995","CESSNA","172","AIR","TIX","Space Coast Regional Airport","false","1",,,"INST","091","Substantial",,"N7205Q LLC","In work",,"Prelim","","https://data.ntsb.gov/carol-repgen/api/Aviation/ReportMain/GenerateNewestReport/200801/pdf"
"GAA25WA242","ACC","200816","2025-08-15T14:00:00Z","Storrington","Other Foreign","United Kingdom",,"N600MW","RN064","false","Aviation","","2025-10-27T04:00:00Z",,"None","0","0","0","0","0",,"Not determined - Not determined - (general) - (general) - Other authority investigated",,"50.883000000000003","-0.48799999999999999","MD HELICOPTERS INC","600N","HELI",,,"false","1","TS",,"UNK","UNK","Substantial",,"RN064 INC OWNER TRUSTEE","N/A",,"Final","","None"
"ERA25LA300","ACC","200793","2025-08-14T20:15:00Z","Inverness","Florida","United States",,"N4014M","12-2892","false","Aviation","",,,"Serious","0","1","1","2","0",,,,"28.808021","-82.316751999999994","PIPER","PA-12","AIR","INF","Inverness Airport","false","1",,,"PERS","091","Substantial","VMC",,"In work",,"Prelim","","https://data.ntsb.gov/carol-repgen/api/Aviation/ReportMain/GenerateNewestReport/200793/pdf"
"DCA25LA291","INC","200791","2025-08-14T18:24:00Z","Nashville","Tennessee","United States",,"C-GSJB",,"false","Aviation","",,,"None","0","0","0","0",,,,,"36.125207000000003","-86.680633","AIRBUS","A319","AIR","BNA","NASHVILLE INTL","false","2",,"SCHD",,"129","None","VMC","Air Canada Rouge LP","In work",,"Prelim","","https://data.ntsb.gov/carol-repgen/api/Aviation/ReportMain/GenerateNewestReport/200791/pdf"
"ERA25LA301","ACC","200796","2025-08-14T18:15:00Z","Oakland Park","Florida","United States",,"N802TD","560-5153","false","Aviation","",,,"None","0","0","0","0",,,,,"26.169","-80.186000000000007","CESSNA","560XL","AIR","FXE","Fort Lauderdale Executive","false","2",,,"BUS","091","Substantial","VMC","ALLIANCE AVIATION GROUP LLC","In work",,"Prelim","","https://data.ntsb.gov/carol-repgen/api/Aviation/ReportMain/GenerateNewestReport/200796/pdf"
"CEN25LA322","ACC","200810","2025-08-14T18:14:00Z","Joliet","Illinois","United States",,"N476SM","18-7509080","false","Aviation","",,,"None","0","0","0","0","0",,,,"41.515013000000003","-88.152084000000002","PIPER","PA-18-150","AIR",,,"false","1",,,"BANT","091","Substantial","VMC","DRAKE AERIAL ENTERPRISES LLC","In work",,"Prelim","","https://data.ntsb.gov/carol-repgen/api/Aviation/ReportMain/GenerateNewestReport/200810/pdf"
"DCA25WA299","INC","200817","2025-08-14T14:40:00Z","Bickenhill",,"United Kingdom",,"G-TUKR","37260","false","Aviation","","2025-09-08T04:00:00Z",,,,,,,,,,,"52.453888999999997","-1.7480560000000001","BOEING","737","AIR","BHX","Birmingham Airport","false",,,"SCHD",,"129","None",,"TUI Airways","N/A",,"Final","","None"
"CEN25FA320","ACC","200786","2025-08-14T10:34:00Z","Walters","Oklahoma","United States",,"N2860Q","17259860","false","Aviation","",,,"Fatal","1","0","0","1","0",,,,"34.495832999999998","-98.238611000000006","CESSNA","172L","AIR",,,"false","1",,,"PERS","091","Destroyed","VMC","Pilot","In work",,"Prelim","","https://data.ntsb.gov/carol-repgen/api/Aviation/ReportMain/GenerateNewestReport/200786/pdf"
"WPR25LA255","ACC","200789","2025-08-14T10:00:00Z","Anza","California","United States",,"N2691T","28-7205065","false","Aviation","",,,"None","0","0","0","0",,,,,"33.521602999999999","-116.79607","PIPER","PA-28-180","AIR","54CL","LAKE RIVERSIDE ESTATES","false","1",,,"PERS","091","Substantial","VMC",,"In work",,"Prelim","","https://data.ntsb.gov/carol-repgen/api/Aviation/ReportMain/GenerateNewestReport/200789/pdf"
"DCA25WA295","INC","200797","2025-08-14T04:00:00Z","Banksmeadow",,"Australia",,"ZK-NZR",,"false","Aviation","","2025-10-08T04:00:00Z",,,,,,,,,,,"-33.961517999999998","151.217555","BOEING","787","AIR",,,"false","2",,,,"NUSC","None",,,"N/A",,"Prelim","","None"
"WPR25FA256","ACC","200790","2025-08-14T00:00:00Z","Des Moines","New Mexico","United States",,"N951T","D-6341","false","Aviation","",,,"Fatal","2","0","0","2",,,,,"36.713679999999997","-103.8943","BEECH","M35","AIR",,,"false","1",,,"PERS","091","Destroyed","Unknown",,"In work",,"Prelim","","https://data.ntsb.gov/carol-repgen/api/Aviation/ReportMain/GenerateNewestReport/200790/pdf"
"DCA25WA298","INC","200806","2025-08-13T22:00:00Z","Comboyne",,"Australia",,"VH-IJU","44219","false","Aviation","","2025-08-28T04:00:00Z",,"None","0","0","0","0",,,,,"-31.634246999999998","152.431625","BOEING","737","AIR",,,"false",,,,,"129","None",,,"N/A",,"Prelim","","None"
"CEN25LA317","ACC","200779","2025-08-13T19:35:00Z","Zapata","Texas","United States",,"N92MS","P21000689","false","Aviation","",,,"None","0","0","0","0",,,,,"27.044","-99.225999999999999","CESSNA","P210","AIR",,,"false","1",,,"PERS","091","Substantial","VMC","CIL N92MS LLC","In work",,"Prelim","","https://data.ntsb.gov/carol-repgen/api/Aviation/ReportMain/GenerateNewestReport/200779/pdf"
"CEN25LA324","ACC","200813","2025-08-13T14:00:00Z","Cleburne","Texas","United States",,"N654CD","1733","false","Aviation","DirectorBrief","2025-09-26T04:00:00Z","2025-09-26T17:00:00Z","None","0","0","0","0",,"The student pilot’s failure to maintain airplane directional control during the approach and subsequent go-around.","Personnel issues - Task performance - Use of equip/info - Aircraft control - Student/instructed pilot, Aircraft - Aircraft oper/perf/capability - Performance/control parameters - Directional control - Not attained/maintained",,"32.353749999999998","-97.433750000000003","CIRRUS DESIGN CORP","SR22","AIR","CPT","Cleburne Regional Airport","false","1","REC",,"INST","091","Substantial","VMC",,"Completed",,"Final","https://data.ntsb.gov/Docket?ProjectID=200813","https://data.ntsb.gov/carol-repgen/api/Aviation/ReportMain/GenerateNewestReport/200813/pdf"
"GAA25WA241","ACC","200809","2025-08-13T13:10:00Z","Innsbruck",,"Austria",,"N42FA","27-0279","false","Aviation","","2025-09-25T04:00:00Z",,"None","0","0","0","0","0",,"Personnel issues - Task performance - Use of equip/info - Use of equip/system - Pilot",,"47.259721999999996","11.340555999999999","MOONEY","M20M","AIR","LOWI","Innsbruck Airport","false","1","REC",,"PERS","NUSN","Substantial",,"Private Individual","N/A",,"Final","","None"
"CEN25LA328","ACC","200827","2025-08-13T11:40:00Z","Parker","Colorado","United States",,"N29JM","141081","false","Aviation","DirectorBrief","2026-03-19T04:00:00Z","2026-03-19T17:00:00Z","Minor","0","0","1","1","0","Separation of the right landing gear wheel assembly during landing.","Aircraft - Aircraft systems - Landing gear system - Main landing gear attach sec - Unknown/Not determined, Not determined - Not determined - (general) - (general) - Unknown/Not determined",,"39.527563000000001","-104.65653","Vans Aircraft","RV14","AIR","1CO8","Everitt","false","1","REC",,"PERS","091","Substantial","VMC",,"Completed",,"Final","https://data.ntsb.gov/Docket?ProjectID=200827","https://data.ntsb.gov/carol-repgen/api/Aviation/ReportMain/GenerateNewestReport/200827/pdf"
"DCA25WA294","INC","200795","2025-08-13T10:30:00Z","Madrid",,"Spain",,"9H-VVL",,"false","Aviation","","2025-10-08T04:00:00Z",,,,,,,,,,,"40.485118","-3.564864","BOEING","737","AIR",,,"false","2",,,,"NUSC","Minor",,,"N/A",,"Prelim","","None"
"DCA25WA297","INC","200805","2025-08-13T04:00:00Z","Taipei",,"Taiwan",,"N613UP","64259","false","Aviation","","2025-08-28T04:00:00Z",,"None","0","0","0","0",,,,,,,"BOEING","747-8F","AIR","TPE","Taiwan Taoyuan International Airport","false","4","TF",,,"121","Minor",,"UPS","N/A",,"Final","","None"
"GAA25WA252","INC","200959","2025-08-13T04:00:00Z","Perth","Other Foreign","Australia",,"VH-OHE",,"false","Aviation","","2025-09-08T04:00:00Z",,"None","0","0","0","0",,,,,,,"CESSNA","560","AIR",,,"false",,,,,"NUSN","None",,,"N/A",,"Final","","None"
"ERA25LA299","ACC","200785","2025-08-12T20:05:00Z","Fordsville","Kentucky","United States",,"N9400U","15078348","false","Aviation","",,,"None","0","0","0","0","0",,,,"37.643245999999998","-86.677926999999997","CESSNA","150","AIR",,,"false","1",,,"PERS","091","Substantial","VMC",,"In work",,"Prelim","","https://data.ntsb.gov/carol-repgen/api/Aviation/ReportMain/GenerateNewestReport/200785/pdf"
"CEN25LA316","ACC","200778","2025-08-12T17:00:00Z","Depew","Iowa","United States",,"N467GE","1863FPEG8219323A0Y25","false","Aviation","DirectorBrief","2025-09-18T04:00:00Z","2025-09-18T17:00:00Z","Serious","0","1","0","1","0","The pilot’s failure to maintain clearance from the unmanned aircraft system during takeoff.","Personnel issues - Action/decision - Info processing/decision - Decision making/judgment - Pilot, Environmental issues - Task environment - Physical workspace - Positioning/available space - Awareness of condition",,"43.189472000000002","-94.587305999999998","XAG","P100 PRO","HELI",,,"false","4","ELEC",,"AAPL","137","Substantial","VMC",,"Completed",,"Final","https://data.ntsb.gov/Docket?ProjectID=200778","https://data.ntsb.gov/carol-repgen/api/Aviation/ReportMain/GenerateNewestReport/200778/pdf"
"WPR25FA252","ACC","200770","2025-08-12T15:57:00Z","West Glacier","Montana","United States",,"N30SG","71130","false","Aviation","",,,"Fatal","1","0","0","1",,,,,"48.483055999999998","-113.95944","VANS","RV-7A","AIR","2MT1","RYAN FLD","true","1",,,"PERS","091","Substantial","VMC",,"In work",,"Prelim","","https://data.ntsb.gov/carol-repgen/api/Aviation/ReportMain/GenerateNewestReport/200770/pdf"
"WPR25LA266","ACC","200890","2025-08-12T14:30:00Z","San Diego","California","United States",,"N619MW","R18200993","false","Aviation","",,,"None","0","0","0","0","0",,,,"32.816800999999998","-117.1409","CESSNA","TR182","AIR","MYF","MONTGOMERY-GIBBS EXEC","false","1",,,"PERS","091","Substantial","VMC","Mark Williams","In work",,"Prelim","","https://data.ntsb.gov/carol-repgen/api/Aviation/ReportMain/GenerateNewestReport/200890/pdf"
"ERA25LA298","ACC","200777","2025-08-12T14:30:00Z","Columbia","South Carolina","United States",,"N7778M","3RX095","false","Aviation","DirectorBrief","2025-11-20T05:00:00Z","2025-11-20T18:00:00Z","None","0","0","0","0",,"A landing gear collapse during landing.","Not determined - Not determined - (general) - (general) - Unknown/Not determined",,"33.941175000000001","-81.124995999999996","PASCHAL JR ROY E","VELOCITY XL RG","AIR","CAE","Columbia Metro Airport","true","1","REC",,"PERS","091","Substantial","VMC",,"Completed",,"Final","https://data.ntsb.gov/Docket?ProjectID=200777","https://data.ntsb.gov/carol-repgen/api/Aviation/ReportMain/GenerateNewestReport/200777/pdf"
"WPR25FA253","ACC","200772","2025-08-12T11:19:00Z","Goodyear","Arizona","United States",,"N51HC","1026","false","Aviation","",,,"Fatal","1","0","0","1",,,,,"33.250008000000001","-112.37228","PITTS","S-1T","AIR","GYR","PHOENIX GOODYEAR","true","1",,,"PERS","091","Substantial","VMC",,"In work",,"Prelim","","https://data.ntsb.gov/carol-repgen/api/Aviation/ReportMain/GenerateNewestReport/200772/pdf"
"ANC25FA086","ACC","200763","2025-08-11T16:05:00Z","Monticello","Iowa","United States",,"N28XT","138339","false","Aviation","",,,"Fatal","1","0","0","1",,,,,"42.236967","-91.182924","NORTH AMERICAN","T-28B","AIR",,,"false","1",,,"PERS","091","Substantial","VMC",,"In work",,"Prelim","","https://data.ntsb.gov/carol-repgen/api/Aviation/ReportMain/GenerateNewestReport/200763/pdf"
"WPR25LA251","ACC","200769","2025-08-11T15:07:00Z","Kalispell","Montana","United States",,"N860CA","596","false","Aviation","DirectorBrief","2025-11-06T05:00:00Z","2025-11-06T18:00:00Z","None","0","0","0","0",,"The pilot’s unstable approach to the runway, which resulted in an aerodynamic stall at low altitude and impact with terrain.","Personnel issues - Task performance - Use of equip/info - Aircraft control - Pilot, Aircraft - Aircraft oper/perf/capability - Performance/control parameters - Airspeed - Not attained/maintained, Aircraft - Aircraft oper/perf/capability - Performance/control parameters - Descent/approach/glide path - Not attained/maintained",,"48.180275000000002","-114.30589999999999","SOCATA","TBM 700","AIR","S27","Kalispell City Airport","false","1","TP",,"BUS","091","Destroyed","VMC","Decagon Services INC","Completed",,"Final","https://data.ntsb.gov/Docket?ProjectID=200769","https://data.ntsb.gov/carol-repgen/api/Aviation/ReportMain/GenerateNewestReport/200769/pdf"
"ERA25LA297","ACC","200775","2025-08-11T14:59:00Z","Ponce Inlet","Florida","United States",,"N2504M","12-1002","false","Aviation","",,,"None","0","0","0","0","0",,,,"29.078353","-80.930092000000002","PIPER","PA-12","AIR","EVB","New Smyrna Beach Municipal Airport","false","1",,,"BANT","091","Substantial","VMC","AERIAL MESSAGES LEASING CO","In work",,"Prelim","","https://data.ntsb.gov/carol-repgen/api/Aviation/ReportMain/GenerateNewestReport/200775/pdf"
"WPR25LA250","ACC","200764","2025-08-11T12:30:00Z","San Celmente","California","United States",,"N344CS","334","false","Aviation","",,,"None","0","0","0","0",,,,,"33.022799999999997","-118.58761","DE HAVILLAND","DHC-6-300","AIR","NUC","SAN CLEMENTE ISLAND NALF","false","2",,"NSCH",,"135","Substantial","IMC","Rampart Aviation","In work",,"Prelim","","https://data.ntsb.gov/carol-repgen/api/Aviation/ReportMain/GenerateNewestReport/200764/pdf"
"WPR25LA246","ACC","200757","2025-08-11T09:15:00Z","Fobes Hill","Washington","United States",,"N703WA","2276","false","Aviation","DirectorBrief","2025-11-06T05:00:00Z","2025-11-06T18:00:00Z","None","0","0","0","0",,"The pilot’s abrupt maneuver to avoid a powerline during an aerial application flight, which resulted in the helicopter’s impact with terrain.","Personnel issues - Action/decision - Info processing/decision - Identification/recognition - Pilot, Personnel issues - Task performance - Use of equip/info - Aircraft control - Pilot, Environmental issues - Physical environment - Terrain - (general) - Contributed to outcome, Environmental issues - Physical environment - Object/animal/substance - Wire - Response/compensation",,"47.912412000000003","-122.13751999999999","HILLER","UH-12E","HELI","S43","HARVEY FLD","false","1","TS",,"AAPL","137","Substantial","VMC","ANTHONY GHIDOSSI CHEMICAL LLC","Completed",,"Final","https://data.ntsb.gov/Docket?ProjectID=200757","https://data.ntsb.gov/carol-repgen/api/Aviation/ReportMain/GenerateNewestReport/200757/pdf"
"DCA25WA300","INC","200824","2025-08-11T04:45:00Z","Caloundra",,"Australia",,"VH-VQL","2642","false","Aviation","","2025-09-08T04:00:00Z",,,,,,,,,,,"-26.814792000000001","153.48350300000001","AIRBUS","A320","AIR",,,"false",,"TF","SCHD",,"129","None",,"Jetstar","N/A",,"Final","","None"
"CEN25LA314","ACC","200748","2025-08-10T15:30:00Z","Goodland","Kansas","United States",,"N502WF","502B-2646","false","Aviation","DirectorBrief","2025-10-23T04:00:00Z","2025-10-23T17:00:00Z","None","0","0","0","0","0","The pilot’s failure to maintain aircraft control during the landing and go-around with variable wind direction and speed.","Environmental issues - Conditions/weather/phenomena - Wind - Variable wind - Contributed to outcome, Personnel issues - Task performance - Use of equip/info - Aircraft control - Pilot",,"39.370741000000002","-101.69873","AIR TRACTOR INC","AT-502B","AIR","GLD","RENNER FLD/GOODLAND MUNI","false","1","TP",,,"137","Substantial","VMC","Midwest Custom Ag Aviation, Inc","Completed",,"Final","https://data.ntsb.gov/Docket?ProjectID=200748","https://data.ntsb.gov/carol-repgen/api/Aviation/ReportMain/GenerateNewestReport/200748/pdf"
"CEN25LA313","ACC","200746","2025-08-10T14:21:00Z","Lawrenceville","Illinois","United States",,"N9193V","502-0231","false","Aviation","",,,"Minor","0","0","1","1",,,,,"38.685946999999999","-87.544366999999994","AIR TRACTOR INC","AT-502","AIR","IL16",,"false","1",,,"AAPL","137","Substantial","VMC","Klein Flying Services","In work",,"Prelim","","https://data.ntsb.gov/carol-repgen/api/Aviation/ReportMain/GenerateNewestReport/200746/pdf"
"ERA25LA296","ACC","200768","2025-08-10T11:56:00Z","Muskeget Island","Massachusetts","United States",,"N1052T","20054C","false","Aviation","DirectorBrief","2025-11-20T05:00:00Z","2025-11-20T18:00:00Z","None","0","0","0","0",,"The pilot’s failure to obtain a proper touchdown point while attempting to land on a very short and rough turf runway, which resulted in a runway overrun and collision with vegetation and terrain.","Personnel issues - Task performance - Use of equip/info - Aircraft control - Pilot, Aircraft - Aircraft oper/perf/capability - Performance/control parameters - Descent/approach/glide path - Not attained/maintained",,"41.334936999999996","-70.301738","MAULE","MX-7-180A","AIR","MA55","Muskeget Island Airport","false","1","REC",,"PERS","091","Substantial","VMC",,"Completed",,"Final","https://data.ntsb.gov/Docket?ProjectID=200768","https://data.ntsb.gov/carol-repgen/api/Aviation/ReportMain/GenerateNewestReport/200768/pdf"
"WPR25LA247","ACC","200758","2025-08-10T10:11:00Z","Etna","Wyoming","United States",,"N801RA","3169","false","Aviation","DirectorBrief","2025-12-04T05:00:00Z","2025-12-04T18:00:00Z","Minor","0","0","2","2",,"The pilot’s premature rotation at insufficient airspeed during takeoff to avoid an unexpected animal on the runway, which resulted in a loss of control and subsequent nose-over during the aborted takeoff. Contributing to the accident was the pilot’s excessive brake application.","Environmental issues - Physical environment - Object/animal/substance - Animal(s)/bird(s) - Contributed to outcome, Personnel issues - Task performance - Use of equip/info - Aircraft control - Pilot",,"43.083514999999998","-111.03175","AVIAT","A1","AIR","32WY","DOUBLE L RANCH","false","1","REC","NSCH","PERS","091","Substantial","VMC",,"Completed",,"Final","https://data.ntsb.gov/Docket?ProjectID=200758","https://data.ntsb.gov/carol-repgen/api/Aviation/ReportMain/GenerateNewestReport/200758/pdf"
"DCA25WA293","INC","200794","2025-08-10T03:55:00Z","Abu Dhabi",,"United Arab Emirates",,"N258SN, A6-EIV","29258","false","Aviation","","2025-08-19T04:00:00Z",,,,,,,,,,,"24.449079000000001","54.650409000000003","BOEING, AIRBUS","747-47UF, A320","AIR, AIR",,,"false, false","4, 2","TF",,,"129, NUSC","None, None",,,"N/A",,"Final","","None"
"WPR25LA248","ACC","200760","2025-08-09T13:40:00Z","Whitmore","Arizona","United States",,"N189GC","772","false","Aviation","",,,"Minor","0","0","6","6",,,,,"36.253487999999997","-113.23159","DE HAVILLAND","DHC-6-300","AIR",,,"false","2",,"NSCH",,"135","Substantial","VMC","GRAND CANYON AIRLINES INC","In work",,"Prelim","","https://data.ntsb.gov/carol-repgen/api/Aviation/ReportMain/GenerateNewestReport/200760/pdf"
"CEN25LA319","ACC","200781","2025-08-09T10:35:00Z","Lowell","Michigan","United States",,"N861T","D-7507","false","Aviation","DirectorBrief","2025-09-16T04:00:00Z",,"None","0","0","0","0","0","The pilot’s failure to extend the landing gear before landing.","Personnel issues - Action/decision - Action - Lack of action - Pilot, Personnel issues - Task performance - Use of equip/info - Use of equip/system - Pilot, Aircraft - Aircraft systems - Landing gear system - Gear extension and retract sys - Not used/operated",,"42.955624999999998","-85.346396999999996","BEECH","S35","AIR","24C","LOWELL CITY","false","1","REC",,"PERS","091","Substantial","VMC",,"Completed",,"Final","","https://data.ntsb.gov/carol-repgen/api/Aviation/ReportMain/GenerateNewestReport/200781/pdf"
"CEN25LA312","ACC","200745","2025-08-09T10:30:00Z","Ozark","Arkansas","United States",,"N95356","09756","false","Aviation","DirectorBrief","2025-10-17T04:00:00Z","2025-10-17T17:00:00Z","Serious","0","1","0","1","0","The pilot’s failure to maintain clearance from a tree which resulted in the right wing impacting the tree and a subsequent collision with trees and terrain. Contributing to the accident was the pilot’s decision to operate the airplane at a low altitude over trees.","Personnel issues - Psychological - Attention/monitoring - Monitoring environment - Pilot, Environmental issues - Physical environment - Object/animal/substance - Tree(s) - Awareness of condition, Environmental issues - Physical environment - Object/animal/substance - Tree(s) - Effect on equipment, Aircraft - Aircraft oper/perf/capability - Performance/control parameters - Altitude - Not attained/maintained, Personnel issues - Action/decision - Info processing/decision - Decision making/judgment - Pilot",,"35.680216999999999","-93.724108999999999","TAYLORCRAFT","BC12","AIR","51AR","BYRDS BACKCOUNTRY AIRSTRIP","false","1","REC",,"PERS","091","Substantial","VMC",,"Completed",,"Final","https://data.ntsb.gov/Docket?ProjectID=200745","https://data.ntsb.gov/carol-repgen/api/Aviation/ReportMain/GenerateNewestReport/200745/pdf"
"ANC25LA085","ACC","200744","2025-08-09T10:00:00Z","Soldotna","Alaska","United States",,"N232KT","52","false","Aviation","DirectorBrief","2025-10-23T04:00:00Z","2025-10-23T17:00:00Z","None","0","0","0","0",,"The pilot’s failure to maintain clearance from rising terrain while maneuvering at low altitude.","Personnel issues - Action/decision - Action - Delayed action - Pilot, Environmental issues - Physical environment - Terrain - Mountainous/hilly terrain - Contributed to outcome, Aircraft - Aircraft oper/perf/capability - Aircraft capability - Climb capability - Not attained/maintained",,"60.174016999999999","-150.40188000000001","DEHAVILLAND","DHC-2 MK 1","AIR","NONE",,"false","1","REC","NSCH","BUS","135","Substantial","VMC","Rust's Flying Service, Inc","Completed",,"Final","https://data.ntsb.gov/Docket?ProjectID=200744","https://data.ntsb.gov/carol-repgen/api/Aviation/ReportMain/GenerateNewestReport/200744/pdf"
"ERA25LA294","ACC","200752","2025-08-09T01:33:00Z","Chamblee","Georgia","United States",,"N1080H","28-7715306","false","Aviation","",,,"Serious","0","2","1","3","0",,,,"33.875551000000002","-84.309595999999999","PIPER","PA-28-151","AIR","PDK","DEKALB-PEACHTREE","false","1",,,"INST","091","Substantial","VMC",,"In work",,"Prelim","","https://data.ntsb.gov/carol-repgen/api/Aviation/ReportMain/GenerateNewestReport/200752/pdf"
"WPR25LA249","ACC","200762","2025-08-08T20:46:00Z","Las Cruces","New Mexico","United States",,"N279AM","4685","false","Aviation","",,,"None","0","0","0","0",,,,,"32.291994000000003","-106.73650000000001","AMERICAN EUROCOPTER LLC","AS350B3","HELI","NM77","Memorial Medical Center Heliport","false","1",,"NSCH",,"135","Minor","VMC","AIR METHODS LLC","In work",,"Prelim","","https://data.ntsb.gov/carol-repgen/api/Aviation/ReportMain/GenerateNewestReport/200762/pdf"
"ERA25LA334","ACC","200951","2025-08-08T19:30:00Z","Pottstown","Pennsylvania","United States",,"N69200","15282548","false","Aviation","DirectorBrief","2025-12-04T05:00:00Z","2025-12-04T18:00:00Z","None","0","0","0","0","0","The pilot’s improper landing flare and subsequent improper recovery from a bounced landing, which resulted in substantial damage to the engine mounts.","Personnel issues - Task performance - Use of equip/info - Aircraft control - Pilot, Aircraft - Aircraft oper/perf/capability - Performance/control parameters - Landing flare - Not attained/maintained",,"40.260240000000003","-75.671599999999998","CESSNA","152","AIR","PTW","HERITAGE FLD","false","1","REC",,"PERS","091","Substantial","VMC",,"Completed",,"Final","https://data.ntsb.gov/Docket?ProjectID=200951","https://data.ntsb.gov/carol-repgen/api/Aviation/ReportMain/GenerateNewestReport/200951/pdf"
"ERA25LA307","ACC","200834","2025-08-08T18:57:00Z","Wirt County","West Virginia","United States",,"N60357","E-1478","false","Aviation","",,,"None","0","0","0","0","0",,,,"38.919344000000002","-81.336982000000006","BEECH","A36","AIR",,,"false","1",,,"EXEC","091","Substantial","VMC","CENTRAL FLYING SERVICE LLC","In work",,"Prelim","","https://data.ntsb.gov/carol-repgen/api/Aviation/ReportMain/GenerateNewestReport/200834/pdf"
"ERA25LA295","ACC","200767","2025-08-08T17:25:00Z","Memphis","Tennessee","United States",,"N1950C","16183","false","Aviation","",,,"None","0","0","0","0",,,,,"35.033673999999998","-89.985986999999994","CESSNA","195","AIR","MEM","MEMPHIS INTL","false","1",,,"PERS","091","Substantial","VMC",,"In work",,"Prelim","","https://data.ntsb.gov/carol-repgen/api/Aviation/ReportMain/GenerateNewestReport/200767/pdf"
"WPR25LA245","ACC","200756","2025-08-08T12:20:00Z","Parma","Idaho","United States",,"N300KF","C9904-0300","false","Aviation","",,,"Serious","0","1","0","1","0",,,,"43.771040999999997","-116.93065","DENNEY","KITFOX","AIR","50S","PARMA","true",,,,"PERS","091","Substantial","VMC",,"In work",,"Prelim","","https://data.ntsb.gov/carol-repgen/api/Aviation/ReportMain/GenerateNewestReport/200756/pdf"
"ERA25LA304","ACC","200804","2025-08-08T11:00:00Z","Rangeley","Maine","United States",,"N89351","8379","false","Aviation","DirectorBrief","2025-11-20T05:00:00Z","2025-11-20T18:00:00Z","None","0","0","0","0","0","The pilot’s failure to maintain control of the airplane during landing, which resulted in a runway excursion and subsequent nose over.","Personnel issues - Task performance - Use of equip/info - Aircraft control - Pilot, Aircraft - Aircraft oper/perf/capability - Performance/control parameters - Directional control - Not attained/maintained",,"44.988905000000003","-70.657399999999996","CESSNA","140","AIR","8B0","STEPHEN A BEAN MUNI","false","1",,,"PERS","091","Substantial","VMC",,"Completed",,"Final","https://data.ntsb.gov/Docket?ProjectID=200804","https://data.ntsb.gov/carol-repgen/api/Aviation/ReportMain/GenerateNewestReport/200804/pdf"
"WPR25LA243","ACC","200741","2025-08-08T10:04:00Z","Ronan","Montana","United States",,"N734SW","17269086","false","Aviation","DirectorBrief","2025-10-17T04:00:00Z","2025-10-17T17:00:00Z","None","0","0","0","0",,"The student pilot's inadequate landing flare and recovery from a bounced landing.","Personnel issues - Task performance - Use of equip/info - Aircraft control - Student/instructed pilot, Aircraft - Aircraft oper/perf/capability - Performance/control parameters - Landing flare - Not attained/maintained",,"47.566294999999997","-114.10074","CESSNA","172N","AIR","7S0","RONAN","false","1","REC",,"INST","091","Substantial","VMC","Red Eagle Aviation","Completed",,"Final","https://data.ntsb.gov/Docket?ProjectID=200741","https://data.ntsb.gov/carol-repgen/api/Aviation/ReportMain/GenerateNewestReport/200741/pdf"
"GAA25WA235","ACC","200750","2025-08-08T08:26:00Z","Norwich","Other Foreign","United Kingdom",,"N5073C","EA-667","false","Aviation","","2025-09-25T04:00:00Z",,,,,,,,,,,,,"RAYTHEON AIRCRAFT COMPANY","B36TC","AIR","EGSH",,"false","1","REC",,,"NUSN","Substantial",,"SOUTHERN AIRCRAFT CONSULTANCY INC TRUSTEE","N/A",,"Final","","None"
"WPR25LA244","ACC","200754","2025-08-07T16:32:00Z","West Wendover","Nevada","United States",,"N9748Y","140551","false","Aviation","",,,"Serious","0","2","0","2",,,,,"40.705666000000001","-114.08516","NORTH AMERICAN","T-28C","AIR","ENV","WENDOVER","false","1",,,"PERS","091","Substantial","VMC",,"In work",,"Prelim","","https://data.ntsb.gov/carol-repgen/api/Aviation/ReportMain/GenerateNewestReport/200754/pdf"
"ERA25LA293","ACC","200749","2025-08-07T13:55:00Z","Inverness Highlands South","Florida","United States",,"N686JA","28020086","false","Aviation","DirectorBrief","2025-11-20T05:00:00Z","2025-11-20T18:00:00Z","None","0","0","0","0",,"The pilot’s inadequate monitoring of the airplane during taxi which resulted in collision with a sign.","Personnel issues - Psychological - Attention/monitoring - Monitoring environment - Pilot",,"28.802593000000002","-82.318646000000001","PIPER","PA-28-181","AIR","INF","INVERNESS","false","1","REC",,"PERS","091","Substantial","VMC",,"Completed",,"Final","https://data.ntsb.gov/Docket?ProjectID=200749","https://data.ntsb.gov/carol-repgen/api/Aviation/ReportMain/GenerateNewestReport/200749/pdf"
"GAA25WA237","ACC","200755","2025-08-07T12:02:00Z","San Lorenzo","Other Foreign","Bolivia",,"CP-3139","21063108","false","Aviation","","2025-08-15T04:00:00Z",,"None","0","0","0","0",,,,,"-18.439311","-65.449979999999996","CESSNA","210","AIR",,,"false",,,,"PERS","NUSN","Substantial",,,"N/A",,"Final","","None"
"CEN25FA307","ACC","200732","2025-08-07T11:59:00Z","West Alton","Missouri","United States",,"N173AL","1160020D","false","Aviation","",,,"Fatal","2","0","0","2","0",,,,"38.861519999999999","-90.143270000000001","HUGHES","369D","HELI","N/A","N/A","false","1",,,"OWRK","133","Destroyed","VMC",,"In work",,"Prelim","","https://data.ntsb.gov/carol-repgen/api/Aviation/ReportMain/GenerateNewestReport/200732/pdf"
"CEN25FA308","ACC","200733","2025-08-07T11:37:00Z","Augusta","Arkansas","United States",,"N35370","T18208094","false","Aviation","",,,"Fatal","1","0","1","2",,,,,"35.301200000000001","-91.267184999999998","CESSNA","T182T","AIR",,,"false","1",,,"PERS","091","Substantial","VMC",,"In work",,"Prelim","","https://data.ntsb.gov/carol-repgen/api/Aviation/ReportMain/GenerateNewestReport/200733/pdf"
"CEN25LA310","ACC","200736","2025-08-07T10:35:00Z","Jaroso","Colorado","United States",,"N412DJ","1433","false","Aviation","",,,"Serious","0","2","1","3",,,,,"37.041012000000002","-105.70981999999999","CIRRUS DESIGN CORP","SR22","AIR",,,"false","1",,,"INST","091","Substantial",,,"In work",,"Prelim","","https://data.ntsb.gov/carol-repgen/api/Aviation/ReportMain/GenerateNewestReport/200736/pdf"
"GAA25WA234","ACC","200739","2025-08-07T04:00:00Z","Mwihoko",,"Kenya",,"5Y-FDN",,"false","Aviation","",,,"Fatal","6","2","0","4","4",,,,,,"CESSNA","560","AIR",,,"false",,,,,"NUSC","Substantial",,"African Medical and Research Foundation (AMREF) Flying Doctors","N/A",,"Prelim","","None"
"CEN25LA306","ACC","200731","2025-08-06T21:35:00Z","Davenport","North Dakota","United States",,"N23069","301-0350","false","Aviation","",,,"Serious","0","1","0","1",,,,,"46.743222000000003","-96.990194000000002","AIR TRACTOR INC","AT-301","AIR",,,"false","1",,,"AAPL","137","Substantial","VMC","AG SPRAY INC","In work",,"Prelim","","https://data.ntsb.gov/carol-repgen/api/Aviation/ReportMain/GenerateNewestReport/200731/pdf"
"GAA25WA238","ACC","200761","2025-08-06T20:32:00Z","Puerto Suarez",,"Bolivia",,"CA-AD05",,"false","Aviation","","2025-10-06T04:00:00Z",,"Minor","0","0","2","2",,,,,,,"LANCAIR","ES","AIR","SLET",,"false",,,,,"NUSN","Substantial",,,"N/A",,"Final","","None"
"CEN25LA309","ACC","200735","2025-08-06T20:25:00Z","Elgin","Illinois","United States",,"N595BS","3","false","Aviation","",,,"None","0","0","0","0","0",,,,"42.016955000000003","-88.307961000000006","VANS","RV4","AIR",,,"true","1",,,"PERS","091","Substantial","VMC",,"In work",,"Prelim","","https://data.ntsb.gov/carol-repgen/api/Aviation/ReportMain/GenerateNewestReport/200735/pdf"
"CEN25LA305","ACC","200726","2025-08-06T16:52:00Z","Marshall","Arkansas","United States",,"N983AM","1374","false","Aviation","",,,"None","0","0","0","0",,,,,"35.910499999999999","-92.631600000000006","STOLP STARDUSTER","SA300","AIR",,,"true","1",,,"PERS","091","Substantial","VMC",,"In work",,"Prelim","","https://data.ntsb.gov/carol-repgen/api/Aviation/ReportMain/GenerateNewestReport/200726/pdf"
"CEN25LA311","ACC","200737","2025-08-06T15:57:00Z","Monee","Illinois","United States",,"N65818","303","false","Aviation","DirectorBrief","2025-10-17T04:00:00Z","2025-10-17T17:00:00Z","None","0","0","0","0","0","The student pilot’s failure to maintain airspeed and altitude resulting in a collision with the ground during the base to final turn.","Personnel issues - Task performance - Use of equip/info - Aircraft control - Pilot",,"41.377384999999997","-87.689964000000003","SCHWEIZER","SGS 2-33A","GLI","C56","BULT FLD","false","0",,,"INST","091","Substantial","VMC",,"Completed",,"Final","https://data.ntsb.gov/Docket?ProjectID=200737","https://data.ntsb.gov/carol-repgen/api/Aviation/ReportMain/GenerateNewestReport/200737/pdf"
"CEN25LA304","ACC","200724","2025-08-06T14:00:00Z","Slayton","Minnesota","United States",,"N2239V","G6-144","false","Aviation","",,,"Serious","0","1","0","1","0",,,,"43.974412000000001","-95.797460999999998","AYRES CORPORATION","S2R-G6","AIR","DVP",,"false","1",,,,"137","Substantial","VMC","NORTH STAR AVIATION INC","In work",,"Prelim","","https://data.ntsb.gov/carol-repgen/api/Aviation/ReportMain/GenerateNewestReport/200724/pdf"
"GAA25WA233","INC","200730","2025-08-06T13:59:00Z","Birmingham","Other Foreign","United Kingdom",,"G-NIAA","BB-897","false","Aviation","",,,"None","0","0","0","0","0",,,,"52.453333000000001","-1.7483329999999999","BEECH","B200","AIR","EGBB","Birmingham Airport","false","2",,,,"NUSN","Unknown",,,"N/A",,"Prelim","","None"
"ERA25LA291","ACC","200728","2025-08-06T12:00:00Z","Kingston","Tennessee","United States",,"N500HT","CD-909","false","Aviation","DirectorBrief","2025-11-20T05:00:00Z","2025-11-20T18:00:00Z","Minor","0","0","1","1",,"The pilot’s failure to maintain directional control during takeoff roll, which resulted in a runway excursion and collision with haybales.","Personnel issues - Task performance - Use of equip/info - Aircraft control - Pilot, Aircraft - Aircraft oper/perf/capability - Performance/control parameters - Directional control - Not attained/maintained",,"35.823264999999999","-84.538923999999994","BEECH","35-C33","AIR","12TN","MEADOWLAKE","false","1","REC",,"PERS","091","Substantial","VMC",,"Completed",,"Final","https://data.ntsb.gov/Docket?ProjectID=200728","https://data.ntsb.gov/carol-repgen/api/Aviation/ReportMain/GenerateNewestReport/200728/pdf"
"GAA25WA230","ACC","200721","2025-08-05T18:20:00Z","Montevideo",,"Uruguay",,"N4970M","E-1277","false","Aviation","",,,,,,,,,,,,,,"BEECH","A36","AIR","SUMU",,"false","1",,,,"NUSN","Unknown",,,"N/A",,"Prelim","","None"
"ANC25LA084","ACC","200722","2025-08-05T17:00:00Z","Willow","Alaska","United States",,"N84726","7AC-3432","false","Aviation","",,,"Serious","0","1","0","1",,,,,"61.751876000000003","-150.04921999999999","AERONCA","7AC","AIR","UUO","Willow Airport","false","1",,,"PERS","091","Substantial","VMC",,"In work",,"Prelim","","https://data.ntsb.gov/carol-repgen/api/Aviation/ReportMain/GenerateNewestReport/200722/pdf"
"WPR25FA240","ACC","200716","2025-08-05T13:45:00Z","Chinle","Arizona","United States",,"N534AW","FA154","false","Aviation","",,,"Fatal","4","0","0","4",,,,,"36.11506","-109.5779","BEECH","300","AIR","E91","Chinle Municipal Airport","false","2",,"SCHD","POSI","135","Destroyed",,"CSI AVIATION INC","In work",,"Prelim","","https://data.ntsb.gov/carol-repgen/api/Aviation/ReportMain/GenerateNewestReport/200716/pdf"
"ERA25LA290","ACC","200719","2025-08-05T12:31:00Z","Tellico Plains","Tennessee","United States",,"N67BG","1599","false","Aviation","",,,"Serious","0","1","0","1",,,,,"35.383647000000003","-84.302482999999995","GARY W LEWINSKI","SONEX","AIR","85TN","TELLICO PLAINS MUNI","true","1",,,"PERS","091","Substantial","VMC",,"In work",,"Prelim","","https://data.ntsb.gov/carol-repgen/api/Aviation/ReportMain/GenerateNewestReport/200719/pdf"
"ERA25LA288","ACC","200710","2025-08-05T09:20:00Z","Pembroke Pines","Florida","United States",,"N1213F","17272972","false","Aviation","",,,"None","0","0","0","0","0",,,,"25.989438","-80.522491000000002","CESSNA","172N","AIR","HWO","NORTH PERRY","false","1",,,"INST","091","Substantial","VMC","FLIGHT ANSWERS LLC","In work",,"Prelim","","https://data.ntsb.gov/carol-repgen/api/Aviation/ReportMain/GenerateNewestReport/200710/pdf"
"WPR25LA239","ACC","200712","2025-08-03T18:29:00Z","Ponderosa Pines","Montana","United States",,"N750GT","11783","false","Aviation","DirectorBrief","2025-11-06T05:00:00Z","2025-11-06T18:00:00Z","Minor","0","0","2","2","0","The pilot’s improper pedal application during an approach to a hover.","Personnel issues - Task performance - Use of equip/info - Aircraft control - Pilot, Aircraft - Aircraft oper/perf/capability - Performance/control parameters - Directional control - Not attained/maintained, Aircraft - Aircraft oper/perf/capability - Performance/control parameters - Yaw control - Incorrect use/operation",,"46.057327999999998","-111.26057","ROBINSON HELICOPTER COMPANY","R44 II","HELI",,,"false","1","REC",,"PERS","091","Substantial","VMC","Anna Kopp","Completed",,"Final","https://data.ntsb.gov/Docket?ProjectID=200712","https://data.ntsb.gov/carol-repgen/api/Aviation/ReportMain/GenerateNewestReport/200712/pdf"
"DCA25WA283","INC","200729","2025-08-03T15:44:00Z","Madrid","Other Foreign","Spain",,"EC-OOJ","12375","false","Aviation","","2025-10-08T04:00:00Z",,"None","0","0","0","0","0",,,,"40.619999999999997","-3.6600000000000001","AIRBUS","A321","AIR",,,"false","2","TF","SCHD",,"NUSC","Unknown",,"Iberia","N/A",,"Final","","None"
"CEN25LA302","ACC","200693","2025-08-03T13:22:00Z","Taylor","Texas","United States",,"N4684S","2996","false","Aviation","DirectorBrief","2025-09-18T04:00:00Z","2025-09-18T17:00:00Z","Minor","0","0","1","1",,"The flight instructor’s inadequate supervision and delayed remedial action which resulted in a skid contacting the terrain. Contributing to the accident was the flight instructor’s improper judgement to allow the student pilot to manipulate the flight controls at a low altitude/hover.","Personnel issues - Action/decision - Info processing/decision - Decision making/judgment - Instructor/check pilot, Aircraft - Aircraft oper/perf/capability - Performance/control parameters - (general) - Not attained/maintained, Personnel issues - Action/decision - Action - Delayed action - Instructor/check pilot, Personnel issues - Psychological - Attention/monitoring - Monitoring other person - Instructor/check pilot, Personnel issues - Task performance - Use of equip/info - Aircraft control - Instructor/check pilot",,"30.572638999999999","-97.443194000000005","ROBINSON HELICOPTER","R22 BETA","HELI","T74","Taylor Municipal Airport","false","1","REC",,"INST","091","Substantial","VMC",,"Completed",,"Final","https://data.ntsb.gov/Docket?ProjectID=200693","https://data.ntsb.gov/carol-repgen/api/Aviation/ReportMain/GenerateNewestReport/200693/pdf"
"CEN25LA303","ACC","200696","2025-08-03T12:00:00Z","Lamoni","Iowa","United States",,"N3157B","400A-0449","false","Aviation","DirectorBrief","2025-10-23T04:00:00Z","2025-10-23T17:00:00Z","None","0","0","0","0","0","The pilot’s failure to maintain airplane control during an aborted takeoff.","Personnel issues - Task performance - Use of equip/info - Aircraft control - Pilot, Aircraft - Aircraft oper/perf/capability - Performance/control parameters - (general) - Not attained/maintained",,"40.632392000000003","-93.902225999999999","AIR TRACTOR INC","AT-400A","AIR","LWD","Lamoni Municipal","false","1","TP",,"AAPL","091","Substantial","VMC","Black Dog Aviation","Completed",,"Final","https://data.ntsb.gov/Docket?ProjectID=200696","https://data.ntsb.gov/carol-repgen/api/Aviation/ReportMain/GenerateNewestReport/200696/pdf"
"WPR25LA236","ACC","200704","2025-08-03T08:30:00Z","Silver Springs","Nevada","United States",,"N8359W","28-2551","false","Aviation","",,,"None","0","0","0","0",,,,,"39.372118","-119.34541","PIPER","PA-28-180","AIR",,,"false","1",,,"INST","091","Substantial","VMC",,"In work",,"Prelim","","https://data.ntsb.gov/carol-repgen/api/Aviation/ReportMain/GenerateNewestReport/200704/pdf"
"GAA25WA222","ACC","200689","2025-08-02T21:13:00Z","Mallorca","Other Foreign","Spain",,"N31VX","00182","false","Aviation","","2025-09-23T04:00:00Z",,"Fatal","2","0","0","2",,,,,,,"LIONAL RAY WARD","WARD F-4 ROCKET","AIR","LEIS",,"false","1",,,"PERS","NUSN","Substantial",,,"N/A",,"Final","","None"
"ERA25LA289","ACC","200715","2025-08-02T20:25:00Z","Oak Island","North Carolina","United States",,"N784J","980","false","Aviation","",,,"Minor","0","0","1","1","0",,,,"33.900748","-78.079539999999994","JABIRU AIRCRAFT PTY LTD","J230-D","AIR","SUT","CAPE FEAR RGNL JETPORT/HOWIE FRANKLIN FLD","false","1",,,"PERS","091","Substantial","VMC",,"In work",,"Prelim","","https://data.ntsb.gov/carol-repgen/api/Aviation/ReportMain/GenerateNewestReport/200715/pdf"
"GAA25WA224","ACC","200694","2025-08-02T16:25:00Z","Guayabal-Meta","Other Foreign","Colombia",,"HK1635",,"false","Aviation","","2025-10-06T04:00:00Z",,"None","0","0","0","0",,,,,,,"CESSNA","188","AIR",,,"false",,,,,"NUSN","Substantial",,"AGRICOLA DE SERVICIOS AEREOS DEL META ASAM S.A.S","N/A",,"Final","","None"
"WPR25LA238","ACC","200711","2025-08-02T12:45:00Z","Warren","Idaho","United States",,"N2252T","185-1410","false","Aviation","DirectorBrief","2025-10-17T04:00:00Z","2025-10-17T17:00:00Z","None","0","0","0","0",,"The pilot’s failure to adequately compensate for a wind gust during the departure roll, which resulted in a loss of directional control and a runway excursion.","Aircraft - Aircraft oper/perf/capability - Performance/control parameters - Directional control - Not attained/maintained, Environmental issues - Conditions/weather/phenomena - Wind - Gusts - Response/compensation, Environmental issues - Conditions/weather/phenomena - Wind - Gusts - Effect on operation",,"45.268099999999997","-115.6836","CESSNA","A185E","AIR","3U1","Warren","false","1","REC",,"PERS","091","Substantial","VMC",,"Completed",,"Final","https://data.ntsb.gov/Docket?ProjectID=200711","https://data.ntsb.gov/carol-repgen/api/Aviation/ReportMain/GenerateNewestReport/200711/pdf"
"ANC25LA083","ACC","200687","2025-08-02T12:00:00Z","Chisana","Alaska","United States",,"N900HY","2362","false","Aviation","DirectorBrief","2025-10-23T04:00:00Z","2025-10-23T17:00:00Z","None","0","0","0","0",,"The pilot’s failure to maintain clearance from terrain while maneuvering at low altitude.","Personnel issues - Action/decision - Info processing/decision - Decision making/judgment - Pilot, Personnel issues - Psychological - Attention/monitoring - Attention - Pilot, Personnel issues - Psychological - Perception/orientation/illusion - Situational awareness - Pilot, Personnel issues - Action/decision - Info processing/decision - Identification/recognition - Pilot, Personnel issues - Psychological - Personality/attitude - Self confidence - Pilot, Personnel issues - Task performance - Use of equip/info - Aircraft control - Pilot, Aircraft - Aircraft oper/perf/capability - Aircraft capability - (general) - Capability exceeded, Aircraft - Aircraft oper/perf/capability - Performance/control parameters - Altitude - Not attained/maintained, Environmental issues - Physical environment - Terrain - Rough terrain - Effect on equipment",,"62.282155000000003","-142.20761999999999","AVIAT AIRCRAFT INC","A-1B","AIR",,,"false","1","REC",,"PERS","091","Substantial","VMC",,"Completed",,"Final","https://data.ntsb.gov/Docket?ProjectID=200687","https://data.ntsb.gov/carol-repgen/api/Aviation/ReportMain/GenerateNewestReport/200687/pdf"
"DCA25WA287","INC","200743","2025-08-02T09:27:00Z","Gauteng","Other Foreign","South Africa",,"ZS-ZWO","28373","false","Aviation","","2025-10-08T04:00:00Z",,,"0","0","0",,"0",,,,"-26.133333","28.25","BOEING","737","AIR",,,"false","2","TF","SCHD",,"NUSC","None",,"Safair Operations Pty Ltd","N/A",,"Final","","None"
"WPR25FA233","ACC","200684","2025-08-01T19:59:00Z","Hornell","New York","United States",,"N6125B","15283904","false","Aviation","",,,"Fatal","1","0","0","1",,,,,"42.289870000000001","-77.638729999999995","CESSNA","152","AIR",,,"false","1",,,"UNK","091","Destroyed",,"BV ROAD AND SITE LLC","In work",,"Prelim","","https://data.ntsb.gov/carol-repgen/api/Aviation/ReportMain/GenerateNewestReport/200684/pdf"
"ANC25LA082","ACC","200686","2025-08-01T19:00:00Z","Yakutat","Alaska","United States",,"N206GR","U20601753","false","Aviation","DirectorBrief","2025-09-16T04:00:00Z",,"None","0","0","0","0",,"The pilot’s failure to maintain clearance during approach in gusting wind conditions to a remote airstrip, resulting in a collision with brush.","Personnel issues - Task performance - Use of equip/info - Aircraft control - Pilot, Personnel issues - Psychological - Attention/monitoring - Monitoring environment - Pilot, Aircraft - Aircraft oper/perf/capability - Performance/control parameters - Airspeed - Not attained/maintained, Personnel issues - Psychological - Perception/orientation/illusion - Situational awareness - Pilot, Environmental issues - Conditions/weather/phenomena - Wind - Variable wind - Contributed to outcome",,"60.079166000000001","-143.12743","CESSNA","U206F","AIR","PVT","Diericks Tsiu River Lodge Strip","false","1","REC",,"OWRK","091","Substantial","VMC",,"Completed",,"Final","","https://data.ntsb.gov/carol-repgen/api/Aviation/ReportMain/GenerateNewestReport/200686/pdf"
"ERA25LA285","ACC","200698","2025-08-01T18:00:00Z","Ellsworth","Maine","United States",,"N9493Z","U20606527","false","Aviation","DirectorBrief","2025-11-20T05:00:00Z","2025-11-20T18:00:00Z","None","0","0","0","0","0","The pilot’s decision to operate the airplane with a known deficiency of the floats, which resulted in an accumulation of water in the forward compartments of the floats, a forward center of gravity, and subsequent nose over during a water landing.","Aircraft - Aircraft systems - Landing gear system - Wheel/ski/float - Damaged/degraded, Personnel issues - Action/decision - Info processing/decision - Decision making/judgment - Pilot",,"44.626148000000001","-68.472539999999995","CESSNA","TU206","AIR",,,"false","1","REC",,"PERS","091","Substantial","VMC",,"Completed",,"Final","https://data.ntsb.gov/Docket?ProjectID=200698","https://data.ntsb.gov/carol-repgen/api/Aviation/ReportMain/GenerateNewestReport/200698/pdf"
"GAA25WA236","ACC","200751","2025-08-01T17:43:00Z","Ontario","Other Foreign","Canada",,"C-GGAS",,"false","Aviation","","2025-10-01T04:00:00Z",,"Serious","0","1","0","1","0",,,,,,"BELL","206","HELI","CYXU",,"false",,,,,"NUSN","Substantial",,,"N/A",,"Final","","None"
"ANC25LA081","ACC","200685","2025-08-01T16:54:00Z","Anchorage","Alaska","United States",,"N645AT","208B5009","false","Aviation","DirectorBrief","2025-09-18T04:00:00Z","2025-09-18T17:00:00Z","None","0","0","0","0",,"The pilot’s decision to continue an unstabilized approach, which resulted in a landing touchdown with insufficient runway remaining and a subsequent runway overrun and a collision with a fence.","Aircraft - Aircraft oper/perf/capability - Aircraft capability - Landing distance - Capability exceeded, Aircraft - Aircraft oper/perf/capability - Aircraft capability - Braking capability - Capability exceeded, Personnel issues - Action/decision - Info processing/decision - Decision making/judgment - Pilot, Personnel issues - Psychological - Perception/orientation/illusion - Situational awareness - Pilot, Personnel issues - Action/decision - Action - Delayed action - Pilot, Aircraft - Aircraft oper/perf/capability - Performance/control parameters - Airspeed - Not attained/maintained, Personnel issues - Task performance - Use of equip/info - Aircraft control - Pilot, Aircraft - Aircraft oper/perf/capability - Performance/control parameters - Descent/approach/glide path - Not attained/maintained, Personnel issues - Action/decision - Action - Incorrect action selection - Pilot",,"61.208500000000001","-149.85249999999999","CESSNA","208B","AIR","MRI","Merrill Field","false","1","TP","SCHD",,"135","Substantial","VMC","J & M Alaska Air Tours","Completed",,"Final","https://data.ntsb.gov/Docket?ProjectID=200685","https://data.ntsb.gov/carol-repgen/api/Aviation/ReportMain/GenerateNewestReport/200685/pdf"
"WPR25FA232","ACC","200683","2025-08-01T14:58:00Z","Morgan","Utah","United States",,"N929JK","29007","false","Aviation","",,,"Fatal","1","0","0","1",,,,,"41.129443999999999","-111.71222","SCHLEICHER","ASW27-18","GLI","42U","MORGAN COUNTY","false","0",,,"PERS","091","Destroyed","VMC",,"In work",,"Prelim","","https://data.ntsb.gov/carol-repgen/api/Aviation/ReportMain/GenerateNewestReport/200683/pdf"
"GAA25WA240","ACC","200774","2025-08-01T14:30:00Z","Vereda la Patera, Ubate","Other Foreign","Colombia",,"HK2434G","R18201256","false","Aviation","","2025-11-05T05:00:00Z",,"Serious","0","1","0","1",,,,,"5.2903330000000004","-73.795693999999997","CESSNA","TR182","AIR",,,"false","1","REC",,,"NUSN","Substantial","VMC",,"N/A",,"Final","","None"
"ERA25FA283","ACC","200680","2025-08-01T14:30:00Z","Rochester","New York","United States",,"N28151","5-119","false","Aviation","",,,"Fatal","1","1","0","2",,,,,"43.193773","-77.621639999999999","PIPER","J5C","AIR",,,"false","1",,,"PERS","091","Substantial","VMC",,"In work",,"Prelim","","https://data.ntsb.gov/carol-repgen/api/Aviation/ReportMain/GenerateNewestReport/200680/pdf"
"CEN25LA300","ACC","200691","2025-08-01T09:02:00Z","Gainesville","Texas","United States",,"N62296","17275249","false","Aviation","",,,"None","0","0","0","0","0",,,,"33.673900000000003","-97.200900000000004","CESSNA","172P","AIR","GLE","Gainesville Municipal Airport","false","1",,,"INST","091","Substantial","VMC","In The Pattern","In work",,"Prelim","","https://data.ntsb.gov/carol-repgen/api/Aviation/ReportMain/GenerateNewestReport/200691/pdf"

